relation	entity1	entity2	arg1	arg2	path
rel_330	Ent[ent_130]	Ent[ent_372]	Randi Weingarten	United Federation of Teachers	appos|->appos->president->prep->of->pobj->|pobj
rel_330	Ent[ent_130]	Ent[ent_372]	Randi Weingarten	United Federation of Teachers	nsubj|<-nsubj<-president->prep->of->pobj->|pobj
rel_50	Ent[ent_130]	Ent[ent_372]	Randi Weingarten	United Federation of Teachers	appos|->appos->president->dep->|dep
rel_330	Ent[ent_130]	Ent[ent_372]	Randi Weingarten	United Federation of Teachers	rcmod|->rcmod->succeed->prep->as->pobj->president->prep->of->pobj->|pobj
rel_50	Ent[ent_130]	Ent[ent_372]	Randi Weingarten	United Federation of Teachers	rcmod|->rcmod->seek->dobj->presidency->prep->of->pobj->|pobj
rel_50	Ent[ent_130]	Ent[ent_372]	Randi Weingarten	United Federation of Teachers	rcmod|->rcmod->negotiator->prep->as->pobj->chairwoman->prep->of->pobj->|pobj
rel_50	Ent[ent_130]	Ent[ent_372]	Randi Weingarten	United Federation of Teachers	dobj|<-dobj<-invite->dobj->president->prep->of->pobj->|pobj
rel_50	Ent[ent_130]	Ent[ent_372]	Randi Weingarten	United Federation of Teachers	appos|<-appos<-speech<-pobj<-after<-prep<-complain->nsubj->president->prep->of->pobj->|pobj
rel_50	Ent[ent_130]	Ent[ent_372]	Randi Weingarten	United Federation of Teachers	appos|<-appos<-session->appos->president->prep->of->pobj->|pobj
rel_330	Ent[ent_130]	Ent[ent_372]	Randi Weingarten	United Federation of Teachers	appos|<-appos<-remark->appos->president->prep->of->pobj->|pobj
rel_399	Ent[ent_371]	Ent[ent_132]	Kenneth E. Raske	Greater New York Hospital Association	appos|->appos->president->prep->of->pobj->|pobj
rel_399	Ent[ent_371]	Ent[ent_132]	Kenneth E. Raske	Greater New York Hospital Association	nn|<-nn<-president->appos->|appos
rel_399	Ent[ent_371]	Ent[ent_132]	Kenneth E. Raske	Greater New York Hospital Association	appos|->appos->director->prep->of->pobj->|pobj
rel_399	Ent[ent_371]	Ent[ent_132]	Kenneth E. Raske	Greater New York Hospital Association	appos|->appos->head->prep->of->pobj->|pobj
rel_399	Ent[ent_371]	Ent[ent_132]	Kenneth E. Raske	Greater New York Hospital Association	appos|<-appos<-ally->appos->president->prep->of->pobj->|pobj
rel_330	Ent[ent_374]	Ent[ent_372]	Sandra Feldman	United Federation of Teachers	appos|->appos->president->prep->of->pobj->|pobj
rel_330	Ent[ent_374]	Ent[ent_372]	Sandra Feldman	United Federation of Teachers	appos|->appos->head->prep->of->pobj->|pobj
rel_330	Ent[ent_374]	Ent[ent_372]	Sandra Feldman	United Federation of Teachers	appos|<-appos<-shooting->appos->president->prep->of->pobj->|pobj
rel_330	Ent[ent_374]	Ent[ent_372]	Sandra Feldman	United Federation of Teachers	appos|->appos->leader->prep->of->pobj->|pobj
rel_330	Ent[ent_374]	Ent[ent_372]	Sandra Feldman	United Federation of Teachers	pobj|<-pobj<-to->dep->president->prep->of->pobj->|pobj
rel_330	Ent[ent_374]	Ent[ent_372]	Sandra Feldman	United Federation of Teachers	pobj|<-pobj<-to<-dep<-from<-prep<-official->appos->president->prep->of->pobj->|pobj
rel_330	Ent[ent_374]	Ent[ent_372]	Sandra Feldman	United Federation of Teachers	pobj|<-pobj<-to<-dep<-accord<-prep<-president->prep->of->pobj->|pobj
rel_330	Ent[ent_374]	Ent[ent_372]	Sandra Feldman	United Federation of Teachers	pobj|<-pobj<-like<-prep<-people<-pobj<-of<-prep<-support->appos->president->prep->of->pobj->|pobj
rel_330	Ent[ent_374]	Ent[ent_372]	Sandra Feldman	United Federation of Teachers	pobj|<-pobj<-for<-prep<-call<-partmod<-guards->appos->president->prep->of->pobj->|pobj
rel_330	Ent[ent_374]	Ent[ent_372]	Sandra Feldman	United Federation of Teachers	nsubjpass|<-nsubjpass<-elect->prep->as->pobj->president->prep->of->pobj->|pobj
rel_330	Ent[ent_131]	Ent[ent_373]	Gerry Adams	Sinn Fein	appos|->appos->president->prep->of->pobj->|pobj
rel_330	Ent[ent_131]	Ent[ent_373]	Gerry Adams	Sinn Fein	appos|->appos->leader->prep->of->pobj->|pobj
rel_330	Ent[ent_131]	Ent[ent_373]	Gerry Adams	Sinn Fein	appos|->appos->president->nn->|nn
rel_330	Ent[ent_131]	Ent[ent_373]	Gerry Adams	Sinn Fein	appos|->appos->head->prep->of->pobj->|pobj
rel_330	Ent[ent_131]	Ent[ent_373]	Gerry Adams	Sinn Fein	appos|->appos->leader->nn->|nn
rel_330	Ent[ent_131]	Ent[ent_373]	Gerry Adams	Sinn Fein	appos|->appos->president->poss->|poss
rel_27	Ent[ent_131]	Ent[ent_373]	Gerry Adams	Sinn Fein	appos|->appos->president->prep->of->pobj->arm->appos->|appos
rel_330	Ent[ent_131]	Ent[ent_373]	Gerry Adams	Sinn Fein	appos|->appos->leader->prep->of->pobj->wing->nn->|nn
rel_330	Ent[ent_131]	Ent[ent_373]	Gerry Adams	Sinn Fein	appos|->appos->leader->poss->|poss
rel_330	Ent[ent_131]	Ent[ent_373]	Gerry Adams	Sinn Fein	rcmod|->rcmod->recognize->prep->as->pobj->head->prep->of->pobj->|pobj
rel_399	Ent[ent_134]	Ent[ent_376]	Raymond D. Horton	Citizens Budget Commission	appos|->appos->president->prep->of->pobj->|pobj
rel_399	Ent[ent_134]	Ent[ent_376]	Raymond D. Horton	Citizens Budget Commission	nn|<-nn<-president->appos->|appos
rel_399	Ent[ent_134]	Ent[ent_376]	Raymond D. Horton	Citizens Budget Commission	appos|->appos->professor->rcmod->president->prep->of->pobj->|pobj
rel_399	Ent[ent_134]	Ent[ent_376]	Raymond D. Horton	Citizens Budget Commission	appos|->appos->director->prep->of->pobj->|pobj
rel_399	Ent[ent_134]	Ent[ent_376]	Raymond D. Horton	Citizens Budget Commission	rcmod|->rcmod->head->dobj->|dobj
rel_399	Ent[ent_134]	Ent[ent_376]	Raymond D. Horton	Citizens Budget Commission	pobj|<-pobj<-of<-prep<-departure->prep->from->pobj->helm->prep->of->pobj->|pobj
rel_399	Ent[ent_134]	Ent[ent_376]	Raymond D. Horton	Citizens Budget Commission	appos|->appos->professor->prep->for->pobj->|pobj
rel_399	Ent[ent_134]	Ent[ent_376]	Raymond D. Horton	Citizens Budget Commission	appos|->appos->head->prep->of->pobj->|pobj
rel_399	Ent[ent_134]	Ent[ent_376]	Raymond D. Horton	Citizens Budget Commission	appos|->appos->director->prep->of->pobj->research->prep->of->pobj->|pobj
rel_399	Ent[ent_134]	Ent[ent_376]	Raymond D. Horton	Citizens Budget Commission	appos|->appos->chairman->prep->of->pobj->|pobj
rel_330	Ent[ent_133]	Ent[ent_375]	Dick Ebersol	NBC Sports	appos|->appos->president->prep->of->pobj->|pobj
rel_294	Ent[ent_587]	Ent[ent_375]	Dick Ebersol	NBC Sports	appos|->appos->chairman->prep->of->pobj->|pobj
rel_330	Ent[ent_133]	Ent[ent_375]	Dick Ebersol	NBC Sports	appos|->appos->president->nn->|nn
rel_330	Ent[ent_133]	Ent[ent_375]	Dick Ebersol	NBC Sports	pobj|<-pobj<-of<-prep<-saturday<-dep<-appointment->appos->president->prep->of->pobj->|pobj
rel_330	Ent[ent_133]	Ent[ent_375]	Dick Ebersol	NBC Sports	appos|->appos->head->prep->of->pobj->|pobj
rel_330	Ent[ent_133]	Ent[ent_375]	Dick Ebersol	NBC Sports	appos|<-appos<-conga->appos->president->prep->of->pobj->|pobj
rel_399	Ent[ent_133]	Ent[ent_375]	Dick Ebersol	NBC Sports	appos|->appos->chairman->nn->|nn
rel_399	Ent[ent_133]	Ent[ent_375]	Dick Ebersol	NBC Sports	rcmod|->rcmod->run->dobj->|dobj
rel_330	Ent[ent_133]	Ent[ent_375]	Dick Ebersol	NBC Sports	rcmod|->rcmod->producer->prep->of->pobj->|pobj
rel_399	Ent[ent_133]	Ent[ent_375]	Dick Ebersol	NBC Sports	rcmod|->rcmod->president->prep->of->pobj->|pobj
rel_330	Ent[ent_136]	Ent[ent_378]	Juan Antonio Samaranch	International Olympic Committee	appos|->appos->president->prep->of->pobj->|pobj
rel_2	Ent[ent_136]	Ent[ent_378]	Juan Antonio Samaranch	International Olympic Committee	dobj|<-dobj<-succeed->prep->as->pobj->president->prep->of->pobj->|pobj
rel_330	Ent[ent_136]	Ent[ent_378]	Juan Antonio Samaranch	International Olympic Committee	appos|->appos->president->nn->|nn
rel_330	Ent[ent_136]	Ent[ent_378]	Juan Antonio Samaranch	International Olympic Committee	appos|->appos->head->prep->of->pobj->|pobj
rel_2	Ent[ent_136]	Ent[ent_378]	Juan Antonio Samaranch	International Olympic Committee	nsubj|<-nsubj<-re-elected->prep->as->pobj->president->prep->of->pobj->|pobj
rel_2	Ent[ent_136]	Ent[ent_378]	Juan Antonio Samaranch	International Olympic Committee	dobj|<-dobj<-remind->dep->go->prep->as->pobj->president->prep->of->pobj->|pobj
rel_355	Ent[ent_594]	Ent[ent_378]	Juan Antonio Samaranch	International Olympic Committee	appos|<-appos<-expulsion->appos->president->prep->of->pobj->|pobj
rel_2	Ent[ent_136]	Ent[ent_378]	Juan Antonio Samaranch	International Olympic Committee	rcmod|->rcmod->step->prep->after->pobj->decade->prep->as->pobj->president->prep->of->pobj->|pobj
rel_2	Ent[ent_136]	Ent[ent_378]	Juan Antonio Samaranch	International Olympic Committee	rcmod|->rcmod->participate->prep->as->pobj->president->prep->of->pobj->|pobj
rel_330	Ent[ent_136]	Ent[ent_378]	Juan Antonio Samaranch	International Olympic Committee	pobj|<-pobj<-to<-prep<-letter->rcmod->say->nsubj->president->prep->of->pobj->|pobj
rel_330	Ent[ent_135]	Ent[ent_377]	Rocco Landesman	Jujamcyn Theaters	appos|->appos->president->prep->of->pobj->|pobj
rel_330	Ent[ent_135]	Ent[ent_377]	Rocco Landesman	Jujamcyn Theaters	nsubj|<-nsubj<-president->prep->of->pobj->|pobj
rel_330	Ent[ent_135]	Ent[ent_377]	Rocco Landesman	Jujamcyn Theaters	appos|->appos->head->prep->of->pobj->|pobj
rel_330	Ent[ent_135]	Ent[ent_377]	Rocco Landesman	Jujamcyn Theaters	pobj|<-pobj<-of<-prep<-word<-pobj<-in<-prep<-important->nsubj->spokesman->prep->for->pobj->|pobj
rel_330	Ent[ent_135]	Ent[ent_377]	Rocco Landesman	Jujamcyn Theaters	nsubj|<-nsubj<-say->nsubj->president->prep->of->pobj->|pobj
rel_249	Ent[ent_135]	Ent[ent_377]	Rocco Landesman	Jujamcyn Theaters	nsubj|<-nsubj<-owner->appos->|appos
rel_330	Ent[ent_135]	Ent[ent_377]	Rocco Landesman	Jujamcyn Theaters	nsubj|<-nsubj<-buy->dobj->|dobj
rel_330	Ent[ent_135]	Ent[ent_377]	Rocco Landesman	Jujamcyn Theaters	nn|<-nn<-president->prep->of->pobj->|pobj
rel_249	Ent[ent_135]	Ent[ent_377]	Rocco Landesman	Jujamcyn Theaters	appos|<-appos<-warning<-pobj<-in<-prep<-workshop<-pobj<-after<-prep<-say->nsubj->president->prep->of->pobj->|pobj
rel_249	Ent[ent_135]	Ent[ent_377]	Rocco Landesman	Jujamcyn Theaters	appos|->appos->president->prep->of->pobj->chain->nn->|nn
rel_294	Ent[ent_102]	Ent[ent_127]	Jack Valenti	Motion Picture Association of America	appos|->appos->president->prep->of->pobj->|pobj
rel_399	Ent[ent_370]	Ent[ent_127]	Jack Valenti	Motion Picture Association of America	appos|->appos->chairman->prep->of->pobj->|pobj
rel_399	Ent[ent_370]	Ent[ent_127]	Jack Valenti	Motion Picture Association of America	appos|->appos->head->prep->of->pobj->|pobj
rel_399	Ent[ent_370]	Ent[ent_127]	Jack Valenti	Motion Picture Association of America	pobj|<-pobj<-by<-prep<-talk<-pobj<-at<-prep<-insistence->appos->president->prep->of->pobj->|pobj
rel_399	Ent[ent_370]	Ent[ent_127]	Jack Valenti	Motion Picture Association of America	appos|->appos->executive->prep->of->pobj->|pobj
rel_399	Ent[ent_370]	Ent[ent_127]	Jack Valenti	Motion Picture Association of America	rcmod|->rcmod->president->prep->of->pobj->|pobj
rel_399	Ent[ent_370]	Ent[ent_127]	Jack Valenti	Motion Picture Association of America	pobj|<-pobj<-by<-prep<-announce<-partmod<-change->appos->president->prep->of->pobj->|pobj
rel_399	Ent[ent_370]	Ent[ent_127]	Jack Valenti	Motion Picture Association of America	rcmod|->rcmod->prod->prep->as->pobj->president->prep->of->pobj->|pobj
rel_399	Ent[ent_370]	Ent[ent_127]	Jack Valenti	Motion Picture Association of America	rcmod|->rcmod->make->nsubj->position->prep->as->pobj->president->prep->of->pobj->|pobj
rel_399	Ent[ent_370]	Ent[ent_127]	Jack Valenti	Motion Picture Association of America	poss|<-poss<-legacy<-pobj<-of<-prep<-part->prep->as->pobj->head->prep->of->pobj->|pobj
rel_399	Ent[ent_369]	Ent[ent_126]	Steven Spinola	Real Estate Board of New York	appos|->appos->president->prep->of->pobj->|pobj
rel_399	Ent[ent_369]	Ent[ent_126]	Steven Spinola	Real Estate Board of New York	appos|->appos->head->prep->of->pobj->|pobj
rel_399	Ent[ent_369]	Ent[ent_126]	Steven Spinola	Real Estate Board of New York	nsubj|<-nsubj<-say->nsubj->|nsubj
rel_399	Ent[ent_369]	Ent[ent_126]	Steven Spinola	Real Estate Board of New York	dep|<-dep<-campaign->appos->president->prep->of->pobj->|pobj
rel_399	Ent[ent_369]	Ent[ent_126]	Steven Spinola	Real Estate Board of New York	appos|->appos->president->dep->|dep
rel_399	Ent[ent_369]	Ent[ent_126]	Steven Spinola	Real Estate Board of New York	appos|<-appos<-opponent->appos->president->prep->of->pobj->|pobj
rel_399	Ent[ent_369]	Ent[ent_126]	Steven Spinola	Real Estate Board of New York	appos|<-appos<-executive->appos->president->prep->of->pobj->|pobj
rel_399	Ent[ent_368]	Ent[ent_129]	Norman Siegel	New York Civil Liberties Union	appos|->appos->director->prep->of->pobj->|pobj
rel_399	Ent[ent_368]	Ent[ent_129]	Norman Siegel	New York Civil Liberties Union	appos|->appos->head->prep->of->pobj->|pobj
rel_399	Ent[ent_368]	Ent[ent_129]	Norman Siegel	New York Civil Liberties Union	appos|<-appos<-lawyer->appos->director->prep->of->pobj->|pobj
rel_399	Ent[ent_368]	Ent[ent_129]	Norman Siegel	New York Civil Liberties Union	appos|->appos->president->prep->of->pobj->|pobj
rel_399	Ent[ent_368]	Ent[ent_129]	Norman Siegel	New York Civil Liberties Union	pobj|<-pobj<-of<-prep<-title<-dobj<-misstate->prep->at->pobj->|pobj
rel_399	Ent[ent_368]	Ent[ent_129]	Norman Siegel	New York Civil Liberties Union	appos|->appos->lawyer->prep->of->pobj->|pobj
rel_399	Ent[ent_368]	Ent[ent_129]	Norman Siegel	New York Civil Liberties Union	appos|<-appos<-critic->appos->director->prep->of->pobj->|pobj
rel_399	Ent[ent_368]	Ent[ent_129]	Norman Siegel	New York Civil Liberties Union	rcmod|->rcmod->be->prep->as->pobj->director->prep->of->pobj->|pobj
rel_399	Ent[ent_368]	Ent[ent_129]	Norman Siegel	New York Civil Liberties Union	rcmod|->rcmod->agree->nsubj->director->prep->of->pobj->|pobj
rel_399	Ent[ent_368]	Ent[ent_129]	Norman Siegel	New York Civil Liberties Union	pobj|<-pobj<-with<-prep<-meet->dobj->director->prep->of->pobj->|pobj
rel_399	Ent[ent_128]	Ent[ent_141]	C. Fred Bergsten	Institute for International Economics	appos|->appos->director->prep->of->pobj->|pobj
rel_399	Ent[ent_128]	Ent[ent_141]	C. Fred Bergsten	Institute for International Economics	appos|->appos->head->prep->of->pobj->|pobj
rel_399	Ent[ent_128]	Ent[ent_141]	C. Fred Bergsten	Institute for International Economics	appos|->appos->president->prep->of->pobj->|pobj
rel_399	Ent[ent_128]	Ent[ent_141]	C. Fred Bergsten	Institute for International Economics	rcmod|->rcmod->run->dobj->|dobj
rel_399	Ent[ent_128]	Ent[ent_141]	C. Fred Bergsten	Institute for International Economics	appos|->appos->director->prep->for->pobj->|pobj
rel_261	Ent[ent_1183]	Ent[ent_141]	C. Fred Bergsten	Institute for International Economics	appos|->appos->official->rcmod->director->prep->of->pobj->|pobj
rel_399	Ent[ent_128]	Ent[ent_141]	C. Fred Bergsten	Institute for International Economics	rcmod|->rcmod->head->dobj->|dobj
rel_399	Ent[ent_128]	Ent[ent_141]	C. Fred Bergsten	Institute for International Economics	rcmod|->rcmod->director->prep->of->pobj->|pobj
rel_399	Ent[ent_128]	Ent[ent_141]	C. Fred Bergsten	Institute for International Economics	pobj|<-pobj<-of<-prep<-estimate<-pobj<-to<-dep<-accord<-prep<-director->prep->of->pobj->|pobj
rel_399	Ent[ent_128]	Ent[ent_141]	C. Fred Bergsten	Institute for International Economics	nsubj|<-nsubj<-put->prep->at->pobj->meeting->prep->of->pobj->|pobj
rel_365	Ent[ent_383]	Ent[ent_1220]	Blair Horner	New York Public Interest Research Group	appos|->appos->director->prep->of->pobj->|pobj
rel_27	Ent[ent_383]	Ent[ent_140]	Blair Horner	New York Public Interest Research Group	appos|->appos->director->prep->for->pobj->|pobj
rel_27	Ent[ent_383]	Ent[ent_140]	Blair Horner	New York Public Interest Research Group	appos|->appos->lobbyist->prep->for->pobj->|pobj
rel_365	Ent[ent_383]	Ent[ent_1220]	Blair Horner	New York Public Interest Research Group	appos|->appos->lobbyist->prep->with->pobj->|pobj
rel_322	Ent[ent_383]	Ent[ent_140]	Blair Horner	New York Public Interest Research Group	appos|->appos->head->prep->of->pobj->branch->prep->of->pobj->|pobj
rel_365	Ent[ent_1184]	Ent[ent_140]	Blair Horner	New York Public Interest Research Group	appos|->appos->director->prep->with->pobj->|pobj
rel_322	Ent[ent_383]	Ent[ent_140]	Blair Horner	New York Public Interest Research Group	appos|->appos->advocate->prep->as->pobj->director->prep->of->pobj->|pobj
rel_365	Ent[ent_383]	Ent[ent_1220]	Blair Horner	New York Public Interest Research Group	rcmod|->rcmod->watch->prep->as->pobj->head->prep->of->pobj->|pobj
rel_27	Ent[ent_383]	Ent[ent_140]	Blair Horner	New York Public Interest Research Group	appos|->appos->spokesman->prep->for->pobj->|pobj
rel_365	Ent[ent_383]	Ent[ent_1220]	Blair Horner	New York Public Interest Research Group	appos|->appos->analyst->prep->with->pobj->|pobj
rel_14	Ent[ent_382]	Ent[ent_143]	William J. Casey	Central Intelligence	appos|->appos->director->prep->of->pobj->|pobj
rel_14	Ent[ent_382]	Ent[ent_143]	William J. Casey	Central Intelligence	dep|->dep->director->prep->of->pobj->|pobj
rel_14	Ent[ent_382]	Ent[ent_143]	William J. Casey	Central Intelligence	prep|->prep->as->pobj->director->prep->of->pobj->|pobj
rel_14	Ent[ent_382]	Ent[ent_143]	William J. Casey	Central Intelligence	rcmod|->rcmod->director->prep->of->pobj->|pobj
rel_14	Ent[ent_382]	Ent[ent_143]	William J. Casey	Central Intelligence	rcmod|->rcmod->resign->prep->as->pobj->director->prep->of->pobj->|pobj
rel_14	Ent[ent_382]	Ent[ent_143]	William J. Casey	Central Intelligence	dobj|<-dobj<-replace->prep->as->pobj->director->prep->of->pobj->|pobj
rel_399	Ent[ent_625]	Ent[ent_143]	William J. Casey	Central Intelligence	poss|<-poss<-tenure->prep->as->pobj->director->prep->of->pobj->|pobj
rel_14	Ent[ent_382]	Ent[ent_143]	William J. Casey	Central Intelligence	pobj|<-pobj<-to<-prep<-successor->prep->as->pobj->director->prep->of->pobj->|pobj
rel_14	Ent[ent_382]	Ent[ent_143]	William J. Casey	Central Intelligence	pobj|<-pobj<-of<-prep<-motivation<-pobj<-about<-prep<-ask->dobj->director->prep->of->pobj->|pobj
rel_14	Ent[ent_382]	Ent[ent_143]	William J. Casey	Central Intelligence	nsubj|<-nsubj<-director->prep->of->pobj->|pobj
rel_27	Ent[ent_385]	Ent[ent_142]	Ralph Reed	Christian Coalition	appos|->appos->director->prep->of->pobj->|pobj
rel_330	Ent[ent_385]	Ent[ent_142]	Ralph Reed	Christian Coalition	appos|->appos->head->prep->of->pobj->|pobj
rel_330	Ent[ent_385]	Ent[ent_142]	Ralph Reed	Christian Coalition	appos|->appos->strategist->prep->of->pobj->|pobj
rel_330	Ent[ent_385]	Ent[ent_142]	Ralph Reed	Christian Coalition	appos|->appos->leader->nn->|nn
rel_27	Ent[ent_385]	Ent[ent_142]	Ralph Reed	Christian Coalition	rcmod|->rcmod->transform->dobj->|dobj
rel_27	Ent[ent_385]	Ent[ent_142]	Ralph Reed	Christian Coalition	dobj|<-dobj<-succeed->prep->as->pobj->director->prep->of->pobj->|pobj
rel_330	Ent[ent_385]	Ent[ent_142]	Ralph Reed	Christian Coalition	appos|->appos->president->prep->of->pobj->|pobj
rel_330	Ent[ent_385]	Ent[ent_142]	Ralph Reed	Christian Coalition	appos|->appos->leader->prep->of->pobj->|pobj
rel_27	Ent[ent_385]	Ent[ent_142]	Ralph Reed	Christian Coalition	appos|->appos->director->nn->|nn
rel_27	Ent[ent_385]	Ent[ent_142]	Ralph Reed	Christian Coalition	rcmod|->rcmod->turn->nsubj->wunderkind->nn->|nn
rel_399	Ent[ent_384]	Ent[ent_145]	Robert Gangi	Correctional Association of New York	appos|->appos->director->prep->of->pobj->|pobj
rel_399	Ent[ent_384]	Ent[ent_145]	Robert Gangi	Correctional Association of New York	rcmod|->rcmod->visit->prep->as->pobj->director->prep->of->pobj->|pobj
rel_399	Ent[ent_384]	Ent[ent_145]	Robert Gangi	Correctional Association of New York	pobj|<-pobj<-to<-dep<-accord<-prep<-director->prep->of->pobj->|pobj
rel_399	Ent[ent_384]	Ent[ent_145]	Robert Gangi	Correctional Association of New York	nsubj|<-nsubj<-say->nsubj->|nsubj
rel_399	Ent[ent_384]	Ent[ent_145]	Robert Gangi	Correctional Association of New York	appos|->appos->head->prep->of->pobj->|pobj
rel_399	Ent[ent_384]	Ent[ent_145]	Robert Gangi	Correctional Association of New York	appos|->appos->director->prep->for->pobj->|pobj
rel_399	Ent[ent_387]	Ent[ent_144]	Robert D. Reischauer	Congressional Budget Office	appos|->appos->director->prep->of->pobj->|pobj
rel_399	Ent[ent_387]	Ent[ent_144]	Robert D. Reischauer	Congressional Budget Office	nsubj|<-nsubj<-director->prep->of->pobj->|pobj
rel_399	Ent[ent_387]	Ent[ent_144]	Robert D. Reischauer	Congressional Budget Office	appos|->appos->head->prep->of->pobj->|pobj
rel_399	Ent[ent_387]	Ent[ent_144]	Robert D. Reischauer	Congressional Budget Office	rcmod|->rcmod->director->prep->of->pobj->|pobj
rel_399	Ent[ent_387]	Ent[ent_144]	Robert D. Reischauer	Congressional Budget Office	nsubjpass|<-nsubjpass<-name->prep->as->pobj->director->prep->of->pobj->|pobj
rel_399	Ent[ent_387]	Ent[ent_144]	Robert D. Reischauer	Congressional Budget Office	appos|<-appos<-today->appos->director->prep->of->pobj->|pobj
rel_399	Ent[ent_387]	Ent[ent_144]	Robert D. Reischauer	Congressional Budget Office	appos|->appos->economist->rcmod->director->prep->of->pobj->|pobj
rel_399	Ent[ent_387]	Ent[ent_144]	Robert D. Reischauer	Congressional Budget Office	appos|->appos->economist->prep->of->pobj->|pobj
rel_399	Ent[ent_387]	Ent[ent_144]	Robert D. Reischauer	Congressional Budget Office	appos|->appos->economist->prep->at->pobj->|pobj
rel_399	Ent[ent_387]	Ent[ent_144]	Robert D. Reischauer	Congressional Budget Office	rcmod|->rcmod->head->prep->of->pobj->|pobj
rel_399	Ent[ent_386]	Ent[ent_147]	Lee E. Koppelman	Long Island Regional Planning Board	appos|->appos->director->prep->of->pobj->|pobj
rel_399	Ent[ent_386]	Ent[ent_147]	Lee E. Koppelman	Long Island Regional Planning Board	appos|->appos->chairman->prep->of->pobj->|pobj
rel_399	Ent[ent_386]	Ent[ent_147]	Lee E. Koppelman	Long Island Regional Planning Board	rcmod|->rcmod->director->prep->of->pobj->|pobj
rel_399	Ent[ent_386]	Ent[ent_147]	Lee E. Koppelman	Long Island Regional Planning Board	pobj|<-pobj<-like<-prep<-critic->appos->director->prep->of->pobj->|pobj
rel_316	Ent[ent_386]	Ent[ent_147]	Lee E. Koppelman	Long Island Regional Planning Board	pobj|<-pobj<-include<-prep<-official<-pobj<-of<-prep<-group->appos->director->prep->of->pobj->|pobj
rel_316	Ent[ent_386]	Ent[ent_147]	Lee E. Koppelman	Long Island Regional Planning Board	pobj|<-pobj<-by<-prep<-make<-partmod<-comment->appos->director->prep->of->pobj->|pobj
rel_399	Ent[ent_386]	Ent[ent_147]	Lee E. Koppelman	Long Island Regional Planning Board	pobj|<-pobj<-by<-prep<-developer<-pobj<-for<-prep<-prepare<-partmod<-analysis->appos->director->prep->of->pobj->|pobj
rel_316	Ent[ent_386]	Ent[ent_147]	Lee E. Koppelman	Long Island Regional Planning Board	nsubj|<-nsubj<-say->prep->as->pobj->director->prep->of->pobj->|pobj
rel_399	Ent[ent_386]	Ent[ent_147]	Lee E. Koppelman	Long Island Regional Planning Board	appos|->appos->planner->prep->of->pobj->|pobj
rel_316	Ent[ent_386]	Ent[ent_147]	Lee E. Koppelman	Long Island Regional Planning Board	appos|<-appos<-official->appos->director->prep->of->pobj->|pobj
rel_399	Ent[ent_389]	Ent[ent_146]	Stanley Hill	District Council	appos|->appos->director->prep->of->pobj->|pobj
rel_399	Ent[ent_389]	Ent[ent_146]	Stanley Hill	District Council	appos|->appos->president->prep->of->pobj->|pobj
rel_399	Ent[ent_389]	Ent[ent_146]	Stanley Hill	District Council	appos|->appos->head->prep->of->pobj->|pobj
rel_399	Ent[ent_389]	Ent[ent_146]	Stanley Hill	District Council	dep|<-dep<-surplus<-amod<-president->prep->of->pobj->|pobj
rel_330	Ent[ent_516]	Ent[ent_146]	Stanley Hill	District Council	appos|->appos->leader->prep->of->pobj->|pobj
rel_399	Ent[ent_389]	Ent[ent_146]	Stanley Hill	District Council	rcmod|->rcmod->stomp->nsubj->|nsubj
rel_399	Ent[ent_389]	Ent[ent_146]	Stanley Hill	District Council	rcmod|->rcmod->retire->prep->as->pobj->director->prep->of->pobj->|pobj
rel_399	Ent[ent_389]	Ent[ent_146]	Stanley Hill	District Council	rcmod|->rcmod->head->dobj->|dobj
rel_399	Ent[ent_389]	Ent[ent_146]	Stanley Hill	District Council	pobj|<-pobj<-with<-prep<-say->dep->director->prep->of->pobj->|pobj
rel_303	Ent[ent_1033]	Ent[ent_146]	Stanley Hill	District Council	pobj|<-pobj<-with<-prep<-meeting<-pobj<-at<-prep<-attack->nsubj->director->prep->of->pobj->|pobj
rel_399	Ent[ent_388]	Ent[ent_381]	Mary Ann Rothman	Council of New York Cooperatives	appos|->appos->director->prep->of->pobj->|pobj
rel_399	Ent[ent_388]	Ent[ent_381]	Mary Ann Rothman	Council of New York Cooperatives	pobj|<-pobj<-to<-dep<-accord<-prep<-director->prep->of->pobj->|pobj
rel_399	Ent[ent_388]	Ent[ent_381]	Mary Ann Rothman	Council of New York Cooperatives	dep|->dep->director->prep->of->pobj->|pobj
rel_399	Ent[ent_388]	Ent[ent_381]	Mary Ann Rothman	Council of New York Cooperatives	rcmod|->rcmod->head->dobj->|dobj
rel_399	Ent[ent_388]	Ent[ent_381]	Mary Ann Rothman	Council of New York Cooperatives	pobj|<-pobj<-to->pobj->director->prep->of->pobj->|pobj
rel_399	Ent[ent_388]	Ent[ent_381]	Mary Ann Rothman	Council of New York Cooperatives	appos|->appos->member->prep->of->pobj->committee->rcmod->director->prep->of->pobj->|pobj
rel_399	Ent[ent_388]	Ent[ent_381]	Mary Ann Rothman	Council of New York Cooperatives	appos|->appos->director->prep->at->pobj->|pobj
rel_399	Ent[ent_388]	Ent[ent_381]	Mary Ann Rothman	Council of New York Cooperatives	appos|->appos->diector->prep->of->pobj->|pobj
rel_294	Ent[ent_380]	Ent[ent_0]	Alan Greenspan	Federal Reserve	appos|->appos->chairman->prep->of->pobj->|pobj
rel_294	Ent[ent_380]	Ent[ent_0]	Alan Greenspan	Federal Reserve	appos|->appos->chairman->nn->|nn
rel_294	Ent[ent_1279]	Ent[ent_0]	Alan Greenspan	Federal Reserve	appos|->appos->chairman->poss->|poss
rel_294	Ent[ent_1279]	Ent[ent_0]	Alan Greenspan	Federal Reserve	dobj|<-dobj<-succeed->prep->as->pobj->chairman->prep->of->pobj->|pobj
rel_171	Ent[ent_380]	Ent[ent_1207]	Alan Greenspan	Federal Reserve	dobj|<-dobj<-nominate->prep->as->pobj->chairman->prep->of->pobj->|pobj
rel_330	Ent[ent_380]	Ent[ent_0]	Alan Greenspan	Federal Reserve	appos|->appos->chief->nn->|nn
rel_171	Ent[ent_380]	Ent[ent_1207]	Alan Greenspan	Federal Reserve	dobj|<-dobj<-succeed->prep->as->pobj->chairman->nn->|nn
rel_171	Ent[ent_380]	Ent[ent_1207]	Alan Greenspan	Federal Reserve	poss|<-poss<-tenure<-dobj<-examine->prep->as->pobj->chairman->prep->of->pobj->|pobj
rel_171	Ent[ent_380]	Ent[ent_1207]	Alan Greenspan	Federal Reserve	nsubj|<-nsubj<-chairman->prep->of->pobj->|pobj
rel_330	Ent[ent_380]	Ent[ent_0]	Alan Greenspan	Federal Reserve	dobj|<-dobj<-confirm->prep->as->pobj->chairman->prep->of->pobj->|pobj
rel_294	Ent[ent_1279]	Ent[ent_138]	Alan Greenspan	Federal Reserve Board	appos|->appos->chairman->prep->of->pobj->|pobj
rel_294	Ent[ent_1279]	Ent[ent_138]	Alan Greenspan	Federal Reserve Board	appos|->appos->chairman->nn->|nn
rel_294	Ent[ent_1279]	Ent[ent_138]	Alan Greenspan	Federal Reserve Board	appos|->appos->chairman->poss->|poss
rel_295	Ent[ent_1279]	Ent[ent_138]	Alan Greenspan	Federal Reserve Board	pobj|<-pobj<-of<-prep<-nomination<-dobj<-approve->prep->as->pobj->chairman->prep->of->pobj->|pobj
rel_182	Ent[ent_48]	Ent[ent_138]	Alan Greenspan	Federal Reserve Board	nsubj|<-nsubj<-replace->prep->as->pobj->chairman->prep->of->pobj->|pobj
rel_182	Ent[ent_48]	Ent[ent_138]	Alan Greenspan	Federal Reserve Board	dobj|<-dobj<-renominate->prep->as->pobj->chairman->prep->of->pobj->|pobj
rel_182	Ent[ent_48]	Ent[ent_138]	Alan Greenspan	Federal Reserve Board	prep|->prep->as->pobj->chairman->prep->of->pobj->|pobj
rel_295	Ent[ent_1279]	Ent[ent_138]	Alan Greenspan	Federal Reserve Board	poss|<-poss<-experience<-nsubj<-shape->prep->as->pobj->chairman->prep->of->pobj->|pobj
rel_295	Ent[ent_1279]	Ent[ent_138]	Alan Greenspan	Federal Reserve Board	pobj|<-pobj<-with<-prep<-replace->prep->as->pobj->chairman->prep->of->pobj->|pobj
rel_294	Ent[ent_1279]	Ent[ent_138]	Alan Greenspan	Federal Reserve Board	pobj|<-pobj<-of<-prep<-nomination<-pobj<-on<-prep<-hearing->prep->as->pobj->chairman->prep->of->pobj->|pobj
rel_294	Ent[ent_137]	Ent[ent_379]	Gen. Colin L. Powell	Joint Chiefs of Staff	appos|->appos->chairman->prep->of->pobj->|pobj
rel_294	Ent[ent_137]	Ent[ent_379]	Gen. Colin L. Powell	Joint Chiefs of Staff	dobj|<-dobj<-succeed->prep->as->pobj->chairman->prep->of->pobj->|pobj
rel_191	Ent[ent_137]	Ent[ent_379]	Gen. Colin L. Powell	Joint Chiefs of Staff	dobj|<-dobj<-replace->prep->as->pobj->chairman->prep->of->pobj->|pobj
rel_191	Ent[ent_137]	Ent[ent_379]	Gen. Colin L. Powell	Joint Chiefs of Staff	dep|<-dep<-chairman->prep->of->pobj->|pobj
rel_191	Ent[ent_137]	Ent[ent_379]	Gen. Colin L. Powell	Joint Chiefs of Staff	appos|<-appos<-today->appos->chairman->prep->of->pobj->|pobj
rel_191	Ent[ent_137]	Ent[ent_379]	Gen. Colin L. Powell	Joint Chiefs of Staff	rcmod|->rcmod->say->nsubj->chairman->prep->of->pobj->|pobj
rel_294	Ent[ent_137]	Ent[ent_379]	Gen. Colin L. Powell	Joint Chiefs of Staff	pobj|<-pobj<-to<-prep<-successor->prep->as->pobj->chairman->prep->of->pobj->|pobj
rel_191	Ent[ent_137]	Ent[ent_379]	Gen. Colin L. Powell	Joint Chiefs of Staff	pobj|<-pobj<-of<-prep<-thursday<-pobj<-on<-prep<-connect->prep->as->pobj->chairman->prep->of->pobj->|pobj
rel_294	Ent[ent_137]	Ent[ent_379]	Gen. Colin L. Powell	Joint Chiefs of Staff	dobj|<-dobj<-turn->nsubj->chairman->prep->of->pobj->|pobj
rel_191	Ent[ent_137]	Ent[ent_379]	Gen. Colin L. Powell	Joint Chiefs of Staff	rcmod|->rcmod->retire->prep->as->pobj->chairman->prep->of->pobj->|pobj
rel_324	Ent[ent_139]	Ent[ent_379]	Gen. Richard B. Myers	Joint Chiefs of Staff	appos|->appos->chairman->prep->of->pobj->|pobj
rel_324	Ent[ent_139]	Ent[ent_379]	Gen. Richard B. Myers	Joint Chiefs of Staff	appos|<-appos<-today->appos->chairman->prep->of->pobj->|pobj
rel_324	Ent[ent_139]	Ent[ent_379]	Gen. Richard B. Myers	Joint Chiefs of Staff	rcmod|->rcmod->step->prep->as->pobj->chairman->prep->of->pobj->|pobj
rel_324	Ent[ent_139]	Ent[ent_379]	Gen. Richard B. Myers	Joint Chiefs of Staff	appos|<-appos<-officer->appos->chairman->prep->of->pobj->|pobj
rel_324	Ent[ent_139]	Ent[ent_379]	Gen. Richard B. Myers	Joint Chiefs of Staff	pobj|<-pobj<-to<-prep<-talk->dobj->chairman->prep->of->pobj->|pobj
rel_324	Ent[ent_139]	Ent[ent_379]	Gen. Richard B. Myers	Joint Chiefs of Staff	pobj|<-pobj<-of<-prep<-niece->rcmod->step->prep->as->pobj->chairman->prep->of->pobj->|pobj
rel_294	Ent[ent_139]	Ent[ent_379]	Gen. Richard B. Myers	Joint Chiefs of Staff	pobj|<-pobj<-of<-prep<-criticism->appos->chairman->prep->of->pobj->|pobj
rel_324	Ent[ent_139]	Ent[ent_379]	Gen. Richard B. Myers	Joint Chiefs of Staff	nsubjpass|<-nsubjpass<-depict->prep->as->pobj->chairman->prep->of->pobj->|pobj
rel_294	Ent[ent_139]	Ent[ent_379]	Gen. Richard B. Myers	Joint Chiefs of Staff	dobj|<-dobj<-nominate->prep->as->pobj->chairman->prep->of->pobj->|pobj
rel_294	Ent[ent_139]	Ent[ent_379]	Gen. Richard B. Myers	Joint Chiefs of Staff	dobj|<-dobj<-introduce->prep->as->pobj->nominee->prep->for->pobj->chairman->prep->of->pobj->|pobj
rel_294	Ent[ent_4]	Ent[ent_3]	Yasir Arafat	Palestine Liberation Organization	appos|->appos->chairman->prep->of->pobj->|pobj
rel_330	Ent[ent_4]	Ent[ent_1215]	Yasir Arafat	Palestine Liberation Organization	appos|->appos->leader->prep->of->pobj->|pobj
rel_294	Ent[ent_4]	Ent[ent_3]	Yasir Arafat	Palestine Liberation Organization	appos|->appos->chairman->nn->|nn
rel_330	Ent[ent_4]	Ent[ent_3]	Yasir Arafat	Palestine Liberation Organization	appos|->appos->head->prep->of->pobj->|pobj
rel_330	Ent[ent_1254]	Ent[ent_3]	Yasir Arafat	Palestine Liberation Organization	appos|->appos->leader->nn->|nn
rel_294	Ent[ent_4]	Ent[ent_1215]	Yasir Arafat	Palestine Liberation Organization	poss|<-poss<-wing->prep->of->pobj->|pobj
rel_330	Ent[ent_4]	Ent[ent_1215]	Yasir Arafat	Palestine Liberation Organization	poss|<-poss<-faction->prep->of->pobj->|pobj
rel_330	Ent[ent_4]	Ent[ent_1215]	Yasir Arafat	Palestine Liberation Organization	poss|<-poss<-deputy->prep->in->pobj->|pobj
rel_294	Ent[ent_4]	Ent[ent_1215]	Yasir Arafat	Palestine Liberation Organization	appos|->appos->chairman->poss->|poss
rel_294	Ent[ent_4]	Ent[ent_1215]	Yasir Arafat	Palestine Liberation Organization	dobj|<-dobj<-succeed->prep->as->pobj->chairman->prep->of->pobj->|pobj
rel_294	Ent[ent_2]	Ent[ent_1]	Felix G. Rohatyn	Municipal Assistance Corporation	appos|->appos->chairman->prep->of->pobj->|pobj
rel_294	Ent[ent_2]	Ent[ent_1]	Felix G. Rohatyn	Municipal Assistance Corporation	appos|->appos->head->prep->of->pobj->|pobj
rel_294	Ent[ent_2]	Ent[ent_1]	Felix G. Rohatyn	Municipal Assistance Corporation	rcmod|->rcmod->chairman->prep->of->pobj->|pobj
rel_294	Ent[ent_2]	Ent[ent_1]	Felix G. Rohatyn	Municipal Assistance Corporation	appos|->appos->banker->rcmod->chairman->prep->of->pobj->|pobj
rel_294	Ent[ent_2]	Ent[ent_1]	Felix G. Rohatyn	Municipal Assistance Corporation	nsubj|<-nsubj<-lash->dobj->|dobj
rel_294	Ent[ent_2]	Ent[ent_1]	Felix G. Rohatyn	Municipal Assistance Corporation	nsubj|<-nsubj<-chairman->prep->of->pobj->|pobj
rel_294	Ent[ent_2]	Ent[ent_1]	Felix G. Rohatyn	Municipal Assistance Corporation	appos|->appos->financier->rcmod->head->dobj->|dobj
rel_294	Ent[ent_2]	Ent[ent_1]	Felix G. Rohatyn	Municipal Assistance Corporation	appos|->appos->financier->rcmod->chairman->prep->of->pobj->|pobj
rel_294	Ent[ent_2]	Ent[ent_1]	Felix G. Rohatyn	Municipal Assistance Corporation	rcmod|->rcmod->architect->prep->as->pobj->chairman->prep->of->pobj->|pobj
rel_294	Ent[ent_2]	Ent[ent_1]	Felix G. Rohatyn	Municipal Assistance Corporation	poss|<-poss<-rationale<-dobj<-evoke->prep->as->pobj->chairman->prep->of->pobj->|pobj
rel_294	Ent[ent_152]	Ent[ent_394]	Charles A. Gargano	Empire State Development Corporation	appos|->appos->chairman->prep->of->pobj->|pobj
rel_294	Ent[ent_152]	Ent[ent_394]	Charles A. Gargano	Empire State Development Corporation	appos|->appos->president->prep->of->pobj->|pobj
rel_294	Ent[ent_152]	Ent[ent_394]	Charles A. Gargano	Empire State Development Corporation	rcmod|->rcmod->oversee->prep->as->pobj->chairman->prep->of->pobj->|pobj
rel_294	Ent[ent_152]	Ent[ent_394]	Charles A. Gargano	Empire State Development Corporation	rcmod|->rcmod->link->dep->be->prep->as->pobj->chairman->prep->of->pobj->|pobj
rel_294	Ent[ent_152]	Ent[ent_394]	Charles A. Gargano	Empire State Development Corporation	appos|<-appos<-official->appos->chairman->prep->of->pobj->|pobj
rel_294	Ent[ent_152]	Ent[ent_394]	Charles A. Gargano	Empire State Development Corporation	appos|->appos->leader->partmod->appoint->prep->as->pobj->chairman->prep->of->pobj->|pobj
rel_294	Ent[ent_152]	Ent[ent_394]	Charles A. Gargano	Empire State Development Corporation	appos|->appos->head->prep->of->pobj->|pobj
rel_294	Ent[ent_152]	Ent[ent_394]	Charles A. Gargano	Empire State Development Corporation	appos|->appos->commissioner->prep->of->pobj->|pobj
rel_20	Ent[ent_359]	Ent[ent_394]	Charles A. Gargano	Empire State Development Corporation	appos|->appos->chairman->rcmod->oversee->dobj->effort->prep->as->pobj->head->prep->of->pobj->|pobj
rel_294	Ent[ent_152]	Ent[ent_394]	Charles A. Gargano	Empire State Development Corporation	appos|->appos->chairman->nn->|nn
rel_399	Ent[ent_151]	Ent[ent_393]	Rupert Murdoch	News Corporation	appos|->appos->chairman->prep->of->pobj->|pobj
rel_294	Ent[ent_151]	Ent[ent_393]	Rupert Murdoch	News Corporation	rcmod|->rcmod->control->dobj->|dobj
rel_399	Ent[ent_151]	Ent[ent_393]	Rupert Murdoch	News Corporation	appos|->appos->executive->prep->of->pobj->|pobj
rel_294	Ent[ent_151]	Ent[ent_393]	Rupert Murdoch	News Corporation	rcmod|->rcmod->own->nsubj->|nsubj
rel_399	Ent[ent_151]	Ent[ent_393]	Rupert Murdoch	News Corporation	appos|->appos->head->prep->of->pobj->|pobj
rel_399	Ent[ent_151]	Ent[ent_393]	Rupert Murdoch	News Corporation	appos|->appos->chairman->nn->|nn
rel_294	Ent[ent_151]	Ent[ent_393]	Rupert Murdoch	News Corporation	poss|<-poss<-company->appos->|appos
rel_294	Ent[ent_151]	Ent[ent_393]	Rupert Murdoch	News Corporation	appos|->appos->chairman->poss->|poss
rel_294	Ent[ent_151]	Ent[ent_393]	Rupert Murdoch	News Corporation	poss|<-poss<-empire->nn->|nn
rel_399	Ent[ent_151]	Ent[ent_393]	Rupert Murdoch	News Corporation	appos|->appos->chief->prep->of->pobj->|pobj
rel_295	Ent[ent_154]	Ent[ent_379]	Gen. Peter Pace	Joint Chiefs of Staff	appos|->appos->chairman->prep->of->pobj->|pobj
rel_295	Ent[ent_154]	Ent[ent_379]	Gen. Peter Pace	Joint Chiefs of Staff	appos|<-appos<-today->appos->chairman->prep->of->pobj->|pobj
rel_171	Ent[ent_154]	Ent[ent_379]	Gen. Peter Pace	Joint Chiefs of Staff	dobj|<-dobj<-reappoint->prep->as->pobj->chairman->prep->of->pobj->|pobj
rel_171	Ent[ent_154]	Ent[ent_379]	Gen. Peter Pace	Joint Chiefs of Staff	dobj|<-dobj<-nominate->prep->as->pobj->chairman->prep->of->pobj->|pobj
rel_171	Ent[ent_154]	Ent[ent_379]	Gen. Peter Pace	Joint Chiefs of Staff	rcmod|->rcmod->conduct->prep->as->pobj->chairman->prep->of->pobj->|pobj
rel_295	Ent[ent_154]	Ent[ent_379]	Gen. Peter Pace	Joint Chiefs of Staff	pobj|<-pobj<-by<-prep<-escort<-rcmod<--lrb-->null->chairman->prep->of->pobj->|pobj
rel_295	Ent[ent_154]	Ent[ent_379]	Gen. Peter Pace	Joint Chiefs of Staff	dep|<-dep<-say->nsubj->chairman->prep->of->pobj->|pobj
rel_295	Ent[ent_154]	Ent[ent_379]	Gen. Peter Pace	Joint Chiefs of Staff	dep|->dep->chairman->prep->of->pobj->|pobj
rel_171	Ent[ent_154]	Ent[ent_379]	Gen. Peter Pace	Joint Chiefs of Staff	appos|->appos->vice-chairman->prep->of->pobj->|pobj
rel_295	Ent[ent_154]	Ent[ent_379]	Gen. Peter Pace	Joint Chiefs of Staff	appos|<-appos<-tonight->appos->chairman->prep->of->pobj->|pobj
rel_294	Ent[ent_426]	Ent[ent_153]	L. William Seidman	Federal Deposit Insurance Corporation	appos|->appos->chairman->prep->of->pobj->|pobj
rel_399	Ent[ent_396]	Ent[ent_153]	L. William Seidman	Federal Deposit Insurance Corporation	appos|->appos->head->prep->of->pobj->|pobj
rel_399	Ent[ent_396]	Ent[ent_153]	L. William Seidman	Federal Deposit Insurance Corporation	appos|<-appos<-today->appos->chairman->prep->of->pobj->|pobj
rel_399	Ent[ent_396]	Ent[ent_153]	L. William Seidman	Federal Deposit Insurance Corporation	rcmod|->rcmod->chairman->prep->of->pobj->|pobj
rel_399	Ent[ent_396]	Ent[ent_153]	L. William Seidman	Federal Deposit Insurance Corporation	pobj|<-pobj<-to<-prep<-belong->dobj->chairman->prep->of->pobj->|pobj
rel_399	Ent[ent_396]	Ent[ent_153]	L. William Seidman	Federal Deposit Insurance Corporation	pobj|<-pobj<-to<-prep<-assistant->dep->chairman->prep->of->pobj->|pobj
rel_211	Ent[ent_396]	Ent[ent_153]	L. William Seidman	Federal Deposit Insurance Corporation	dobj|<-dobj<-succeed->prep->as->pobj->head->prep->of->pobj->|pobj
rel_211	Ent[ent_396]	Ent[ent_153]	L. William Seidman	Federal Deposit Insurance Corporation	dobj|<-dobj<-succeed->prep->as->pobj->chairman->prep->of->pobj->|pobj
rel_211	Ent[ent_396]	Ent[ent_153]	L. William Seidman	Federal Deposit Insurance Corporation	dep|->dep->aide->rcmod->head->dobj->|dobj
rel_211	Ent[ent_396]	Ent[ent_153]	L. William Seidman	Federal Deposit Insurance Corporation	appos|<-appos<-official->appos->chairman->prep->of->pobj->|pobj
rel_365	Ent[ent_395]	Ent[ent_156]	David Rebovich	Rider University	appos|->appos->professor->prep->at->pobj->|pobj
rel_365	Ent[ent_395]	Ent[ent_257]	David Rebovich	Rider University	appos|->appos->scientist->prep->at->pobj->|pobj
rel_365	Ent[ent_395]	Ent[ent_156]	David Rebovich	Rider University	appos|->appos->director->prep->of->pobj->|pobj
rel_365	Ent[ent_395]	Ent[ent_156]	David Rebovich	Rider University	appos|->appos->scientist->nn->|nn
rel_365	Ent[ent_395]	Ent[ent_156]	David Rebovich	Rider University	rcmod|->rcmod->teach->prep->at->pobj->|pobj
rel_365	Ent[ent_395]	Ent[ent_156]	David Rebovich	Rider University	appos|->appos->head->prep->of->pobj->|pobj
rel_365	Ent[ent_395]	Ent[ent_257]	David Rebovich	Rider University	appos|->appos->dean->prep->at->pobj->|pobj
rel_365	Ent[ent_395]	Ent[ent_156]	David Rebovich	Rider University	appos|->appos->analyst->prep->at->pobj->|pobj
rel_365	Ent[ent_398]	Ent[ent_155]	Stephen Gillers	New York University	appos|->appos->professor->prep->at->pobj->|pobj
rel_365	Ent[ent_398]	Ent[ent_155]	Stephen Gillers	New York University	appos|->appos->professor->nn->|nn
rel_353	Ent[ent_398]	Ent[ent_155]	Stephen Gillers	New York University	rcmod|->rcmod->teach->prep->at->pobj->|pobj
rel_365	Ent[ent_398]	Ent[ent_155]	Stephen Gillers	New York University	nsubj|<-nsubj<-professor->prep->at->pobj->|pobj
rel_365	Ent[ent_398]	Ent[ent_155]	Stephen Gillers	New York University	appos|->appos->expert->prep->at->pobj->|pobj
rel_365	Ent[ent_398]	Ent[ent_155]	Stephen Gillers	New York University	appos|->appos->dean->prep->at->pobj->|pobj
rel_353	Ent[ent_398]	Ent[ent_155]	Stephen Gillers	New York University	appos|->appos->dean->prep->of->pobj->|pobj
rel_353	Ent[ent_398]	Ent[ent_155]	Stephen Gillers	New York University	prep|->prep->of->pobj->school->nn->|nn
rel_365	Ent[ent_398]	Ent[ent_155]	Stephen Gillers	New York University	nsubj|<-nsubj<-teach->prep->at->pobj->|pobj
rel_353	Ent[ent_398]	Ent[ent_155]	Stephen Gillers	New York University	appos|->appos->professor->prep->at->pobj->school->nn->|nn
rel_365	Ent[ent_397]	Ent[ent_158]	John C. Coffee Jr.	Columbia University	appos|->appos->professor->prep->at->pobj->|pobj
rel_365	Ent[ent_397]	Ent[ent_158]	John C. Coffee Jr.	Columbia University	appos|->appos->professor->nn->|nn
rel_365	Ent[ent_397]	Ent[ent_158]	John C. Coffee Jr.	Columbia University	appos|->appos->expert->prep->at->pobj->|pobj
rel_365	Ent[ent_397]	Ent[ent_158]	John C. Coffee Jr.	Columbia University	rcmod|->rcmod->teach->prep->at->pobj->|pobj
rel_365	Ent[ent_397]	Ent[ent_158]	John C. Coffee Jr.	Columbia University	appos|->appos->professor->prep->of->pobj->law->prep->of->pobj->|pobj
rel_365	Ent[ent_397]	Ent[ent_158]	John C. Coffee Jr.	Columbia University	appos|->appos->professor->prep->at->pobj->school->poss->|poss
rel_365	Ent[ent_157]	Ent[ent_399]	Andrew Zimbalist	Smith College	appos|->appos->professor->prep->at->pobj->|pobj
rel_14	Ent[ent_157]	Ent[ent_399]	Andrew Zimbalist	Smith College	appos|->appos->economist->prep->at->pobj->|pobj
rel_365	Ent[ent_157]	Ent[ent_399]	Andrew Zimbalist	Smith College	nsubj|<-nsubj<-professor->prep->at->pobj->|pobj
rel_365	Ent[ent_157]	Ent[ent_399]	Andrew Zimbalist	Smith College	appos|->appos->professor->nn->|nn
rel_14	Ent[ent_157]	Ent[ent_399]	Andrew Zimbalist	Smith College	appos|->appos->economist->nn->|nn
rel_365	Ent[ent_157]	Ent[ent_399]	Andrew Zimbalist	Smith College	appos|->appos->expert->prep->at->pobj->|pobj
rel_14	Ent[ent_157]	Ent[ent_399]	Andrew Zimbalist	Smith College	appos|->appos->economist->rcmod->teach->prep->at->pobj->|pobj
rel_365	Ent[ent_157]	Ent[ent_399]	Andrew Zimbalist	Smith College	appos|->appos->expert->rcmod->teach->prep->at->pobj->|pobj
rel_14	Ent[ent_157]	Ent[ent_399]	Andrew Zimbalist	Smith College	rcmod|->rcmod->baseball->nsubj->professor->nn->|nn
rel_365	Ent[ent_157]	Ent[ent_399]	Andrew Zimbalist	Smith College	pobj|<-pobj<-by<-prep<-commercialism->appos->professor->nn->|nn
rel_156	Ent[ent_398]	Ent[ent_390]	Stephen Gillers	New York University Law School	appos|->appos->professor->prep->at->pobj->|pobj
rel_156	Ent[ent_398]	Ent[ent_390]	Stephen Gillers	New York University Law School	appos|->appos->expert->prep->at->pobj->|pobj
rel_156	Ent[ent_398]	Ent[ent_390]	Stephen Gillers	New York University Law School	nsubj|<-nsubj<-teach->prep->at->pobj->|pobj
rel_53	Ent[ent_742]	Ent[ent_390]	Stephen Gillers	New York University Law School	appos|->appos->professor->nn->|nn
rel_156	Ent[ent_398]	Ent[ent_390]	Stephen Gillers	New York University Law School	appos|->appos->dean->prep->of->pobj->|pobj
rel_156	Ent[ent_398]	Ent[ent_390]	Stephen Gillers	New York University Law School	rcmod|->rcmod->teach->prep->at->pobj->|pobj
rel_156	Ent[ent_398]	Ent[ent_390]	Stephen Gillers	New York University Law School	pobj|<-pobj<-from<-prep<-letter<-dobj<-make<-rcmod<-conflict<-dobj<-see->dobj->professor->prep->at->pobj->|pobj
rel_156	Ent[ent_398]	Ent[ent_390]	Stephen Gillers	New York University Law School	appos|->appos->specialist->prep->on->pobj->ethic->prep->at->pobj->|pobj
rel_156	Ent[ent_398]	Ent[ent_390]	Stephen Gillers	New York University Law School	appos|->appos->seer->prep->of->pobj->|pobj
rel_156	Ent[ent_398]	Ent[ent_390]	Stephen Gillers	New York University Law School	appos|->appos->rofessor->prep->at->pobj->|pobj
rel_365	Ent[ent_150]	Ent[ent_392]	Merle Black	Emory University	appos|->appos->professor->prep->at->pobj->|pobj
rel_365	Ent[ent_150]	Ent[ent_392]	Merle Black	Emory University	appos|->appos->scientist->prep->at->pobj->|pobj
rel_365	Ent[ent_150]	Ent[ent_392]	Merle Black	Emory University	appos|->appos->expert->prep->at->pobj->|pobj
rel_365	Ent[ent_150]	Ent[ent_392]	Merle Black	Emory University	appos|->appos->scientist->nn->|nn
rel_365	Ent[ent_150]	Ent[ent_392]	Merle Black	Emory University	appos|->appos->specialist->prep->at->pobj->|pobj
rel_365	Ent[ent_150]	Ent[ent_392]	Merle Black	Emory University	dep|->dep->professor->prep->at->pobj->|pobj
rel_365	Ent[ent_391]	Ent[ent_149]	Ross K. Baker	Rutgers University	appos|->appos->professor->prep->at->pobj->|pobj
rel_365	Ent[ent_391]	Ent[ent_149]	Ross K. Baker	Rutgers University	appos|->appos->scientist->prep->at->pobj->|pobj
rel_365	Ent[ent_391]	Ent[ent_149]	Ross K. Baker	Rutgers University	rcmod|->rcmod->teach->prep->at->pobj->|pobj
rel_365	Ent[ent_391]	Ent[ent_149]	Ross K. Baker	Rutgers University	nsubj|<-nsubj<-professor->prep->at->pobj->|pobj
rel_365	Ent[ent_391]	Ent[ent_149]	Ross K. Baker	Rutgers University	appos|->appos->scholar->prep->at->pobj->|pobj
rel_365	Ent[ent_391]	Ent[ent_149]	Ross K. Baker	Rutgers University	appos|->appos->professor->nn->|nn
rel_365	Ent[ent_391]	Ent[ent_149]	Ross K. Baker	Rutgers University	appos|->appos->analyst->prep->at->pobj->|pobj
rel_365	Ent[ent_148]	Ent[ent_163]	Fred Siegel	Cooper Union	appos|->appos->professor->prep->at->pobj->|pobj
rel_365	Ent[ent_148]	Ent[ent_163]	Fred Siegel	Cooper Union	appos|->appos->historian->prep->at->pobj->|pobj
rel_365	Ent[ent_148]	Ent[ent_163]	Fred Siegel	Cooper Union	appos|->appos->scientist->prep->at->pobj->|pobj
rel_365	Ent[ent_148]	Ent[ent_163]	Fred Siegel	Cooper Union	appos|->appos->specialist->prep->at->pobj->|pobj
rel_365	Ent[ent_148]	Ent[ent_163]	Fred Siegel	Cooper Union	appos|->appos->professor->nn->|nn
rel_365	Ent[ent_148]	Ent[ent_163]	Fred Siegel	Cooper Union	appos|->appos->historian->nn->|nn
rel_365	Ent[ent_148]	Ent[ent_163]	Fred Siegel	Cooper Union	appos|->appos->expert->prep->at->pobj->|pobj
rel_365	Ent[ent_148]	Ent[ent_163]	Fred Siegel	Cooper Union	nsubj|<-nsubj<-professor->prep->at->pobj->|pobj
rel_365	Ent[ent_148]	Ent[ent_163]	Fred Siegel	Cooper Union	appos|->appos->expert->rcmod->teach->prep->at->pobj->|pobj
rel_365	Ent[ent_417]	Ent[ent_165]	Douglas Muzzio	Baruch College	appos|->appos->professor->prep->at->pobj->|pobj
rel_365	Ent[ent_417]	Ent[ent_165]	Douglas Muzzio	Baruch College	appos|->appos->professor->prep->at->pobj->school->poss->|poss
rel_365	Ent[ent_417]	Ent[ent_165]	Douglas Muzzio	Baruch College	appos|->appos->director->prep->of->pobj->|pobj
rel_365	Ent[ent_417]	Ent[ent_165]	Douglas Muzzio	Baruch College	appos|->appos->scientist->prep->at->pobj->|pobj
rel_244	Ent[ent_1126]	Ent[ent_569]	Peter Arenella	University of California	appos|->appos->professor->prep->at->pobj->|pobj
rel_355	Ent[ent_1029]	Ent[ent_569]	Peter Arenella	University of California	appos|->appos->professor->prep->at->pobj->school->prep->of->pobj->|pobj
rel_355	Ent[ent_1029]	Ent[ent_569]	Peter Arenella	University of California	appos|->appos->specialist->prep->at->pobj->school->prep->of->pobj->|pobj
rel_27	Ent[ent_465]	Ent[ent_483]	Frank Belluscio	New Jersey School Boards Association	appos|->appos->spokesman->prep->for->pobj->|pobj
rel_27	Ent[ent_465]	Ent[ent_483]	Frank Belluscio	New Jersey School Boards Association	appos|->appos->spokesman->prep->with->pobj->|pobj
rel_399	Ent[ent_168]	Ent[ent_161]	Vahe Tiryakian	Department of Buildings	appos|->appos->spokesman->prep->for->pobj->|pobj
rel_399	Ent[ent_168]	Ent[ent_161]	Vahe Tiryakian	Department of Buildings	appos|->appos->spokesman->prep->for->pobj->city->prep->|prep
rel_399	Ent[ent_168]	Ent[ent_161]	Vahe Tiryakian	Department of Buildings	pobj|<-pobj<-to<-prep<-accordng->appos->spokesman->prep->for->pobj->|pobj
rel_399	Ent[ent_168]	Ent[ent_161]	Vahe Tiryakian	Department of Buildings	appos|->appos->director->prep->at->pobj->|pobj
rel_298	Ent[ent_280]	Ent[ent_159]	Mark Regev	Foreign Ministry	appos|->appos->spokesman->prep->for->pobj->|pobj
rel_27	Ent[ent_226]	Ent[ent_1075]	Mark Regev	Foreign Ministry	appos|->appos->spokesman->nn->|nn
rel_298	Ent[ent_280]	Ent[ent_159]	Mark Regev	Foreign Ministry	appos|<-appos<-remark->appos->spokesman->prep->for->pobj->|pobj
rel_27	Ent[ent_174]	Ent[ent_173]	Patrick Clark	Charles J. Hynes	appos|->appos->spokesman->prep->for->pobj->|pobj
rel_27	Ent[ent_174]	Ent[ent_173]	Patrick Clark	Charles J. Hynes	appos|->appos->spokesman->prep->for->pobj->attorney->appos->|appos
rel_27	Ent[ent_176]	Ent[ent_175]	Michael McKeon	Mr. Pataki	appos|->appos->spokesman->prep->for->pobj->|pobj
rel_27	Ent[ent_176]	Ent[ent_175]	Michael McKeon	Mr. Pataki	appos|->appos->secretary->poss->|poss
rel_27	Ent[ent_176]	Ent[ent_175]	Michael McKeon	Mr. Pataki	appos|->appos->director->poss->|poss
rel_27	Ent[ent_176]	Ent[ent_175]	Michael McKeon	Mr. Pataki	appos|->appos->spokesman->poss->|poss
rel_27	Ent[ent_176]	Ent[ent_175]	Michael McKeon	Mr. Pataki	appos|->appos->director->prep->for->pobj->|pobj
rel_27	Ent[ent_176]	Ent[ent_175]	Michael McKeon	Mr. Pataki	rcmod|->rcmod->director->poss->|poss
rel_27	Ent[ent_176]	Ent[ent_175]	Michael McKeon	Mr. Pataki	appos|<-appos<-spokesman<-nsubj<-compare->dep->thrash->nsubj->|nsubj
rel_27	Ent[ent_176]	Ent[ent_175]	Michael McKeon	Mr. Pataki	appos|->appos->secretary->prep->to->pobj->|pobj
rel_27	Ent[ent_176]	Ent[ent_175]	Michael McKeon	Mr. Pataki	appos|->appos->consultant->prep->to->pobj->|pobj
rel_27	Ent[ent_176]	Ent[ent_175]	Michael McKeon	Mr. Pataki	appos|->appos->aide->prep->to->pobj->|pobj
rel_27	Ent[ent_538]	Ent[ent_767]	Jim Steets	Entergy	appos|->appos->spokesman->prep->for->pobj->|pobj
rel_27	Ent[ent_538]	Ent[ent_767]	Jim Steets	Entergy	appos|->appos->spokesman->nn->|nn
rel_27	Ent[ent_538]	Ent[ent_767]	Jim Steets	Entergy	appos|->appos->manager->prep->for->pobj->|pobj
rel_27	Ent[ent_538]	Ent[ent_767]	Jim Steets	Entergy	appos|<-appos<-spokesman->prep->of->pobj->|pobj
rel_27	Ent[ent_179]	Ent[ent_170]	Darren Dopp	Mr. Spitzer	appos|->appos->spokesman->prep->for->pobj->|pobj
rel_27	Ent[ent_179]	Ent[ent_170]	Darren Dopp	Mr. Spitzer	appos|->appos->spokesman->poss->|poss
rel_27	Ent[ent_179]	Ent[ent_170]	Darren Dopp	Mr. Spitzer	appos|->appos->aide->prep->to->pobj->|pobj
rel_50	Ent[ent_179]	Ent[ent_430]	Darren Dopp	Mr. Spitzer	rcmod|->rcmod->spokesman->poss->|poss
rel_27	Ent[ent_179]	Ent[ent_170]	Darren Dopp	Mr. Spitzer	appos|->appos->spokesman->prep->for->pobj->office->poss->|poss
rel_27	Ent[ent_172]	Ent[ent_171]	Jared Lebow	Transit Authority	appos|->appos->spokesman->nn->|nn
rel_27	Ent[ent_172]	Ent[ent_171]	Jared Lebow	Transit Authority	appos|->appos->spokesman->prep->for->pobj->|pobj
rel_27	Ent[ent_172]	Ent[ent_171]	Jared Lebow	Transit Authority	partmod|->partmod->know->prep->as->pobj->|pobj
rel_27	Ent[ent_172]	Ent[ent_171]	Jared Lebow	Transit Authority	appos|->appos->spokesman->prep->at->pobj->headquarters->nn->|nn
rel_27	Ent[ent_172]	Ent[ent_171]	Jared Lebow	Transit Authority	appos|<-appos<-rider->appos->spokesman->prep->for->pobj->|pobj
rel_27	Ent[ent_172]	Ent[ent_171]	Jared Lebow	Transit Authority	appos|->appos->director->poss->|poss
rel_27	Ent[ent_802]	Ent[ent_503]	Thomas R. Viola	State Division of Housing and Community Renewal	appos|->appos->spokesman->prep->for->pobj->|pobj
rel_27	Ent[ent_802]	Ent[ent_503]	Thomas R. Viola	State Division of Housing and Community Renewal	appos|->appos->spokesman->rcmod->give->nsubj->|nsubj
rel_192	Ent[ent_187]	Ent[ent_186]	Al O'Leary	New York City Transit	appos|->appos->spokesman->prep->for->pobj->|pobj
rel_192	Ent[ent_187]	Ent[ent_186]	Al O'Leary	New York City Transit	appos|->appos->spokesman->nn->|nn
rel_192	Ent[ent_187]	Ent[ent_186]	Al O'Leary	New York City Transit	dep|->dep->spokesman->prep->for->pobj->|pobj
rel_192	Ent[ent_187]	Ent[ent_186]	Al O'Leary	New York City Transit	appos|->appos->spokesman->poss->|poss
rel_192	Ent[ent_187]	Ent[ent_186]	Al O'Leary	New York City Transit	appos|->appos->president->prep->at->pobj->|pobj
rel_192	Ent[ent_187]	Ent[ent_186]	Al O'Leary	New York City Transit	appos|->appos->chief->prep->for->pobj->|pobj
rel_355	Ent[ent_380]	Ent[ent_189]	Alan Greenspan	Congress	nsubj|<-nsubj<-tell->dobj->|dobj
rel_355	Ent[ent_380]	Ent[ent_189]	Alan Greenspan	Congress	nsubj|<-nsubj<-urge->dobj->|dobj
rel_203	Ent[ent_48]	Ent[ent_189]	Alan Greenspan	Congress	nsubj|<-nsubj<-testify->prep->before->pobj->|pobj
rel_107	Ent[ent_380]	Ent[ent_601]	Alan Greenspan	Congress	appos|<-appos<-chairman<-nsubj<-tell->dobj->|dobj
rel_355	Ent[ent_380]	Ent[ent_189]	Alan Greenspan	Congress	nsubj|<-nsubj<-tell->dobj->committee->amod->|amod
rel_355	Ent[ent_380]	Ent[ent_189]	Alan Greenspan	Congress	nsubj|<-nsubj<-warn->dobj->|dobj
rel_107	Ent[ent_380]	Ent[ent_601]	Alan Greenspan	Congress	nsubj|<-nsubj<-give->iobj->|iobj
rel_203	Ent[ent_48]	Ent[ent_189]	Alan Greenspan	Congress	poss|<-poss<-testimony->prep->to->pobj->|pobj
rel_355	Ent[ent_380]	Ent[ent_189]	Alan Greenspan	Congress	nsubj|<-nsubj<-advise->dobj->|dobj
rel_355	Ent[ent_380]	Ent[ent_189]	Alan Greenspan	Congress	nsubj|<-nsubj<-suggest->prep->to->pobj->|pobj
rel_355	Ent[ent_188]	Ent[ent_601]	Mr. Greenspan	Congress	nsubj|<-nsubj<-tell->dobj->|dobj
rel_355	Ent[ent_188]	Ent[ent_601]	Mr. Greenspan	Congress	nsubj|<-nsubj<-testify->prep->before->pobj->|pobj
rel_355	Ent[ent_188]	Ent[ent_601]	Mr. Greenspan	Congress	nsubj|<-nsubj<-urge->dobj->|dobj
rel_355	Ent[ent_188]	Ent[ent_601]	Mr. Greenspan	Congress	poss|<-poss<-testimony->prep->before->pobj->|pobj
rel_148	Ent[ent_188]	Ent[ent_585]	Mr. Greenspan	Congress	nsubj|<-nsubj<-tell->dobj->member->prep->of->pobj->|pobj
rel_355	Ent[ent_188]	Ent[ent_601]	Mr. Greenspan	Congress	nsubj|<-nsubj<-tell->dobj->committee->amod->|amod
rel_355	Ent[ent_188]	Ent[ent_601]	Mr. Greenspan	Congress	nsubj|<-nsubj<-advise->dobj->|dobj
rel_355	Ent[ent_188]	Ent[ent_601]	Mr. Greenspan	Congress	poss|<-poss<-testimony->prep->in->pobj->|pobj
rel_355	Ent[ent_188]	Ent[ent_601]	Mr. Greenspan	Congress	poss|<-poss<-testimony->amod->|amod
rel_355	Ent[ent_188]	Ent[ent_601]	Mr. Greenspan	Congress	poss|<-poss<-report->prep->to->pobj->|pobj
rel_355	Ent[ent_188]	Ent[ent_181]	Mr. Greenspan	Senate Banking Committee	nsubj|<-nsubj<-tell->dobj->|dobj
rel_355	Ent[ent_188]	Ent[ent_181]	Mr. Greenspan	Senate Banking Committee	nsubj|<-nsubj<-testify->prep->before->pobj->|pobj
rel_296	Ent[ent_188]	Ent[ent_181]	Mr. Greenspan	Senate Banking Committee	poss|<-poss<-testimony->prep->to->pobj->|pobj
rel_296	Ent[ent_188]	Ent[ent_181]	Mr. Greenspan	Senate Banking Committee	poss|<-poss<-comment->prep->to->pobj->|pobj
rel_296	Ent[ent_188]	Ent[ent_181]	Mr. Greenspan	Senate Banking Committee	nsubj|<-nsubj<-appear->prep->before->pobj->|pobj
rel_296	Ent[ent_188]	Ent[ent_181]	Mr. Greenspan	Senate Banking Committee	nsubj|<-nsubj<-address->dobj->|dobj
rel_296	Ent[ent_188]	Ent[ent_181]	Mr. Greenspan	Senate Banking Committee	rcmod|->rcmod->appear->prep->before->pobj->|pobj
rel_296	Ent[ent_188]	Ent[ent_181]	Mr. Greenspan	Senate Banking Committee	poss|<-poss<-testimony->prep->in->pobj->appearance->prep->before->pobj->|pobj
rel_296	Ent[ent_188]	Ent[ent_181]	Mr. Greenspan	Senate Banking Committee	poss|<-poss<-testimony<-nsubj<-say->tmod->|tmod
rel_355	Ent[ent_188]	Ent[ent_181]	Mr. Greenspan	Senate Banking Committee	poss|<-poss<-testimony->appos->chairman->prep->of->pobj->|pobj
rel_355	Ent[ent_1210]	Ent[ent_189]	Bush	Congress	nsubj|<-nsubj<-ask->dobj->|dobj
rel_399	Ent[ent_1210]	Ent[ent_872]	Bush	Congress	nsubj|<-nsubj<-send->prep->to->pobj->|pobj
rel_355	Ent[ent_1212]	Ent[ent_189]	Bush	Congress	nsubj|<-nsubj<-urge->dobj->|dobj
rel_355	Ent[ent_1212]	Ent[ent_189]	Bush	Congress	nn|<-nn<-administration<-nsubj<-ask->dobj->|dobj
rel_355	Ent[ent_1212]	Ent[ent_189]	Bush	Congress	nsubj|<-nsubj<-tell->dobj->|dobj
rel_73	Ent[ent_1212]	Ent[ent_872]	Bush	Congress	nsubj|<-nsubj<-call->prep->on->pobj->|pobj
rel_73	Ent[ent_1212]	Ent[ent_872]	Bush	Congress	nsubj|<-nsubj<-push->prep->through->pobj->|pobj
rel_73	Ent[ent_1212]	Ent[ent_872]	Bush	Congress	nsubj|<-nsubj<-submit->prep->to->pobj->|pobj
rel_355	Ent[ent_1212]	Ent[ent_189]	Bush	Congress	nsubj|<-nsubj<-send->iobj->|iobj
rel_355	Ent[ent_1212]	Ent[ent_189]	Bush	Congress	poss|<-poss<-address->prep->to->pobj->|pobj
rel_355	Ent[ent_183]	Ent[ent_872]	Administration	Congress	nsubj|<-nsubj<-ask->dobj->|dobj
rel_355	Ent[ent_183]	Ent[ent_189]	Administration	Congress	nsubj|<-nsubj<-tell->dobj->|dobj
rel_355	Ent[ent_183]	Ent[ent_189]	Administration	Congress	nsubj|<-nsubj<-notify->dobj->|dobj
rel_355	Ent[ent_183]	Ent[ent_189]	Administration	Congress	nsubj|<-nsubj<-send->prep->to->pobj->|pobj
rel_355	Ent[ent_183]	Ent[ent_189]	Administration	Congress	nsubj|<-nsubj<-submit->prep->to->pobj->|pobj
rel_355	Ent[ent_183]	Ent[ent_872]	Administration	Congress	nsubj|<-nsubj<-work->prep->with->pobj->|pobj
rel_355	Ent[ent_183]	Ent[ent_872]	Administration	Congress	nsubj|<-nsubj<-urge->dobj->|dobj
rel_355	Ent[ent_183]	Ent[ent_189]	Administration	Congress	poss|<-poss<-agreement->prep->with->pobj->|pobj
rel_355	Ent[ent_183]	Ent[ent_189]	Administration	Congress	nsubj|<-nsubj<-persuade->dobj->|dobj
rel_294	Ent[ent_183]	Ent[ent_601]	Administration	Congress	nsubj|<-nsubj<-send->iobj->|iobj
rel_355	Ent[ent_182]	Ent[ent_872]	Mr. Bush	Congress	nsubj|<-nsubj<-ask->dobj->|dobj
rel_355	Ent[ent_1253]	Ent[ent_872]	Mr. Bush	Congress	nsubj|<-nsubj<-send->prep->to->pobj->|pobj
rel_355	Ent[ent_182]	Ent[ent_872]	Mr. Bush	Congress	nsubj|<-nsubj<-push->prep->through->pobj->|pobj
rel_355	Ent[ent_182]	Ent[ent_189]	Mr. Bush	Congress	nsubj|<-nsubj<-urge->dobj->|dobj
rel_355	Ent[ent_182]	Ent[ent_872]	Mr. Bush	Congress	nsubj|<-nsubj<-tell->dobj->|dobj
rel_355	Ent[ent_182]	Ent[ent_872]	Mr. Bush	Congress	nsubj|<-nsubj<-call->prep->on->pobj->|pobj
rel_355	Ent[ent_1253]	Ent[ent_872]	Mr. Bush	Congress	nsubj|<-nsubj<-submit->prep->to->pobj->|pobj
rel_355	Ent[ent_182]	Ent[ent_872]	Mr. Bush	Congress	poss|<-poss<-ally->prep->in->pobj->|pobj
rel_355	Ent[ent_1253]	Ent[ent_189]	Mr. Bush	Congress	nsubj|<-nsubj<-persuade->dobj->|dobj
rel_355	Ent[ent_182]	Ent[ent_189]	Mr. Bush	Congress	nsubj|<-nsubj<-send->iobj->|iobj
rel_355	Ent[ent_196]	Ent[ent_601]	Bush Administration	Congress	nsubj|<-nsubj<-ask->dobj->|dobj
rel_355	Ent[ent_196]	Ent[ent_872]	Bush Administration	Congress	nsubj|<-nsubj<-tell->dobj->|dobj
rel_355	Ent[ent_196]	Ent[ent_189]	Bush Administration	Congress	nsubj|<-nsubj<-urge->dobj->|dobj
rel_355	Ent[ent_196]	Ent[ent_601]	Bush Administration	Congress	poss|<-poss<-agreement->prep->with->pobj->|pobj
rel_355	Ent[ent_196]	Ent[ent_189]	Bush Administration	Congress	nsubj|<-nsubj<-send->iobj->|iobj
rel_355	Ent[ent_196]	Ent[ent_189]	Bush Administration	Congress	nsubj|<-nsubj<-send->prep->to->pobj->|pobj
rel_355	Ent[ent_196]	Ent[ent_872]	Bush Administration	Congress	nn|<-nn<-official<-nsubj<-tell->dobj->|dobj
rel_355	Ent[ent_196]	Ent[ent_601]	Bush Administration	Congress	prep|->prep->with->pobj->approval->prep->of->pobj->panel->nn->|nn
rel_355	Ent[ent_196]	Ent[ent_189]	Bush Administration	Congress	nsubj|<-nsubj<-submit->prep->to->pobj->|pobj
rel_355	Ent[ent_196]	Ent[ent_601]	Bush Administration	Congress	nn|<-nn<-official<-nsubj<-tell->dobj->negotiator->amod->|amod
rel_355	Ent[ent_195]	Ent[ent_189]	Reagan	Congress	nsubj|<-nsubj<-ask->dobj->|dobj
rel_180	Ent[ent_195]	Ent[ent_601]	Reagan	Congress	nsubj|<-nsubj<-submit->prep->to->pobj->|pobj
rel_355	Ent[ent_1221]	Ent[ent_189]	Reagan	Congress	nsubj|<-nsubj<-urge->dobj->|dobj
rel_355	Ent[ent_195]	Ent[ent_189]	Reagan	Congress	nsubj|<-nsubj<-tell->dobj->|dobj
rel_355	Ent[ent_196]	Ent[ent_872]	Reagan	Congress	nsubj|<-nsubj<-send->prep->to->pobj->|pobj
rel_355	Ent[ent_1221]	Ent[ent_189]	Reagan	Congress	poss|<-poss<-message->prep->to->pobj->|pobj
rel_355	Ent[ent_1221]	Ent[ent_189]	Reagan	Congress	nsubj|<-nsubj<-warn->dobj->|dobj
rel_355	Ent[ent_195]	Ent[ent_189]	Reagan	Congress	nsubj|<-nsubj<-blame->dobj->|dobj
rel_355	Ent[ent_195]	Ent[ent_189]	Reagan	Congress	nsubj|<-nsubj<-send->iobj->|iobj
rel_355	Ent[ent_195]	Ent[ent_189]	Reagan	Congress	nsubj|<-nsubj<-persuade->dobj->|dobj
rel_355	Ent[ent_182]	Ent[ent_198]	Mr. Bush	Mr. Gorbachev	nsubj|<-nsubj<-tell->dobj->|dobj
rel_365	Ent[ent_15]	Ent[ent_198]	Mr. Bush	Mr. Gorbachev	nsubj|<-nsubj<-praise->dobj->|dobj
rel_355	Ent[ent_182]	Ent[ent_198]	Mr. Bush	Mr. Gorbachev	poss|<-poss<-meeting->prep->with->pobj->|pobj
rel_355	Ent[ent_182]	Ent[ent_198]	Mr. Bush	Mr. Gorbachev	nsubj|<-nsubj<-meet->prep->with->pobj->|pobj
rel_185	Ent[ent_1253]	Ent[ent_1216]	Mr. Bush	Mr. Gorbachev	nsubj|<-nsubj<-give->iobj->|iobj
rel_355	Ent[ent_182]	Ent[ent_198]	Mr. Bush	Mr. Gorbachev	nsubj|<-nsubj<-send->prep->to->pobj->|pobj
rel_355	Ent[ent_182]	Ent[ent_198]	Mr. Bush	Mr. Gorbachev	nsubj|<-nsubj<-say->prep->of->pobj->|pobj
rel_365	Ent[ent_15]	Ent[ent_198]	Mr. Bush	Mr. Gorbachev	nsubj|<-nsubj<-ask->dobj->|dobj
rel_355	Ent[ent_182]	Ent[ent_198]	Mr. Bush	Mr. Gorbachev	poss|<-poss<-talk->prep->with->pobj->|pobj
rel_355	Ent[ent_182]	Ent[ent_198]	Mr. Bush	Mr. Gorbachev	nsubj|<-nsubj<-urge->dobj->|dobj
rel_351	Ent[ent_197]	Ent[ent_199]	Ms. Lewinsky	Ms. Tripp	nsubj|<-nsubj<-tell->dobj->|dobj
rel_351	Ent[ent_197]	Ent[ent_199]	Ms. Lewinsky	Ms. Tripp	poss|<-poss<-conversation->prep->with->pobj->|pobj
rel_49	Ent[ent_1281]	Ent[ent_199]	Ms. Lewinsky	Ms. Tripp	partmod|->partmod->record->prep->by->pobj->|pobj
rel_49	Ent[ent_1281]	Ent[ent_199]	Ms. Lewinsky	Ms. Tripp	nsubj|<-nsubj<-explain->prep->to->pobj->|pobj
rel_49	Ent[ent_1281]	Ent[ent_199]	Ms. Lewinsky	Ms. Tripp	poss|<-poss<-word<-pobj<-by<-prep<-suggest->prep->on->pobj->tape->partmod->record->prep->by->pobj->|pobj
rel_49	Ent[ent_1281]	Ent[ent_199]	Ms. Lewinsky	Ms. Tripp	nsubj|<-nsubj<-tell->prep->about->pobj->letter->poss->|poss
rel_351	Ent[ent_197]	Ent[ent_199]	Ms. Lewinsky	Ms. Tripp	nsubj|<-nsubj<-mention->prep->to->pobj->|pobj
rel_351	Ent[ent_197]	Ent[ent_199]	Ms. Lewinsky	Ms. Tripp	nsubj|<-nsubj<-know->prep->of->pobj->article->prep->from->pobj->|pobj
rel_49	Ent[ent_1281]	Ent[ent_199]	Ms. Lewinsky	Ms. Tripp	nsubj|<-nsubj<-give->iobj->|iobj
rel_351	Ent[ent_197]	Ent[ent_199]	Ms. Lewinsky	Ms. Tripp	rcmod|->rcmod->outfit->nsubjpass->|nsubjpass
rel_365	Ent[ent_190]	Ent[ent_908]	Ward McCarthy	McCarthy Research Associates	appos|->appos->director->prep->at->pobj->|pobj
rel_365	Ent[ent_190]	Ent[ent_908]	Ward McCarthy	McCarthy Research Associates	nsubj|<-nsubj<-be->dep->partner->prep->in->pobj->|pobj
rel_365	Ent[ent_190]	Ent[ent_908]	Ward McCarthy	McCarthy Research Associates	appos|->appos->director->rcmod->be->nsubj->|nsubj
rel_365	Ent[ent_191]	Ent[ent_194]	Dr. Arthur Caplan	University of Pennsylvania	appos|->appos->director->prep->at->pobj->|pobj
rel_365	Ent[ent_191]	Ent[ent_194]	Dr. Arthur Caplan	University of Pennsylvania	appos|->appos->ethicist->prep->at->pobj->|pobj
rel_365	Ent[ent_191]	Ent[ent_194]	Dr. Arthur Caplan	University of Pennsylvania	appos|->appos->bioethicist->prep->at->pobj->|pobj
rel_365	Ent[ent_191]	Ent[ent_194]	Dr. Arthur Caplan	University of Pennsylvania	rcmod|->rcmod->head->prep->at->pobj->|pobj
rel_365	Ent[ent_191]	Ent[ent_194]	Dr. Arthur Caplan	University of Pennsylvania	appos|->appos->director->prep->of->pobj->center->poss->|poss
rel_365	Ent[ent_191]	Ent[ent_194]	Dr. Arthur Caplan	University of Pennsylvania	appos|->appos->director->prep->for->pobj->bioethic->prep->at->pobj->|pobj
rel_365	Ent[ent_191]	Ent[ent_194]	Dr. Arthur Caplan	University of Pennsylvania	nn|<-nn<-director->prep->at->pobj->|pobj
rel_365	Ent[ent_191]	Ent[ent_194]	Dr. Arthur Caplan	University of Pennsylvania	appos|->appos->professor->prep->at->pobj->|pobj
rel_365	Ent[ent_191]	Ent[ent_194]	Dr. Arthur Caplan	University of Pennsylvania	appos|<-appos<-member->appos->ethicist->prep->at->pobj->|pobj
rel_365	Ent[ent_191]	Ent[ent_194]	Dr. Arthur Caplan	University of Pennsylvania	appos|->appos->director->prep->at->dep->of->pobj->|pobj
rel_325	Ent[ent_193]	Ent[ent_955]	Steven A. Wood	Bank of America	appos|->appos->director->prep->at->pobj->|pobj
rel_365	Ent[ent_191]	Ent[ent_530]	Dr. Arthur Caplan	University of Minnesota	appos|->appos->director->prep->at->pobj->|pobj
rel_365	Ent[ent_191]	Ent[ent_530]	Dr. Arthur Caplan	University of Minnesota	appos|->appos->ethicist->prep->at->pobj->|pobj
rel_365	Ent[ent_191]	Ent[ent_530]	Dr. Arthur Caplan	University of Minnesota	appos|->appos->bioethicist->prep->at->pobj->|pobj
rel_365	Ent[ent_191]	Ent[ent_530]	Dr. Arthur Caplan	University of Minnesota	rcmod|->rcmod->direct->prep->at->pobj->|pobj
rel_365	Ent[ent_191]	Ent[ent_530]	Dr. Arthur Caplan	University of Minnesota	dep|<-dep<-fall->prep->at->pobj->|pobj
rel_365	Ent[ent_191]	Ent[ent_530]	Dr. Arthur Caplan	University of Minnesota	appos|->appos->member->prep->of->pobj->board->prep->of->pobj->program->rcmod->director->prep->at->pobj->|pobj
rel_365	Ent[ent_191]	Ent[ent_530]	Dr. Arthur Caplan	University of Minnesota	appos|->appos->expert->prep->at->pobj->|pobj
rel_304	Ent[ent_191]	Ent[ent_530]	Dr. Arthur Caplan	University of Minnesota	appos|->appos->director->prep->of->pobj->center->prep->for->pobj->bio-ethics->prep->at->pobj->|pobj
rel_365	Ent[ent_191]	Ent[ent_530]	Dr. Arthur Caplan	University of Minnesota	appos|->appos->co-director->prep->at->pobj->|pobj
rel_399	Ent[ent_1099]	Ent[ent_771]	Leonard J. Santow	Griggs & Santow Inc.	appos|->appos->director->prep->at->pobj->|pobj
rel_399	Ent[ent_1099]	Ent[ent_771]	Leonard J. Santow	Griggs & Santow Inc.	appos|->appos->director->prep->of->pobj->|pobj
rel_192	Ent[ent_562]	Ent[ent_1057]	William N. Griggs	Griggs & Santow Inc.	appos|->appos->director->prep->at->pobj->|pobj
rel_399	Ent[ent_809]	Ent[ent_1057]	William N. Griggs	Griggs & Santow Inc.	appos|->appos->director->prep->of->pobj->|pobj
rel_399	Ent[ent_1021]	Ent[ent_504]	Maria Fiorini Ramirez	Drexel Burnham Lambert	appos|->appos->director->prep->at->pobj->|pobj
rel_399	Ent[ent_1021]	Ent[ent_504]	Maria Fiorini Ramirez	Drexel Burnham Lambert	appos|->appos->economist->prep->of->pobj->|pobj
rel_14	Ent[ent_773]	Ent[ent_523]	Donald Ratajczak	Georgia State University	appos|->appos->director->prep->at->pobj->|pobj
rel_14	Ent[ent_773]	Ent[ent_523]	Donald Ratajczak	Georgia State University	appos|->appos->economist->prep->at->pobj->|pobj
rel_14	Ent[ent_773]	Ent[ent_523]	Donald Ratajczak	Georgia State University	appos|->appos->head->prep->at->pobj->|pobj
rel_14	Ent[ent_773]	Ent[ent_523]	Donald Ratajczak	Georgia State University	appos|->appos->director->prep->of->pobj->|pobj
rel_14	Ent[ent_773]	Ent[ent_523]	Donald Ratajczak	Georgia State University	appos|->appos->forecaster->prep->at->pobj->|pobj
rel_14	Ent[ent_773]	Ent[ent_523]	Donald Ratajczak	Georgia State University	nsubj|<-nsubj<-say->prep->at->pobj->|pobj
rel_14	Ent[ent_773]	Ent[ent_523]	Donald Ratajczak	Georgia State University	appos|->appos->specialist->prep->at->pobj->|pobj
rel_14	Ent[ent_773]	Ent[ent_523]	Donald Ratajczak	Georgia State University	appos|->appos->economist->nn->|nn
rel_365	Ent[ent_765]	Ent[ent_522]	Charles M. Elson	University of Delaware	appos|->appos->director->prep->at->pobj->|pobj
rel_365	Ent[ent_765]	Ent[ent_522]	Charles M. Elson	University of Delaware	appos|->appos->professor->prep->at->pobj->|pobj
rel_365	Ent[ent_765]	Ent[ent_522]	Charles M. Elson	University of Delaware	appos|->appos->specialist->prep->at->pobj->|pobj
rel_365	Ent[ent_765]	Ent[ent_522]	Charles M. Elson	University of Delaware	appos|->appos->expert->prep->at->pobj->|pobj
rel_39	Ent[ent_765]	Ent[ent_522]	Charles M. Elson	University of Delaware	appos|->appos->chairman->prep->of->pobj->program->prep->at->pobj->|pobj
rel_39	Ent[ent_765]	Ent[ent_522]	Charles M. Elson	University of Delaware	rcmod|->rcmod->oversee->prep->at->pobj->|pobj
rel_365	Ent[ent_765]	Ent[ent_522]	Charles M. Elson	University of Delaware	rcmod|->rcmod->head->prep->at->pobj->|pobj
rel_39	Ent[ent_765]	Ent[ent_522]	Charles M. Elson	University of Delaware	appos|->appos->director->prep->of->pobj->center->prep->for->pobj->governance->prep->at->pobj->|pobj
rel_39	Ent[ent_765]	Ent[ent_522]	Charles M. Elson	University of Delaware	appos|->appos->chairman->prep->at->pobj->|pobj
rel_39	Ent[ent_765]	Ent[ent_522]	Charles M. Elson	University of Delaware	appos|<-appos<-advocate->rcmod->chairman->prep->of->pobj->program->prep->at->pobj->|pobj
rel_75	Ent[ent_73]	Ent[ent_435]	Raymond W. Stone	McCarthy Research Associates	appos|->appos->director->prep->at->pobj->|pobj
rel_379	Ent[ent_73]	Ent[ent_908]	Raymond W. Stone	McCarthy Research Associates	appos|->appos->director->prep->at->pobj->slow->dep->|dep
rel_365	Ent[ent_525]	Ent[ent_767]	Donald Fine	Chase Asset Management	appos|->appos->analyst->prep->at->pobj->|pobj
rel_365	Ent[ent_525]	Ent[ent_767]	Donald Fine	Chase Asset Management	appos|->appos->analyst->prep->for->pobj->|pobj
rel_365	Ent[ent_525]	Ent[ent_767]	Donald Fine	Chase Asset Management	appos|->appos->analyst->prep->with->pobj->|pobj
rel_365	Ent[ent_525]	Ent[ent_767]	Donald Fine	Chase Asset Management	appos|->appos->analyst->prep->as->pobj->|pobj
rel_365	Ent[ent_524]	Ent[ent_766]	Donald J. Fine	Chase Manhattan Bank	appos|->appos->analyst->prep->at->pobj->|pobj
rel_365	Ent[ent_524]	Ent[ent_766]	Donald J. Fine	Chase Manhattan Bank	appos|->appos->president->prep->at->pobj->|pobj
rel_365	Ent[ent_524]	Ent[ent_766]	Donald J. Fine	Chase Manhattan Bank	appos|->appos->strategist->prep->at->pobj->|pobj
rel_365	Ent[ent_524]	Ent[ent_766]	Donald J. Fine	Chase Manhattan Bank	appos|->appos->economist->prep->at->pobj->|pobj
rel_365	Ent[ent_524]	Ent[ent_766]	Donald J. Fine	Chase Manhattan Bank	appos|->appos->analyst->prep->for->pobj->|pobj
rel_55	Ent[ent_525]	Ent[ent_527]	Donald Fine	Chase Securities	appos|->appos->analyst->prep->at->pobj->|pobj
rel_365	Ent[ent_525]	Ent[ent_527]	Donald Fine	Chase Securities	appos|->appos->analyst->prep->for->pobj->|pobj
rel_365	Ent[ent_525]	Ent[ent_527]	Donald Fine	Chase Securities	appos|->appos->strategist->prep->at->pobj->|pobj
rel_55	Ent[ent_525]	Ent[ent_527]	Donald Fine	Chase Securities	appos|->appos->strategist->prep->for->pobj->|pobj
rel_29	Ent[ent_525]	Ent[ent_527]	Donald Fine	Chase Securities	appos|->appos->economist->prep->at->pobj->|pobj
rel_29	Ent[ent_525]	Ent[ent_527]	Donald Fine	Chase Securities	appos|->appos->analyst->rcmod->say->nsubj->|nsubj
rel_365	Ent[ent_525]	Ent[ent_527]	Donald Fine	Chase Securities	appos|->appos->analyst->prep->with->pobj->|pobj
rel_55	Ent[ent_525]	Ent[ent_527]	Donald Fine	Chase Securities	appos|->appos->analyst->prep->of->pobj->|pobj
rel_365	Ent[ent_844]	Ent[ent_526]	Julius Maldutis	Salomon Brothers	appos|->appos->analyst->prep->at->pobj->|pobj
rel_365	Ent[ent_844]	Ent[ent_526]	Julius Maldutis	Salomon Brothers	appos|->appos->analyst->prep->for->pobj->|pobj
rel_365	Ent[ent_844]	Ent[ent_526]	Julius Maldutis	Salomon Brothers	appos|->appos->analyst->prep->with->pobj->|pobj
rel_365	Ent[ent_844]	Ent[ent_526]	Julius Maldutis	Salomon Brothers	appos|->appos->director->prep->at->pobj->|pobj
rel_55	Ent[ent_603]	Ent[ent_1285]	John Casesa	Merrill Lynch	appos|->appos->analyst->prep->at->pobj->|pobj
rel_365	Ent[ent_603]	Ent[ent_1265]	John Casesa	Merrill Lynch	appos|->appos->analyst->nn->|nn
rel_55	Ent[ent_603]	Ent[ent_1285]	John Casesa	Merrill Lynch	appos|->appos->analyst->prep->with->pobj->|pobj
rel_55	Ent[ent_603]	Ent[ent_1285]	John Casesa	Merrill Lynch	appos|->appos->analyst->prep->for->pobj->|pobj
rel_365	Ent[ent_528]	Ent[ent_781]	Loren Thompson	Lexington Institute	appos|->appos->analyst->prep->at->pobj->|pobj
rel_365	Ent[ent_528]	Ent[ent_781]	Loren Thompson	Lexington Institute	appos|->appos->analyst->prep->with->pobj->|pobj
rel_365	Ent[ent_528]	Ent[ent_781]	Loren Thompson	Lexington Institute	appos|->appos->expert->prep->at->pobj->|pobj
rel_365	Ent[ent_528]	Ent[ent_781]	Loren Thompson	Lexington Institute	appos|->appos->officer->prep->of->pobj->|pobj
rel_365	Ent[ent_528]	Ent[ent_781]	Loren Thompson	Lexington Institute	appos|->appos->observer->prep->at->pobj->|pobj
rel_365	Ent[ent_528]	Ent[ent_781]	Loren Thompson	Lexington Institute	nsubj|<-nsubj<-fade->nsubj->|nsubj
rel_365	Ent[ent_528]	Ent[ent_781]	Loren Thompson	Lexington Institute	appos|->appos->researcher->prep->with->pobj->|pobj
rel_365	Ent[ent_528]	Ent[ent_781]	Loren Thompson	Lexington Institute	appos|->appos->professor->prep->at->pobj->|pobj
rel_365	Ent[ent_528]	Ent[ent_781]	Loren Thompson	Lexington Institute	appos|->appos->officer->prep->with->pobj->|pobj
rel_365	Ent[ent_528]	Ent[ent_781]	Loren Thompson	Lexington Institute	appos|->appos->officer->prep->for->pobj->|pobj
rel_365	Ent[ent_780]	Ent[ent_1285]	Jessica Reif Cohen	Merrill Lynch	appos|->appos->analyst->prep->at->pobj->|pobj
rel_365	Ent[ent_780]	Ent[ent_1285]	Jessica Reif Cohen	Merrill Lynch	appos|->appos->analyst->prep->with->pobj->|pobj
rel_365	Ent[ent_780]	Ent[ent_1285]	Jessica Reif Cohen	Merrill Lynch	appos|->appos->analyst->nn->|nn
rel_365	Ent[ent_780]	Ent[ent_1285]	Jessica Reif Cohen	Merrill Lynch	appos|->appos->analyst->prep->for->pobj->|pobj
rel_36	Ent[ent_780]	Ent[ent_145]	Jessica Reif Cohen	Merrill Lynch	rcmod|->rcmod->follow->prep->for->pobj->|pobj
rel_197	Ent[ent_780]	Ent[ent_1265]	Jessica Reif Cohen	Merrill Lynch	rcmod|->rcmod->track->prep->for->pobj->|pobj
rel_118	Ent[ent_1192]	Ent[ent_700]	Jessica Reif Cohen	Merrill Lynch	rcmod|->rcmod->follow->dobj->media->prep->for->pobj->|pobj
rel_365	Ent[ent_780]	Ent[ent_1285]	Jessica Reif Cohen	Merrill Lynch	rcmod|->rcmod->follow->dobj->media->prep->at->pobj->|pobj
rel_197	Ent[ent_780]	Ent[ent_1265]	Jessica Reif Cohen	Merrill Lynch	appos|->appos->media->prep->with->pobj->|pobj
rel_197	Ent[ent_780]	Ent[ent_1265]	Jessica Reif Cohen	Merrill Lynch	appos|->appos->media->prep->for->pobj->|pobj
rel_55	Ent[ent_541]	Ent[ent_783]	Tom Wolzien	Sanford C. Bernstein & Company	appos|->appos->analyst->prep->at->pobj->|pobj
rel_55	Ent[ent_541]	Ent[ent_783]	Tom Wolzien	Sanford C. Bernstein & Company	appos|->appos->analyst->prep->with->pobj->|pobj
rel_55	Ent[ent_541]	Ent[ent_783]	Tom Wolzien	Sanford C. Bernstein & Company	appos|->appos->analyst->prep->for->pobj->|pobj
rel_55	Ent[ent_541]	Ent[ent_783]	Tom Wolzien	Sanford C. Bernstein & Company	appos|->appos->producer->rcmod->analyst->prep->at->pobj->|pobj
rel_365	Ent[ent_540]	Ent[ent_782]	David Healy	Burnham Securities	appos|->appos->analyst->prep->at->pobj->|pobj
rel_365	Ent[ent_540]	Ent[ent_782]	David Healy	Burnham Securities	appos|->appos->analyst->prep->with->pobj->|pobj
rel_365	Ent[ent_540]	Ent[ent_782]	David Healy	Burnham Securities	appos|->appos->analyst->prep->for->pobj->|pobj
rel_365	Ent[ent_540]	Ent[ent_782]	David Healy	Burnham Securities	appos|->appos->analyst->nn->|nn
rel_365	Ent[ent_301]	Ent[ent_1265]	Judah Kraushaar	Merrill Lynch	appos|->appos->analyst->prep->at->pobj->|pobj
rel_365	Ent[ent_301]	Ent[ent_1265]	Judah Kraushaar	Merrill Lynch	appos|->appos->analyst->prep->with->pobj->|pobj
rel_365	Ent[ent_301]	Ent[ent_1265]	Judah Kraushaar	Merrill Lynch	appos|->appos->analyst->nn->|nn
rel_365	Ent[ent_301]	Ent[ent_1265]	Judah Kraushaar	Merrill Lynch	rcmod|->rcmod->follow->prep->for->pobj->|pobj
rel_365	Ent[ent_301]	Ent[ent_1265]	Judah Kraushaar	Merrill Lynch	rcmod|->rcmod->follow->dobj->bank->prep->for->pobj->|pobj
rel_365	Ent[ent_301]	Ent[ent_1265]	Judah Kraushaar	Merrill Lynch	appos|->appos->analyst->prep->for->pobj->|pobj
rel_83	Ent[ent_543]	Ent[ent_785]	Nets	Byron Scott	nsubj|<-nsubj<-coach->dobj->|dobj
rel_83	Ent[ent_543]	Ent[ent_785]	Nets	Byron Scott	nsubj|<-nsubj<-say->nsubj->|nsubj
rel_83	Ent[ent_543]	Ent[ent_785]	Nets	Byron Scott	aux|<-aux<-say->nsubj->|nsubj
rel_237	Ent[ent_1235]	Ent[ent_785]	Nets	Byron Scott	nsubj|<-nsubj<-coach->dep->say->nsubj->|nsubj
rel_83	Ent[ent_543]	Ent[ent_785]	Nets	Byron Scott	poss|<-poss<-coach->appos->|appos
rel_83	Ent[ent_543]	Ent[ent_785]	Nets	Byron Scott	dep|<-dep<-say->nsubj->|nsubj
rel_83	Ent[ent_543]	Ent[ent_785]	Nets	Byron Scott	nsubj|<-nsubj<-coach<-dobj<-say->nsubj->|nsubj
rel_237	Ent[ent_1235]	Ent[ent_785]	Nets	Byron Scott	dep|->dep->coach->dep->say->nsubj->|nsubj
rel_68	Ent[ent_543]	Ent[ent_913]	Nets	Byron Scott	aux|<-aux<-coach->dobj->|dobj
rel_83	Ent[ent_543]	Ent[ent_785]	Nets	Byron Scott	prep|->prep->coach->dobj->|dobj
rel_83	Ent[ent_300]	Ent[ent_542]	Kohlberg	Kravis	nsubj|<-nsubj<-say->nsubj->|nsubj
rel_83	Ent[ent_300]	Ent[ent_542]	Kohlberg	Kravis	nsubj|<-nsubj<-buy->nsubj->|nsubj
rel_83	Ent[ent_300]	Ent[ent_542]	Kohlberg	Kravis	nsubj|<-nsubj<-have->nsubj->|nsubj
rel_395	Ent[ent_300]	Ent[ent_542]	Kohlberg	Kravis	appos|->appos->offer->poss->|poss
rel_395	Ent[ent_300]	Ent[ent_542]	Kohlberg	Kravis	dep|<-dep<-offer->nn->|nn
rel_83	Ent[ent_300]	Ent[ent_542]	Kohlberg	Kravis	appos|->appos->bid->poss->|poss
rel_83	Ent[ent_300]	Ent[ent_542]	Kohlberg	Kravis	nsubj|<-nsubj<-sell->nsubj->|nsubj
rel_83	Ent[ent_300]	Ent[ent_542]	Kohlberg	Kravis	nsubj|<-nsubj<-receive->nsubj->|nsubj
rel_83	Ent[ent_300]	Ent[ent_542]	Kohlberg	Kravis	nsubj|<-nsubj<-own->nsubj->|nsubj
rel_395	Ent[ent_300]	Ent[ent_542]	Kohlberg	Kravis	nsubj|<-nsubj<-make->nsubj->|nsubj
rel_335	Ent[ent_784]	Ent[ent_534]	Goldman	Sachs	nsubj|<-nsubj<-say->nsubj->|nsubj
rel_335	Ent[ent_784]	Ent[ent_534]	Goldman	Sachs	dep|<-dep<-index->nn->|nn
rel_319	Ent[ent_784]	Ent[ent_338]	Goldman	Sachs	nsubj|<-nsubj<-act->nsubj->|nsubj
rel_335	Ent[ent_784]	Ent[ent_534]	Goldman	Sachs	dep|<-dep<-partner->nn->|nn
rel_319	Ent[ent_784]	Ent[ent_338]	Goldman	Sachs	appos|->appos->index->nn->|nn
rel_319	Ent[ent_784]	Ent[ent_338]	Goldman	Sachs	nsubj|<-nsubj<-estimate->nsubj->|nsubj
rel_335	Ent[ent_784]	Ent[ent_534]	Goldman	Sachs	dep|<-dep<-president->nn->|nn
rel_335	Ent[ent_784]	Ent[ent_534]	Goldman	Sachs	nsubj|<-nsubj<-tell->nsubj->|nsubj
rel_335	Ent[ent_784]	Ent[ent_534]	Goldman	Sachs	nsubj|<-nsubj<-be->nsubj->|nsubj
rel_335	Ent[ent_784]	Ent[ent_534]	Goldman	Sachs	dep|<-dep<-fund->nn->|nn
rel_118	Ent[ent_776]	Ent[ent_533]	Sears	Roebuck	nsubj|<-nsubj<-say->nsubj->|nsubj
rel_118	Ent[ent_776]	Ent[ent_533]	Sears	Roebuck	dep|<-dep<-catalogue->nn->|nn
rel_392	Ent[ent_696]	Ent[ent_533]	Sears	Roebuck	dep|<-dep<-store->nn->|nn
rel_118	Ent[ent_776]	Ent[ent_533]	Sears	Roebuck	nsubj|<-nsubj<-announce->nsubj->|nsubj
rel_118	Ent[ent_776]	Ent[ent_533]	Sears	Roebuck	dep|<-dep<-unit->nn->|nn
rel_118	Ent[ent_776]	Ent[ent_533]	Sears	Roebuck	nsubj|<-nsubj<-market->nsubj->|nsubj
rel_118	Ent[ent_776]	Ent[ent_533]	Sears	Roebuck	dep|->dep->store->nn->|nn
rel_118	Ent[ent_776]	Ent[ent_533]	Sears	Roebuck	dep|<-dep<-house->nn->|nn
rel_118	Ent[ent_776]	Ent[ent_533]	Sears	Roebuck	appos|->appos->stock->nn->|nn
rel_118	Ent[ent_776]	Ent[ent_533]	Sears	Roebuck	appos|->appos->rating->poss->|poss
rel_185	Ent[ent_775]	Ent[ent_1233]	WASHINGTON	State Department	nsubj|<-nsubj<-say->nsubj->|nsubj
rel_83	Ent[ent_775]	Ent[ent_555]	WASHINGTON	State Department	nsubj|<-nsubj<-say->nsubj->official->nn->|nn
rel_292	Ent[ent_775]	Ent[ent_659]	WASHINGTON	State Department	appos|->appos->official->nn->|nn
rel_36	Ent[ent_775]	Ent[ent_716]	WASHINGTON	State Department	nsubj|<-nsubj<-say->nsubj->spokesman->nn->|nn
rel_107	Ent[ent_775]	Ent[ent_1248]	WASHINGTON	State Department	nsubj|<-nsubj<-say->dep->official->nn->|nn
rel_83	Ent[ent_775]	Ent[ent_555]	WASHINGTON	State Department	dep|<-dep<-say->nsubj->|nsubj
rel_357	Ent[ent_775]	Ent[ent_1227]	WASHINGTON	State Department	nsubj|<-nsubj<-say->nsubj->spokeswoman->nn->|nn
rel_325	Ent[ent_775]	Ent[ent_536]	WASHINGTON	State Department	nsubj|<-nsubj<-praise->nsubj->|nsubj
rel_357	Ent[ent_775]	Ent[ent_1227]	WASHINGTON	State Department	nsubj|<-nsubj<-call->nsubj->|nsubj
rel_185	Ent[ent_775]	Ent[ent_1233]	WASHINGTON	State Department	dep|<-dep<-its<-poss<-today->dep->|dep
rel_83	Ent[ent_778]	Ent[ent_535]	Spurs	Gregg Popovich	nsubj|<-nsubj<-coach->dobj->|dobj
rel_83	Ent[ent_778]	Ent[ent_535]	Spurs	Gregg Popovich	nsubj|<-nsubj<-say->nsubj->|nsubj
rel_83	Ent[ent_778]	Ent[ent_535]	Spurs	Gregg Popovich	poss|<-poss<-coach->appos->|appos
rel_192	Ent[ent_778]	Ent[ent_535]	Spurs	Gregg Popovich	nsubj|<-nsubj<-coach<-dobj<-say->nsubj->|nsubj
rel_83	Ent[ent_778]	Ent[ent_535]	Spurs	Gregg Popovich	aux|<-aux<-say->nsubj->|nsubj
rel_192	Ent[ent_778]	Ent[ent_535]	Spurs	Gregg Popovich	pobj|<-pobj<-with<-prep<-player<-pobj<-as<-prep<-approach->dobj->|dobj
rel_192	Ent[ent_778]	Ent[ent_535]	Spurs	Gregg Popovich	pobj|<-pobj<-with<-prep<-dine->dep->coach->dobj->|dobj
rel_192	Ent[ent_778]	Ent[ent_535]	Spurs	Gregg Popovich	pobj|<-pobj<-with<-prep<-conversation<-pobj<-about<-prep<-tell->prep->coach->dobj->|dobj
rel_83	Ent[ent_778]	Ent[ent_535]	Spurs	Gregg Popovich	pobj|<-pobj<-under<-prep<-season<-pobj<-for<-prep<-assistant->prep->coach->dobj->|dobj
rel_83	Ent[ent_778]	Ent[ent_535]	Spurs	Gregg Popovich	pobj|<-pobj<-to<-prep<-refer->prep->coach->dobj->|dobj
rel_336	Ent[ent_777]	Ent[ent_538]	Dad	Adam	nsubj|<-nsubj<-say->nsubj->|nsubj
rel_336	Ent[ent_777]	Ent[ent_538]	Dad	Adam	nsubj|<-nsubj<-teach->dobj->|dobj
rel_83	Ent[ent_775]	Ent[ent_1237]	WASHINGTON	United States	nsubj|<-nsubj<-say->nsubj->|nsubj
rel_92	Ent[ent_775]	Ent[ent_1277]	WASHINGTON	United States	nsubj|<-nsubj<-welcome->nsubj->|nsubj
rel_83	Ent[ent_775]	Ent[ent_1237]	WASHINGTON	United States	nsubj|<-nsubj<-urge->nsubj->|nsubj
rel_83	Ent[ent_775]	Ent[ent_1237]	WASHINGTON	United States	nsubj|<-nsubj<-say->nsubj->official->nn->|nn
rel_83	Ent[ent_775]	Ent[ent_1237]	WASHINGTON	United States	nsubj|<-nsubj<-express->nsubj->|nsubj
rel_83	Ent[ent_775]	Ent[ent_1237]	WASHINGTON	United States	tmod|<-tmod<-announce->nsubj->|nsubj
rel_92	Ent[ent_775]	Ent[ent_1277]	WASHINGTON	United States	rcmod|->rcmod->warn->nsubj->|nsubj
rel_92	Ent[ent_775]	Ent[ent_1277]	WASHINGTON	United States	rcmod|->rcmod->urge->nsubj->|nsubj
rel_92	Ent[ent_775]	Ent[ent_1277]	WASHINGTON	United States	rcmod|->rcmod->transfer->nsubj->military->nn->|nn
rel_83	Ent[ent_775]	Ent[ent_1237]	WASHINGTON	United States	rcmod|->rcmod->put->prep->in->pobj->surplus->prep->with->pobj->|pobj
rel_111	Ent[ent_1222]	Ent[ent_779]	Nets	Lawrence Frank	dep|->dep->coach->dobj->|dobj
rel_353	Ent[ent_1206]	Ent[ent_779]	Nets	Lawrence Frank	nsubj|<-nsubj<-coach->dobj->|dobj
rel_83	Ent[ent_543]	Ent[ent_779]	Nets	Lawrence Frank	nsubj|<-nsubj<-say->nsubj->|nsubj
rel_52	Ent[ent_1235]	Ent[ent_779]	Nets	Lawrence Frank	nsubj|<-nsubj<-coach->dep->say->nsubj->|nsubj
rel_83	Ent[ent_543]	Ent[ent_779]	Nets	Lawrence Frank	poss|<-poss<-coach->appos->|appos
rel_83	Ent[ent_543]	Ent[ent_779]	Nets	Lawrence Frank	nsubj|<-nsubj<-coach<-dobj<-say->nsubj->|nsubj
rel_111	Ent[ent_1222]	Ent[ent_779]	Nets	Lawrence Frank	aux|<-aux<-coach->dobj->|dobj
rel_353	Ent[ent_1206]	Ent[ent_779]	Nets	Lawrence Frank	aux|<-aux<-coach<-dep<-say->nsubj->|nsubj
rel_83	Ent[ent_543]	Ent[ent_779]	Nets	Lawrence Frank	aux|<-aux<-say->nsubj->|nsubj
rel_353	Ent[ent_1206]	Ent[ent_779]	Nets	Lawrence Frank	aux|<-aux<-coach<-advmod<-say->nsubj->|nsubj
rel_83	Ent[ent_539]	Ent[ent_790]	Hicks	Muse	nsubj|<-nsubj<-say->nsubj->|nsubj
rel_128	Ent[ent_471]	Ent[ent_790]	Hicks	Muse	nsubj|<-nsubj<-plan->nsubj->|nsubj
rel_20	Ent[ent_539]	Ent[ent_790]	Hicks	Muse	nsubj|<-nsubj<-invest->nsubj->|nsubj
rel_83	Ent[ent_539]	Ent[ent_790]	Hicks	Muse	nsubj|<-nsubj<-control->nsubj->|nsubj
rel_20	Ent[ent_539]	Ent[ent_790]	Hicks	Muse	appos|->appos->fund->poss->|poss
rel_83	Ent[ent_539]	Ent[ent_790]	Hicks	Muse	nsubj|<-nsubj<-pay->nsubj->|nsubj
rel_20	Ent[ent_539]	Ent[ent_790]	Hicks	Muse	nsubj|<-nsubj<-make->nsubj->|nsubj
rel_83	Ent[ent_539]	Ent[ent_790]	Hicks	Muse	nsubj|<-nsubj<-agree->nsubj->|nsubj
rel_83	Ent[ent_539]	Ent[ent_790]	Hicks	Muse	nn|<-nn<-firm->nsubj->|nsubj
rel_20	Ent[ent_539]	Ent[ent_790]	Hicks	Muse	dep|<-dep<-strategy->nn->|nn
rel_365	Ent[ent_550]	Ent[ent_792]	Kalman Ruttenstein	Bloomingdale	appos|->appos->president->prep->at->pobj->|pobj
rel_330	Ent[ent_550]	Ent[ent_792]	Kalman Ruttenstein	Bloomingdale	appos|->appos->president->poss->|poss
rel_365	Ent[ent_550]	Ent[ent_792]	Kalman Ruttenstein	Bloomingdale	appos|->appos->director->prep->of->pobj->|pobj
rel_365	Ent[ent_550]	Ent[ent_792]	Kalman Ruttenstein	Bloomingdale	appos|->appos->president->prep->for->pobj->direction->prep->of->pobj->|pobj
rel_330	Ent[ent_550]	Ent[ent_792]	Kalman Ruttenstein	Bloomingdale	appos|->appos->president->prep->of->pobj->|pobj
rel_365	Ent[ent_550]	Ent[ent_792]	Kalman Ruttenstein	Bloomingdale	appos|->appos->director->poss->|poss
rel_365	Ent[ent_550]	Ent[ent_792]	Kalman Ruttenstein	Bloomingdale	appos|->appos->director->prep->at->pobj->|pobj
rel_330	Ent[ent_550]	Ent[ent_792]	Kalman Ruttenstein	Bloomingdale	rcmod|->rcmod->be->prep->at->pobj->|pobj
rel_330	Ent[ent_550]	Ent[ent_792]	Kalman Ruttenstein	Bloomingdale	appos|->appos->president->prep->for->pobj->|pobj
rel_330	Ent[ent_550]	Ent[ent_792]	Kalman Ruttenstein	Bloomingdale	appos|->appos->president->prep->for->pobj->direction->prep->for->pobj->|pobj
rel_144	Ent[ent_1048]	Ent[ent_310]	William V. Sullivan Jr.	Witter Reynolds	appos|->appos->president->prep->at->pobj->|pobj
rel_144	Ent[ent_1048]	Ent[ent_310]	William V. Sullivan Jr.	Witter Reynolds	appos|->appos->director->prep->at->pobj->|pobj
rel_144	Ent[ent_1048]	Ent[ent_310]	William V. Sullivan Jr.	Witter Reynolds	appos|->appos->economist->prep->at->pobj->|pobj
rel_144	Ent[ent_1048]	Ent[ent_310]	William V. Sullivan Jr.	Witter Reynolds	pobj|<-pobj<-to<-prep<-signal->appos->economist->prep->at->pobj->|pobj
rel_83	Ent[ent_1109]	Ent[ent_319]	James R. Capra	Shearson Lehman Government Securities	appos|->appos->president->prep->at->pobj->|pobj
rel_14	Ent[ent_928]	Ent[ent_793]	Joseph Liro	S. G. Warburg & Company	appos|->appos->president->prep->at->pobj->|pobj
rel_14	Ent[ent_928]	Ent[ent_793]	Joseph Liro	S. G. Warburg & Company	appos|->appos->economist->prep->at->pobj->|pobj
rel_14	Ent[ent_928]	Ent[ent_793]	Joseph Liro	S. G. Warburg & Company	appos|->appos->economist->prep->of->pobj->|pobj
rel_14	Ent[ent_928]	Ent[ent_793]	Joseph Liro	S. G. Warburg & Company	appos|->appos->economist->prep->for->pobj->|pobj
rel_330	Ent[ent_312]	Ent[ent_554]	David F. Poltrack	CBS	appos|->appos->president->prep->for->pobj->|pobj
rel_330	Ent[ent_312]	Ent[ent_554]	David F. Poltrack	CBS	appos|->appos->president->prep->at->pobj->|pobj
rel_330	Ent[ent_312]	Ent[ent_554]	David F. Poltrack	CBS	appos|->appos->president->poss->|poss
rel_330	Ent[ent_312]	Ent[ent_554]	David F. Poltrack	CBS	appos|->appos->president->nn->|nn
rel_330	Ent[ent_312]	Ent[ent_484]	David F. Poltrack	CBS	appos|->appos->president->prep->of->pobj->|pobj
rel_330	Ent[ent_312]	Ent[ent_484]	David F. Poltrack	CBS	appos|->appos->president->prep->for->pobj->research->prep->of->pobj->|pobj
rel_330	Ent[ent_312]	Ent[ent_554]	David F. Poltrack	CBS	appos|->appos->officer->prep->at->pobj->|pobj
rel_330	Ent[ent_312]	Ent[ent_554]	David F. Poltrack	CBS	nsubj|<-nsubj<-reduce->dobj->forecast->rcmod->make->prep->on->pobj->broadcaster->prep->include->pobj->|pobj
rel_330	Ent[ent_312]	Ent[ent_554]	David F. Poltrack	CBS	nsubj|<-nsubj<-call->prep->for->pobj->victory->prep->for->pobj->|pobj
rel_330	Ent[ent_312]	Ent[ent_554]	David F. Poltrack	CBS	appos|->appos->president->prep->of->pobj->research->nn->|nn
rel_330	Ent[ent_796]	Ent[ent_311]	Richard E. Witten	Goldman , Sachs & Company	appos|->appos->president->prep->at->pobj->|pobj
rel_330	Ent[ent_796]	Ent[ent_311]	Richard E. Witten	Goldman , Sachs & Company	appos|->appos->president->prep->in->pobj->department->prep->at->pobj->|pobj
rel_330	Ent[ent_796]	Ent[ent_311]	Richard E. Witten	Goldman , Sachs & Company	appos|->appos->partner->prep->at->pobj->|pobj
rel_330	Ent[ent_796]	Ent[ent_311]	Richard E. Witten	Goldman , Sachs & Company	appos|->appos->president->prep->in->pobj->department->prep->of->pobj->|pobj
rel_144	Ent[ent_796]	Ent[ent_783]	Richard E. Witten	Goldman , Sachs & Company	appos|->appos->specialist->prep->at->pobj->|pobj
rel_330	Ent[ent_796]	Ent[ent_311]	Richard E. Witten	Goldman , Sachs & Company	appos|->appos->president->prep->of->pobj->|pobj
rel_330	Ent[ent_796]	Ent[ent_311]	Richard E. Witten	Goldman , Sachs & Company	appos|->appos->president->prep->in->pobj->department->prep->af->pobj->|pobj
rel_330	Ent[ent_796]	Ent[ent_311]	Richard E. Witten	Goldman , Sachs & Company	appos|->appos->president->dep->add->nsubj->|nsubj
rel_330	Ent[ent_796]	Ent[ent_311]	Richard E. Witten	Goldman , Sachs & Company	appos|->appos->partner->prep->for->pobj->exchange->prep->at->pobj->|pobj
rel_330	Ent[ent_796]	Ent[ent_311]	Richard E. Witten	Goldman , Sachs & Company	appos|->appos->analyst->prep->at->pobj->|pobj
rel_144	Ent[ent_553]	Ent[ent_795]	Paul L. Kasriel	Northern Trust Company	appos|->appos->president->prep->at->pobj->|pobj
rel_144	Ent[ent_553]	Ent[ent_795]	Paul L. Kasriel	Northern Trust Company	appos|->appos->economist->prep->at->pobj->|pobj
rel_144	Ent[ent_553]	Ent[ent_795]	Paul L. Kasriel	Northern Trust Company	appos|->appos->economist->prep->for->pobj->|pobj
rel_365	Ent[ent_194]	Ent[ent_795]	Paul L. Kasriel	Northern Trust Company	appos|->appos->economist->prep->with->pobj->|pobj
rel_144	Ent[ent_553]	Ent[ent_795]	Paul L. Kasriel	Northern Trust Company	appos|->appos->economist->nn->|nn
rel_197	Ent[ent_1006]	Ent[ent_155]	Robert Berne	New York University	appos|->appos->president->prep->at->pobj->|pobj
rel_197	Ent[ent_1006]	Ent[ent_155]	Robert Berne	New York University	appos|->appos->president->prep->for->pobj->development->prep->at->pobj->|pobj
rel_330	Ent[ent_1006]	Ent[ent_155]	Robert Berne	New York University	appos|->appos->president->prep->of->pobj->|pobj
rel_197	Ent[ent_1006]	Ent[ent_155]	Robert Berne	New York University	appos|->appos->dean->prep->at->pobj->|pobj
rel_197	Ent[ent_1006]	Ent[ent_155]	Robert Berne	New York University	appos|->appos->professor->nn->|nn
rel_330	Ent[ent_1006]	Ent[ent_155]	Robert Berne	New York University	appos|->appos->president->poss->|poss
rel_330	Ent[ent_1006]	Ent[ent_155]	Robert Berne	New York University	appos|->appos->president->nn->|nn
rel_330	Ent[ent_1006]	Ent[ent_155]	Robert Berne	New York University	appos|->appos->expert->prep->on->pobj->policy->rcmod->president->prep->at->pobj->|pobj
rel_197	Ent[ent_1006]	Ent[ent_155]	Robert Berne	New York University	appos|->appos->professor->prep->at->pobj->|pobj
rel_197	Ent[ent_1006]	Ent[ent_155]	Robert Berne	New York University	appos|->appos->president->prep->for->pobj->development->prep->of->pobj->|pobj
rel_365	Ent[ent_1007]	Ent[ent_1008]	Robert A. Kurtter	Moody 's Investors Service	appos|->appos->president->prep->at->pobj->|pobj
rel_365	Ent[ent_1007]	Ent[ent_1008]	Robert A. Kurtter	Moody 's Investors Service	appos|->appos->analyst->prep->with->pobj->|pobj
rel_330	Ent[ent_1007]	Ent[ent_1008]	Robert A. Kurtter	Moody 's Investors Service	appos|->appos->president->prep->of->pobj->|pobj
rel_365	Ent[ent_1007]	Ent[ent_1008]	Robert A. Kurtter	Moody 's Investors Service	appos|->appos->analyst->prep->for->pobj->|pobj
rel_365	Ent[ent_1007]	Ent[ent_1008]	Robert A. Kurtter	Moody 's Investors Service	appos|->appos->analyst->prep->at->pobj->|pobj
rel_14	Ent[ent_1009]	Ent[ent_303]	Bill Gamba	Cowen & Company	appos|->appos->president->prep->at->pobj->|pobj
rel_14	Ent[ent_1009]	Ent[ent_303]	Bill Gamba	Cowen & Company	appos|->appos->president->prep->in->pobj->charge->prep->of->pobj->desk->prep->at->pobj->|pobj
rel_14	Ent[ent_1009]	Ent[ent_303]	Bill Gamba	Cowen & Company	appos|<-appos<-holiday->prep->at->pobj->|pobj
rel_14	Ent[ent_1009]	Ent[ent_303]	Bill Gamba	Cowen & Company	appos|->appos->head->prep->at->pobj->|pobj
rel_110	Ent[ent_545]	Ent[ent_787]	Intel	Santa Clara	partmod|->partmod->base->prep->in->pobj->|pobj
rel_110	Ent[ent_545]	Ent[ent_787]	Intel	Santa Clara	rcmod|->rcmod->base->prep->in->pobj->|pobj
rel_110	Ent[ent_545]	Ent[ent_787]	Intel	Santa Clara	poss|<-poss<-headquarters->prep->in->pobj->|pobj
rel_110	Ent[ent_545]	Ent[ent_787]	Intel	Santa Clara	poss|<-poss<-headquarters->nn->|nn
rel_110	Ent[ent_545]	Ent[ent_787]	Intel	Santa Clara	pobj|<-pobj<-of<-prep<-worker->partmod->base->prep->in->pobj->|pobj
rel_110	Ent[ent_545]	Ent[ent_787]	Intel	Santa Clara	poss|<-poss<-campus->prep->in->pobj->|pobj
rel_122	Ent[ent_545]	Ent[ent_787]	Intel	Santa Clara	pobj|<-pobj<-like<-prep<-base->prep->in->pobj->|pobj
rel_122	Ent[ent_545]	Ent[ent_787]	Intel	Santa Clara	pobj|<-pobj<-for<-prep<-spokeswoman->prep->at->pobj->headquarters->dep->|dep
rel_122	Ent[ent_545]	Ent[ent_787]	Intel	Santa Clara	pobj|<-pobj<-by<-prep<-request->partmod->base->prep->in->pobj->|pobj
rel_122	Ent[ent_545]	Ent[ent_787]	Intel	Santa Clara	pobj|<-pobj<-by<-prep<-develop<-rcmod<-microprocessor->partmod->base->prep->in->pobj->|pobj
rel_110	Ent[ent_302]	Ent[ent_544]	Microsoft	Redmond	partmod|->partmod->base->prep->in->pobj->|pobj
rel_180	Ent[ent_1232]	Ent[ent_544]	Microsoft	Redmond	poss|<-poss<-headquarters->prep->in->pobj->|pobj
rel_110	Ent[ent_302]	Ent[ent_544]	Microsoft	Redmond	rcmod|->rcmod->base->prep->in->pobj->|pobj
rel_180	Ent[ent_1232]	Ent[ent_544]	Microsoft	Redmond	nn|<-nn<-headquarters->prep->in->pobj->|pobj
rel_182	Ent[ent_1230]	Ent[ent_544]	Microsoft	Redmond	poss|<-poss<-campus->prep->in->pobj->|pobj
rel_180	Ent[ent_1232]	Ent[ent_544]	Microsoft	Redmond	nn|<-nn<-campus->prep->in->pobj->|pobj
rel_180	Ent[ent_1232]	Ent[ent_544]	Microsoft	Redmond	pobj|<-pobj<-at<-prep<-manager->prep->in->pobj->|pobj
rel_110	Ent[ent_302]	Ent[ent_544]	Microsoft	Redmond	nn|<-nn<-way->appos->|appos
rel_110	Ent[ent_302]	Ent[ent_544]	Microsoft	Redmond	poss|<-poss<-campus->nn->|nn
rel_110	Ent[ent_302]	Ent[ent_544]	Microsoft	Redmond	pobj|<-pobj<-at<-prep<-director->prep->in->pobj->|pobj
rel_110	Ent[ent_786]	Ent[ent_305]	Apple	Cupertino	partmod|->partmod->base->prep->in->pobj->|pobj
rel_110	Ent[ent_786]	Ent[ent_305]	Apple	Cupertino	rcmod|->rcmod->base->prep->in->pobj->|pobj
rel_180	Ent[ent_786]	Ent[ent_305]	Apple	Cupertino	poss|<-poss<-headquarters->prep->in->pobj->|pobj
rel_110	Ent[ent_786]	Ent[ent_305]	Apple	Cupertino	nsubjpass|<-nsubjpass<-base->prep->in->pobj->|pobj
rel_110	Ent[ent_786]	Ent[ent_305]	Apple	Cupertino	nn|<-nn<-headquarters->prep->in->pobj->|pobj
rel_110	Ent[ent_786]	Ent[ent_305]	Apple	Cupertino	poss|<-poss<-campus->prep->in->pobj->|pobj
rel_110	Ent[ent_786]	Ent[ent_305]	Apple	Cupertino	poss|<-poss<-campus->nn->|nn
rel_110	Ent[ent_786]	Ent[ent_305]	Apple	Cupertino	nn|<-nn<-headquarters<-dobj<-visit->prep->in->pobj->|pobj
rel_110	Ent[ent_786]	Ent[ent_305]	Apple	Cupertino	poss|<-poss<-research->prep->in->pobj->|pobj
rel_110	Ent[ent_786]	Ent[ent_305]	Apple	Cupertino	poss|<-poss<-office->prep->in->pobj->|pobj
rel_110	Ent[ent_547]	Ent[ent_789]	I.B.M.	Armonk	partmod|->partmod->base->prep->in->pobj->|pobj
rel_110	Ent[ent_547]	Ent[ent_789]	I.B.M.	Armonk	poss|<-poss<-headquarters->prep->in->pobj->|pobj
rel_110	Ent[ent_547]	Ent[ent_789]	I.B.M.	Armonk	rcmod|->rcmod->base->prep->in->pobj->|pobj
rel_110	Ent[ent_547]	Ent[ent_789]	I.B.M.	Armonk	nn|<-nn<-headquarters->prep->in->pobj->|pobj
rel_110	Ent[ent_547]	Ent[ent_789]	I.B.M.	Armonk	rcmod|->rcmod->have->prep->in->pobj->|pobj
rel_306	Ent[ent_547]	Ent[ent_789]	I.B.M.	Armonk	poss|<-poss<-headquarters->dep->|dep
rel_306	Ent[ent_547]	Ent[ent_789]	I.B.M.	Armonk	nn|<-nn<-spokesman->prep->at->pobj->headquarters->prep->in->pobj->|pobj
rel_306	Ent[ent_547]	Ent[ent_789]	I.B.M.	Armonk	dep|->dep->say->nsubj->|nsubj
rel_306	Ent[ent_547]	Ent[ent_789]	I.B.M.	Armonk	rcmod|->rcmod->have->dobj->working->prep->in->pobj->|pobj
rel_110	Ent[ent_547]	Ent[ent_789]	I.B.M.	Armonk	rcmod|->rcmod->have->dobj->headquarters->prep->in->pobj->|pobj
rel_110	Ent[ent_1000]	Ent[ent_304]	Wal-Mart	Bentonville	partmod|->partmod->base->prep->in->pobj->|pobj
rel_110	Ent[ent_1000]	Ent[ent_304]	Wal-Mart	Bentonville	rcmod|->rcmod->base->prep->in->pobj->|pobj
rel_110	Ent[ent_1000]	Ent[ent_304]	Wal-Mart	Bentonville	poss|<-poss<-headquarters->prep->in->pobj->|pobj
rel_110	Ent[ent_1000]	Ent[ent_304]	Wal-Mart	Bentonville	nn|<-nn<-headquarters->prep->in->pobj->|pobj
rel_136	Ent[ent_1000]	Ent[ent_304]	Wal-Mart	Bentonville	appos|->appos->discounter->partmod->base->prep->in->pobj->|pobj
rel_110	Ent[ent_1000]	Ent[ent_304]	Wal-Mart	Bentonville	appos|->appos->giant->partmod->base->prep->in->pobj->|pobj
rel_136	Ent[ent_1000]	Ent[ent_304]	Wal-Mart	Bentonville	rcmod|->rcmod->know->prep->with->pobj->headquarters->prep->in->pobj->town->prep->of->pobj->|pobj
rel_110	Ent[ent_1000]	Ent[ent_304]	Wal-Mart	Bentonville	rcmod|->rcmod->have->dobj->headquarters->prep->in->pobj->|pobj
rel_110	Ent[ent_1000]	Ent[ent_304]	Wal-Mart	Bentonville	poss|<-poss<-town->prep->of->pobj->|pobj
rel_110	Ent[ent_1000]	Ent[ent_304]	Wal-Mart	Bentonville	poss|<-poss<-store->nn->|nn
rel_299	Ent[ent_546]	Ent[ent_788]	Motorola	Schaumburg	partmod|->partmod->base->prep->in->pobj->|pobj
rel_299	Ent[ent_546]	Ent[ent_788]	Motorola	Schaumburg	rcmod|->rcmod->base->prep->in->pobj->|pobj
rel_299	Ent[ent_546]	Ent[ent_788]	Motorola	Schaumburg	appos|->appos->semiconductor->partmod->base->prep->in->pobj->|pobj
rel_133	Ent[ent_546]	Ent[ent_788]	Motorola	Schaumburg	rcmod|->rcmod->base->prep->in->pobj->suburb->prep->of->pobj->|pobj
rel_133	Ent[ent_546]	Ent[ent_788]	Motorola	Schaumburg	poss|<-poss<-center->nn->|nn
rel_133	Ent[ent_546]	Ent[ent_788]	Motorola	Schaumburg	pobj|<-pobj<-for<-prep<-engineer->rcmod->live->prep->in->pobj->|pobj
rel_299	Ent[ent_546]	Ent[ent_788]	Motorola	Schaumburg	nsubj|<-nsubj<-begin->prep->in->pobj->|pobj
rel_133	Ent[ent_546]	Ent[ent_788]	Motorola	Schaumburg	nn|<-nn<-executive->prep->in->pobj->|pobj
rel_299	Ent[ent_546]	Ent[ent_788]	Motorola	Schaumburg	nn|<-nn<-conference<-dobj<-tell->prep->in->pobj->|pobj
rel_133	Ent[ent_546]	Ent[ent_788]	Motorola	Schaumburg	appos|->appos->semiconductor->dep->|dep
rel_110	Ent[ent_1001]	Ent[ent_307]	Hewlett-Packard	Palo Alto	partmod|->partmod->base->prep->in->pobj->|pobj
rel_110	Ent[ent_1001]	Ent[ent_307]	Hewlett-Packard	Palo Alto	rcmod|->rcmod->base->prep->in->pobj->|pobj
rel_110	Ent[ent_1001]	Ent[ent_307]	Hewlett-Packard	Palo Alto	poss|<-poss<-headquarters->prep->in->pobj->|pobj
rel_110	Ent[ent_1001]	Ent[ent_307]	Hewlett-Packard	Palo Alto	nsubjpass|<-nsubjpass<-base->prep->in->pobj->|pobj
rel_110	Ent[ent_1001]	Ent[ent_307]	Hewlett-Packard	Palo Alto	nn|<-nn<-headquarters->prep->in->pobj->|pobj
rel_110	Ent[ent_1001]	Ent[ent_307]	Hewlett-Packard	Palo Alto	appos|->appos->giant->partmod->base->prep->in->pobj->|pobj
rel_110	Ent[ent_1001]	Ent[ent_307]	Hewlett-Packard	Palo Alto	appos|->appos->company->partmod->base->prep->in->pobj->|pobj
rel_110	Ent[ent_1001]	Ent[ent_307]	Hewlett-Packard	Palo Alto	poss|<-poss<-town->prep->of->pobj->|pobj
rel_110	Ent[ent_1001]	Ent[ent_307]	Hewlett-Packard	Palo Alto	poss|<-poss<-reputation<-nsubjpass<-build->dep->mention->dobj->founding->prep->in->pobj->garage->nn->|nn
rel_110	Ent[ent_1001]	Ent[ent_307]	Hewlett-Packard	Palo Alto	poss|<-poss<-center->prep->in->pobj->|pobj
rel_110	Ent[ent_549]	Ent[ent_1002]	MCI	Washington	partmod|->partmod->base->prep->in->pobj->|pobj
rel_110	Ent[ent_549]	Ent[ent_1002]	MCI	Washington	rcmod|->rcmod->base->prep->in->pobj->|pobj
rel_110	Ent[ent_549]	Ent[ent_1002]	MCI	Washington	poss|<-poss<-headquarters->prep->in->pobj->|pobj
rel_110	Ent[ent_549]	Ent[ent_1002]	MCI	Washington	appos|->appos->company->partmod->base->prep->in->pobj->|pobj
rel_110	Ent[ent_549]	Ent[ent_1002]	MCI	Washington	poss|<-poss<-headquarters->nn->|nn
rel_256	Ent[ent_549]	Ent[ent_97]	MCI	Washington	prep|->prep->at->pobj->headquarters->prep->in->pobj->|pobj
rel_110	Ent[ent_549]	Ent[ent_1002]	MCI	Washington	poss|<-poss<-headquarters<-nsubjpass<-situate->prep->in->pobj->|pobj
rel_110	Ent[ent_549]	Ent[ent_1002]	MCI	Washington	poss|<-poss<-board<-nsubj<-convene->prep->in->pobj->|pobj
rel_110	Ent[ent_549]	Ent[ent_1002]	MCI	Washington	poss|<-poss<-announcement->rcmod->make->prep->after->pobj->meeting->prep->at->pobj->headquarters->prep->in->pobj->|pobj
rel_110	Ent[ent_549]	Ent[ent_1002]	MCI	Washington	nsubjpass|<-nsubjpass<-base->prep->in->pobj->|pobj
rel_110	Ent[ent_306]	Ent[ent_305]	Semiconductor Industry Association	Cupertino	partmod|->partmod->base->prep->in->pobj->|pobj
rel_110	Ent[ent_306]	Ent[ent_305]	Semiconductor Industry Association	Cupertino	rcmod|->rcmod->base->prep->in->pobj->|pobj
rel_110	Ent[ent_306]	Ent[ent_305]	Semiconductor Industry Association	Cupertino	appos|->appos->organization->partmod->base->prep->in->pobj->|pobj
rel_110	Ent[ent_548]	Ent[ent_1003]	Johnson & Johnson	New Brunswick	partmod|->partmod->base->prep->in->pobj->|pobj
rel_110	Ent[ent_548]	Ent[ent_1003]	Johnson & Johnson	New Brunswick	rcmod|->rcmod->base->prep->in->pobj->|pobj
rel_110	Ent[ent_548]	Ent[ent_1003]	Johnson & Johnson	New Brunswick	poss|<-poss<-headquarters->prep->in->pobj->|pobj
rel_110	Ent[ent_548]	Ent[ent_1003]	Johnson & Johnson	New Brunswick	rcmod|->rcmod->have->dobj->headquarters->prep->in->pobj->|pobj
rel_27	Ent[ent_422]	Ent[ent_215]	Johnson & Johnson	New Brunswick	pobj|<-pobj<-of<-prep<-division->partmod->base->prep->in->pobj->|pobj
rel_395	Ent[ent_548]	Ent[ent_1003]	Johnson & Johnson	New Brunswick	nn|<-nn<-spokesman->prep->in->pobj->|pobj
rel_395	Ent[ent_548]	Ent[ent_1003]	Johnson & Johnson	New Brunswick	appos|->appos->giant->prep->in->pobj->|pobj
rel_110	Ent[ent_548]	Ent[ent_1003]	Johnson & Johnson	New Brunswick	appos|->appos->company->partmod->base->prep->in->pobj->|pobj
rel_395	Ent[ent_548]	Ent[ent_1003]	Johnson & Johnson	New Brunswick	rcmod|->rcmod->base->purpcl->announce->nsubj->|nsubj
rel_395	Ent[ent_548]	Ent[ent_1003]	Johnson & Johnson	New Brunswick	rcmod|->rcmod->base->prep->in->pobj->element->nn->|nn
rel_185	Ent[ent_1269]	Ent[ent_1004]	Red Sox	Yankees	nsubj|<-nsubj<-beat->dobj->|dobj
rel_353	Ent[ent_1257]	Ent[ent_646]	Red Sox	Yankees	nsubj|<-nsubj<-play->dobj->|dobj
rel_185	Ent[ent_309]	Ent[ent_1004]	Red Sox	Yankees	nsubj|<-nsubj<-lose->prep->to->pobj->|pobj
rel_185	Ent[ent_1269]	Ent[ent_1004]	Red Sox	Yankees	nsubj|<-nsubj<-lead->dobj->|dobj
rel_353	Ent[ent_309]	Ent[ent_1239]	Red Sox	Yankees	nsubj|<-nsubj<-sell->prep->to->pobj->|pobj
rel_185	Ent[ent_309]	Ent[ent_1004]	Red Sox	Yankees	nsubj|<-nsubj<-trail->dobj->|dobj
rel_185	Ent[ent_1269]	Ent[ent_1004]	Red Sox	Yankees	nsubj|<-nsubj<-game->prep->behind->pobj->|pobj
rel_353	Ent[ent_309]	Ent[ent_1239]	Red Sox	Yankees	nsubj|<-nsubj<-defeat->dobj->|dobj
rel_353	Ent[ent_309]	Ent[ent_1239]	Red Sox	Yankees	nsubj|<-nsubj<-shock->dobj->|dobj
rel_353	Ent[ent_309]	Ent[ent_1239]	Red Sox	Yankees	nsubj|<-nsubj<-knock->dobj->|dobj
rel_185	Ent[ent_1137]	Ent[ent_1005]	Knicks	Bulls	nsubj|<-nsubj<-beat->dobj->|dobj
rel_185	Ent[ent_1137]	Ent[ent_1005]	Knicks	Bulls	nsubj|<-nsubj<-lose->prep->to->pobj->|pobj
rel_185	Ent[ent_308]	Ent[ent_1005]	Knicks	Bulls	nsubj|<-nsubj<-play->dobj->|dobj
rel_185	Ent[ent_308]	Ent[ent_1005]	Knicks	Bulls	nsubj|<-nsubj<-meet->dobj->|dobj
rel_185	Ent[ent_1137]	Ent[ent_1005]	Knicks	Bulls	nsubj|<-nsubj<-give->iobj->|iobj
rel_185	Ent[ent_308]	Ent[ent_1005]	Knicks	Bulls	poss|<-poss<-loss->prep->to->pobj->|pobj
rel_185	Ent[ent_308]	Ent[ent_1005]	Knicks	Bulls	poss|<-poss<-victory->prep->over->pobj->|pobj
rel_185	Ent[ent_308]	Ent[ent_1005]	Knicks	Bulls	nsubj|<-nsubj<-take->dobj->|dobj
rel_185	Ent[ent_308]	Ent[ent_1005]	Knicks	Bulls	nsubj|<-nsubj<-outlast->dobj->|dobj
rel_185	Ent[ent_1137]	Ent[ent_1005]	Knicks	Bulls	poss|<-poss<-information<-pobj<-for<-prep<-remove->nsubj->|nsubj
rel_185	Ent[ent_1004]	Ent[ent_1269]	Yankees	Red Sox	nsubj|<-nsubj<-play->dobj->|dobj
rel_185	Ent[ent_1004]	Ent[ent_309]	Yankees	Red Sox	nsubj|<-nsubj<-beat->dobj->|dobj
rel_185	Ent[ent_1239]	Ent[ent_309]	Yankees	Red Sox	nsubj|<-nsubj<-lose->prep->to->pobj->|pobj
rel_185	Ent[ent_1004]	Ent[ent_309]	Yankees	Red Sox	nsubj|<-nsubj<-lead->dobj->|dobj
rel_185	Ent[ent_1239]	Ent[ent_1269]	Yankees	Red Sox	nsubj|<-nsubj<-trail->dobj->|dobj
rel_185	Ent[ent_1239]	Ent[ent_309]	Yankees	Red Sox	poss|<-poss<-victory->prep->over->pobj->|pobj
rel_185	Ent[ent_1239]	Ent[ent_309]	Yankees	Red Sox	nsubj|<-nsubj<-defeat->dobj->|dobj
rel_185	Ent[ent_1004]	Ent[ent_1257]	Yankees	Red Sox	nsubj|<-nsubj<-sweep->dobj->|dobj
rel_185	Ent[ent_1004]	Ent[ent_309]	Yankees	Red Sox	nsubj|<-nsubj<-outlast->dobj->|dobj
rel_185	Ent[ent_1004]	Ent[ent_1269]	Yankees	Red Sox	nsubj|<-nsubj<-overtake->dobj->|dobj
rel_185	Ent[ent_1276]	Ent[ent_560]	Giants	Redskins	nsubj|<-nsubj<-beat->dobj->|dobj
rel_185	Ent[ent_561]	Ent[ent_560]	Giants	Redskins	nsubj|<-nsubj<-play->dobj->|dobj
rel_185	Ent[ent_1276]	Ent[ent_560]	Giants	Redskins	poss|<-poss<-victory->prep->over->pobj->|pobj
rel_185	Ent[ent_1069]	Ent[ent_369]	Giants	Redskins	nsubj|<-nsubj<-lose->prep->to->pobj->|pobj
rel_185	Ent[ent_561]	Ent[ent_560]	Giants	Redskins	nsubj|<-nsubj<-hold->dobj->|dobj
rel_77	Ent[ent_975]	Ent[ent_560]	Giants	Redskins	nsubj|<-nsubj<-defeat->dobj->|dobj
rel_185	Ent[ent_561]	Ent[ent_560]	Giants	Redskins	nsubj|<-nsubj<-upset->dobj->|dobj
rel_185	Ent[ent_1276]	Ent[ent_560]	Giants	Redskins	nsubj|<-nsubj<-open->prep->against->pobj->|pobj
rel_185	Ent[ent_1276]	Ent[ent_560]	Giants	Redskins	nsubj|<-nsubj<-play->prep->against->pobj->|pobj
rel_77	Ent[ent_975]	Ent[ent_560]	Giants	Redskins	nsubj|<-nsubj<-play->dobj->game->prep->against->pobj->|pobj
rel_353	Ent[ent_1239]	Ent[ent_1252]	Yankees	Mets	nsubj|<-nsubj<-play->dobj->|dobj
rel_353	Ent[ent_1239]	Ent[ent_1252]	Yankees	Mets	nsubj|<-nsubj<-beat->dobj->|dobj
rel_185	Ent[ent_1239]	Ent[ent_1264]	Yankees	Mets	poss|<-poss<-victory->prep->over->pobj->|pobj
rel_185	Ent[ent_1239]	Ent[ent_1264]	Yankees	Mets	nsubj|<-nsubj<-defeat->dobj->|dobj
rel_80	Ent[ent_646]	Ent[ent_1252]	Yankees	Mets	nsubj|<-nsubj<-lose->prep->to->pobj->|pobj
rel_26	Ent[ent_1239]	Ent[ent_321]	Yankees	Mets	nsubj|<-nsubj<-acquire->prep->from->pobj->|pobj
rel_399	Ent[ent_1004]	Ent[ent_1252]	Yankees	Mets	nsubj|<-nsubj<-trade->prep->to->pobj->|pobj
rel_185	Ent[ent_1239]	Ent[ent_1264]	Yankees	Mets	nsubj|<-nsubj<-sweep->dobj->|dobj
rel_355	Ent[ent_1004]	Ent[ent_321]	Yankees	Mets	nsubj|<-nsubj<-send->prep->to->pobj->|pobj
rel_80	Ent[ent_646]	Ent[ent_1252]	Yankees	Mets	nsubj|<-nsubj<-play->dobj->series->prep->against->pobj->|pobj
rel_185	Ent[ent_321]	Ent[ent_1239]	Mets	Yankees	nsubj|<-nsubj<-beat->dobj->|dobj
rel_185	Ent[ent_1252]	Ent[ent_1004]	Mets	Yankees	nsubj|<-nsubj<-trade->prep->to->pobj->|pobj
rel_185	Ent[ent_321]	Ent[ent_1239]	Mets	Yankees	nsubj|<-nsubj<-play->dobj->|dobj
rel_185	Ent[ent_321]	Ent[ent_1239]	Mets	Yankees	poss|<-poss<-victory->prep->over->pobj->|pobj
rel_185	Ent[ent_1252]	Ent[ent_1004]	Mets	Yankees	nsubj|<-nsubj<-sweep->dobj->|dobj
rel_185	Ent[ent_1252]	Ent[ent_1004]	Mets	Yankees	nsubj|<-nsubj<-lose->prep->to->pobj->|pobj
rel_185	Ent[ent_1252]	Ent[ent_1004]	Mets	Yankees	poss|<-poss<-game->prep->against->pobj->|pobj
rel_185	Ent[ent_321]	Ent[ent_1239]	Mets	Yankees	nsubj|<-nsubj<-face->dobj->|dobj
rel_77	Ent[ent_1264]	Ent[ent_408]	Mets	Yankees	nsubj|<-nsubj<-edge->dobj->|dobj
rel_185	Ent[ent_321]	Ent[ent_1239]	Mets	Yankees	poss|<-poss<-loss->prep->to->pobj->|pobj
rel_185	Ent[ent_563]	Ent[ent_561]	Eagles	Giants	nsubj|<-nsubj<-beat->dobj->|dobj
rel_185	Ent[ent_563]	Ent[ent_561]	Eagles	Giants	dobj|<-dobj<-play->prep->at->pobj->|pobj
rel_185	Ent[ent_563]	Ent[ent_561]	Eagles	Giants	pobj|<-pobj<-against<-prep<-game->prep->at->pobj->|pobj
rel_39	Ent[ent_563]	Ent[ent_1276]	Eagles	Giants	rcmod|->rcmod->beat->dobj->|dobj
rel_185	Ent[ent_563]	Ent[ent_561]	Eagles	Giants	poss|<-poss<-victory->prep->over->pobj->|pobj
rel_39	Ent[ent_563]	Ent[ent_1276]	Eagles	Giants	pobj|<-pobj<-against<-prep<-play->prep->at->pobj->|pobj
rel_185	Ent[ent_563]	Ent[ent_561]	Eagles	Giants	nsubj|<-nsubj<-play->dobj->|dobj
rel_185	Ent[ent_563]	Ent[ent_561]	Eagles	Giants	nsubj|<-nsubj<-lose->prep->to->pobj->|pobj
rel_185	Ent[ent_563]	Ent[ent_561]	Eagles	Giants	nsubj|<-nsubj<-face->dobj->|dobj
rel_185	Ent[ent_563]	Ent[ent_561]	Eagles	Giants	rcmod|->rcmod->play->nsubj->|nsubj
rel_185	Ent[ent_308]	Ent[ent_543]	Knicks	Nets	nsubj|<-nsubj<-beat->dobj->|dobj
rel_185	Ent[ent_308]	Ent[ent_543]	Knicks	Nets	nsubj|<-nsubj<-play->dobj->|dobj
rel_185	Ent[ent_308]	Ent[ent_1222]	Knicks	Nets	nsubj|<-nsubj<-lose->prep->to->pobj->|pobj
rel_185	Ent[ent_308]	Ent[ent_1206]	Knicks	Nets	nsubj|<-nsubj<-defeat->dobj->|dobj
rel_185	Ent[ent_308]	Ent[ent_1206]	Knicks	Nets	poss|<-poss<-victory->prep->over->pobj->|pobj
rel_185	Ent[ent_308]	Ent[ent_1222]	Knicks	Nets	nsubj|<-nsubj<-face->dobj->|dobj
rel_185	Ent[ent_308]	Ent[ent_1222]	Knicks	Nets	nsubj|<-nsubj<-host->prep->to->pobj->|pobj
rel_185	Ent[ent_308]	Ent[ent_1206]	Knicks	Nets	poss|<-poss<-loss->prep->to->pobj->|pobj
rel_185	Ent[ent_308]	Ent[ent_543]	Knicks	Nets	nsubj|<-nsubj<-outscore->dobj->|dobj
rel_185	Ent[ent_308]	Ent[ent_543]	Knicks	Nets	nsubj|<-nsubj<-meet->dobj->|dobj
rel_185	Ent[ent_1235]	Ent[ent_308]	Nets	Knicks	nsubj|<-nsubj<-beat->dobj->|dobj
rel_353	Ent[ent_1222]	Ent[ent_308]	Nets	Knicks	nsubj|<-nsubj<-defeat->dobj->|dobj
rel_353	Ent[ent_1222]	Ent[ent_308]	Nets	Knicks	nsubj|<-nsubj<-play->prep->to->pobj->|pobj
rel_72	Ent[ent_543]	Ent[ent_1111]	Nets	Knicks	nsubj|<-nsubj<-outscore->dobj->|dobj
rel_185	Ent[ent_1235]	Ent[ent_308]	Nets	Knicks	poss|<-poss<-rout->prep->of->pobj->|pobj
rel_353	Ent[ent_1222]	Ent[ent_308]	Nets	Knicks	nsubj|<-nsubj<-play->dobj->|dobj
rel_294	Ent[ent_1222]	Ent[ent_128]	Nets	Knicks	nsubj|<-nsubj<-outrebound->dobj->|dobj
rel_185	Ent[ent_1235]	Ent[ent_308]	Nets	Knicks	nsubj|<-nsubj<-lose->prep->to->pobj->|pobj
rel_185	Ent[ent_1235]	Ent[ent_308]	Nets	Knicks	nsubj|<-nsubj<-game->prep->behind->pobj->|pobj
rel_185	Ent[ent_1235]	Ent[ent_308]	Nets	Knicks	partmod|->partmod->trail->dobj->|dobj
rel_185	Ent[ent_561]	Ent[ent_320]	Giants	Cowboys	nsubj|<-nsubj<-beat->dobj->|dobj
rel_185	Ent[ent_561]	Ent[ent_320]	Giants	Cowboys	nsubj|<-nsubj<-lose->prep->to->pobj->|pobj
rel_185	Ent[ent_561]	Ent[ent_320]	Giants	Cowboys	nsubj|<-nsubj<-play->dobj->|dobj
rel_185	Ent[ent_1276]	Ent[ent_320]	Giants	Cowboys	poss|<-poss<-victory->prep->over->pobj->|pobj
rel_91	Ent[ent_508]	Ent[ent_320]	Giants	Cowboys	nsubj|<-nsubj<-stop->dobj->|dobj
rel_185	Ent[ent_1276]	Ent[ent_320]	Giants	Cowboys	nsubj|<-nsubj<-face->dobj->|dobj
rel_185	Ent[ent_1276]	Ent[ent_320]	Giants	Cowboys	poss|<-poss<-preparation->prep->for->pobj->|pobj
rel_185	Ent[ent_1276]	Ent[ent_320]	Giants	Cowboys	poss|<-poss<-injury->prep->against->pobj->|pobj
rel_91	Ent[ent_508]	Ent[ent_320]	Giants	Cowboys	nsubjpass|<-nsubjpass<-outscore->prep->by->pobj->|pobj
rel_185	Ent[ent_561]	Ent[ent_320]	Giants	Cowboys	nsubjpass|<-nsubjpass<-favor->prep->over->pobj->|pobj
rel_220	Ent[ent_562]	Ent[ent_323]	Mr. Smith	Brooklyn	nsubjpass|<-nsubjpass<-bear->prep->in->pobj->|pobj
rel_20	Ent[ent_562]	Ent[ent_1209]	Mr. Smith	Brooklyn	poss|<-poss<-retrospective->rcmod->open->prep->at->pobj->|pobj
rel_20	Ent[ent_562]	Ent[ent_1209]	Mr. Smith	Brooklyn	rcmod|->rcmod->begin->prep->as->pobj->usher->prep->in->pobj->theater->nn->|nn
rel_20	Ent[ent_562]	Ent[ent_1209]	Mr. Smith	Brooklyn	rcmod|->rcmod->bear->prep->in->pobj->|pobj
rel_220	Ent[ent_562]	Ent[ent_323]	Mr. Smith	Brooklyn	rcmod|->rcmod->await->dobj->arraignment->prep->in->pobj->|pobj
rel_20	Ent[ent_562]	Ent[ent_1209]	Mr. Smith	Brooklyn	poss|<-poss<-grandfather<-nsubj<-breeder<-nsubj<-pitcher->prep->for->pobj->|pobj
rel_20	Ent[ent_562]	Ent[ent_1209]	Mr. Smith	Brooklyn	poss|<-poss<-bodyguard<-nsubjpass<-shoot->prep->outside->pobj->warehouse->nn->|nn
rel_220	Ent[ent_562]	Ent[ent_323]	Mr. Smith	Brooklyn	poss|<-poss<-arraignment->prep->in->pobj->|pobj
rel_220	Ent[ent_562]	Ent[ent_323]	Mr. Smith	Brooklyn	nsubjpass|<-nsubjpass<-pull->prep->for->pobj->violation->prep->in->pobj->section->prep->of->pobj->|pobj
rel_220	Ent[ent_562]	Ent[ent_323]	Mr. Smith	Brooklyn	nsubjpass|<-nsubjpass<-charge->prep->in->pobj->|pobj
rel_316	Ent[ent_386]	Ent[ent_147]	Corliss Lamont	Englewood	nsubjpass|<-nsubjpass<-bear->prep->in->pobj->|pobj
rel_41	Ent[ent_83]	Ent[ent_861]	Tom Carvelas	Athens	nsubjpass|<-nsubjpass<-bear->prep->in->pobj->|pobj
rel_15	Ent[ent_201]	Ent[ent_1024]	Ms. Dryer	Toronto	nsubjpass|<-nsubjpass<-bear->prep->in->pobj->|pobj
rel_20	Ent[ent_314]	Ent[ent_1209]	Mr. Schwartz	Brooklyn	nsubjpass|<-nsubjpass<-bear->prep->in->pobj->|pobj
rel_20	Ent[ent_314]	Ent[ent_1209]	Mr. Schwartz	Brooklyn	prep|->prep->of->pobj->street->prep->in->pobj->|pobj
rel_20	Ent[ent_314]	Ent[ent_1209]	Mr. Schwartz	Brooklyn	poss|<-poss<-client<-nsubj<-include->dobj->|dobj
rel_27	Ent[ent_314]	Ent[ent_323]	Mr. Schwartz	Brooklyn	nsubjpass|<-nsubjpass<-arrest->prep->accord->dep->to->pobj->office->prep->in->pobj->|pobj
rel_20	Ent[ent_314]	Ent[ent_1209]	Mr. Schwartz	Brooklyn	nsubj|<-nsubj<-suggest->dobj->route->partmod->utilize->dobj->|dobj
rel_20	Ent[ent_314]	Ent[ent_1209]	Mr. Schwartz	Brooklyn	nsubj|<-nsubj<-miss->dobj->|dobj
rel_27	Ent[ent_314]	Ent[ent_323]	Mr. Schwartz	Brooklyn	appos|<-appos<-investigator<-nsubj<-work->prep->in->pobj->office->nn->|nn
rel_399	Ent[ent_556]	Ent[ent_655]	Mr. Lee	Taiwan	rcmod|->rcmod->bear->prep->in->pobj->|pobj
rel_173	Ent[ent_556]	Ent[ent_798]	Mr. Lee	Taiwan	nsubjpass|<-nsubjpass<-bear->prep->in->pobj->|pobj
rel_173	Ent[ent_556]	Ent[ent_798]	Mr. Lee	Taiwan	nsubj|<-nsubj<-native->prep->of->pobj->|pobj
rel_399	Ent[ent_556]	Ent[ent_655]	Mr. Lee	Taiwan	appos|->appos->president->prep->of->pobj->|pobj
rel_399	Ent[ent_556]	Ent[ent_655]	Mr. Lee	Taiwan	appos|->appos->director->amod->|amod
rel_173	Ent[ent_556]	Ent[ent_798]	Mr. Lee	Taiwan	appos|->appos->citizen->prep->of->pobj->|pobj
rel_399	Ent[ent_556]	Ent[ent_655]	Mr. Lee	Taiwan	rcmod|->rcmod->lead->dobj->|dobj
rel_173	Ent[ent_556]	Ent[ent_798]	Mr. Lee	Taiwan	rcmod|->rcmod->grow->prep->in->pobj->|pobj
rel_399	Ent[ent_556]	Ent[ent_655]	Mr. Lee	Taiwan	poss|<-poss<-visit->rcmod->attend->prep->at->pobj->mater->appos->president->prep->of->pobj->|pobj
rel_173	Ent[ent_556]	Ent[ent_798]	Mr. Lee	Taiwan	poss|<-poss<-visit<-dobj<-interpret->prep->as->pobj->support->prep->for->pobj->independence->amod->|amod
rel_15	Ent[ent_330]	Ent[ent_713]	Mr. Keene	Berkeley	nsubjpass|<-nsubjpass<-bear->prep->in->pobj->|pobj
rel_20	Ent[ent_929]	Ent[ent_1010]	Mr. Hamdi	Louisiana	nsubjpass|<-nsubjpass<-bear->prep->in->pobj->|pobj
rel_20	Ent[ent_929]	Ent[ent_1010]	Mr. Hamdi	Louisiana	rcmod|->rcmod->bear->prep->in->pobj->|pobj
rel_20	Ent[ent_929]	Ent[ent_1010]	Mr. Hamdi	Louisiana	partmod|->partmod->bear->prep->in->pobj->|pobj
rel_15	Ent[ent_316]	Ent[ent_33]	Mr. Gore	Washington	nsubjpass|<-nsubjpass<-bear->prep->in->pobj->|pobj
rel_15	Ent[ent_316]	Ent[ent_33]	Mr. Gore	Washington	nsubj|<-nsubj<-return->prep->to->pobj->|pobj
rel_9	Ent[ent_316]	Ent[ent_1002]	Mr. Gore	Washington	poss|<-poss<-home->prep->in->pobj->|pobj
rel_144	Ent[ent_316]	Ent[ent_927]	Mr. Gore	Washington	nsubj|<-nsubj<-move->prep->from->pobj->|pobj
rel_144	Ent[ent_316]	Ent[ent_927]	Mr. Gore	Washington	dobj|<-dobj<-portray->prep->as->pobj->insider->nn->|nn
rel_9	Ent[ent_316]	Ent[ent_1002]	Mr. Gore	Washington	rcmod|->rcmod->use->nsubj->magazine->amod->|amod
rel_9	Ent[ent_316]	Ent[ent_1002]	Mr. Gore	Washington	rcmod|->rcmod->travel->prep->to->pobj->|pobj
rel_15	Ent[ent_316]	Ent[ent_33]	Mr. Gore	Washington	rcmod|->rcmod->raise->prep->in->pobj->|pobj
rel_9	Ent[ent_316]	Ent[ent_1002]	Mr. Gore	Washington	rcmod|->rcmod->hold->dobj->office->prep->in->pobj->|pobj
rel_9	Ent[ent_316]	Ent[ent_1002]	Mr. Gore	Washington	rcmod|->rcmod->grow->prep->in->pobj->suburb->poss->|poss
rel_20	Ent[ent_558]	Ent[ent_1011]	Mr. Ghosn	Brazil	nsubjpass|<-nsubjpass<-bear->prep->in->pobj->|pobj
rel_20	Ent[ent_558]	Ent[ent_1011]	Mr. Ghosn	Brazil	rcmod|->rcmod->stay->nsubjpass->|nsubjpass
rel_20	Ent[ent_558]	Ent[ent_1011]	Mr. Ghosn	Brazil	rcmod|->rcmod->bear->prep->in->pobj->|pobj
rel_20	Ent[ent_558]	Ent[ent_1011]	Mr. Ghosn	Brazil	nsubj|<-nsubj<-take->nsubj->|nsubj
rel_20	Ent[ent_558]	Ent[ent_1011]	Mr. Ghosn	Brazil	appos|->appos->native->prep->of->pobj->|pobj
rel_232	Ent[ent_738]	Ent[ent_1011]	Mr. Ghosn	Brazil	appos|->appos->citizen->amod->|amod
rel_185	Ent[ent_315]	Ent[ent_1226]	Atlanta Braves	New York Mets	nsubj|<-nsubj<-defeat->dobj->|dobj
rel_185	Ent[ent_315]	Ent[ent_1226]	Atlanta Braves	New York Mets	nn|<-nn<-victory->prep->over->pobj->|pobj
rel_185	Ent[ent_315]	Ent[ent_1226]	Atlanta Braves	New York Mets	nsubj|<-nsubj<-beat->dobj->|dobj
rel_337	Ent[ent_315]	Ent[ent_1226]	Atlanta Braves	New York Mets	poss|<-poss<-loss<-dobj<-blame->prep->to->pobj->|pobj
rel_185	Ent[ent_315]	Ent[ent_1226]	Atlanta Braves	New York Mets	pobj|<-pobj<-like<-prep<-discuss->prep->like->pobj->|pobj
rel_337	Ent[ent_315]	Ent[ent_1226]	Atlanta Braves	New York Mets	partmod|->partmod->win->prep->against->pobj->|pobj
rel_185	Ent[ent_315]	Ent[ent_1226]	Atlanta Braves	New York Mets	partmod|->partmod->prepare->prep->for->pobj->series->prep->with->pobj->|pobj
rel_337	Ent[ent_315]	Ent[ent_1226]	Atlanta Braves	New York Mets	partmod|->partmod->prepare->prep->for->pobj->series->prep->against->pobj->|pobj
rel_337	Ent[ent_315]	Ent[ent_1226]	Atlanta Braves	New York Mets	partmod|->partmod->beat->dobj->|dobj
rel_337	Ent[ent_315]	Ent[ent_1226]	Atlanta Braves	New York Mets	nsubj|<-nsubj<-strand->dobj->man->prep->on->pobj->base->prep->to->pobj->|pobj
rel_185	Ent[ent_799]	Ent[ent_1012]	Boston Red Sox	New York Yankees	nsubj|<-nsubj<-defeat->dobj->|dobj
rel_185	Ent[ent_799]	Ent[ent_1012]	Boston Red Sox	New York Yankees	nsubj|<-nsubj<-beat->dobj->|dobj
rel_185	Ent[ent_799]	Ent[ent_1012]	Boston Red Sox	New York Yankees	nn|<-nn<-loss<-dobj<-discuss->prep->to->pobj->|pobj
rel_185	Ent[ent_799]	Ent[ent_1012]	Boston Red Sox	New York Yankees	poss|<-poss<-victory->prep->over->pobj->|pobj
rel_185	Ent[ent_799]	Ent[ent_1012]	Boston Red Sox	New York Yankees	nsubj|<-nsubj<-lose->prep->to->pobj->|pobj
rel_185	Ent[ent_799]	Ent[ent_1012]	Boston Red Sox	New York Yankees	rcmod|->rcmod->suffer->prep->at->pobj->hand->prep->of->pobj->|pobj
rel_185	Ent[ent_799]	Ent[ent_1012]	Boston Red Sox	New York Yankees	rcmod|->rcmod->lose->prep->to->pobj->|pobj
rel_185	Ent[ent_799]	Ent[ent_1012]	Boston Red Sox	New York Yankees	rcmod|->rcmod->include->prep->with->pobj->|pobj
rel_185	Ent[ent_799]	Ent[ent_1012]	Boston Red Sox	New York Yankees	rcmod|->rcmod->gain->prep->on->pobj->|pobj
rel_185	Ent[ent_799]	Ent[ent_1012]	Boston Red Sox	New York Yankees	poss|<-poss<-loss<-dobj<-discuss->prep->to->pobj->|pobj
rel_353	Ent[ent_318]	Ent[ent_1226]	Philadelphia Phillies	New York Mets	nsubj|<-nsubj<-defeat->dobj->|dobj
rel_353	Ent[ent_318]	Ent[ent_1226]	Philadelphia Phillies	New York Mets	nsubj|<-nsubj<-beat->dobj->|dobj
rel_353	Ent[ent_318]	Ent[ent_1226]	Philadelphia Phillies	New York Mets	pobj|<-pobj<-of<-prep<-manager<-pobj<-as<-prep<-q.->rcmod->be->nsubj->player->nn->|nn
rel_353	Ent[ent_318]	Ent[ent_1226]	Philadelphia Phillies	New York Mets	pobj|<-pobj<-for<-prep<-play<-partmod<-pitch->dobj->game->prep->against->pobj->|pobj
rel_353	Ent[ent_318]	Ent[ent_1226]	Philadelphia Phillies	New York Mets	pobj|<-pobj<-for<-prep<-pitch->prep->against->pobj->|pobj
rel_353	Ent[ent_318]	Ent[ent_1226]	Philadelphia Phillies	New York Mets	nn|<-nn<-loss->prep->to->pobj->|pobj
rel_355	Ent[ent_1013]	Ent[ent_1226]	Florida Marlins	New York Mets	nsubj|<-nsubj<-defeat->dobj->|dobj
rel_355	Ent[ent_1013]	Ent[ent_1226]	Florida Marlins	New York Mets	nsubj|<-nsubj<-beat->dobj->|dobj
rel_355	Ent[ent_1013]	Ent[ent_1226]	Florida Marlins	New York Mets	partmod|->partmod->trade->prep->to->pobj->|pobj
rel_355	Ent[ent_1013]	Ent[ent_1226]	Florida Marlins	New York Mets	nsubj|<-nsubj<-tell->dobj->|dobj
rel_355	Ent[ent_1013]	Ent[ent_1226]	Florida Marlins	New York Mets	nsubj|<-nsubj<-offer->dobj->contract->nn->|nn
rel_355	Ent[ent_1013]	Ent[ent_1226]	Florida Marlins	New York Mets	dep|<-dep<-call->dep->bear->dobj->resemblance->prep->to->pobj->|pobj
rel_185	Ent[ent_317]	Ent[ent_1012]	Toronto Blue Jays	New York Yankees	nsubj|<-nsubj<-defeat->dobj->|dobj
rel_185	Ent[ent_317]	Ent[ent_1012]	Toronto Blue Jays	New York Yankees	pobj|<-pobj<-with<-prep<-contract->dep->pass->dobj->offer->prep->from->pobj->|pobj
rel_185	Ent[ent_317]	Ent[ent_1012]	Toronto Blue Jays	New York Yankees	nsubj|<-nsubj<-beat->dobj->|dobj
rel_185	Ent[ent_317]	Ent[ent_1012]	Toronto Blue Jays	New York Yankees	nn|<-nn<-victory->prep->over->pobj->|pobj
rel_77	Ent[ent_134]	Ent[ent_1226]	Montreal Expos	New York Mets	nsubj|<-nsubj<-defeat->dobj->|dobj
rel_355	Ent[ent_559]	Ent[ent_1226]	Montreal Expos	New York Mets	nsubj|<-nsubj<-beat->dobj->|dobj
rel_355	Ent[ent_559]	Ent[ent_1226]	Montreal Expos	New York Mets	nsubj|<-nsubj<-play->prep->include->pobj->series->dep->weekend->prep->against->pobj->|pobj
rel_355	Ent[ent_559]	Ent[ent_1226]	Montreal Expos	New York Mets	nn|<-nn<-interview->prep->with->pobj->|pobj
rel_355	Ent[ent_559]	Ent[ent_1226]	Montreal Expos	New York Mets	dobj|<-dobj<-manage->prep->in->pobj->series->prep->against->pobj->|pobj
rel_353	Ent[ent_1014]	Ent[ent_1012]	Seattle Mariners	New York Yankees	nsubj|<-nsubj<-defeat->dobj->|dobj
rel_296	Ent[ent_1014]	Ent[ent_1012]	Seattle Mariners	New York Yankees	nn|<-nn<-victory->prep->over->pobj->|pobj
rel_353	Ent[ent_1014]	Ent[ent_1012]	Seattle Mariners	New York Yankees	pobj|<-pobj<-of<-prep<-season<-nsubjpass<-end->prep->of->pobj->|pobj
rel_296	Ent[ent_1014]	Ent[ent_1012]	Seattle Mariners	New York Yankees	nsubj|<-nsubj<-use->prep->to->pobj->|pobj
rel_353	Ent[ent_1014]	Ent[ent_1012]	Seattle Mariners	New York Yankees	nsubj|<-nsubj<-beat->dobj->|dobj
rel_353	Ent[ent_1014]	Ent[ent_1012]	Seattle Mariners	New York Yankees	nn|<-nn<-loss<-dobj<-discuss->prep->to->pobj->|pobj
rel_353	Ent[ent_1014]	Ent[ent_1012]	Seattle Mariners	New York Yankees	nn|<-nn<-comment->prep->on->pobj->|pobj
rel_185	Ent[ent_1016]	Ent[ent_1226]	San Diego Padres	New York Mets	nsubj|<-nsubj<-defeat->dobj->|dobj
rel_185	Ent[ent_1016]	Ent[ent_1226]	San Diego Padres	New York Mets	nsubj|<-nsubj<-beat->dobj->|dobj
rel_185	Ent[ent_1016]	Ent[ent_1226]	San Diego Padres	New York Mets	nsubj|<-nsubj<-face->dobj->|dobj
rel_185	Ent[ent_1016]	Ent[ent_1226]	San Diego Padres	New York Mets	nn|<-nn<-clubhouse->dep->play->dobj->|dobj
rel_185	Ent[ent_319]	Ent[ent_1012]	Baltimore Orioles	New York Yankees	nsubj|<-nsubj<-defeat->dobj->|dobj
rel_185	Ent[ent_319]	Ent[ent_1012]	Baltimore Orioles	New York Yankees	nn|<-nn<-victory->prep->over->pobj->|pobj
rel_185	Ent[ent_319]	Ent[ent_1012]	Baltimore Orioles	New York Yankees	nsubj|<-nsubj<-beat->dobj->|dobj
rel_267	Ent[ent_319]	Ent[ent_1012]	Baltimore Orioles	New York Yankees	poss|<-poss<-loss<-dobj<-assess->prep->to->pobj->|pobj
rel_267	Ent[ent_319]	Ent[ent_1012]	Baltimore Orioles	New York Yankees	pobj|<-pobj<-on<-prep<-article->partmod->prepare->prep->for->pobj->series->prep->with->pobj->|pobj
rel_267	Ent[ent_319]	Ent[ent_1012]	Baltimore Orioles	New York Yankees	pobj|<-pobj<-on<-prep<-article->partmod->prepare->prep->for->pobj->series->prep->against->pobj->|pobj
rel_267	Ent[ent_319]	Ent[ent_1012]	Baltimore Orioles	New York Yankees	pobj|<-pobj<-for<-prep<-knuckleballer->prep->against->pobj->|pobj
rel_267	Ent[ent_319]	Ent[ent_1012]	Baltimore Orioles	New York Yankees	nsubj|<-nsubj<-protest->prep->to->pobj->|pobj
rel_142	Ent[ent_665]	Ent[ent_1012]	Baltimore Orioles	New York Yankees	nsubj|<-nsubj<-discuss->prep->to->pobj->|pobj
rel_267	Ent[ent_319]	Ent[ent_1012]	Baltimore Orioles	New York Yankees	nsubj|<-nsubj<-come->prep->for->pobj->meeting->prep->with->pobj->|pobj
rel_185	Ent[ent_1016]	Ent[ent_1226]	St Louis Cardinals	New York Mets	nsubj|<-nsubj<-defeat->dobj->|dobj
rel_185	Ent[ent_1016]	Ent[ent_1226]	St Louis Cardinals	New York Mets	poss|<-poss<-series->prep->with->pobj->|pobj
rel_185	Ent[ent_1016]	Ent[ent_1226]	St Louis Cardinals	New York Mets	pobj|<-pobj<-with<-prep<-return->prep->in->pobj->matchup->prep->against->pobj->|pobj
rel_185	Ent[ent_1016]	Ent[ent_1226]	St Louis Cardinals	New York Mets	nsubj|<-nsubj<-hit->prep->in->pobj->game->prep->of->pobj->doubleheader->prep->against->pobj->|pobj
rel_185	Ent[ent_1016]	Ent[ent_1226]	St Louis Cardinals	New York Mets	nsubj|<-nsubj<-beat->dobj->|dobj
rel_164	Ent[ent_570]	Ent[ent_1209]	East New York	Brooklyn	nn|<-nn<-section->prep->of->pobj->|pobj
rel_164	Ent[ent_570]	Ent[ent_1209]	East New York	Brooklyn	nn|<-nn<-area->prep->of->pobj->|pobj
rel_164	Ent[ent_570]	Ent[ent_1209]	East New York	Brooklyn	nn|<-nn<-neighborhood->prep->of->pobj->|pobj
rel_351	Ent[ent_570]	Ent[ent_1209]	East New York	Brooklyn	pobj|<-pobj<-in<-prep<-school->appos->|appos
rel_351	Ent[ent_570]	Ent[ent_1209]	East New York	Brooklyn	nn|<-nn<-station->prep->in->pobj->|pobj
rel_351	Ent[ent_570]	Ent[ent_1209]	East New York	Brooklyn	nn|<-nn<-school->prep->in->pobj->|pobj
rel_164	Ent[ent_570]	Ent[ent_1209]	East New York	Brooklyn	appos|->appos->section->prep->of->pobj->|pobj
rel_164	Ent[ent_570]	Ent[ent_1209]	East New York	Brooklyn	pobj|<-pobj<-of<-prep<-street<-pobj<-to<-prep<-carry->dobj->section->prep->of->pobj->|pobj
rel_164	Ent[ent_570]	Ent[ent_1209]	East New York	Brooklyn	nn|<-nn<-neighborhood->prep->in->pobj->|pobj
rel_164	Ent[ent_570]	Ent[ent_1209]	East New York	Brooklyn	rcmod|->rcmod->endorse->prep->in->pobj->|pobj
rel_164	Ent[ent_330]	Ent[ent_572]	Riverdale	Bronx	nn|<-nn<-section->prep->of->pobj->|pobj
rel_323	Ent[ent_330]	Ent[ent_1223]	Riverdale	Bronx	pobj|<-pobj<-in<-prep<-live->prep->in->pobj->|pobj
rel_323	Ent[ent_330]	Ent[ent_1223]	Riverdale	Bronx	pobj|<-pobj<-in<-prep<-aged->appos->|appos
rel_164	Ent[ent_330]	Ent[ent_572]	Riverdale	Bronx	appos|<-appos<-street->appos->|appos
rel_323	Ent[ent_330]	Ent[ent_1223]	Riverdale	Bronx	pobj|<-pobj<-of<-prep<-neighborhood->prep->in->pobj->|pobj
rel_164	Ent[ent_330]	Ent[ent_572]	Riverdale	Bronx	nn|<-nn<-neighborhood->prep->of->pobj->|pobj
rel_294	Ent[ent_1034]	Ent[ent_1223]	Riverdale	Bronx	nn|<-nn<-area->prep->of->pobj->|pobj
rel_164	Ent[ent_330]	Ent[ent_572]	Riverdale	Bronx	pobj|<-pobj<-to<-prep<-move->prep->in->pobj->|pobj
rel_55	Ent[ent_1167]	Ent[ent_572]	Riverdale	Bronx	pobj|<-pobj<-in<-prep<-street->appos->|appos
rel_323	Ent[ent_330]	Ent[ent_1223]	Riverdale	Bronx	pobj|<-pobj<-in<-prep<-home->prep->in->pobj->|pobj
rel_164	Ent[ent_571]	Ent[ent_1209]	Bedford-Stuyvesant	Brooklyn	nn|<-nn<-section->prep->of->pobj->|pobj
rel_164	Ent[ent_571]	Ent[ent_1209]	Bedford-Stuyvesant	Brooklyn	nn|<-nn<-neighborhood->prep->of->pobj->|pobj
rel_164	Ent[ent_571]	Ent[ent_323]	Bedford-Stuyvesant	Brooklyn	nn|<-nn<-area->prep->of->pobj->|pobj
rel_164	Ent[ent_571]	Ent[ent_1209]	Bedford-Stuyvesant	Brooklyn	nn|<-nn<-neighborhood->prep->in->pobj->|pobj
rel_164	Ent[ent_571]	Ent[ent_323]	Bedford-Stuyvesant	Brooklyn	pobj|<-pobj<-in<-prep<-school->prep->in->pobj->|pobj
rel_164	Ent[ent_571]	Ent[ent_323]	Bedford-Stuyvesant	Brooklyn	pobj|<-pobj<-to<-prep<-move->prep->in->pobj->|pobj
rel_164	Ent[ent_571]	Ent[ent_1209]	Bedford-Stuyvesant	Brooklyn	pobj|<-pobj<-in<-prep<-burglarize<-csubj<-venture->appos->time->dep->cause->prep->in->pobj->neighborhood->nn->|nn
rel_164	Ent[ent_571]	Ent[ent_323]	Bedford-Stuyvesant	Brooklyn	nn|<-nn<-section->prep->of->pobj->bickering->nn->|nn
rel_164	Ent[ent_571]	Ent[ent_323]	Bedford-Stuyvesant	Brooklyn	nn|<-nn<-district->prep->of->pobj->|pobj
rel_164	Ent[ent_571]	Ent[ent_1209]	Bedford-Stuyvesant	Brooklyn	rcmod|->rcmod->serve->prep->as->pobj->entrance->prep->to->pobj->|pobj
rel_164	Ent[ent_332]	Ent[ent_1209]	Williamsburg	Brooklyn	nn|<-nn<-section->prep->of->pobj->|pobj
rel_164	Ent[ent_332]	Ent[ent_1209]	Williamsburg	Brooklyn	nn|<-nn<-area->prep->of->pobj->|pobj
rel_164	Ent[ent_332]	Ent[ent_1209]	Williamsburg	Brooklyn	nn|<-nn<-neighborhood->prep->of->pobj->|pobj
rel_164	Ent[ent_332]	Ent[ent_1209]	Williamsburg	Brooklyn	nn|<-nn<-waterfront->prep->in->pobj->|pobj
rel_164	Ent[ent_332]	Ent[ent_1209]	Williamsburg	Brooklyn	nn|<-nn<-neighborhood->prep->in->pobj->|pobj
rel_118	Ent[ent_332]	Ent[ent_323]	Williamsburg	Brooklyn	pobj|<-pobj<-from<-prep<-trip<-dobj<-take->prep->to->pobj->enclave->nn->|nn
rel_164	Ent[ent_332]	Ent[ent_1209]	Williamsburg	Brooklyn	nn|<-nn<-section->prep->in->pobj->|pobj
rel_192	Ent[ent_332]	Ent[ent_225]	Williamsburg	Brooklyn	nn|<-nn<-section<-pobj<-of<-prep<-community<-nsubj<-put->prep->in->pobj->|pobj
rel_118	Ent[ent_332]	Ent[ent_323]	Williamsburg	Brooklyn	appos|->appos->voice->nn->|nn
rel_164	Ent[ent_332]	Ent[ent_1209]	Williamsburg	Brooklyn	appos|->appos->section->prep->of->pobj->|pobj
rel_164	Ent[ent_574]	Ent[ent_1209]	Flatbush	Brooklyn	nn|<-nn<-section->prep->of->pobj->|pobj
rel_164	Ent[ent_574]	Ent[ent_1209]	Flatbush	Brooklyn	nn|<-nn<-area->prep->of->pobj->|pobj
rel_164	Ent[ent_574]	Ent[ent_1209]	Flatbush	Brooklyn	nn|<-nn<-neighborhood->prep->of->pobj->|pobj
rel_164	Ent[ent_574]	Ent[ent_1209]	Flatbush	Brooklyn	appos|->appos->neighborhood->nn->|nn
rel_164	Ent[ent_574]	Ent[ent_1209]	Flatbush	Brooklyn	pobj|<-pobj<-of<-prep<-intersection<-pobj<-near<-prep<--rrb-->prep->in->pobj->section->prep->of->pobj->|pobj
rel_142	Ent[ent_574]	Ent[ent_323]	Flatbush	Brooklyn	pobj|<-pobj<-at<-prep<-be->prep->in->pobj->section->prep->of->pobj->|pobj
rel_164	Ent[ent_574]	Ent[ent_1209]	Flatbush	Brooklyn	nn|<-nn<-section->rcmod->announce->nsubj->|nsubj
rel_164	Ent[ent_574]	Ent[ent_1209]	Flatbush	Brooklyn	appos|->appos->neighborhood->prep->in->pobj->|pobj
rel_142	Ent[ent_574]	Ent[ent_323]	Flatbush	Brooklyn	prep|->prep->of->pobj->intersection->prep->in->pobj->|pobj
rel_164	Ent[ent_574]	Ent[ent_1209]	Flatbush	Brooklyn	pobj|<-pobj<-to<-prep<-move->prep->in->pobj->|pobj
rel_164	Ent[ent_331]	Ent[ent_1209]	Crown Heights	Brooklyn	nn|<-nn<-section->prep->of->pobj->|pobj
rel_164	Ent[ent_331]	Ent[ent_1209]	Crown Heights	Brooklyn	nn|<-nn<-neighborhood->prep->of->pobj->|pobj
rel_164	Ent[ent_331]	Ent[ent_1209]	Crown Heights	Brooklyn	nn|<-nn<-neighborhood->prep->in->pobj->|pobj
rel_164	Ent[ent_331]	Ent[ent_1209]	Crown Heights	Brooklyn	appos|->appos->neighborhood->nn->|nn
rel_5	Ent[ent_331]	Ent[ent_323]	Crown Heights	Brooklyn	nn|<-nn<-violence->prep->in->pobj->|pobj
rel_164	Ent[ent_331]	Ent[ent_1209]	Crown Heights	Brooklyn	nn|<-nn<-area->prep->of->pobj->|pobj
rel_164	Ent[ent_331]	Ent[ent_1209]	Crown Heights	Brooklyn	pobj|<-pobj<-in<-prep<-nurture->nsubj->neighborhood->nn->|nn
rel_164	Ent[ent_331]	Ent[ent_1209]	Crown Heights	Brooklyn	nn|<-nn<-trial->prep->in->pobj->|pobj
rel_90	Ent[ent_331]	Ent[ent_1010]	Crown Heights	Brooklyn	nn|<-nn<-riot->prep->in->pobj->|pobj
rel_90	Ent[ent_331]	Ent[ent_1010]	Crown Heights	Brooklyn	nn|<-nn<-disturbance->prep->in->pobj->|pobj
rel_164	Ent[ent_573]	Ent[ent_323]	Bensonhurst	Brooklyn	nn|<-nn<-section->prep->of->pobj->|pobj
rel_164	Ent[ent_573]	Ent[ent_323]	Bensonhurst	Brooklyn	nn|<-nn<-neighborhood->prep->of->pobj->|pobj
rel_164	Ent[ent_573]	Ent[ent_323]	Bensonhurst	Brooklyn	appos|->appos->neighborhood->prep->in->pobj->|pobj
rel_164	Ent[ent_573]	Ent[ent_323]	Bensonhurst	Brooklyn	nn|<-nn<-area->prep->of->pobj->|pobj
rel_164	Ent[ent_573]	Ent[ent_323]	Bensonhurst	Brooklyn	nn|<-nn<-area->prep->in->pobj->|pobj
rel_134	Ent[ent_573]	Ent[ent_1209]	Bensonhurst	Brooklyn	pobj|<-pobj<-in<-prep<-witness->appos->|appos
rel_164	Ent[ent_573]	Ent[ent_323]	Bensonhurst	Brooklyn	nn|<-nn<-neighborhood->prep->in->pobj->|pobj
rel_164	Ent[ent_573]	Ent[ent_323]	Bensonhurst	Brooklyn	nn|<-nn<-case<-pobj<-in<-prep<-prosecutor<-nsubj<-resign->prep->from->pobj->office->poss->attorney->nn->|nn
rel_134	Ent[ent_573]	Ent[ent_1209]	Bensonhurst	Brooklyn	dep|<-dep<-racial->prep->in->pobj->|pobj
rel_164	Ent[ent_573]	Ent[ent_323]	Bensonhurst	Brooklyn	appos|->appos->section->prep->of->pobj->|pobj
rel_164	Ent[ent_334]	Ent[ent_1209]	Park Slope	Brooklyn	nn|<-nn<-section->prep->of->pobj->|pobj
rel_353	Ent[ent_334]	Ent[ent_1010]	Park Slope	Brooklyn	appos|->appos->writer->nn->|nn
rel_164	Ent[ent_334]	Ent[ent_1209]	Park Slope	Brooklyn	nn|<-nn<-neighborhood->prep->of->pobj->|pobj
rel_164	Ent[ent_334]	Ent[ent_1209]	Park Slope	Brooklyn	appos|->appos->neighborhood->nn->|nn
rel_164	Ent[ent_334]	Ent[ent_1209]	Park Slope	Brooklyn	nn|<-nn<-area->prep->of->pobj->|pobj
rel_353	Ent[ent_334]	Ent[ent_1010]	Park Slope	Brooklyn	rcmod|->rcmod->make->dobj->group->dep->|dep
rel_164	Ent[ent_334]	Ent[ent_1209]	Park Slope	Brooklyn	pobj|<-pobj<-in<-prep<-lot<-pobj<-in<-prep<-dump->prep->in->pobj->|pobj
rel_164	Ent[ent_334]	Ent[ent_1209]	Park Slope	Brooklyn	appos|->appos->correction->nn->|nn
rel_192	Ent[ent_334]	Ent[ent_323]	Park Slope	Brooklyn	trigger#writer Mariellé_Anzelone_Park_Slope Brooklyn source#Marielléappos|->appos->writer->nn->|nné_Anzelone_Park_Slope_,_Brooklyn_The_writer_is_a_botanist_and_urban_ecologist_. lex#, pos#, rc#The_writer
rel_353	Ent[ent_334]	Ent[ent_1010]	Park Slope	Brooklyn	trigger#recommend,-lrb-718-rrb- 965-3391 Fourth_Street_Park_Slope Brooklyn source#Fourth/JJ/LOCATION_Street/NNP/LOCATION_Park/NNP/LOCATION_Slope/NNP/LOCATION dest#Brooklyn/NNP/LOCATION path#pobj|<-pobj<-at<-prep<-recommend->nsubj->-lrb-718-rrb- 965-3391->nn->|nn sen#'_Pinocchio_'_Puppetworks_338_Sixth_Avenue_,_at_Fourth_Street_Park_Slope_,_Brooklyn_(718)_965-3391_Recommended_ages_:_3_to_8_Through_Dec._20_In_the_Puppetworks_storefront_theater_,_devoted_exclusively_to_marionette_shows_,_Pinocchio_gets_his_comeuppance_in_the_usual_way_. lex#, pos#, lc#,_at rc#(718)_965-3391_Recommended
rel_164	Ent[ent_576]	Ent[ent_1240]	Chelsea	Manhattan	nn|<-nn<-section->prep->of->pobj->|pobj
rel_164	Ent[ent_576]	Ent[ent_1240]	Chelsea	Manhattan	nn|<-nn<-neighborhood->prep->of->pobj->|pobj
rel_164	Ent[ent_576]	Ent[ent_1240]	Chelsea	Manhattan	nn|<-nn<-area->prep->of->pobj->|pobj
rel_339	Ent[ent_722]	Ent[ent_119]	Chelsea	Manhattan	nn|<-nn<-neighborhood->prep->in->pobj->|pobj
rel_9	Ent[ent_576]	Ent[ent_483]	Chelsea	Manhattan	nn|<-nn<-district->prep->of->pobj->|pobj
rel_164	Ent[ent_576]	Ent[ent_1240]	Chelsea	Manhattan	nsubj|<-nsubj<-district->prep->in->pobj->|pobj
rel_164	Ent[ent_576]	Ent[ent_1240]	Chelsea	Manhattan	nn|<-nn<-pier->prep->in->pobj->|pobj
rel_232	Ent[ent_576]	Ent[ent_670]	Chelsea	Manhattan	rcmod|->rcmod->stretch->dobj->equivalent->prep->of->pobj->block->nn->|nn
rel_77	Ent[ent_403]	Ent[ent_1240]	Chelsea	Manhattan	prep|->prep->on->pobj->side->prep->of->pobj->|pobj
rel_339	Ent[ent_403]	Ent[ent_333]	Chelsea	Manhattan	prep|->prep->for->pobj->solo->nn->|nn
rel_164	Ent[ent_575]	Ent[ent_1209]	Brownsville	Brooklyn	nn|<-nn<-section->prep->of->pobj->|pobj
rel_164	Ent[ent_575]	Ent[ent_1209]	Brownsville	Brooklyn	nn|<-nn<-district->prep->in->pobj->|pobj
rel_164	Ent[ent_575]	Ent[ent_1209]	Brownsville	Brooklyn	nn|<-nn<-area->prep->of->pobj->|pobj
rel_332	Ent[ent_575]	Ent[ent_323]	Brownsville	Brooklyn	appos|->appos->neighborhood->nn->|nn
rel_332	Ent[ent_575]	Ent[ent_323]	Brownsville	Brooklyn	nn|<-nn<-project->prep->in->pobj->|pobj
rel_164	Ent[ent_575]	Ent[ent_1209]	Brownsville	Brooklyn	nn|<-nn<-neighborhood->prep->of->pobj->|pobj
rel_164	Ent[ent_575]	Ent[ent_1209]	Brownsville	Brooklyn	pobj|<-pobj<-in<-prep<-school->prep->in->pobj->|pobj
rel_164	Ent[ent_575]	Ent[ent_1209]	Brownsville	Brooklyn	nn|<-nn<-branch->prep->of->pobj->|pobj
rel_164	Ent[ent_575]	Ent[ent_1209]	Brownsville	Brooklyn	appos|->appos->neighborhood->prep->in->pobj->|pobj
rel_332	Ent[ent_575]	Ent[ent_323]	Brownsville	Brooklyn	pobj|<-pobj<-in<-prep<-grow->prep->in->pobj->|pobj
rel_27	Ent[ent_1028]	Ent[ent_175]	Zenia Mucha	Mr. Pataki	appos|->appos->spokeswoman->prep->for->pobj->|pobj
rel_144	Ent[ent_1028]	Ent[ent_175]	Zenia Mucha	Mr. Pataki	appos|->appos->director->poss->|poss
rel_27	Ent[ent_1028]	Ent[ent_175]	Zenia Mucha	Mr. Pataki	appos|->appos->spokeswoman->poss->|poss
rel_27	Ent[ent_1028]	Ent[ent_175]	Zenia Mucha	Mr. Pataki	appos|->appos->adviser->prep->to->pobj->|pobj
rel_144	Ent[ent_1028]	Ent[ent_175]	Zenia Mucha	Mr. Pataki	appos|->appos->manager->poss->|poss
rel_144	Ent[ent_1028]	Ent[ent_175]	Zenia Mucha	Mr. Pataki	rcmod|->rcmod->director->prep->for->pobj->|pobj
rel_144	Ent[ent_1028]	Ent[ent_175]	Zenia Mucha	Mr. Pataki	appos|<-appos<-today->appos->spokeswoman->prep->for->pobj->|pobj
rel_144	Ent[ent_1028]	Ent[ent_175]	Zenia Mucha	Mr. Pataki	appos|<-appos<-spokeswoman<-nsubj<-say->dep->appropriate->dobj->charge->prep->against->pobj->|pobj
rel_144	Ent[ent_1028]	Ent[ent_175]	Zenia Mucha	Mr. Pataki	appos|<-appos<-spokeswoman<-nsubj<-anger<-dep<-quiet->nsubj->|nsubj
rel_27	Ent[ent_1028]	Ent[ent_175]	Zenia Mucha	Mr. Pataki	appos|->appos->spokesman->prep->for->pobj->|pobj
rel_144	Ent[ent_1029]	Ent[ent_1199]	Nancy Nielsen	The Times	appos|->appos->spokeswoman->prep->for->pobj->|pobj
rel_399	Ent[ent_1029]	Ent[ent_1287]	Nancy Nielsen	The Times	appos|->appos->spokesman->prep->for->pobj->|pobj
rel_144	Ent[ent_1029]	Ent[ent_1199]	Nancy Nielsen	The Times	appos|->appos->president->prep->for->pobj->communication->prep->for->pobj->|pobj
rel_27	Ent[ent_567]	Ent[ent_1020]	Ellen Borakove	Medical Examiner	appos|->appos->spokeswoman->prep->for->pobj->office->poss->|poss
rel_27	Ent[ent_567]	Ent[ent_1020]	Ellen Borakove	Medical Examiner	appos|->appos->spokeswoman->prep->for->pobj->|pobj
rel_27	Ent[ent_567]	Ent[ent_1020]	Ellen Borakove	Medical Examiner	nsubj|<-nsubj<-say->partmod->speak->prep->for->pobj->office->poss->|poss
rel_27	Ent[ent_567]	Ent[ent_1020]	Ellen Borakove	Medical Examiner	appos|->appos->spokeswoman->prep->for->pobj->city->dep->|dep
rel_27	Ent[ent_567]	Ent[ent_1020]	Ellen Borakove	Medical Examiner	partmod|->partmod->speak->prep->for->pobj->office->poss->|poss
rel_27	Ent[ent_567]	Ent[ent_1020]	Ellen Borakove	Medical Examiner	nsubj|<-nsubj<-say->prep->in->pobj->rule->nsubj->|nsubj
rel_27	Ent[ent_567]	Ent[ent_1020]	Ellen Borakove	Medical Examiner	appos|->appos->spokeswoman->prep->for->pobj->officer->poss->|poss
rel_27	Ent[ent_567]	Ent[ent_1020]	Ellen Borakove	Medical Examiner	appos|->appos->spokesman->prep->for->pobj->|pobj
rel_27	Ent[ent_567]	Ent[ent_1020]	Ellen Borakove	Medical Examiner	appos|->appos->director->prep->for->pobj->office->poss->|poss
rel_144	Ent[ent_324]	Ent[ent_372]	Susan Amlung	United Federation of Teachers	appos|->appos->spokeswoman->prep->for->pobj->|pobj
rel_144	Ent[ent_324]	Ent[ent_372]	Susan Amlung	United Federation of Teachers	appos|->appos->spokesman->prep->for->pobj->|pobj
rel_144	Ent[ent_324]	Ent[ent_372]	Susan Amlung	United Federation of Teachers	nsubj|<-nsubj<-say->nsubj->|nsubj
rel_144	Ent[ent_324]	Ent[ent_372]	Susan Amlung	United Federation of Teachers	appos|->appos->director->prep->of->pobj->communication->prep->of->pobj->|pobj
rel_144	Ent[ent_324]	Ent[ent_372]	Susan Amlung	United Federation of Teachers	appos|->appos->director->prep->for->pobj->|pobj
rel_27	Ent[ent_566]	Ent[ent_1021]	Margie Feinberg	Board of Education	appos|->appos->spokeswoman->prep->for->pobj->|pobj
rel_27	Ent[ent_566]	Ent[ent_1021]	Margie Feinberg	Board of Education	appos|->appos->spokeswoman->dep->|dep
rel_27	Ent[ent_566]	Ent[ent_1021]	Margie Feinberg	Board of Education	appos|->appos->spokeswoman->prep->for->pobj->city->dep->|dep
rel_27	Ent[ent_566]	Ent[ent_1021]	Margie Feinberg	Board of Education	appos|->appos->spokesman->prep->for->pobj->|pobj
rel_27	Ent[ent_566]	Ent[ent_1021]	Margie Feinberg	Board of Education	appos|<-appos<-response->appos->spokeswoman->dep->|dep
rel_27	Ent[ent_566]	Ent[ent_1021]	Margie Feinberg	Board of Education	appos|<-appos<-respect<-pobj<-with<-prep<-say->nsubj->spokeswoman->prep->for->pobj->|pobj
rel_110	Ent[ent_980]	Ent[ent_413]	Carol Abrams	Department of Housing Preservation and Development	appos|->appos->spokeswoman->prep->for->pobj->|pobj
rel_208	Ent[ent_655]	Ent[ent_413]	Carol Abrams	Department of Housing Preservation and Development	appos|<-appos<-rally<-pobj<-about<-prep<-ask<-dep<-say->nsubj->spokeswoman->prep->for->pobj->|pobj
rel_27	Ent[ent_1022]	Ent[ent_161]	Ilyse Fink	Department of Buildings	appos|->appos->spokeswoman->prep->for->pobj->|pobj
rel_27	Ent[ent_1022]	Ent[ent_161]	Ilyse Fink	Department of Buildings	appos|->appos->director->prep->for->pobj->|pobj
rel_27	Ent[ent_1022]	Ent[ent_161]	Ilyse Fink	Department of Buildings	dep|->dep->spokeswoman->prep->for->pobj->|pobj
rel_27	Ent[ent_1022]	Ent[ent_161]	Ilyse Fink	Department of Buildings	appos|->appos->spokeswoman->prep->in->pobj->|pobj
rel_27	Ent[ent_1022]	Ent[ent_161]	Ilyse Fink	Department of Buildings	appos|->appos->spokeswoman->prep->at->pobj->|pobj
rel_27	Ent[ent_1022]	Ent[ent_161]	Ilyse Fink	Department of Buildings	appos|->appos->spokesman->prep->for->pobj->|pobj
rel_27	Ent[ent_1022]	Ent[ent_161]	Ilyse Fink	Department of Buildings	appos|->appos->director->prep->of->pobj->communication->prep->of->pobj->|pobj
rel_144	Ent[ent_542]	Ent[ent_382]	Marjorie Anders	Metro-North	appos|->appos->spokeswoman->prep->for->pobj->|pobj
rel_192	Ent[ent_326]	Ent[ent_568]	Marjorie Anders	Metro-North	appos|->appos->spokeswoman->nn->|nn
rel_192	Ent[ent_326]	Ent[ent_568]	Marjorie Anders	Metro-North	appos|->appos->spokesman->prep->for->pobj->|pobj
rel_27	Ent[ent_840]	Ent[ent_329]	Janel Patterson	Economic Development Corporation	appos|->appos->spokeswoman->prep->for->pobj->|pobj
rel_192	Ent[ent_291]	Ent[ent_329]	Janel Patterson	Economic Development Corporation	rcmod|->rcmod->say->nsubj->spokeswoman->prep->for->pobj->|pobj
rel_27	Ent[ent_840]	Ent[ent_329]	Janel Patterson	Economic Development Corporation	appos|->appos->spokeswoman->nn->|nn
rel_192	Ent[ent_291]	Ent[ent_329]	Janel Patterson	Economic Development Corporation	appos|->appos->spokesman->prep->for->pobj->|pobj
rel_27	Ent[ent_1024]	Ent[ent_328]	Patricia Lynch	Mr. Silver	appos|->appos->spokeswoman->prep->for->pobj->|pobj
rel_27	Ent[ent_1024]	Ent[ent_328]	Patricia Lynch	Mr. Silver	appos|->appos->spokeswoman->poss->|poss
rel_27	Ent[ent_1024]	Ent[ent_328]	Patricia Lynch	Mr. Silver	appos|->appos->secretary->poss->|poss
rel_27	Ent[ent_1024]	Ent[ent_328]	Patricia Lynch	Mr. Silver	appos|->appos->aide->prep->to->pobj->|pobj
rel_399	Ent[ent_1025]	Ent[ent_1026]	Bernard J. Ebbers	WorldCom	appos|->appos->executive->prep->of->pobj->|pobj
rel_28	Ent[ent_1025]	Ent[ent_1026]	Bernard J. Ebbers	WorldCom	appos|->appos->executive->poss->|poss
rel_28	Ent[ent_1025]	Ent[ent_1026]	Bernard J. Ebbers	WorldCom	appos|->appos->executive->nn->|nn
rel_399	Ent[ent_1025]	Ent[ent_1026]	Bernard J. Ebbers	WorldCom	appos|->appos->chairman->prep->of->pobj->|pobj
rel_399	Ent[ent_1025]	Ent[ent_1026]	Bernard J. Ebbers	WorldCom	appos|->appos->founder->prep->of->pobj->|pobj
rel_399	Ent[ent_1025]	Ent[ent_1026]	Bernard J. Ebbers	WorldCom	appos|->appos->founder->poss->|poss
rel_28	Ent[ent_1025]	Ent[ent_1026]	Bernard J. Ebbers	WorldCom	appos|->appos->man->rcmod->build->dobj->|dobj
rel_399	Ent[ent_1025]	Ent[ent_1026]	Bernard J. Ebbers	WorldCom	appos|->appos->chief->prep->of->pobj->|pobj
rel_399	Ent[ent_1025]	Ent[ent_1026]	Bernard J. Ebbers	WorldCom	pobj|<-pobj<-of<-prep<-conviction->prep->for->pobj->role->prep->in->pobj->fraud->nn->|nn
rel_399	Ent[ent_1025]	Ent[ent_1026]	Bernard J. Ebbers	WorldCom	appos|->appos->head->prep->of->pobj->|pobj
rel_28	Ent[ent_1027]	Ent[ent_581]	L. Dennis Kozlowski	Tyco International	appos|->appos->executive->prep->of->pobj->|pobj
rel_399	Ent[ent_1027]	Ent[ent_581]	L. Dennis Kozlowski	Tyco International	appos|->appos->chairman->prep->of->pobj->|pobj
rel_28	Ent[ent_1027]	Ent[ent_581]	L. Dennis Kozlowski	Tyco International	appos|->appos->executive->nn->|nn
rel_28	Ent[ent_1027]	Ent[ent_581]	L. Dennis Kozlowski	Tyco International	nsubj|<-nsubj<-resign->prep->as->pobj->chairman->prep->of->pobj->|pobj
rel_399	Ent[ent_1027]	Ent[ent_581]	L. Dennis Kozlowski	Tyco International	appos|->appos->head->prep->of->pobj->|pobj
rel_28	Ent[ent_1027]	Ent[ent_581]	L. Dennis Kozlowski	Tyco International	appos|->appos->executive->poss->|poss
rel_399	Ent[ent_1027]	Ent[ent_581]	L. Dennis Kozlowski	Tyco International	rcmod|->rcmod->resign->prep->as->pobj->executive->prep->of->pobj->|pobj
rel_28	Ent[ent_1027]	Ent[ent_581]	L. Dennis Kozlowski	Tyco International	rcmod|->rcmod->accuse->prep->from->pobj->|pobj
rel_399	Ent[ent_1027]	Ent[ent_581]	L. Dennis Kozlowski	Tyco International	pobj|<-pobj<-of<-prep<-trial->appos->executive->prep->at->pobj->|pobj
rel_28	Ent[ent_1027]	Ent[ent_581]	L. Dennis Kozlowski	Tyco International	pobj|<-pobj<-of<-prep<-tenure->dep->get->nsubj->executive->prep->of->pobj->|pobj
rel_399	Ent[ent_580]	Ent[ent_341]	Maurice R. Greenberg	American International Group	appos|->appos->executive->prep->of->pobj->|pobj
rel_399	Ent[ent_580]	Ent[ent_341]	Maurice R. Greenberg	American International Group	appos|->appos->chairman->prep->of->pobj->|pobj
rel_399	Ent[ent_580]	Ent[ent_341]	Maurice R. Greenberg	American International Group	appos|->appos->president->prep->of->pobj->|pobj
rel_0	Ent[ent_580]	Ent[ent_23]	Maurice R. Greenberg	American International Group	appos|->appos->executive->rcmod->build->dobj->|dobj
rel_399	Ent[ent_580]	Ent[ent_341]	Maurice R. Greenberg	American International Group	appos|->appos->chairman->nn->|nn
rel_399	Ent[ent_580]	Ent[ent_341]	Maurice R. Greenberg	American International Group	rcmod|->rcmod->oust->prep->as->pobj->chief->prep->of->pobj->|pobj
rel_399	Ent[ent_580]	Ent[ent_341]	Maurice R. Greenberg	American International Group	pobj|<-pobj<-to<-prep<-effort->appos->executive->prep->of->pobj->|pobj
rel_399	Ent[ent_580]	Ent[ent_341]	Maurice R. Greenberg	American International Group	pobj|<-pobj<-to->appos->executive->prep->of->pobj->|pobj
rel_399	Ent[ent_580]	Ent[ent_341]	Maurice R. Greenberg	American International Group	pobj|<-pobj<-of<-prep<-lead->prep->as->pobj->executive->prep->of->pobj->|pobj
rel_134	Ent[ent_968]	Ent[ent_341]	Maurice R. Greenberg	American International Group	pobj|<-pobj<-of<-prep<-error->appos->boss->prep->of->pobj->|pobj
rel_294	Ent[ent_583]	Ent[ent_340]	Richard M. Scrushy	HealthSouth	appos|->appos->executive->prep->of->pobj->|pobj
rel_399	Ent[ent_583]	Ent[ent_340]	Richard M. Scrushy	HealthSouth	appos|->appos->founder->prep->of->pobj->|pobj
rel_294	Ent[ent_583]	Ent[ent_340]	Richard M. Scrushy	HealthSouth	appos|->appos->chairman->prep->of->pobj->|pobj
rel_399	Ent[ent_583]	Ent[ent_340]	Richard M. Scrushy	HealthSouth	appos|->appos->executive->nn->|nn
rel_294	Ent[ent_583]	Ent[ent_340]	Richard M. Scrushy	HealthSouth	appos|->appos->chairman->poss->|poss
rel_399	Ent[ent_583]	Ent[ent_340]	Richard M. Scrushy	HealthSouth	appos|->appos->chief->prep->of->pobj->|pobj
rel_294	Ent[ent_583]	Ent[ent_340]	Richard M. Scrushy	HealthSouth	dobj|<-dobj<-portray->prep->as->pobj->piper->rcmod->point->prep->to->pobj->executive->nn->|nn
rel_294	Ent[ent_583]	Ent[ent_340]	Richard M. Scrushy	HealthSouth	appos|->appos->founder->poss->|poss
rel_330	Ent[ent_583]	Ent[ent_1190]	Richard M. Scrushy	HealthSouth	appos|->appos->founder->nn->|nn
rel_294	Ent[ent_583]	Ent[ent_340]	Richard M. Scrushy	HealthSouth	appos|->appos->executive->poss->|poss
rel_116	Ent[ent_1045]	Ent[ent_101]	Michael D. Eisner	Walt Disney Company	appos|->appos->chairman->prep->of->pobj->|pobj
rel_399	Ent[ent_582]	Ent[ent_101]	Michael D. Eisner	Walt Disney Company	appos|->appos->executive->prep->of->pobj->|pobj
rel_294	Ent[ent_582]	Ent[ent_22]	Michael D. Eisner	Walt Disney Company	appos|->appos->chairman->poss->|poss
rel_399	Ent[ent_582]	Ent[ent_101]	Michael D. Eisner	Walt Disney Company	poss|<-poss<-leadership->prep->of->pobj->|pobj
rel_296	Ent[ent_582]	Ent[ent_705]	Michael D. Eisner	Walt Disney Company	pobj|<-pobj<-like<-prep<-leader<-nsubj<-add->nsubj->chairman->prep->of->pobj->|pobj
rel_399	Ent[ent_582]	Ent[ent_101]	Michael D. Eisner	Walt Disney Company	appos|->appos->head->prep->of->pobj->|pobj
rel_399	Ent[ent_582]	Ent[ent_101]	Michael D. Eisner	Walt Disney Company	appos|<-appos<-boss->appos->chairman->prep->of->pobj->|pobj
rel_399	Ent[ent_582]	Ent[ent_101]	Michael D. Eisner	Walt Disney Company	rcmod|->rcmod->step->dobj->executive->prep->of->pobj->|pobj
rel_294	Ent[ent_582]	Ent[ent_22]	Michael D. Eisner	Walt Disney Company	rcmod|->rcmod->reign->prep->over->pobj->|pobj
rel_399	Ent[ent_582]	Ent[ent_101]	Michael D. Eisner	Walt Disney Company	prep|->prep->of->pobj->movie->nn->|nn
rel_399	Ent[ent_343]	Ent[ent_585]	Samuel D. Waksal	ImClone Systems	appos|->appos->executive->prep->of->pobj->|pobj
rel_399	Ent[ent_343]	Ent[ent_585]	Samuel D. Waksal	ImClone Systems	appos|->appos->founder->prep->of->pobj->|pobj
rel_399	Ent[ent_343]	Ent[ent_585]	Samuel D. Waksal	ImClone Systems	pobj|<-pobj<-of<-prep<-sale<-pobj<-in<-prep<-chief->appos->executive->prep->of->pobj->|pobj
rel_399	Ent[ent_343]	Ent[ent_585]	Samuel D. Waksal	ImClone Systems	appos|->appos->president->prep->of->pobj->|pobj
rel_330	Ent[ent_343]	Ent[ent_585]	Samuel D. Waksal	ImClone Systems	appos|->appos->founder->nn->|nn
rel_399	Ent[ent_343]	Ent[ent_585]	Samuel D. Waksal	ImClone Systems	appos|->appos->chief->prep->of->pobj->|pobj
rel_330	Ent[ent_343]	Ent[ent_585]	Samuel D. Waksal	ImClone Systems	appos|->appos->chief->nn->|nn
rel_294	Ent[ent_100]	Ent[ent_1001]	Carleton S. Fiorina	Hewlett-Packard	appos|->appos->executive->prep->of->pobj->|pobj
rel_28	Ent[ent_100]	Ent[ent_1001]	Carleton S. Fiorina	Hewlett-Packard	appos|->appos->chairwoman->prep->of->pobj->|pobj
rel_28	Ent[ent_100]	Ent[ent_1001]	Carleton S. Fiorina	Hewlett-Packard	appos|->appos->executive->poss->|poss
rel_294	Ent[ent_100]	Ent[ent_1001]	Carleton S. Fiorina	Hewlett-Packard	rcmod|->rcmod->join->dobj->|dobj
rel_294	Ent[ent_100]	Ent[ent_1001]	Carleton S. Fiorina	Hewlett-Packard	nsubjpass|<-nsubjpass<-oust->prep->as->pobj->executive->prep->of->pobj->|pobj
rel_28	Ent[ent_100]	Ent[ent_1001]	Carleton S. Fiorina	Hewlett-Packard	appos|->appos->executive->nn->|nn
rel_294	Ent[ent_100]	Ent[ent_1001]	Carleton S. Fiorina	Hewlett-Packard	appos|->appos->chairman->prep->of->pobj->|pobj
rel_294	Ent[ent_100]	Ent[ent_1001]	Carleton S. Fiorina	Hewlett-Packard	rcmod|->rcmod->recount->prep->as->pobj->executive->prep->of->pobj->|pobj
rel_28	Ent[ent_100]	Ent[ent_1001]	Carleton S. Fiorina	Hewlett-Packard	rcmod|->rcmod->lose->prep->as->pobj->executive->prep->of->pobj->|pobj
rel_294	Ent[ent_100]	Ent[ent_1001]	Carleton S. Fiorina	Hewlett-Packard	rcmod|->rcmod->executive->prep->of->pobj->|pobj
rel_92	Ent[ent_342]	Ent[ent_1250]	Jeffrey K. Skilling	Enron	appos|->appos->executive->prep->of->pobj->|pobj
rel_28	Ent[ent_342]	Ent[ent_1250]	Jeffrey K. Skilling	Enron	appos|->appos->executive->nn->|nn
rel_28	Ent[ent_342]	Ent[ent_1250]	Jeffrey K. Skilling	Enron	appos|->appos->executive->poss->|poss
rel_92	Ent[ent_342]	Ent[ent_1250]	Jeffrey K. Skilling	Enron	appos|->appos->president->poss->|poss
rel_92	Ent[ent_342]	Ent[ent_1250]	Jeffrey K. Skilling	Enron	dep|->dep->president->poss->|poss
rel_92	Ent[ent_342]	Ent[ent_1250]	Jeffrey K. Skilling	Enron	appos|->appos->president->prep->of->pobj->|pobj
rel_28	Ent[ent_342]	Ent[ent_1250]	Jeffrey K. Skilling	Enron	rcmod|->rcmod->succeed->prep->as->pobj->executive->poss->|poss
rel_28	Ent[ent_342]	Ent[ent_1250]	Jeffrey K. Skilling	Enron	rcmod|->rcmod->executive->poss->|poss
rel_28	Ent[ent_342]	Ent[ent_1250]	Jeffrey K. Skilling	Enron	dep|->dep->executive->poss->|poss
rel_28	Ent[ent_342]	Ent[ent_1250]	Jeffrey K. Skilling	Enron	appos|<-appos<-co-defendant->appos->executive->nn->|nn
rel_399	Ent[ent_103]	Ent[ent_345]	Pamela Liebman	Corcoran Group	appos|->appos->executive->prep->of->pobj->|pobj
rel_399	Ent[ent_103]	Ent[ent_345]	Pamela Liebman	Corcoran Group	appos|->appos->president->prep->of->pobj->|pobj
rel_399	Ent[ent_103]	Ent[ent_345]	Pamela Liebman	Corcoran Group	appos|->appos->officer->prep->of->pobj->|pobj
rel_330	Ent[ent_103]	Ent[ent_345]	Pamela Liebman	Corcoran Group	appos|->appos->executive->prep->at->pobj->|pobj
rel_399	Ent[ent_103]	Ent[ent_345]	Pamela Liebman	Corcoran Group	appos|->appos->president->prep->with->pobj->|pobj
rel_330	Ent[ent_103]	Ent[ent_345]	Pamela Liebman	Corcoran Group	appos|->appos->partner->prep->at->pobj->|pobj
rel_399	Ent[ent_103]	Ent[ent_345]	Pamela Liebman	Corcoran Group	appos|->appos->partner->prep->of->pobj->|pobj
rel_330	Ent[ent_103]	Ent[ent_345]	Pamela Liebman	Corcoran Group	appos|->appos->partner->prep->of->pobj->office->prep->of->pobj->brokerage->nn->|nn
rel_28	Ent[ent_587]	Ent[ent_102]	Richard D. Parsons	AOL Time Warner	appos|->appos->executive->prep->of->pobj->|pobj
rel_28	Ent[ent_587]	Ent[ent_102]	Richard D. Parsons	AOL Time Warner	appos|->appos->executive->poss->|poss
rel_399	Ent[ent_587]	Ent[ent_102]	Richard D. Parsons	AOL Time Warner	appos|->appos->chairman->prep->of->pobj->|pobj
rel_28	Ent[ent_587]	Ent[ent_102]	Richard D. Parsons	AOL Time Warner	appos|->appos->officer->prep->of->pobj->|pobj
rel_28	Ent[ent_587]	Ent[ent_102]	Richard D. Parsons	AOL Time Warner	appos|->appos->executive->nn->|nn
rel_399	Ent[ent_587]	Ent[ent_102]	Richard D. Parsons	AOL Time Warner	nsubj|<-nsubj<-make->prep->as->pobj->executive->poss->|poss
rel_399	Ent[ent_587]	Ent[ent_102]	Richard D. Parsons	AOL Time Warner	rcmod|->rcmod->replace->prep->as->pobj->executive->prep->of->pobj->|pobj
rel_28	Ent[ent_587]	Ent[ent_102]	Richard D. Parsons	AOL Time Warner	rcmod|->rcmod->executive->poss->|poss
rel_399	Ent[ent_587]	Ent[ent_102]	Richard D. Parsons	AOL Time Warner	nsubj|<-nsubj<-leave->dep->say->nsubj->executive->nn->|nn
rel_399	Ent[ent_587]	Ent[ent_102]	Richard D. Parsons	AOL Time Warner	nsubj|<-nsubj<-face->dobj->test->prep->as->pobj->executive->prep->of->pobj->|pobj
rel_188	Ent[ent_344]	Ent[ent_586]	Marlin Fitzwater	White House	appos|->appos->spokesman->nn->|nn
rel_188	Ent[ent_344]	Ent[ent_586]	Marlin Fitzwater	White House	appos|->appos->secretary->nn->|nn
rel_364	Ent[ent_344]	Ent[ent_229]	Marlin Fitzwater	White House	rcmod|->rcmod->secretary->nn->|nn
rel_188	Ent[ent_344]	Ent[ent_586]	Marlin Fitzwater	White House	rcmod|->rcmod->replace->prep->as->pobj->spokesman->nn->|nn
rel_188	Ent[ent_344]	Ent[ent_586]	Marlin Fitzwater	White House	pobj|<-pobj<-of<-prep<-appointment->prep->as->pobj->spokesman->nn->|nn
rel_188	Ent[ent_344]	Ent[ent_586]	Marlin Fitzwater	White House	partmod|->partmod->name->prep->as->pobj->spokesman->nn->|nn
rel_364	Ent[ent_344]	Ent[ent_229]	Marlin Fitzwater	White House	nsubj|<-nsubj<-enter->dobj->room->nn->|nn
rel_364	Ent[ent_344]	Ent[ent_229]	Marlin Fitzwater	White House	appos|<-appos<-tonight->appos->spokesman->nn->|nn
rel_188	Ent[ent_344]	Ent[ent_586]	Marlin Fitzwater	White House	appos|<-appos<-curvature->appos->spokesman->nn->|nn
rel_188	Ent[ent_344]	Ent[ent_586]	Marlin Fitzwater	White House	rcmod|->rcmod->serve->prep->as->pobj->spokesman->nn->|nn
rel_27	Ent[ent_1030]	Ent[ent_586]	Ari Fleischer	White House	appos|->appos->spokesman->nn->|nn
rel_27	Ent[ent_1030]	Ent[ent_227]	Ari Fleischer	White House	appos|->appos->secretary->nn->|nn
rel_27	Ent[ent_1030]	Ent[ent_227]	Ari Fleischer	White House	dep|->dep->spokesman->nn->|nn
rel_27	Ent[ent_1030]	Ent[ent_586]	Ari Fleischer	White House	dep|->dep->secretary->nn->|nn
rel_27	Ent[ent_1030]	Ent[ent_227]	Ari Fleischer	White House	appos|<-appos<-today->appos->secretary->nn->|nn
rel_27	Ent[ent_1030]	Ent[ent_586]	Ari Fleischer	White House	appos|->appos->secretary->rcmod->be->dobj->face->prep->of->pobj->|pobj
rel_27	Ent[ent_1030]	Ent[ent_586]	Ari Fleischer	White House	rcmod|->rcmod->spend->prep->as->pobj->secretary->nn->|nn
rel_27	Ent[ent_1030]	Ent[ent_227]	Ari Fleischer	White House	rcmod|->rcmod->have->dobj->task->prep->of->pobj->spinning->prep->with->pobj->corps->nn->|nn
rel_364	Ent[ent_1030]	Ent[ent_229]	Ari Fleischer	White House	rcmod|->rcmod->face->prep->of->pobj->|pobj
rel_27	Ent[ent_1030]	Ent[ent_586]	Ari Fleischer	White House	poss|<-poss<-job->dep->sweetie->dep->secretary->nn->|nn
rel_27	Ent[ent_1039]	Ent[ent_227]	Scott McClellan	White House	appos|->appos->spokesman->nn->|nn
rel_27	Ent[ent_1039]	Ent[ent_227]	Scott McClellan	White House	appos|->appos->secretary->nn->|nn
rel_27	Ent[ent_1039]	Ent[ent_227]	Scott McClellan	White House	appos|->appos->spokesman->prep->for->pobj->|pobj
rel_335	Ent[ent_1039]	Ent[ent_586]	Scott McClellan	White House	dep|->dep->secretary->nn->|nn
rel_335	Ent[ent_1039]	Ent[ent_586]	Scott McClellan	White House	appos|<-appos<-thursday->appos->secretary->nn->|nn
rel_26	Ent[ent_1039]	Ent[ent_873]	Scott McClellan	White House	rcmod|->rcmod->acknowledge->nsubj->spokesman->nn->|nn
rel_335	Ent[ent_1039]	Ent[ent_586]	Scott McClellan	White House	prep|->prep->into->pobj->room->nn->|nn
rel_27	Ent[ent_1039]	Ent[ent_227]	Scott McClellan	White House	nsubj|<-nsubj<-use->prep->over->pobj->course->prep->of->pobj->briefing->nn->|nn
rel_335	Ent[ent_1039]	Ent[ent_586]	Scott McClellan	White House	nsubj|<-nsubj<-tell->dobj->corps->nn->|nn
rel_335	Ent[ent_1039]	Ent[ent_586]	Scott McClellan	White House	nsubj|<-nsubj<-secretary->nn->|nn
rel_27	Ent[ent_336]	Ent[ent_536]	Richard A. Boucher	State Department	appos|->appos->spokesman->nn->|nn
rel_27	Ent[ent_336]	Ent[ent_536]	Richard A. Boucher	State Department	appos|->appos->spokesman->prep->at->pobj->|pobj
rel_27	Ent[ent_336]	Ent[ent_536]	Richard A. Boucher	State Department	appos|->appos->spokesman->prep->for->pobj->|pobj
rel_0	Ent[ent_336]	Ent[ent_1227]	Richard A. Boucher	State Department	appos|<-appos<-spokesman<-nsubj<-say->prep->at->pobj->briefing->nn->|nn
rel_27	Ent[ent_336]	Ent[ent_536]	Richard A. Boucher	State Department	nsubj|<-nsubj<-say->prep->at->pobj->briefing->poss->|poss
rel_294	Ent[ent_336]	Ent[ent_716]	Richard A. Boucher	State Department	appos|->appos->spokesman->prep->of->pobj->|pobj
rel_27	Ent[ent_336]	Ent[ent_536]	Richard A. Boucher	State Department	appos|->appos->spokesman->poss->|poss
rel_0	Ent[ent_336]	Ent[ent_1227]	Richard A. Boucher	State Department	appos|->appos->spokesman->nn->|nné_Bustani_,_the_organization_'s_director_general_,_a_Brazilian_,_accusing_him_of_''_mismanagement_''_of_the_145-member_organization_,_''_ill-considered_initiatives_''_and_the_''_demoralization_''_of_its_technical_staff_._'' lex#,_the pos#,_DT rc#spokesman_,
rel_0	Ent[ent_336]	Ent[ent_1227]	Richard A. Boucher	State Department	appos|<-appos<-goal->appos->spokesman->nn->|nn
rel_168	Ent[ent_578]	Ent[ent_586]	Michael D. McCurry	White House	appos|->appos->secretary->nn->|nn
rel_27	Ent[ent_578]	Ent[ent_227]	Michael D. McCurry	White House	appos|->appos->spokesman->nn->|nn
rel_168	Ent[ent_578]	Ent[ent_586]	Michael D. McCurry	White House	nsubj|<-nsubj<-draw->prep->from->pobj->corps->nn->|nn
rel_192	Ent[ent_578]	Ent[ent_229]	Michael D. McCurry	White House	appos|->appos->spokesman->prep->for->pobj->|pobj
rel_168	Ent[ent_578]	Ent[ent_586]	Michael D. McCurry	White House	nsubj|<-nsubj<-wrap->prep->on->pobj->policy->poss->|poss
rel_168	Ent[ent_578]	Ent[ent_586]	Michael D. McCurry	White House	nsubj|<-nsubj<-secretary->nn->|nn
rel_168	Ent[ent_578]	Ent[ent_586]	Michael D. McCurry	White House	nsubj|<-nsubj<-say->tmod->review->nn->|nn
rel_168	Ent[ent_578]	Ent[ent_586]	Michael D. McCurry	White House	nsubj|<-nsubj<-say->prep->at->pobj->briefing->nn->|nn
rel_27	Ent[ent_578]	Ent[ent_227]	Michael D. McCurry	White House	nsubj|<-nsubj<-have->prep->at->pobj->|pobj
rel_20	Ent[ent_578]	Ent[ent_452]	Michael D. McCurry	White House	nsubj|<-nsubj<-go->prep->to->pobj->|pobj
rel_192	Ent[ent_1031]	Ent[ent_1233]	James P. Rubin	State Department	appos|->appos->spokesman->nn->|nn
rel_27	Ent[ent_1031]	Ent[ent_536]	James P. Rubin	State Department	appos|->appos->spokesman->prep->for->pobj->|pobj
rel_27	Ent[ent_1031]	Ent[ent_536]	James P. Rubin	State Department	appos|->appos->spokesman->poss->|poss
rel_27	Ent[ent_1031]	Ent[ent_536]	James P. Rubin	State Department	appos|<-appos<-today->appos->spokesman->nn->|nn
rel_27	Ent[ent_1031]	Ent[ent_536]	James P. Rubin	State Department	rcmod|->rcmod->today->nsubj->spokesman->nn->|nn
rel_27	Ent[ent_335]	Ent[ent_536]	Charles E. Redman	State Department	appos|->appos->spokesman->nn->|nn
rel_27	Ent[ent_335]	Ent[ent_536]	Charles E. Redman	State Department	pobj|<-pobj<-unlike<-prep<-conduct->dobj->briefing->nn->|nn
rel_135	Ent[ent_335]	Ent[ent_1248]	Charles E. Redman	State Department	appos|<-appos<-today->appos->spokesman->nn->|nn
rel_27	Ent[ent_335]	Ent[ent_536]	Charles E. Redman	State Department	appos|<-appos<-thursday->appos->spokesman->nn->|nn
rel_27	Ent[ent_335]	Ent[ent_536]	Charles E. Redman	State Department	appos|->appos->spokesman->poss->|poss
rel_135	Ent[ent_335]	Ent[ent_1248]	Charles E. Redman	State Department	appos|<-appos<-spokesman<-dep<-closed<-nsubj<-investigate->nsubj->|nsubj
rel_135	Ent[ent_335]	Ent[ent_1248]	Charles E. Redman	State Department	appos|<-appos<-score->appos->spokesman->nn->|nn
rel_135	Ent[ent_335]	Ent[ent_1248]	Charles E. Redman	State Department	appos|<-appos<-report->appos->spokesman->nn->|nn
rel_27	Ent[ent_335]	Ent[ent_536]	Charles E. Redman	State Department	appos|<-appos<-reaction->appos->spokesman->nn->|nn
rel_27	Ent[ent_577]	Ent[ent_1227]	Nicholas Burns	State Department	appos|->appos->spokesman->nn->|nn
rel_27	Ent[ent_577]	Ent[ent_1233]	Nicholas Burns	State Department	dep|->dep->spokesman->nn->|nn
rel_27	Ent[ent_577]	Ent[ent_1233]	Nicholas Burns	State Department	appos|->appos->spokesman->prep->for->pobj->|pobj
rel_27	Ent[ent_577]	Ent[ent_1227]	Nicholas Burns	State Department	appos|->appos->spokesman->poss->|poss
rel_27	Ent[ent_577]	Ent[ent_1227]	Nicholas Burns	State Department	appos|<-appos<-today->appos->spokesman->nn->|nn
rel_144	Ent[ent_310]	Ent[ent_1233]	Nicholas Burns	State Department	appos|->appos->official->poss->|poss
rel_244	Ent[ent_1032]	Ent[ent_159]	Gennadi I. Gerasimov	Foreign Ministry	appos|->appos->spokesman->nn->|nn
rel_298	Ent[ent_1032]	Ent[ent_483]	Gennadi I. Gerasimov	Foreign Ministry	appos|->appos->spokesman->prep->for->pobj->|pobj
rel_298	Ent[ent_1032]	Ent[ent_483]	Gennadi I. Gerasimov	Foreign Ministry	appos|->appos->spokeman->nn->|nn
rel_244	Ent[ent_1032]	Ent[ent_159]	Gennadi I. Gerasimov	Foreign Ministry	appos|->appos->spokesman->poss->|poss
rel_298	Ent[ent_1032]	Ent[ent_483]	Gennadi I. Gerasimov	Foreign Ministry	appos|<-appos<-today->appos->spokesman->prep->for->pobj->|pobj
rel_244	Ent[ent_1032]	Ent[ent_159]	Gennadi I. Gerasimov	Foreign Ministry	appos|<-appos<-today->appos->spokesman->nn->|nn
rel_244	Ent[ent_1032]	Ent[ent_159]	Gennadi I. Gerasimov	Foreign Ministry	appos|<-appos<-sympathy->appos->spokesman->nn->|nn
rel_244	Ent[ent_1032]	Ent[ent_159]	Gennadi I. Gerasimov	Foreign Ministry	appos|->appos->spokesman->prep->of->pobj->|pobj
rel_244	Ent[ent_1032]	Ent[ent_159]	Gennadi I. Gerasimov	Foreign Ministry	appos|<-appos<-spokesman<-nsubj<-tell->prep->at->pobj->briefing->nn->|nn
rel_244	Ent[ent_1032]	Ent[ent_159]	Gennadi I. Gerasimov	Foreign Ministry	appos|<-appos<-opinion->appos->spokesman->nn->|nn
rel_220	Ent[ent_338]	Ent[ent_229]	Joe Lockhart	White House	appos|->appos->secretary->nn->|nn
rel_27	Ent[ent_338]	Ent[ent_586]	Joe Lockhart	White House	appos|->appos->spokesman->nn->|nn
rel_27	Ent[ent_338]	Ent[ent_586]	Joe Lockhart	White House	appos|->appos->spokesman->prep->for->pobj->|pobj
rel_27	Ent[ent_338]	Ent[ent_586]	Joe Lockhart	White House	rcmod|->rcmod->spokesman->prep->in->pobj->|pobj
rel_232	Ent[ent_338]	Ent[ent_227]	Joe Lockhart	White House	rcmod|->rcmod->spokesman->prep->at->pobj->|pobj
rel_27	Ent[ent_338]	Ent[ent_586]	Joe Lockhart	White House	rcmod|->rcmod->spokesman->nn->|nn
rel_232	Ent[ent_338]	Ent[ent_227]	Joe Lockhart	White House	rcmod|->rcmod->spin->nsubj->|nsubj
rel_27	Ent[ent_338]	Ent[ent_586]	Joe Lockhart	White House	rcmod|->rcmod->secretary->nn->|nn
rel_27	Ent[ent_338]	Ent[ent_586]	Joe Lockhart	White House	nsubj|<-nsubj<-strain->dobj->bonhomie->prep->in->pobj->room->nn->|nn
rel_27	Ent[ent_338]	Ent[ent_586]	Joe Lockhart	White House	nsubj|<-nsubj<-stand->prep->in->pobj->driveway->nn->|nn
rel_294	Ent[ent_1033]	Ent[ent_1004]	George Steinbrenner	Yankees	appos|->appos->owner->poss->|poss
rel_294	Ent[ent_1033]	Ent[ent_1004]	George Steinbrenner	Yankees	appos|->appos->owner->prep->of->pobj->|pobj
rel_294	Ent[ent_1033]	Ent[ent_1004]	George Steinbrenner	Yankees	appos|->appos->owner->nn->|nn
rel_294	Ent[ent_1033]	Ent[ent_1004]	George Steinbrenner	Yankees	poss|<-poss<-reign->prep->as->pobj->owner->poss->|poss
rel_294	Ent[ent_1033]	Ent[ent_1004]	George Steinbrenner	Yankees	dobj|<-dobj<-keep->prep->in->pobj->control->prep->of->pobj->|pobj
rel_294	Ent[ent_1033]	Ent[ent_1004]	George Steinbrenner	Yankees	nsubj|<-nsubj<-send->prep->to->pobj->partner->poss->|poss
rel_294	Ent[ent_1033]	Ent[ent_1004]	George Steinbrenner	Yankees	poss|<-poss<-unhappiness->prep->with->pobj->|pobj
rel_294	Ent[ent_1033]	Ent[ent_1004]	George Steinbrenner	Yankees	poss|<-poss<-control->prep->of->pobj->|pobj
rel_294	Ent[ent_1033]	Ent[ent_1004]	George Steinbrenner	Yankees	pobj|<-pobj<-of<-prep<-ouster->prep->as->pobj->partner->poss->|poss
rel_298	Ent[ent_1033]	Ent[ent_646]	George Steinbrenner	Yankees	pobj|<-pobj<-for<-prep<-suggestion->dep->call->nsubjpass->team->nn->|nn
rel_392	Ent[ent_337]	Ent[ent_579]	Sirio Maccioni	Le Cirque	appos|->appos->owner->prep->of->pobj->|pobj
rel_392	Ent[ent_337]	Ent[ent_579]	Sirio Maccioni	Le Cirque	nsubj|<-nsubj<-move->dobj->|dobj
rel_392	Ent[ent_337]	Ent[ent_579]	Sirio Maccioni	Le Cirque	rcmod|->rcmod->close->dobj->|dobj
rel_392	Ent[ent_337]	Ent[ent_579]	Sirio Maccioni	Le Cirque	appos|->appos->owner->prep->of->pobj->restaurant->nn->|nn
rel_392	Ent[ent_337]	Ent[ent_579]	Sirio Maccioni	Le Cirque	rcmod|->rcmod->transport->dobj->|dobj
rel_392	Ent[ent_337]	Ent[ent_579]	Sirio Maccioni	Le Cirque	rcmod|->rcmod->open->dobj->|dobjèce_,_whose_owner_,_Ark_Restaurants_,_has_struggled_to_build_a_new_identity_after_acquiring_it_from_André_Soltner_. lex#,_who_triumphantly_opened pos#,_WP_RB_VBD lc#For_every rc#after
rel_41	Ent[ent_773]	Ent[ent_579]	Sirio Maccioni	Le Cirque	rcmod|->rcmod->now->dep->|dep
rel_392	Ent[ent_337]	Ent[ent_579]	Sirio Maccioni	Le Cirque	poss|<-poss<-smile<-nsubj<-await->prep->at->pobj->|pobj
rel_392	Ent[ent_337]	Ent[ent_579]	Sirio Maccioni	Le Cirque	poss|<-poss<-restaurant->appos->|appos
rel_392	Ent[ent_337]	Ent[ent_579]	Sirio Maccioni	Le Cirque	poss|<-poss<-move->prep->of->pobj->|pobj
rel_294	Ent[ent_1034]	Ent[ent_1035]	Danny Meyer	Union Square Cafe	appos|->appos->owner->prep->of->pobj->|pobj
rel_294	Ent[ent_1034]	Ent[ent_1035]	Danny Meyer	Union Square Cafe	rcmod|->rcmod->own->dobj->|dobj
rel_387	Ent[ent_1034]	Ent[ent_1035]	Danny Meyer	Union Square Cafe	appos|->appos->co-owner->prep->of->pobj->|pobj
rel_294	Ent[ent_1034]	Ent[ent_1035]	Danny Meyer	Union Square Cafe	rcmod|->rcmod->include->dobj->|dobj
rel_387	Ent[ent_1034]	Ent[ent_1035]	Danny Meyer	Union Square Cafe	rcmod|->rcmod->partner->prep->in->pobj->|pobj
rel_387	Ent[ent_1034]	Ent[ent_1035]	Danny Meyer	Union Square Cafe	rcmod|->rcmod->own->dobj->restaurant->prep->include->pobj->|pobj
rel_294	Ent[ent_1034]	Ent[ent_1035]	Danny Meyer	Union Square Cafe	rcmod|->rcmod->open->dobj->|dobj
rel_387	Ent[ent_1034]	Ent[ent_1035]	Danny Meyer	Union Square Cafe	rcmod|->rcmod->manage->nsubj->list->prep->at->pobj->|pobj
rel_294	Ent[ent_1034]	Ent[ent_1035]	Danny Meyer	Union Square Cafe	rcmod|->rcmod->co-owns->dobj->|dobj
rel_387	Ent[ent_1034]	Ent[ent_1035]	Danny Meyer	Union Square Cafe	rcmod|->rcmod->comment->prep->on->pobj->selection->prep->of->pobj->|pobj
rel_276	Ent[ent_339]	Ent[ent_1036]	Bud Selig	Milwaukee Brewers	appos|->appos->owner->prep->of->pobj->|pobj
rel_399	Ent[ent_339]	Ent[ent_1036]	Bud Selig	Milwaukee Brewers	appos|->appos->owner->poss->|poss
rel_399	Ent[ent_339]	Ent[ent_1036]	Bud Selig	Milwaukee Brewers	appos|->appos->president->prep->of->pobj->|pobj
rel_399	Ent[ent_339]	Ent[ent_1036]	Bud Selig	Milwaukee Brewers	rcmod|->rcmod->run->dobj->|dobj
rel_276	Ent[ent_339]	Ent[ent_1036]	Bud Selig	Milwaukee Brewers	rcmod|->rcmod->owner->prep->of->pobj->|pobj
rel_276	Ent[ent_339]	Ent[ent_1036]	Bud Selig	Milwaukee Brewers	pobj|<-pobj<-of<-prep<-president->dep->owner->prep->of->pobj->|pobj
rel_399	Ent[ent_339]	Ent[ent_1036]	Bud Selig	Milwaukee Brewers	nsubj|<-nsubj<-watch->dobj->|dobj
rel_276	Ent[ent_339]	Ent[ent_1036]	Bud Selig	Milwaukee Brewers	nsubj|<-nsubj<-person->appos->owner->poss->|poss
rel_294	Ent[ent_903]	Ent[ent_1036]	Bud Selig	Milwaukee Brewers	nn|<-nn<-commissioner<-dobj<-elect<-dep<-have->nsubj->|nsubj
rel_276	Ent[ent_339]	Ent[ent_1036]	Bud Selig	Milwaukee Brewers	dobj|<-dobj<-join->prep->of->pobj->|pobj
rel_294	Ent[ent_1037]	Ent[ent_1038]	Jerry Jones	Dallas Cowboys	appos|->appos->owner->prep->of->pobj->|pobj
rel_294	Ent[ent_1037]	Ent[ent_1038]	Jerry Jones	Dallas Cowboys	appos|->appos->owner->poss->|poss
rel_355	Ent[ent_1037]	Ent[ent_1175]	Jerry Jones	Dallas Cowboys	appos|->appos->owner->nn->|nn
rel_294	Ent[ent_1037]	Ent[ent_1038]	Jerry Jones	Dallas Cowboys	pobj|<-pobj<-after<-prep<-make->prep->as->pobj->owner->prep->of->pobj->|pobj
rel_294	Ent[ent_1037]	Ent[ent_1038]	Jerry Jones	Dallas Cowboys	nsubj|<-nsubj<-say<-dep<-down->dep->encouraged->prep->about->pobj->future->prep->of->pobj->|pobj
rel_105	Ent[ent_1037]	Ent[ent_1038]	Jerry Jones	Dallas Cowboys	nsubj|<-nsubj<-cradle<-dep<-reality->rcmod->seem->prep->like->pobj->flashback->prep->for->pobj->owner->nn->|nn
rel_294	Ent[ent_1037]	Ent[ent_1038]	Jerry Jones	Dallas Cowboys	nsubj|<-nsubj<-buy->dobj->|dobj
rel_294	Ent[ent_1037]	Ent[ent_1038]	Jerry Jones	Dallas Cowboys	appos|->appos->president->prep->of->pobj->|pobj
rel_105	Ent[ent_1037]	Ent[ent_1038]	Jerry Jones	Dallas Cowboys	appos|->appos->oilman->rcmod->buy->dobj->|dobj
rel_105	Ent[ent_1037]	Ent[ent_1038]	Jerry Jones	Dallas Cowboys	appos|<-appos<-lawsuit<-pobj<-of<-prep<-face<-pobj<-in<-prep<-defiant->nsubj->owner->prep->of->pobj->|pobj
rel_294	Ent[ent_350]	Ent[ent_592]	Marge Schott	Cincinnati Reds	appos|->appos->owner->prep->of->pobj->|pobj
rel_294	Ent[ent_350]	Ent[ent_592]	Marge Schott	Cincinnati Reds	appos|->appos->owner->poss->|poss
rel_294	Ent[ent_350]	Ent[ent_592]	Marge Schott	Cincinnati Reds	appos|->appos->owner->nn->|nn
rel_294	Ent[ent_350]	Ent[ent_592]	Marge Schott	Cincinnati Reds	nsubj|<-nsubj<-relinquish->dobj->operation->prep->of->pobj->|pobj
rel_294	Ent[ent_350]	Ent[ent_592]	Marge Schott	Cincinnati Reds	rcmod|->rcmod->undermine->dobj->position->prep->as->pobj->partner->prep->of->pobj->|pobj
rel_294	Ent[ent_350]	Ent[ent_592]	Marge Schott	Cincinnati Reds	tmod|<-tmod<-suspend->prep->from->pobj->operation->prep->of->pobj->|pobj
rel_226	Ent[ent_350]	Ent[ent_592]	Marge Schott	Cincinnati Reds	rcmod|->rcmod->undermine->dobj->position->prep->as->pobj->partner->prep->of->pobj->team->nn->|nn
rel_294	Ent[ent_350]	Ent[ent_592]	Marge Schott	Cincinnati Reds	poss|<-poss<-face<-nsubj<-hang->prep->over->pobj->dugout->poss->|poss
rel_226	Ent[ent_350]	Ent[ent_592]	Marge Schott	Cincinnati Reds	pobj|<-pobj<-of<-prep<-saga<-nsubj<-end->prep->with->pobj->suspension->prep->of->pobj->owner->poss->|poss
rel_226	Ent[ent_350]	Ent[ent_592]	Marge Schott	Cincinnati Reds	partmod|->partmod->welcome->prep->to->pobj->camp->poss->|poss
rel_171	Ent[ent_591]	Ent[ent_1259]	John McMullen	Devils	appos|->appos->owner->poss->|poss
rel_294	Ent[ent_591]	Ent[ent_1282]	John McMullen	Devils	appos|->appos->owner->prep->of->pobj->|pobj
rel_294	Ent[ent_591]	Ent[ent_1282]	John McMullen	Devils	appos|->appos->chairman->prep->of->pobj->|pobj
rel_92	Ent[ent_591]	Ent[ent_1256]	John McMullen	Devils	rcmod|->rcmod->miss->nsubjpass->presence->prep->as->pobj->owner->poss->|poss
rel_171	Ent[ent_591]	Ent[ent_1259]	John McMullen	Devils	rcmod|->rcmod->buy->dobj->|dobj
rel_171	Ent[ent_591]	Ent[ent_1259]	John McMullen	Devils	poss|<-poss<-hurrah<-pobj<-in<-prep<-win->nsubj->|nsubj
rel_185	Ent[ent_413]	Ent[ent_1259]	John McMullen	Devils	partmod|->partmod->undergo->nsubj->|nsubj
rel_92	Ent[ent_591]	Ent[ent_1256]	John McMullen	Devils	nsubjpass|<-nsubjpass<-elate->prep->with->pobj->success->prep->of->pobj->|pobj
rel_328	Ent[ent_591]	Ent[ent_435]	John McMullen	Devils	nsubj|<-nsubj<-see->dobj->game->nn->|nn
rel_110	Ent[ent_591]	Ent[ent_110]	John McMullen	Devils	nsubj|<-nsubj<-own->dobj->|dobj
rel_321	Ent[ent_352]	Ent[ent_594]	Peter S. Kalikow	The New York Post	appos|->appos->owner->prep->of->pobj->|pobj
rel_380	Ent[ent_352]	Ent[ent_594]	Peter S. Kalikow	The New York Post	appos|->appos->publisher->prep->of->pobj->|pobj
rel_321	Ent[ent_352]	Ent[ent_594]	Peter S. Kalikow	The New York Post	appos|->appos->developer->prep->of->pobj->|pobj
rel_321	Ent[ent_352]	Ent[ent_594]	Peter S. Kalikow	The New York Post	nsubj|<-nsubj<-own->dobj->|dobj
rel_321	Ent[ent_352]	Ent[ent_594]	Peter S. Kalikow	The New York Post	rcmod|->rcmod->own->dobj->|dobj
rel_321	Ent[ent_352]	Ent[ent_594]	Peter S. Kalikow	The New York Post	nsubj|<-nsubj<-say->advmod->well->dep->as->pobj->publisher->prep->of->pobj->|pobj
rel_380	Ent[ent_352]	Ent[ent_594]	Peter S. Kalikow	The New York Post	nsubj|<-nsubj<-go->prep->to->pobj->|pobj
rel_321	Ent[ent_352]	Ent[ent_594]	Peter S. Kalikow	The New York Post	nsubj|<-nsubj<-acquire->dobj->|dobj
rel_380	Ent[ent_352]	Ent[ent_594]	Peter S. Kalikow	The New York Post	dep|->dep->publisher->prep->of->pobj->|pobj
rel_321	Ent[ent_352]	Ent[ent_594]	Peter S. Kalikow	The New York Post	appos|<-appos<-status->appos->developer->rcmod->own->dobj->|dobj
rel_294	Ent[ent_351]	Ent[ent_1004]	Steinbrenner	Yankees	appos|->appos->owner->poss->|poss
rel_294	Ent[ent_351]	Ent[ent_1239]	Steinbrenner	Yankees	appos|->appos->owner->prep->of->pobj->|pobj
rel_294	Ent[ent_351]	Ent[ent_1004]	Steinbrenner	Yankees	appos|->appos->owner->nn->|nn
rel_294	Ent[ent_351]	Ent[ent_1239]	Steinbrenner	Yankees	nsubj|<-nsubj<-buy->dobj->|dobj
rel_294	Ent[ent_351]	Ent[ent_1239]	Steinbrenner	Yankees	poss|<-poss<-reign->prep->as->pobj->owner->poss->|poss
rel_294	Ent[ent_351]	Ent[ent_1004]	Steinbrenner	Yankees	dobj|<-dobj<-keep->prep->in->pobj->control->prep->of->pobj->|pobj
rel_298	Ent[ent_351]	Ent[ent_646]	Steinbrenner	Yankees	poss|<-poss<-ownership->prep->of->pobj->|pobj
rel_298	Ent[ent_351]	Ent[ent_646]	Steinbrenner	Yankees	rcmod|->rcmod->have->nsubj->|nsubj
rel_294	Ent[ent_351]	Ent[ent_1239]	Steinbrenner	Yankees	nsubj|<-nsubj<-return->prep->to->pobj->|pobj
rel_294	Ent[ent_351]	Ent[ent_1004]	Steinbrenner	Yankees	nsubj|<-nsubj<-own->dobj->|dobj
rel_321	Ent[ent_593]	Ent[ent_967]	Warner LeRoy	Tavern	appos|->appos->owner->prep->of->pobj->|pobj
rel_182	Ent[ent_593]	Ent[ent_112]	Warner LeRoy	Tavern	rcmod|->rcmod->own->dobj->|dobj
rel_182	Ent[ent_593]	Ent[ent_112]	Warner LeRoy	Tavern	appos|->appos->impresario->prep->behind->pobj->|pobj
rel_321	Ent[ent_593]	Ent[ent_967]	Warner LeRoy	Tavern	rcmod|->rcmod->preside->prep->over->pobj->|pobj
rel_182	Ent[ent_593]	Ent[ent_112]	Warner LeRoy	Tavern	pobj|<-pobj<-for<-prep<-work->prep->at->pobj->|pobj
rel_182	Ent[ent_593]	Ent[ent_112]	Warner LeRoy	Tavern	partmod|->partmod->run->dobj->kitchen->prep->of->pobj->|pobj
rel_182	Ent[ent_593]	Ent[ent_112]	Warner LeRoy	Tavern	appos|->appos->showman-restaurateur->rcmod->own->dobj->|dobj
rel_182	Ent[ent_593]	Ent[ent_112]	Warner LeRoy	Tavern	appos|<-appos<-plaintiff->appos->owner->prep->of->pobj->|pobj
rel_321	Ent[ent_593]	Ent[ent_967]	Warner LeRoy	Tavern	appos|<-appos<-owner->rcmod->own->dobj->|dobj
rel_182	Ent[ent_593]	Ent[ent_112]	Warner LeRoy	Tavern	appos|<-appos<-hostess->appos->owner->prep->of->pobj->|pobj
rel_298	Ent[ent_354]	Ent[ent_596]	Torre	Rivera	nsubj|<-nsubj<-say->prep->of->pobj->|pobj
rel_87	Ent[ent_354]	Ent[ent_596]	Torre	Rivera	nsubj|<-nsubj<-use->dobj->|dobj
rel_298	Ent[ent_354]	Ent[ent_596]	Torre	Rivera	nsubj|<-nsubj<-call->prep->for->pobj->|pobj
rel_298	Ent[ent_354]	Ent[ent_596]	Torre	Rivera	nsubj|<-nsubj<-summon->dobj->|dobj
rel_87	Ent[ent_354]	Ent[ent_596]	Torre	Rivera	nsubj|<-nsubj<-ask->dobj->|dobj
rel_298	Ent[ent_354]	Ent[ent_596]	Torre	Rivera	nsubj|<-nsubj<-go->prep->to->pobj->|pobj
rel_87	Ent[ent_354]	Ent[ent_596]	Torre	Rivera	nsubj|<-nsubj<-bring->dobj->|dobj
rel_298	Ent[ent_354]	Ent[ent_596]	Torre	Rivera	nsubj|<-nsubj<-replace->prep->with->pobj->|pobj
rel_87	Ent[ent_354]	Ent[ent_596]	Torre	Rivera	rcmod|->rcmod->use->dobj->|dobj
rel_87	Ent[ent_354]	Ent[ent_596]	Torre	Rivera	rcmod|->rcmod->praise->dobj->aggressiveness->poss->|poss
rel_185	Ent[ent_728]	Ent[ent_353]	Riley	Smith	nsubj|<-nsubj<-say->prep->of->pobj->|pobj
rel_79	Ent[ent_111]	Ent[ent_353]	Riley	Smith	poss|<-poss<-assessment<-pobj<-of<-prep<-tell<-dep<-say->nsubj->|nsubj
rel_79	Ent[ent_111]	Ent[ent_353]	Riley	Smith	poss|<-poss<-assertion->dep->use->dobj->|dobj
rel_79	Ent[ent_111]	Ent[ent_353]	Riley	Smith	pobj|<-pobj<-of<-prep<-calm<-dep<-uneasy<-dep<-quick->nsubj->|nsubj
rel_79	Ent[ent_111]	Ent[ent_353]	Riley	Smith	nsubjpass|<-nsubjpass<-tempt->purpcl->play->dobj->minute->nn->|nn
rel_79	Ent[ent_111]	Ent[ent_353]	Riley	Smith	nsubj|<-nsubj<-yank->dobj->|dobj
rel_188	Ent[ent_1203]	Ent[ent_353]	Riley	Smith	nsubj|<-nsubj<-work->dobj->|dobj
rel_1	Ent[ent_955]	Ent[ent_353]	Riley	Smith	nsubj|<-nsubj<-say<-csubj<-be->prep->that->nsubj->position->rcmod->use->nsubjpass->|nsubjpass
rel_79	Ent[ent_111]	Ent[ent_353]	Riley	Smith	nsubj|<-nsubj<-return->dobj->|dobj
rel_188	Ent[ent_1203]	Ent[ent_353]	Riley	Smith	nsubj|<-nsubj<-record->dobj->cd->prep->of->pobj->composition->poss->|poss
rel_346	Ent[ent_354]	Ent[ent_595]	Torre	Williams	nsubj|<-nsubj<-say->prep->of->pobj->|pobj
rel_355	Ent[ent_354]	Ent[ent_595]	Torre	Williams	nsubj|<-nsubj<-tell->dobj->|dobj
rel_346	Ent[ent_354]	Ent[ent_595]	Torre	Williams	nsubj|<-nsubj<-use->dobj->|dobj
rel_355	Ent[ent_354]	Ent[ent_595]	Torre	Williams	nsubj|<-nsubj<-speak->prep->to->pobj->|pobj
rel_355	Ent[ent_354]	Ent[ent_595]	Torre	Williams	nsubj|<-nsubj<-ask->dobj->|dobj
rel_346	Ent[ent_354]	Ent[ent_595]	Torre	Williams	nsubj|<-nsubj<-speak->prep->with->pobj->|pobj
rel_346	Ent[ent_354]	Ent[ent_595]	Torre	Williams	nsubj|<-nsubj<-rest->dobj->|dobj
rel_355	Ent[ent_354]	Ent[ent_595]	Torre	Williams	nsubj|<-nsubj<-give->iobj->|iobj
rel_355	Ent[ent_354]	Ent[ent_595]	Torre	Williams	nsubj|<-nsubj<-call->dobj->|dobj
rel_346	Ent[ent_354]	Ent[ent_595]	Torre	Williams	rcmod|->rcmod->speak->prep->to->pobj->|pobj
rel_185	Ent[ent_111]	Ent[ent_114]	Riley	Starks	nsubj|<-nsubj<-say->prep->of->pobj->|pobj
rel_185	Ent[ent_111]	Ent[ent_114]	Riley	Starks	nsubj|<-nsubj<-bench->dobj->|dobj
rel_185	Ent[ent_111]	Ent[ent_114]	Riley	Starks	nsubj|<-nsubj<-show->prep->to->pobj->|pobj
rel_185	Ent[ent_111]	Ent[ent_114]	Riley	Starks	nsubj|<-nsubj<-remove->dobj->|dobj
rel_185	Ent[ent_111]	Ent[ent_114]	Riley	Starks	nsubj|<-nsubj<-play->dobj->|dobj
rel_185	Ent[ent_111]	Ent[ent_114]	Riley	Starks	nsubj|<-nsubj<-go->prep->with->pobj->rotation->appos->|appos
rel_185	Ent[ent_111]	Ent[ent_114]	Riley	Starks	nsubj|<-nsubj<-give->iobj->|iobj
rel_185	Ent[ent_111]	Ent[ent_114]	Riley	Starks	rcmod|->rcmod->lecture->dobj->|dobj
rel_185	Ent[ent_111]	Ent[ent_114]	Riley	Starks	rcmod|->rcmod->believe->prep->in->pobj->ability->poss->|poss
rel_185	Ent[ent_111]	Ent[ent_114]	Riley	Starks	prep|->prep->of->pobj->mask->poss->|poss
rel_144	Ent[ent_111]	Ent[ent_356]	Riley	Ewing	nsubj|<-nsubj<-say->prep->of->pobj->|pobj
rel_91	Ent[ent_1203]	Ent[ent_356]	Riley	Ewing	nsubj|<-nsubj<-rush->dobj->|dobj
rel_91	Ent[ent_1203]	Ent[ent_356]	Riley	Ewing	nsubj|<-nsubj<-remove->dobj->|dobj
rel_91	Ent[ent_1203]	Ent[ent_356]	Riley	Ewing	prep|->prep->in->pobj->discussion->prep->about->pobj->|pobj
rel_91	Ent[ent_1203]	Ent[ent_356]	Riley	Ewing	poss|<-poss<-team<-dobj<-eliminate->prep->without->pobj->|pobj
rel_144	Ent[ent_111]	Ent[ent_356]	Riley	Ewing	poss|<-poss<-lineup->prep->with->pobj->|pobj
rel_91	Ent[ent_1203]	Ent[ent_356]	Riley	Ewing	poss|<-poss<-feeling->prep->for->pobj->|pobj
rel_91	Ent[ent_1203]	Ent[ent_356]	Riley	Ewing	poss|<-poss<-comment<-pobj<-from<-prep<-judge<-dep<-time->prep->before->pobj->return->nn->|nn
rel_91	Ent[ent_1203]	Ent[ent_356]	Riley	Ewing	pobj|<-pobj<-with<-prep<-show<-rcmod<-man<-nsubj<-have->dobj->message->prep->for->pobj->|pobj
rel_144	Ent[ent_111]	Ent[ent_356]	Riley	Ewing	pobj|<-pobj<-of<-prep<-matter->partmod->tighten->dobj->screw->prep->on->pobj->|pobj
rel_355	Ent[ent_354]	Ent[ent_598]	Torre	Wells	nsubj|<-nsubj<-say->prep->of->pobj->|pobj
rel_355	Ent[ent_354]	Ent[ent_598]	Torre	Wells	nsubj|<-nsubj<-tell->dobj->|dobj
rel_220	Ent[ent_354]	Ent[ent_598]	Torre	Wells	nsubj|<-nsubj<-speak->prep->with->pobj->|pobj
rel_220	Ent[ent_354]	Ent[ent_598]	Torre	Wells	rcmod|->rcmod->watch->dobj->|dobj
rel_220	Ent[ent_354]	Ent[ent_598]	Torre	Wells	rcmod|->rcmod->talk->prep->about->pobj->|pobj
rel_355	Ent[ent_354]	Ent[ent_598]	Torre	Wells	rcmod|->rcmod->speak->prep->against->pobj->comment->poss->|poss
rel_220	Ent[ent_354]	Ent[ent_598]	Torre	Wells	rcmod|->rcmod->sit->dobj->|dobj
rel_355	Ent[ent_354]	Ent[ent_598]	Torre	Wells	rcmod|->rcmod->remove->dobj->|dobj
rel_355	Ent[ent_354]	Ent[ent_598]	Torre	Wells	rcmod|->rcmod->father->prep->to->pobj->son->poss->|poss
rel_220	Ent[ent_354]	Ent[ent_598]	Torre	Wells	poss|<-poss<-view->prep->of->pobj->|pobj
rel_324	Ent[ent_111]	Ent[ent_1040]	Riley	Anthony	nsubj|<-nsubj<-say->prep->of->pobj->|pobj
rel_324	Ent[ent_111]	Ent[ent_1040]	Riley	Anthony	nsubj|<-nsubj<-start->dobj->|dobj
rel_324	Ent[ent_111]	Ent[ent_1040]	Riley	Anthony	nsubj|<-nsubj<-stay->prep->with->pobj->|pobj
rel_344	Ent[ent_1203]	Ent[ent_1040]	Riley	Anthony	nsubj|<-nsubj<-remove->dobj->|dobj
rel_344	Ent[ent_1203]	Ent[ent_1040]	Riley	Anthony	nsubj|<-nsubj<-play->dobj->|dobj
rel_324	Ent[ent_111]	Ent[ent_1040]	Riley	Anthony	rcmod|->rcmod->suspend->dobj->|dobj
rel_324	Ent[ent_111]	Ent[ent_1040]	Riley	Anthony	rcmod|->rcmod->put->prep->with->pobj->unit->rcmod->include->dobj->|dobj
rel_324	Ent[ent_111]	Ent[ent_1040]	Riley	Anthony	rcmod|->rcmod->praise->dobj->defense->poss->|poss
rel_344	Ent[ent_1203]	Ent[ent_1040]	Riley	Anthony	prep|->prep->regard->dobj->|dobj
rel_324	Ent[ent_111]	Ent[ent_1040]	Riley	Anthony	poss|<-poss<-tailor->prep->against->pobj->barber->poss->|poss
rel_9	Ent[ent_182]	Ent[ent_113]	Mr. Bush	Mr. Kerry	nsubj|<-nsubj<-lead->dobj->|dobj
rel_346	Ent[ent_15]	Ent[ent_113]	Mr. Bush	Mr. Kerry	nsubj|<-nsubj<-say->prep->of->pobj->|pobj
rel_311	Ent[ent_1253]	Ent[ent_113]	Mr. Bush	Mr. Kerry	nsubj|<-nsubj<-attack->dobj->|dobj
rel_9	Ent[ent_182]	Ent[ent_113]	Mr. Bush	Mr. Kerry	nsubj|<-nsubj<-accuse->dobj->|dobj
rel_9	Ent[ent_163]	Ent[ent_113]	Mr. Bush	Mr. Kerry	nsubj|<-nsubj<-criticize->dobj->|dobj
rel_346	Ent[ent_15]	Ent[ent_113]	Mr. Bush	Mr. Kerry	partmod|->partmod->lead->dobj->|dobj
rel_346	Ent[ent_15]	Ent[ent_113]	Mr. Bush	Mr. Kerry	nsubj|<-nsubj<-mention->dobj->|dobj
rel_355	Ent[ent_182]	Ent[ent_113]	Mr. Bush	Mr. Kerry	nsubj|<-nsubj<-tell->dobj->|dobj
rel_311	Ent[ent_1253]	Ent[ent_113]	Mr. Bush	Mr. Kerry	dobj|<-dobj<-support->prep->over->pobj->|pobj
rel_355	Ent[ent_182]	Ent[ent_113]	Mr. Bush	Mr. Kerry	poss|<-poss<-encounter->prep->with->pobj->|pobj
rel_148	Ent[ent_15]	Ent[ent_355]	Mr. Bush	Mr. Hussein	nsubj|<-nsubj<-say->prep->of->pobj->|pobj
rel_353	Ent[ent_182]	Ent[ent_355]	Mr. Bush	Mr. Hussein	nsubj|<-nsubj<-liken->dobj->|dobj
rel_159	Ent[ent_1253]	Ent[ent_355]	Mr. Bush	Mr. Hussein	rcmod|->rcmod->declare->nsubj->fall->poss->|poss
rel_353	Ent[ent_182]	Ent[ent_355]	Mr. Bush	Mr. Hussein	poss|<-poss<-vulnerability<-nsubj<-instil->prep->about->pobj->venture->dep->leave->dobj->|dobj
rel_148	Ent[ent_15]	Ent[ent_355]	Mr. Bush	Mr. Hussein	poss|<-poss<-view<-pobj<-in<-prep<-unilateralist->nsubj->|nsubj
rel_159	Ent[ent_1253]	Ent[ent_355]	Mr. Bush	Mr. Hussein	poss|<-poss<-victory<-dobj<-praise->prep->over->pobj->government->poss->|poss
rel_353	Ent[ent_182]	Ent[ent_355]	Mr. Bush	Mr. Hussein	poss|<-poss<-threat<-nsubj<-pose->prep->to->pobj->|pobj
rel_159	Ent[ent_1253]	Ent[ent_355]	Mr. Bush	Mr. Hussein	poss|<-poss<-statement->prep->on->pobj->question->prep->of->dep->change->nsubj->|nsubj
rel_353	Ent[ent_182]	Ent[ent_355]	Mr. Bush	Mr. Hussein	poss|<-poss<-son<-nsubj<-take->prep->on->pobj->|pobj
rel_353	Ent[ent_182]	Ent[ent_355]	Mr. Bush	Mr. Hussein	poss|<-poss<-remark<-nsubj<-reflect->dobj->assessment->prep->among->pobj->official->rcmod->defeat->dobj->authority->poss->|poss
rel_346	Ent[ent_597]	Ent[ent_1041]	Van Gundy	Johnson	nsubj|<-nsubj<-say->prep->of->pobj->|pobj
rel_346	Ent[ent_597]	Ent[ent_1041]	Van Gundy	Johnson	rcmod|->rcmod->speak->prep->with->pobj->|pobj
rel_346	Ent[ent_597]	Ent[ent_1041]	Van Gundy	Johnson	rcmod|->rcmod->meet->prep->with->pobj->|pobj
rel_346	Ent[ent_597]	Ent[ent_1041]	Van Gundy	Johnson	rcmod|->rcmod->marvel->prep->at->pobj->conditioning->poss->|poss
rel_201	Ent[ent_597]	Ent[ent_1041]	Van Gundy	Johnson	poss|<-poss<-team->dep->without->pobj->|pobj
rel_201	Ent[ent_597]	Ent[ent_1041]	Van Gundy	Johnson	pobj|<-pobj<-until<-prep<-be->dep->know->dobj->status->poss->|poss
rel_201	Ent[ent_597]	Ent[ent_1041]	Van Gundy	Johnson	partmod|->partmod->leave->purpcl->start->dep->much->nsubj->adjustment->rcmod->have->nsubj->|nsubj
rel_346	Ent[ent_597]	Ent[ent_1041]	Van Gundy	Johnson	nsubjpass|<-nsubjpass<-practice->prep->without->pobj->|pobj
rel_201	Ent[ent_597]	Ent[ent_1041]	Van Gundy	Johnson	nsubj|<-nsubj<-waver->prep->in->pobj->commitment->prep->to->pobj->|pobj
rel_346	Ent[ent_597]	Ent[ent_1041]	Van Gundy	Johnson	nsubj|<-nsubj<-unabashed->prep->in->pobj->commitment->prep->to->pobj->|pobj
rel_92	Ent[ent_590]	Ent[ent_543]	Rod Thorn	Nets	appos|->appos->president->poss->|poss
rel_92	Ent[ent_590]	Ent[ent_543]	Rod Thorn	Nets	appos|->appos->president->prep->of->pobj->|pobj
rel_92	Ent[ent_590]	Ent[ent_543]	Rod Thorn	Nets	appos|->appos->manager->poss->|poss
rel_294	Ent[ent_590]	Ent[ent_1206]	Rod Thorn	Nets	appos|->appos->executive->poss->|poss
rel_92	Ent[ent_590]	Ent[ent_543]	Rod Thorn	Nets	appos|->appos->president->nn->|nn
rel_92	Ent[ent_590]	Ent[ent_543]	Rod Thorn	Nets	nsubj|<-nsubj<-president->poss->|poss
rel_92	Ent[ent_590]	Ent[ent_543]	Rod Thorn	Nets	appos|->appos->manager->prep->of->pobj->|pobj
rel_294	Ent[ent_590]	Ent[ent_1206]	Rod Thorn	Nets	rcmod|->rcmod->run->dobj->|dobj
rel_92	Ent[ent_590]	Ent[ent_543]	Rod Thorn	Nets	pobj|<-pobj<-of<-prep<-credit<-pobj<-to<-prep<-make->nsubj->president->poss->|poss
rel_92	Ent[ent_590]	Ent[ent_543]	Rod Thorn	Nets	partmod|->partmod->join->dobj->|dobj
rel_330	Ent[ent_913]	Ent[ent_1249]	Glen Sather	Rangers	appos|->appos->president->poss->|poss
rel_192	Ent[ent_105]	Ent[ent_1249]	Glen Sather	Rangers	appos|->appos->manager->poss->|poss
rel_92	Ent[ent_913]	Ent[ent_347]	Glen Sather	Rangers	appos|->appos->president->prep->of->pobj->|pobj
rel_192	Ent[ent_105]	Ent[ent_1249]	Glen Sather	Rangers	appos|->appos->coach->poss->|poss
rel_92	Ent[ent_105]	Ent[ent_1095]	Glen Sather	Rangers	appos|->appos->president->nn->|nn
rel_382	Ent[ent_105]	Ent[ent_347]	Glen Sather	Rangers	partmod|->partmod->regard->pobj->vacancy->poss->|poss
rel_382	Ent[ent_105]	Ent[ent_347]	Glen Sather	Rangers	rcmod|->rcmod->step->prep->as->pobj->coach->prep->after->pobj->|pobj
rel_192	Ent[ent_105]	Ent[ent_1249]	Glen Sather	Rangers	rcmod|->rcmod->president->prep->of->pobj->|pobj
rel_92	Ent[ent_913]	Ent[ent_347]	Glen Sather	Rangers	rcmod|->rcmod->president->poss->|poss
rel_330	Ent[ent_913]	Ent[ent_1249]	Glen Sather	Rangers	rcmod|->rcmod->feel->prep->of->pobj->slide->poss->|poss
rel_192	Ent[ent_589]	Ent[ent_301]	Lou Lamoriello	Devils	appos|->appos->president->prep->of->pobj->|pobj
rel_92	Ent[ent_589]	Ent[ent_1256]	Lou Lamoriello	Devils	appos|->appos->president->poss->|poss
rel_92	Ent[ent_589]	Ent[ent_1256]	Lou Lamoriello	Devils	appos|->appos->manager->poss->|poss
rel_192	Ent[ent_589]	Ent[ent_301]	Lou Lamoriello	Devils	appos|->appos->manager->prep->of->pobj->|pobj
rel_28	Ent[ent_589]	Ent[ent_110]	Lou Lamoriello	Devils	appos|->appos->executive->poss->|poss
rel_28	Ent[ent_589]	Ent[ent_110]	Lou Lamoriello	Devils	appos|->appos->executive->prep->of->pobj->|pobj
rel_28	Ent[ent_589]	Ent[ent_110]	Lou Lamoriello	Devils	pobj|<-pobj<-with<-prep<-make->nsubj->|nsubj
rel_92	Ent[ent_589]	Ent[ent_1256]	Lou Lamoriello	Devils	appos|->appos->president->nn->|nn
rel_28	Ent[ent_589]	Ent[ent_110]	Lou Lamoriello	Devils	appos|<-appos<-minutes->appos->president->prep->of->pobj->|pobj
rel_256	Ent[ent_1119]	Ent[ent_1259]	Lou Lamoriello	Devils	rcmod|->rcmod->rule->dobj->|dobj
rel_330	Ent[ent_1042]	Ent[ent_308]	Isiah Thomas	Knicks	appos|->appos->president->poss->|poss
rel_180	Ent[ent_1042]	Ent[ent_308]	Isiah Thomas	Knicks	appos|->appos->coach->poss->|poss
rel_330	Ent[ent_1042]	Ent[ent_308]	Isiah Thomas	Knicks	appos|->appos->president->prep->of->pobj->|pobj
rel_180	Ent[ent_1042]	Ent[ent_308]	Isiah Thomas	Knicks	nsubj|<-nsubj<-coach->poss->|poss
rel_330	Ent[ent_1042]	Ent[ent_308]	Isiah Thomas	Knicks	appos|->appos->president->nn->|nn
rel_180	Ent[ent_1042]	Ent[ent_308]	Isiah Thomas	Knicks	rcmod|->rcmod->turn->nsubj->|nsubj
rel_180	Ent[ent_1042]	Ent[ent_308]	Isiah Thomas	Knicks	rcmod|->rcmod->synonymous->prep->as->pobj->president->poss->|poss
rel_330	Ent[ent_1042]	Ent[ent_308]	Isiah Thomas	Knicks	rcmod|->rcmod->run->dobj->|dobj
rel_330	Ent[ent_1042]	Ent[ent_308]	Isiah Thomas	Knicks	rcmod|->rcmod->president->poss->|poss
rel_330	Ent[ent_1042]	Ent[ent_308]	Isiah Thomas	Knicks	rcmod|->rcmod->payroll->poss->|poss
rel_92	Ent[ent_104]	Ent[ent_1249]	Neil Smith	Rangers	appos|->appos->manager->prep->of->pobj->|pobj
rel_92	Ent[ent_104]	Ent[ent_1249]	Neil Smith	Rangers	appos|->appos->president->poss->|poss
rel_92	Ent[ent_104]	Ent[ent_347]	Neil Smith	Rangers	appos|->appos->president->prep->of->pobj->|pobj
rel_92	Ent[ent_104]	Ent[ent_347]	Neil Smith	Rangers	appos|->appos->manager->poss->|poss
rel_92	Ent[ent_104]	Ent[ent_347]	Neil Smith	Rangers	appos|->appos->president->nn->|nn
rel_192	Ent[ent_104]	Ent[ent_1249]	Neil Smith	Rangers	appos|->appos->manager->nn->|nn
rel_92	Ent[ent_104]	Ent[ent_1249]	Neil Smith	Rangers	nsubj|<-nsubj<-manager->prep->of->pobj->|pobj
rel_92	Ent[ent_104]	Ent[ent_347]	Neil Smith	Rangers	rcmod|->rcmod->work->prep->for->pobj->|pobj
rel_192	Ent[ent_104]	Ent[ent_1249]	Neil Smith	Rangers	rcmod|->rcmod->work->prep->as->pobj->boss->prep->as->pobj->president->prep->of->pobj->|pobj
rel_92	Ent[ent_104]	Ent[ent_347]	Neil Smith	Rangers	rcmod|->rcmod->need->nsubj->|nsubj
rel_92	Ent[ent_346]	Ent[ent_308]	Ernie Grunfeld	Knicks	appos|->appos->president->poss->|poss
rel_92	Ent[ent_346]	Ent[ent_308]	Ernie Grunfeld	Knicks	appos|->appos->manager->poss->|poss
rel_92	Ent[ent_346]	Ent[ent_308]	Ernie Grunfeld	Knicks	appos|->appos->president->nn->|nn
rel_92	Ent[ent_346]	Ent[ent_308]	Ernie Grunfeld	Knicks	appos|->appos->coach->poss->|poss
rel_55	Ent[ent_274]	Ent[ent_1137]	Ernie Grunfeld	Knicks	rcmod|->rcmod->then->dep->president->poss->|poss
rel_92	Ent[ent_346]	Ent[ent_308]	Ernie Grunfeld	Knicks	appos|->appos->manager->nn->|nn
rel_77	Ent[ent_346]	Ent[ent_308]	Ernie Grunfeld	Knicks	appos|->appos->director->poss->|poss
rel_77	Ent[ent_346]	Ent[ent_308]	Ernie Grunfeld	Knicks	rcmod|->rcmod->play->prep->for->pobj->while->prep->with->pobj->|pobj
rel_77	Ent[ent_346]	Ent[ent_308]	Ernie Grunfeld	Knicks	rcmod|->rcmod->phase->prep->out->dep->of->pobj->office->poss->|poss
rel_92	Ent[ent_346]	Ent[ent_308]	Ernie Grunfeld	Knicks	rcmod|->rcmod->oust->prep->as->pobj->manager->poss->|poss
rel_92	Ent[ent_588]	Ent[ent_1111]	Scott Layden	Knicks	appos|->appos->president->poss->|poss
rel_313	Ent[ent_588]	Ent[ent_308]	Scott Layden	Knicks	appos|->appos->manager->poss->|poss
rel_92	Ent[ent_588]	Ent[ent_1111]	Scott Layden	Knicks	appos|->appos->manager->nn->|nn
rel_92	Ent[ent_588]	Ent[ent_1111]	Scott Layden	Knicks	appos|->appos->president->nn->|nn
rel_313	Ent[ent_588]	Ent[ent_308]	Scott Layden	Knicks	rcmod|->rcmod->travel->prep->with->pobj->|pobj
rel_298	Ent[ent_588]	Ent[ent_1137]	Scott Layden	Knicks	rcmod|->rcmod->fire->prep->by->pobj->|pobj
rel_313	Ent[ent_588]	Ent[ent_308]	Scott Layden	Knicks	rcmod|->rcmod->direct->prep->for->pobj->|pobj
rel_313	Ent[ent_588]	Ent[ent_308]	Scott Layden	Knicks	pobj|<-pobj<-with<-prep<-sail->nsubj->|nsubj
rel_92	Ent[ent_588]	Ent[ent_1111]	Scott Layden	Knicks	pobj|<-pobj<-by<-prep<-statement<-pobj<-despite<-prep<-play->prep->for->pobj->|pobj
rel_92	Ent[ent_588]	Ent[ent_1111]	Scott Layden	Knicks	nsubj|<-nsubj<-want->nsubj->|nsubj
rel_92	Ent[ent_1043]	Ent[ent_1264]	Joe McIlvaine	Mets	appos|->appos->manager->poss->|poss
rel_92	Ent[ent_1043]	Ent[ent_1252]	Joe McIlvaine	Mets	appos|->appos->president->poss->|poss
rel_92	Ent[ent_1043]	Ent[ent_1264]	Joe McIlvaine	Mets	appos|->appos->president->prep->of->pobj->|pobj
rel_92	Ent[ent_159]	Ent[ent_1069]	Joe McIlvaine	Mets	appos|->appos->manager->prep->of->pobj->|pobj
rel_92	Ent[ent_1043]	Ent[ent_1252]	Joe McIlvaine	Mets	rcmod|->rcmod->hire->nsubj->executive->nn->|nn
rel_92	Ent[ent_1043]	Ent[ent_321]	Joe McIlvaine	Mets	appos|->appos->president->prep->for->pobj->|pobj
rel_92	Ent[ent_1043]	Ent[ent_321]	Joe McIlvaine	Mets	appos|->appos->executive->poss->|poss
rel_92	Ent[ent_1043]	Ent[ent_321]	Joe McIlvaine	Mets	appos|->appos->executive->nn->|nn
rel_92	Ent[ent_1043]	Ent[ent_321]	Joe McIlvaine	Mets	nsubj|<-nsubj<-stand->prep->in->pobj->clubhouse->poss->|poss
rel_92	Ent[ent_1043]	Ent[ent_1252]	Joe McIlvaine	Mets	nsubj|<-nsubj<-leave->prep->as->pobj->president->prep->for->pobj->|pobj
rel_330	Ent[ent_107]	Ent[ent_1093]	John Mara	Giants	appos|->appos->president->poss->|poss
rel_330	Ent[ent_107]	Ent[ent_1093]	John Mara	Giants	appos|->appos->president->prep->of->pobj->|pobj
rel_330	Ent[ent_107]	Ent[ent_1093]	John Mara	Giants	appos|->appos->co-owner->prep->of->pobj->|pobj
rel_144	Ent[ent_107]	Ent[ent_975]	John Mara	Giants	appos|->appos->co-owner->nn->|nn
rel_144	Ent[ent_107]	Ent[ent_975]	John Mara	Giants	rcmod|->rcmod->own->dobj->percent->prep->of->pobj->|pobj
rel_144	Ent[ent_107]	Ent[ent_975]	John Mara	Giants	appos|->appos->president->nn->|nn
rel_144	Ent[ent_107]	Ent[ent_975]	John Mara	Giants	appos|->appos->officer->prep->of->pobj->|pobj
rel_144	Ent[ent_107]	Ent[ent_975]	John Mara	Giants	appos|->appos->officer->poss->|poss
rel_144	Ent[ent_107]	Ent[ent_975]	John Mara	Giants	rcmod|->rcmod->lead->dobj->operation->prep->of->pobj->|pobj
rel_144	Ent[ent_107]	Ent[ent_975]	John Mara	Giants	nsubj|<-nsubj<-stand->prep->in->pobj->corner->prep->of->pobj->room->poss->|poss
rel_92	Ent[ent_349]	Ent[ent_308]	Dave Checketts	Knicks	appos|->appos->president->poss->|poss
rel_92	Ent[ent_349]	Ent[ent_308]	Dave Checketts	Knicks	appos|->appos->president->prep->of->pobj->|pobj
rel_92	Ent[ent_349]	Ent[ent_308]	Dave Checketts	Knicks	appos|->appos->president->nn->|nn
rel_92	Ent[ent_349]	Ent[ent_308]	Dave Checketts	Knicks	appos|->appos->manager->poss->|poss
rel_92	Ent[ent_349]	Ent[ent_308]	Dave Checketts	Knicks	rcmod|->rcmod->stunned->tmod->yesterday->dep->stick->prep->to->pobj->|pobj
rel_92	Ent[ent_349]	Ent[ent_308]	Dave Checketts	Knicks	rcmod|->rcmod->president->prep->of->pobj->|pobj
rel_7	Ent[ent_349]	Ent[ent_1137]	Dave Checketts	Knicks	rcmod|->rcmod->arrive->prep->via->pobj->presidency->prep->of->pobj->|pobj
rel_92	Ent[ent_349]	Ent[ent_308]	Dave Checketts	Knicks	poss|<-poss<-position->prep->of->pobj->president->nn->|nn
rel_2	Ent[ent_349]	Ent[ent_128]	Dave Checketts	Knicks	poss|<-poss<-ouster<-nsubj<-leave->dobj->|dobj
rel_92	Ent[ent_349]	Ent[ent_308]	Dave Checketts	Knicks	poss|<-poss<-dealings<-pobj<-with<-prep<-do->dobj->percentage->prep->as->pobj->coach->nn->|nn
rel_27	Ent[ent_383]	Ent[ent_140]	Blair Horner	New York Public Interest Research Group	appos|->appos->director->prep->of->pobj->|pobj
rel_27	Ent[ent_1184]	Ent[ent_297]	Blair Horner	New York Public Interest Research Group	appos|->appos->director->prep->for->pobj->|pobj
rel_27	Ent[ent_383]	Ent[ent_140]	Blair Horner	New York Public Interest Research Group	appos|->appos->lobbyist->prep->for->pobj->|pobj
rel_365	Ent[ent_383]	Ent[ent_1220]	Blair Horner	New York Public Interest Research Group	appos|->appos->lobbyist->prep->with->pobj->|pobj
rel_322	Ent[ent_383]	Ent[ent_140]	Blair Horner	New York Public Interest Research Group	appos|->appos->head->prep->of->pobj->branch->prep->of->pobj->|pobj
rel_322	Ent[ent_383]	Ent[ent_140]	Blair Horner	New York Public Interest Research Group	appos|->appos->director->prep->with->pobj->|pobj
rel_27	Ent[ent_383]	Ent[ent_140]	Blair Horner	New York Public Interest Research Group	appos|->appos->advocate->prep->as->pobj->director->prep->of->pobj->|pobj
rel_365	Ent[ent_383]	Ent[ent_1220]	Blair Horner	New York Public Interest Research Group	rcmod|->rcmod->watch->prep->as->pobj->head->prep->of->pobj->|pobj
rel_27	Ent[ent_383]	Ent[ent_140]	Blair Horner	New York Public Interest Research Group	appos|->appos->spokesman->prep->for->pobj->|pobj
rel_365	Ent[ent_383]	Ent[ent_1220]	Blair Horner	New York Public Interest Research Group	appos|->appos->analyst->prep->with->pobj->|pobj
rel_27	Ent[ent_1044]	Ent[ent_944]	Mary Brosnahan	Homeless	appos|->appos->director->prep->for->pobj->|pobj
rel_114	Ent[ent_1044]	Ent[ent_106]	Mary Brosnahan	Homeless	pobj|<-pobj<-of<-prep<-help<-pobj<-with<-prep<-apartment<-pobj<-into<-prep<-move->prep->for->pobj->|pobj
rel_114	Ent[ent_1044]	Ent[ent_106]	Mary Brosnahan	Homeless	pobj|<-pobj<-by<-prep<-letter->prep->for->pobj->|pobj
rel_114	Ent[ent_1044]	Ent[ent_106]	Mary Brosnahan	Homeless	dep|->dep->director->prep->for->pobj->|pobj
rel_114	Ent[ent_1044]	Ent[ent_106]	Mary Brosnahan	Homeless	appos|->appos->director->prep->for->pobj->hear->advmod->|advmod
rel_114	Ent[ent_1044]	Ent[ent_106]	Mary Brosnahan	Homeless	appos|->appos->director->prep->for->pobj->chart->amod->|amod
rel_114	Ent[ent_1044]	Ent[ent_106]	Mary Brosnahan	Homeless	appos|->appos->chairman->prep->for->pobj->|pobj
rel_339	Ent[ent_78]	Ent[ent_1045]	Steven D. Gold	Study of the States	appos|->appos->director->prep->for->pobj->|pobj
rel_339	Ent[ent_78]	Ent[ent_1045]	Steven D. Gold	Study of the States	pobj|<-pobj<-by<-prep<-compile->prep->for->pobj->|pobj
rel_339	Ent[ent_78]	Ent[ent_1045]	Steven D. Gold	Study of the States	nsubj|<-nsubj<-say->prep->for->pobj->|pobj
rel_339	Ent[ent_78]	Ent[ent_1045]	Steven D. Gold	Study of the States	appos|->appos->center->prep->for->pobj->|pobj
rel_144	Ent[ent_109]	Ent[ent_287]	Adrienne Esposito	Environment	appos|->appos->director->prep->for->pobj->|pobj
rel_144	Ent[ent_109]	Ent[ent_287]	Adrienne Esposito	Environment	nsubj|<-nsubj<-say->prep->for->pobj->|pobj
rel_154	Ent[ent_108]	Ent[ent_612]	Desmond Ryan	Better Long Island	appos|->appos->director->prep->for->pobj->|pobj
rel_68	Ent[ent_108]	Ent[ent_1047]	Desmond Ryan	Better Long Island	nsubj|<-nsubj<-director->prep->for->pobj->|pobj
rel_68	Ent[ent_108]	Ent[ent_1047]	Desmond Ryan	Better Long Island	rcmod|->rcmod->call->prep->for->pobj->|pobj
rel_68	Ent[ent_108]	Ent[ent_1047]	Desmond Ryan	Better Long Island	pobj|<-pobj<-by<-prep<-essay->prep->for->pobj->|pobj
rel_68	Ent[ent_108]	Ent[ent_1047]	Desmond Ryan	Better Long Island	nsubj|<-nsubj<-say->prep->for->pobj->|pobj
rel_144	Ent[ent_1048]	Ent[ent_639]	Caroline Smith DeWaal	Center for Science	appos|->appos->director->prep->for->pobj->|pobj
rel_144	Ent[ent_1048]	Ent[ent_639]	Caroline Smith DeWaal	Center for Science	appos|->appos->director->prep->at->pobj->|pobj
rel_144	Ent[ent_1048]	Ent[ent_639]	Caroline Smith DeWaal	Center for Science	appos|->appos->director->prep->of->pobj->|pobj
rel_144	Ent[ent_1048]	Ent[ent_639]	Caroline Smith DeWaal	Center for Science	rcmod|->rcmod->director->prep->for->pobj->|pobj
rel_144	Ent[ent_1048]	Ent[ent_639]	Caroline Smith DeWaal	Center for Science	appos|->appos->spokeswoman->prep->for->pobj->|pobj
rel_110	Ent[ent_740]	Ent[ent_1023]	R. Scott Appleby	Study of American Catholicism	appos|->appos->director->prep->for->pobj->|pobj
rel_297	Ent[ent_361]	Ent[ent_1023]	R. Scott Appleby	Study of American Catholicism	rcmod|->rcmod->direct->prep->for->pobj->|pobj
rel_297	Ent[ent_361]	Ent[ent_1023]	R. Scott Appleby	Study of American Catholicism	appos|->appos->professor->prep->for->pobj->|pobj
rel_399	Ent[ent_121]	Ent[ent_376]	Charles Brecher	Citizens Budget Commission	appos|->appos->director->prep->of->pobj->|pobj
rel_399	Ent[ent_121]	Ent[ent_376]	Charles Brecher	Citizens Budget Commission	appos|->appos->director->prep->for->pobj->|pobj
rel_399	Ent[ent_121]	Ent[ent_376]	Charles Brecher	Citizens Budget Commission	appos|->appos->director->prep->at->pobj->|pobj
rel_399	Ent[ent_121]	Ent[ent_376]	Charles Brecher	Citizens Budget Commission	nsubj|<-nsubj<-director->prep->of->pobj->|pobj
rel_399	Ent[ent_121]	Ent[ent_376]	Charles Brecher	Citizens Budget Commission	appos|->appos->professor->prep->of->pobj->|pobj
rel_399	Ent[ent_121]	Ent[ent_376]	Charles Brecher	Citizens Budget Commission	rcmod|->rcmod->director->prep->of->pobj->research->prep->of->pobj->|pobj
rel_399	Ent[ent_121]	Ent[ent_376]	Charles Brecher	Citizens Budget Commission	appos|->appos->spokesman->prep->for->pobj->|pobj
rel_294	Ent[ent_121]	Ent[ent_376]	Charles Brecher	Citizens Budget Commission	appos|->appos->official->prep->of->pobj->|pobj
rel_399	Ent[ent_121]	Ent[ent_376]	Charles Brecher	Citizens Budget Commission	appos|->appos->director->prep->of->pobj->research->prep->of->pobj->|pobj
rel_399	Ent[ent_625]	Ent[ent_143]	David E. Cole	Study of Automotive Transportation	appos|->appos->director->prep->for->pobj->|pobj
rel_27	Ent[ent_362]	Ent[ent_123]	John Rother	American Association of Retired Persons	appos|->appos->director->prep->of->pobj->|pobj
rel_27	Ent[ent_362]	Ent[ent_123]	John Rother	American Association of Retired Persons	appos|->appos->director->prep->for->pobj->|pobj
rel_27	Ent[ent_362]	Ent[ent_123]	John Rother	American Association of Retired Persons	appos|->appos->lobbyist->prep->for->pobj->|pobj
rel_27	Ent[ent_362]	Ent[ent_123]	John Rother	American Association of Retired Persons	appos|->appos->director->prep->of->pobj->legislation->prep->for->pobj->|pobj
rel_27	Ent[ent_362]	Ent[ent_123]	John Rother	American Association of Retired Persons	appos|->appos->lobbyist->prep->of->pobj->|pobj
rel_27	Ent[ent_362]	Ent[ent_123]	John Rother	American Association of Retired Persons	pobj|<-pobj<-of<-prep<-percent->appos->director->prep->of->pobj->|pobj
rel_27	Ent[ent_362]	Ent[ent_123]	John Rother	American Association of Retired Persons	appos|->appos->director->prep->of->pobj->legislation->prep->at->pobj->|pobj
rel_27	Ent[ent_362]	Ent[ent_123]	John Rother	American Association of Retired Persons	appos|->appos->ally->rcmod->lobbyist->prep->for->pobj->|pobj
rel_298	Ent[ent_317]	Ent[ent_132]	William Feinberg	Mount Sinai Hospital	nsubj|<-nsubj<-die->prep->at->pobj->|pobj
rel_298	Ent[ent_754]	Ent[ent_369]	William Chaison	Doctor 's Hospital	nsubj|<-nsubj<-die->prep->at->pobj->|pobj
rel_298	Ent[ent_1024]	Ent[ent_611]	Walter G. Williams	N.Y. ) Hospital	nsubj|<-nsubj<-die->prep->at->pobj->|pobj
rel_298	Ent[ent_868]	Ent[ent_566]	Tony Manero	Greenwich Hospital	nsubj|<-nsubj<-die->prep->at->pobj->|pobj
rel_298	Ent[ent_809]	Ent[ent_895]	Thomas P. Robinson	George Washington University Hospital	nsubj|<-nsubj<-die->prep->at->pobj->|pobj
rel_325	Ent[ent_926]	Ent[ent_929]	Sanford C. Miller	Valley Hospital	nsubj|<-nsubj<-die->prep->at->pobj->|pobj
rel_298	Ent[ent_715]	Ent[ent_992]	Samuel M. Brownell	Yale-New Haven Hospital	nsubj|<-nsubj<-die->prep->at->pobj->|pobj
rel_325	Ent[ent_318]	Ent[ent_103]	Raymond Reisler	New York Hospital	nsubj|<-nsubj<-die->prep->at->pobj->|pobj
rel_298	Ent[ent_915]	Ent[ent_1031]	Raul A. Campanioni	St. Vincent 's Hospital	nsubj|<-nsubj<-die->prep->at->pobj->|pobj
rel_351	Ent[ent_197]	Ent[ent_199]	Rabbi Israel Spira	Maimonides Hospital	nsubj|<-nsubj<-die->prep->at->pobj->|pobj
rel_365	Ent[ent_359]	Ent[ent_1056]	Daniel Kunstler	J. P. Morgan	appos|->appos->analyst->prep->with->pobj->|pobj
rel_365	Ent[ent_359]	Ent[ent_1056]	Daniel Kunstler	J. P. Morgan	appos|->appos->analyst->prep->at->pobj->|pobj
rel_365	Ent[ent_359]	Ent[ent_1056]	Daniel Kunstler	J. P. Morgan	appos|->appos->analyst->prep->with->pobj->h&q->nn->|nn
rel_365	Ent[ent_359]	Ent[ent_1056]	Daniel Kunstler	J. P. Morgan	appos|->appos->analyst->prep->for->pobj->|pobj
rel_45	Ent[ent_359]	Ent[ent_944]	Daniel Kunstler	J. P. Morgan	appos|->appos->analyst->nn->|nn
rel_55	Ent[ent_1057]	Ent[ent_119]	Viren Mehta	Mehta & Isaly	appos|->appos->analyst->prep->with->pobj->|pobj
rel_55	Ent[ent_1057]	Ent[ent_119]	Viren Mehta	Mehta & Isaly	appos|->appos->partner->prep->in->pobj->|pobj
rel_55	Ent[ent_1057]	Ent[ent_119]	Viren Mehta	Mehta & Isaly	appos|->appos->partner->prep->at->pobj->|pobj
rel_55	Ent[ent_1057]	Ent[ent_119]	Viren Mehta	Mehta & Isaly	appos|->appos->analyst->prep->at->pobj->|pobj
rel_55	Ent[ent_1057]	Ent[ent_119]	Viren Mehta	Mehta & Isaly	appos|->appos->partner->prep->with->pobj->|pobj
rel_55	Ent[ent_1057]	Ent[ent_119]	Viren Mehta	Mehta & Isaly	appos|->appos->analyst->prep->at->pobj->research->nn->|nn
rel_365	Ent[ent_1058]	Ent[ent_783]	Kenneth S. Abramowitz	Sanford C. Bernstein & Company	appos|->appos->analyst->prep->at->pobj->|pobj
rel_365	Ent[ent_1058]	Ent[ent_783]	Kenneth S. Abramowitz	Sanford C. Bernstein & Company	appos|->appos->analyst->prep->with->pobj->|pobj
rel_365	Ent[ent_1058]	Ent[ent_783]	Kenneth S. Abramowitz	Sanford C. Bernstein & Company	appos|->appos->analyst->prep->for->pobj->|pobj
rel_365	Ent[ent_1058]	Ent[ent_783]	Kenneth S. Abramowitz	Sanford C. Bernstein & Company	appos|->appos->analyst->prep->at->pobj->firm->nn->|nn
rel_55	Ent[ent_1059]	Ent[ent_1180]	Emanuel Goldman	Paine Webber	appos|->appos->analyst->prep->for->pobj->|pobj
rel_365	Ent[ent_1059]	Ent[ent_1180]	Emanuel Goldman	Paine Webber	appos|->appos->analyst->prep->with->pobj->|pobj
rel_55	Ent[ent_1059]	Ent[ent_1180]	Emanuel Goldman	Paine Webber	appos|->appos->analyst->prep->at->pobj->|pobj
rel_55	Ent[ent_1059]	Ent[ent_1180]	Emanuel Goldman	Paine Webber	appos|->appos->analyst->rcmod->follow->dobj->industry->prep->for->pobj->|pobj
rel_55	Ent[ent_1059]	Ent[ent_1180]	Emanuel Goldman	Paine Webber	appos|->appos->analyst->nn->|nn
rel_365	Ent[ent_1059]	Ent[ent_1180]	Emanuel Goldman	Paine Webber	rcmod|->rcmod->follow->dobj->industry->prep->for->pobj->|pobj
rel_55	Ent[ent_1059]	Ent[ent_1180]	Emanuel Goldman	Paine Webber	appos|->appos->analyst->rcmod->follow->dobj->company->prep->for->pobj->|pobj
rel_2	Ent[ent_137]	Ent[ent_1180]	Emanuel Goldman	Paine Webber	rcmod|->rcmod->follow->dobj->company->prep->for->pobj->|pobj
rel_2	Ent[ent_137]	Ent[ent_1180]	Emanuel Goldman	Paine Webber	rcmod|->rcmod->follow->dobj->business->prep->for->pobj->|pobj
rel_365	Ent[ent_1059]	Ent[ent_1180]	Emanuel Goldman	Paine Webber	appos|->appos->director->prep->at->pobj->|pobj
rel_55	Ent[ent_78]	Ent[ent_1194]	Neil Sweig	Southeast Research Partners	appos|->appos->analyst->prep->with->pobj->|pobj
rel_55	Ent[ent_78]	Ent[ent_1194]	Neil Sweig	Southeast Research Partners	appos|->appos->analyst->prep->at->pobj->|pobj
rel_55	Ent[ent_78]	Ent[ent_1194]	Neil Sweig	Southeast Research Partners	rcmod|->rcmod->track->prep->for->pobj->|pobj
rel_55	Ent[ent_78]	Ent[ent_1194]	Neil Sweig	Southeast Research Partners	appos|->appos->analyst->prep->for->pobj->|pobj
rel_55	Ent[ent_1183]	Ent[ent_1184]	Joel Karlin	Research Department Inc.	appos|->appos->analyst->prep->with->pobj->|pobj
rel_112	Ent[ent_755]	Ent[ent_1277]	Joel Karlin	Research Department Inc.	appos|->appos->analyst->prep->for->pobj->|pobj
rel_55	Ent[ent_1183]	Ent[ent_1184]	Joel Karlin	Research Department Inc.	appos|->appos->analyst->prep->at->pobj->|pobj
rel_55	Ent[ent_1183]	Ent[ent_1184]	Joel Karlin	Research Department Inc.	rcmod|->rcmod->be->nsubj->analyst->prep->at->pobj->|pobj
rel_55	Ent[ent_806]	Ent[ent_1285]	Harvey Heinbach	Merrill Lynch	appos|->appos->analyst->prep->for->pobj->|pobj
rel_365	Ent[ent_806]	Ent[ent_1285]	Harvey Heinbach	Merrill Lynch	appos|->appos->analyst->prep->with->pobj->|pobj
rel_55	Ent[ent_806]	Ent[ent_1285]	Harvey Heinbach	Merrill Lynch	appos|->appos->analyst->prep->at->pobj->|pobj
rel_55	Ent[ent_806]	Ent[ent_1285]	Harvey Heinbach	Merrill Lynch	appos|->appos->analyst->poss->|poss
rel_365	Ent[ent_806]	Ent[ent_1285]	Harvey Heinbach	Merrill Lynch	appos|->appos->analyst->nn->|nn
rel_365	Ent[ent_805]	Ent[ent_808]	Kevin Murphy	Morgan Stanley	appos|->appos->analyst->prep->for->pobj->|pobj
rel_365	Ent[ent_805]	Ent[ent_808]	Kevin Murphy	Morgan Stanley	appos|->appos->analyst->prep->with->pobj->|pobj
rel_365	Ent[ent_805]	Ent[ent_808]	Kevin Murphy	Morgan Stanley	appos|->appos->analyst->prep->at->pobj->|pobj
rel_365	Ent[ent_805]	Ent[ent_808]	Kevin Murphy	Morgan Stanley	rcmod|->rcmod->follow->dobj->airline->prep->at->pobj->|pobj
rel_55	Ent[ent_807]	Ent[ent_809]	James Hale	MMS International	appos|->appos->analyst->prep->with->pobj->|pobj
rel_55	Ent[ent_807]	Ent[ent_809]	James Hale	MMS International	appos|->appos->analyst->prep->at->pobj->|pobj
rel_55	Ent[ent_807]	Ent[ent_809]	James Hale	MMS International	appos|->appos->analyst->prep->for->pobj->|pobj
rel_353	Ent[ent_807]	Ent[ent_809]	James Hale	MMS International	appos|->appos->strategist->prep->at->pobj->|pobj
rel_55	Ent[ent_807]	Ent[ent_809]	James Hale	MMS International	appos|->appos->analyst->nn->|nn
rel_55	Ent[ent_807]	Ent[ent_809]	James Hale	MMS International	appos|->appos->strategist->prep->for->pobj->|pobj
rel_55	Ent[ent_807]	Ent[ent_809]	James Hale	MMS International	appos|->appos->analyst->prep->of->pobj->security->prep->for->pobj->|pobj
rel_353	Ent[ent_807]	Ent[ent_809]	James Hale	MMS International	appos|->appos->analyst->prep->in->pobj->office->prep->of->pobj->|pobj
rel_365	Ent[ent_927]	Ent[ent_610]	Walter Spilka	Harris Upham & Company	appos|->appos->analyst->prep->with->pobj->|pobj
rel_365	Ent[ent_927]	Ent[ent_610]	Walter Spilka	Harris Upham & Company	appos|->appos->analyst->prep->at->pobj->|pobj
rel_2	Ent[ent_800]	Ent[ent_1187]	Jack Anderson	New York City Ballet	nsubj|<-nsubj<-review->dobj->performance->nn->|nn
rel_2	Ent[ent_800]	Ent[ent_1187]	Jack Anderson	New York City Ballet	nsubj|<-nsubj<-review->dobj->performance->prep->by->pobj->|pobj
rel_2	Ent[ent_800]	Ent[ent_1187]	Jack Anderson	New York City Ballet	nsubj|<-nsubj<-review->dobj->|dobj
rel_2	Ent[ent_800]	Ent[ent_1187]	Jack Anderson	New York City Ballet	nsubj|<-nsubj<-review->dobj->program->nn->|nn
rel_294	Ent[ent_465]	Ent[ent_1187]	Jack Anderson	New York City Ballet	nsubj|<-nsubj<-review->dobj->performance->poss->|poss
rel_2	Ent[ent_800]	Ent[ent_1187]	Jack Anderson	New York City Ballet	nsubj|<-nsubj<-review->dobj->production->nn->|nn
rel_2	Ent[ent_800]	Ent[ent_1187]	Jack Anderson	New York City Ballet	nsubj|<-nsubj<-review->dobj->revival->nn->|nn
rel_2	Ent[ent_800]	Ent[ent_1187]	Jack Anderson	New York City Ballet	nsubj|<-nsubj<-review->dobj->performance->prep->of->pobj->|pobj
rel_2	Ent[ent_800]	Ent[ent_1187]	Jack Anderson	New York City Ballet	nsubj|<-nsubj<-review->dobj->opening->prep->of->pobj->season->poss->|poss
rel_2	Ent[ent_800]	Ent[ent_1187]	Jack Anderson	New York City Ballet	nsubj|<-nsubj<-review->prep->as->pobj->part->prep->of->pobj->season->poss->|poss
rel_2	Ent[ent_174]	Ent[ent_802]	Naomi Siegel	Shakespeare Theater	nsubj|<-nsubj<-review->dobj->|dobj
rel_2	Ent[ent_174]	Ent[ent_802]	Naomi Siegel	Shakespeare Theater	nsubj|<-nsubj<-review->acomp->musical->prep->at->pobj->|pobj
rel_2	Ent[ent_1189]	Ent[ent_801]	Anna Kisselgoff	Dance Theater	nsubj|<-nsubj<-review->dobj->|dobj
rel_9	Ent[ent_909]	Ent[ent_801]	Anna Kisselgoff	Dance Theater	nsubj|<-nsubj<-review->dobj->performance->prep->by->pobj->|pobj
rel_2	Ent[ent_1189]	Ent[ent_801]	Anna Kisselgoff	Dance Theater	nsubj|<-nsubj<-review->prep->in->pobj->premier->prep->of->pobj->season->poss->|poss
rel_2	Ent[ent_1189]	Ent[ent_801]	Anna Kisselgoff	Dance Theater	nsubj|<-nsubj<-review->prep->at->pobj->|pobj
rel_2	Ent[ent_1189]	Ent[ent_801]	Anna Kisselgoff	Dance Theater	nsubj|<-nsubj<-review->dobj->photo->dep->|dep
rel_2	Ent[ent_1189]	Ent[ent_801]	Anna Kisselgoff	Dance Theater	nsubj|<-nsubj<-review->dobj->debut->prep->of->pobj->|pobj
rel_68	Ent[ent_804]	Ent[ent_775]	Allan Kozinn	New York Philharmonic	nsubj|<-nsubj<-review->dobj->concert->nn->|nn
rel_2	Ent[ent_804]	Ent[ent_803]	Allan Kozinn	New York Philharmonic	nsubj|<-nsubj<-review->dobj->concert->prep->by->pobj->|pobj
rel_2	Ent[ent_804]	Ent[ent_803]	Allan Kozinn	New York Philharmonic	nsubj|<-nsubj<-review->dobj->performance->nn->|nn
rel_2	Ent[ent_804]	Ent[ent_803]	Allan Kozinn	New York Philharmonic	nsubj|<-nsubj<-review->dobj->|dobj
rel_2	Ent[ent_804]	Ent[ent_803]	Allan Kozinn	New York Philharmonic	nsubj|<-nsubj<-review->dobj->performance->prep->by->pobj->|pobj
rel_2	Ent[ent_804]	Ent[ent_803]	Allan Kozinn	New York Philharmonic	nsubj|<-nsubj<-review->dobj->program->nn->|nn
rel_2	Ent[ent_804]	Ent[ent_803]	Allan Kozinn	New York Philharmonic	poss|<-poss<-review->prep->of->pobj->set->prep->of->pobj->music->prep->by->pobj->|pobj
rel_2	Ent[ent_804]	Ent[ent_803]	Allan Kozinn	New York Philharmonic	nsubj|<-nsubj<-review->dobj->performance->poss->|poss
rel_2	Ent[ent_804]	Ent[ent_803]	Allan Kozinn	New York Philharmonic	nsubj|<-nsubj<-review->dobj->release->poss->|poss
rel_2	Ent[ent_804]	Ent[ent_803]	Allan Kozinn	New York Philharmonic	nsubj|<-nsubj<-review->dobj->recording->prep->of->pobj->|pobj
rel_2	Ent[ent_1189]	Ent[ent_1190]	Anna Kisselgoff	American Ballet Theater	nsubj|<-nsubj<-review->dobj->performance->poss->|poss
rel_2	Ent[ent_1189]	Ent[ent_1190]	Anna Kisselgoff	American Ballet Theater	nsubj|<-nsubj<-review->dobj->production->poss->|poss
rel_2	Ent[ent_1189]	Ent[ent_1190]	Anna Kisselgoff	American Ballet Theater	nsubj|<-nsubj<-review->dobj->performance->nn->|nn
rel_2	Ent[ent_1189]	Ent[ent_1190]	Anna Kisselgoff	American Ballet Theater	nsubj|<-nsubj<-review->dobj->|dobj
rel_177	Ent[ent_1189]	Ent[ent_1190]	Anna Kisselgoff	American Ballet Theater	nsubj|<-nsubj<-review->dobj->program->poss->|poss
rel_2	Ent[ent_1189]	Ent[ent_1190]	Anna Kisselgoff	American Ballet Theater	nsubj|<-nsubj<-review->dobj->premiere->poss->|poss
rel_2	Ent[ent_1189]	Ent[ent_1190]	Anna Kisselgoff	American Ballet Theater	nsubj|<-nsubj<-review->prep->by->pobj->|pobj
rel_2	Ent[ent_1189]	Ent[ent_1190]	Anna Kisselgoff	American Ballet Theater	nsubj|<-nsubj<-review->dobj->season->poss->|poss
rel_2	Ent[ent_1189]	Ent[ent_1190]	Anna Kisselgoff	American Ballet Theater	nsubj|<-nsubj<-review->dobj->revival->poss->|poss
rel_2	Ent[ent_1189]	Ent[ent_1190]	Anna Kisselgoff	American Ballet Theater	poss|<-poss<-article->prep->about->pobj->|pobj
rel_2	Ent[ent_1191]	Ent[ent_1187]	Jennifer Dunning	New York City Ballet	nsubj|<-nsubj<-review->dobj->performance->nn->|nn
rel_2	Ent[ent_1191]	Ent[ent_1187]	Jennifer Dunning	New York City Ballet	nsubj|<-nsubj<-review->dobj->performance->prep->by->pobj->|pobj
rel_2	Ent[ent_1191]	Ent[ent_1187]	Jennifer Dunning	New York City Ballet	nsubj|<-nsubj<-review->dobj->program->nn->|nn
rel_2	Ent[ent_1191]	Ent[ent_1187]	Jennifer Dunning	New York City Ballet	nsubj|<-nsubj<-review->dobj->performance->poss->|poss
rel_2	Ent[ent_1191]	Ent[ent_1187]	Jennifer Dunning	New York City Ballet	nsubj|<-nsubj<-review->dobj->|dobj
rel_2	Ent[ent_1191]	Ent[ent_1187]	Jennifer Dunning	New York City Ballet	nsubj|<-nsubj<-review->dobj->production->nn->|nn
rel_2	Ent[ent_1191]	Ent[ent_1187]	Jennifer Dunning	New York City Ballet	nsubj|<-nsubj<-review->dobj->production->poss->|poss
rel_2	Ent[ent_1191]	Ent[ent_1187]	Jennifer Dunning	New York City Ballet	nsubj|<-nsubj<-review->dobj->tribute->poss->|poss
rel_2	Ent[ent_1191]	Ent[ent_1187]	Jennifer Dunning	New York City Ballet	nsubj|<-nsubj<-review->dobj->dance->partmod->perform->prep->by->pobj->|pobj
rel_2	Ent[ent_1191]	Ent[ent_1187]	Jennifer Dunning	New York City Ballet	nsubj|<-nsubj<-review->dobj->revival->nn->|nn
rel_2	Ent[ent_800]	Ent[ent_801]	Jack Anderson	Dance Theater	nsubj|<-nsubj<-review->prep->at->pobj->|pobj
rel_2	Ent[ent_800]	Ent[ent_801]	Jack Anderson	Dance Theater	nsubj|<-nsubj<-review->dobj->performance->prep->by->pobj->|pobj
rel_2	Ent[ent_800]	Ent[ent_801]	Jack Anderson	Dance Theater	nsubj|<-nsubj<-review->dobj->performance->prep->at->pobj->|pobj
rel_2	Ent[ent_800]	Ent[ent_801]	Jack Anderson	Dance Theater	nsubj|<-nsubj<-review->dobj->|dobj
rel_2	Ent[ent_800]	Ent[ent_801]	Jack Anderson	Dance Theater	nsubj|<-nsubj<-review->dobj->program->prep->at->pobj->|pobj
rel_2	Ent[ent_800]	Ent[ent_801]	Jack Anderson	Dance Theater	nsubj|<-nsubj<-review->prep->in->pobj->series->prep->of->pobj->performance->prep->by->pobj->|pobj
rel_2	Ent[ent_800]	Ent[ent_801]	Jack Anderson	Dance Theater	nsubj|<-nsubj<-review->dobj->program->prep->by->pobj->|pobj
rel_2	Ent[ent_800]	Ent[ent_801]	Jack Anderson	Dance Theater	nsubj|<-nsubj<-review->dobj->program->partmod->present->prep->at->pobj->|pobj
rel_2	Ent[ent_800]	Ent[ent_801]	Jack Anderson	Dance Theater	nsubj|<-nsubj<-review->dobj->program->nn->|nn
rel_2	Ent[ent_800]	Ent[ent_801]	Jack Anderson	Dance Theater	nsubj|<-nsubj<-review->dobj->production->partmod->call->prep->at->pobj->|pobj
rel_244	Ent[ent_1192]	Ent[ent_1193]	Dave Kehr	DVD	nsubj|<-nsubj<-review->dobj->release->nn->|nn
rel_87	Ent[ent_1192]	Ent[ent_881]	Dave Kehr	DVD	nsubj|<-nsubj<-review->dobj->version->nn->|nn
rel_87	Ent[ent_1192]	Ent[ent_881]	Dave Kehr	DVD	nsubj|<-nsubj<-review->dobj->|dobj
rel_244	Ent[ent_1192]	Ent[ent_1193]	Dave Kehr	DVD	nsubj|<-nsubj<-review->dobj->collection->nn->|nn
rel_244	Ent[ent_1192]	Ent[ent_1193]	Dave Kehr	DVD	nsubj|<-nsubj<-review->dobj->film->nn->|nn
rel_244	Ent[ent_1192]	Ent[ent_1193]	Dave Kehr	DVD	nsubj|<-nsubj<-review->dobj->movie->nn->|nn
rel_244	Ent[ent_1192]	Ent[ent_1193]	Dave Kehr	DVD	nn|<-nn<-briefly<-nsubj<-review->dobj->collection->nn->|nn
rel_244	Ent[ent_1192]	Ent[ent_1193]	Dave Kehr	DVD	nn|<-nn<-article<-nsubj<-give->prep->for->pobj->best->dobj->|dobj
rel_244	Ent[ent_1192]	Ent[ent_1193]	Dave Kehr	DVD	dep|->dep->comment->dep->include->prep->on->pobj->version->nn->|nn
rel_354	Ent[ent_1194]	Ent[ent_631]	Lawrence Van Gelder	Ringling Brothers	nsubj|<-nsubj<-review->dobj->|dobj
rel_354	Ent[ent_1194]	Ent[ent_631]	Lawrence Van Gelder	Ringling Brothers	nsubj|<-nsubj<-review->dobj->edition->prep->of->pobj->|pobj
rel_2	Ent[ent_1194]	Ent[ent_314]	Lawrence Van Gelder	Apple Circus	nsubj|<-nsubj<-review->dobj->|dobj
rel_2	Ent[ent_1194]	Ent[ent_314]	Lawrence Van Gelder	Apple Circus	nsubj|<-nsubj<-review->dobj->performance->nn->|nn
rel_185	Ent[ent_816]	Ent[ent_819]	Republicans	Democrats	nsubj|<-nsubj<-join->dobj->|dobj
rel_9	Ent[ent_816]	Ent[ent_819]	Republicans	Democrats	nsubj|<-nsubj<-outnumber->dobj->|dobj
rel_9	Ent[ent_816]	Ent[ent_819]	Republicans	Democrats	nsubj|<-nsubj<-accuse->dobj->|dobj
rel_9	Ent[ent_816]	Ent[ent_819]	Republicans	Democrats	nsubj|<-nsubj<-join->prep->with->pobj->|pobj
rel_9	Ent[ent_816]	Ent[ent_1015]	Republicans	Democrats	nsubj|<-nsubj<-vote->prep->with->pobj->|pobj
rel_9	Ent[ent_816]	Ent[ent_1015]	Republicans	Democrats	partmod|->partmod->join->dobj->|dobj
rel_399	Ent[ent_767]	Ent[ent_1150]	Republicans	Democrats	nsubj|<-nsubj<-blame->dobj->|dobj
rel_9	Ent[ent_816]	Ent[ent_819]	Republicans	Democrats	rcmod|->rcmod->join->dobj->|dobj
rel_9	Ent[ent_816]	Ent[ent_819]	Republicans	Democrats	nsubj|<-nsubj<-criticize->dobj->|dobj
rel_9	Ent[ent_816]	Ent[ent_819]	Republicans	Democrats	nsubj|<-nsubj<-side->prep->with->pobj->|pobj
rel_49	Ent[ent_819]	Ent[ent_767]	Democrats	Republicans	nsubj|<-nsubj<-outnumber->dobj->|dobj
rel_112	Ent[ent_819]	Ent[ent_816]	Democrats	Republicans	nsubj|<-nsubj<-join->dobj->|dobj
rel_9	Ent[ent_1015]	Ent[ent_816]	Democrats	Republicans	nsubj|<-nsubj<-accuse->dobj->|dobj
rel_9	Ent[ent_819]	Ent[ent_816]	Democrats	Republicans	pobj|<-pobj<-of<-prep<-ratio->prep->to->pobj->|pobj
rel_9	Ent[ent_1015]	Ent[ent_816]	Democrats	Republicans	nsubj|<-nsubj<-vote->prep->with->pobj->|pobj
rel_9	Ent[ent_819]	Ent[ent_816]	Democrats	Republicans	nsubj|<-nsubj<-join->prep->with->pobj->|pobj
rel_9	Ent[ent_819]	Ent[ent_816]	Democrats	Republicans	nsubj|<-nsubj<-criticize->dobj->|dobj
rel_9	Ent[ent_819]	Ent[ent_816]	Democrats	Republicans	amod|->amod->more->prep->than->pobj->|pobj
rel_9	Ent[ent_819]	Ent[ent_816]	Democrats	Republicans	nsubj|<-nsubj<-outnumber->prep->|prep
rel_9	Ent[ent_819]	Ent[ent_816]	Democrats	Republicans	nsubj|<-nsubj<-register->dobj->|dobj
rel_112	Ent[ent_1225]	Ent[ent_1196]	China	World Trade Organization	poss|<-poss<-entry->prep->into->pobj->|pobj
rel_112	Ent[ent_818]	Ent[ent_1196]	China	World Trade Organization	nsubj|<-nsubj<-join->dobj->|dobj
rel_112	Ent[ent_818]	Ent[ent_1196]	China	World Trade Organization	poss|<-poss<-membership->prep->in->pobj->|pobj
rel_112	Ent[ent_1225]	Ent[ent_1196]	China	World Trade Organization	dobj|<-dobj<-get->prep->into->pobj->|pobj
rel_112	Ent[ent_1225]	Ent[ent_1196]	China	World Trade Organization	poss|<-poss<-admission->prep->to->pobj->|pobj
rel_112	Ent[ent_818]	Ent[ent_1196]	China	World Trade Organization	nsubj|<-nsubj<-enter->dobj->|dobj
rel_112	Ent[ent_1225]	Ent[ent_1196]	China	World Trade Organization	dobj|<-dobj<-bring->prep->into->pobj->|pobj
rel_40	Ent[ent_1225]	Ent[ent_1194]	China	World Trade Organization	poss|<-poss<-entry->prep->to->pobj->|pobj
rel_112	Ent[ent_818]	Ent[ent_1196]	China	World Trade Organization	nsubj|<-nsubj<-member->prep->of->pobj->|pobj
rel_112	Ent[ent_1225]	Ent[ent_1196]	China	World Trade Organization	dobj|<-dobj<-admit->prep->to->pobj->|pobj
rel_112	Ent[ent_598]	Ent[ent_1275]	Senate	House	nsubj|<-nsubj<-join->dobj->|dobj
rel_244	Ent[ent_1271]	Ent[ent_1275]	Senate	House	nsubj|<-nsubj<-follow->dobj->|dobj
rel_244	Ent[ent_1271]	Ent[ent_1275]	Senate	House	nsubj|<-nsubj<-follow->dobj->lead->prep->of->pobj->|pobj
rel_92	Ent[ent_1197]	Ent[ent_811]	Senate	House	nsubj|<-nsubj<-go->prep->with->pobj->|pobj
rel_118	Ent[ent_1243]	Ent[ent_1268]	Senate	House	nn|<-nn<-bill->prep->like->pobj->measure->nn->|nn
rel_90	Ent[ent_1246]	Ent[ent_1268]	Senate	House	dobj|<-dobj<-make->prep->like->pobj->|pobj
rel_244	Ent[ent_1271]	Ent[ent_1275]	Senate	House	pobj|<-pobj<-to<-prep<-send->prep->by->pobj->|pobj
rel_327	Ent[ent_1197]	Ent[ent_1275]	Senate	House	nsubj|<-nsubj<-different->prep->from->pobj->|pobj
rel_144	Ent[ent_1271]	Ent[ent_1268]	Senate	House	nsubj|<-nsubj<-agree->prep->with->pobj->|pobj
rel_20	Ent[ent_1124]	Ent[ent_1268]	Senate	House	nn|<-nn<-leader<-appos<-speaker->appos->leader->nn->|nn
rel_112	Ent[ent_1198]	Ent[ent_810]	Poland	European Union	nsubj|<-nsubj<-join->dobj->|dobj
rel_112	Ent[ent_1198]	Ent[ent_810]	Poland	European Union	poss|<-poss<-entry->prep->into->pobj->|pobj
rel_112	Ent[ent_1198]	Ent[ent_810]	Poland	European Union	nsubj|<-nsubj<-member->prep->of->pobj->|pobj
rel_112	Ent[ent_1198]	Ent[ent_810]	Poland	European Union	nsubj|<-nsubj<-enter->dobj->|dobj
rel_112	Ent[ent_1198]	Ent[ent_810]	Poland	European Union	poss|<-poss<-security<-nsubj<-depend->prep->on->pobj->membership->prep->to->pobj->|pobj
rel_353	Ent[ent_1198]	Ent[ent_490]	Poland	European Union	poss|<-poss<-membership->prep->in->pobj->|pobj
rel_112	Ent[ent_1198]	Ent[ent_810]	Poland	European Union	poss|<-poss<-frontier<-nsubj<-border->poss->|poss
rel_353	Ent[ent_1198]	Ent[ent_490]	Poland	European Union	poss|<-poss<-entry->prep->to->pobj->|pobj
rel_185	Ent[ent_1198]	Ent[ent_1016]	Poland	European Union	nsubj|<-nsubj<-go->prep->to->pobj->|pobj
rel_112	Ent[ent_1198]	Ent[ent_810]	Poland	European Union	dobj|<-dobj<-need->prep->in->pobj->|pobj
rel_185	Ent[ent_1211]	Ent[ent_1278]	Britain	United States	nsubj|<-nsubj<-join->dobj->|dobj
rel_192	Ent[ent_1211]	Ent[ent_1205]	Britain	United States	pobj|<-pobj<-from<-prep<-fly->prep->to->pobj->|pobj
rel_55	Ent[ent_813]	Ent[ent_537]	Britain	United States	poss|<-poss<-relationship->prep->with->pobj->|pobj
rel_162	Ent[ent_1211]	Ent[ent_1237]	Britain	United States	poss|<-poss<-alliance->prep->with->pobj->|pobj
rel_192	Ent[ent_1211]	Ent[ent_1205]	Britain	United States	nsubj|<-nsubj<-ally->prep->of->pobj->|pobj
rel_192	Ent[ent_1211]	Ent[ent_1205]	Britain	United States	poss|<-poss<-ambassador->prep->to->pobj->|pobj
rel_162	Ent[ent_1211]	Ent[ent_1237]	Britain	United States	dobj|<-dobj<-leave->prep->for->pobj->|pobj
rel_28	Ent[ent_1211]	Ent[ent_1277]	Britain	United States	appos|->appos->ally->prep->of->pobj->|pobj
rel_162	Ent[ent_1211]	Ent[ent_1237]	Britain	United States	appos|->appos->ally->poss->|poss
rel_55	Ent[ent_813]	Ent[ent_537]	Britain	United States	pobj|<-pobj<-in<-prep<-publish->prep->in->pobj->|pobj
rel_112	Ent[ent_813]	Ent[ent_812]	Britain	European Monetary System	nsubj|<-nsubj<-join->dobj->|dobj
rel_112	Ent[ent_813]	Ent[ent_812]	Britain	European Monetary System	poss|<-poss<-entry->prep->into->pobj->|pobj
rel_134	Ent[ent_1211]	Ent[ent_812]	Britain	European Monetary System	pobj|<-pobj<-in<-prep<-turmoil<-nsubj<-focus->prep->on->pobj->|pobj
rel_134	Ent[ent_1211]	Ent[ent_812]	Britain	European Monetary System	nsubj|<-nsubj<-member->prep->of->pobj->|pobj
rel_112	Ent[ent_813]	Ent[ent_812]	Britain	European Monetary System	nsubj|<-nsubj<-join->dobj->mechanism->poss->|poss
rel_41	Ent[ent_1211]	Ent[ent_1225]	Britain	European Monetary System	dep|->dep->member->prep->of->pobj->|pobj
rel_112	Ent[ent_813]	Ent[ent_812]	Britain	European Monetary System	poss|<-poss<-rejoin->dobj->|dobj
rel_112	Ent[ent_813]	Ent[ent_812]	Britain	European Monetary System	poss|<-poss<-linkup<-dobj<-regret->prep->with->pobj->mechanism->prep->of->pobj->|pobj
rel_134	Ent[ent_1211]	Ent[ent_812]	Britain	European Monetary System	poss|<-poss<-expulsion->prep->from->pobj->|pobj
rel_112	Ent[ent_813]	Ent[ent_812]	Britain	European Monetary System	pobj|<-pobj<-out<-prep<-drop<-nsubj<-drop->prep->out->pobj->costly->prep->of->pobj->|pobj
rel_355	Ent[ent_1268]	Ent[ent_1246]	House	Senate	nsubj|<-nsubj<-send->prep->to->pobj->|pobj
rel_330	Ent[ent_811]	Ent[ent_1203]	House	Senate	nsubj|<-nsubj<-join->dobj->|dobj
rel_330	Ent[ent_811]	Ent[ent_1203]	House	Senate	appos|->appos->leader->nn->|nn
rel_399	Ent[ent_1268]	Ent[ent_1243]	House	Senate	pobj|<-pobj<-by<-prep<-impeach->prep->by->pobj->|pobj
rel_330	Ent[ent_1268]	Ent[ent_1124]	House	Senate	pobj|<-pobj<-from<-prep<-move->prep->to->pobj->|pobj
rel_18	Ent[ent_811]	Ent[ent_1271]	House	Senate	nsubj|<-nsubj<-follow->dobj->|dobj
rel_52	Ent[ent_1268]	Ent[ent_1197]	House	Senate	dobj|<-dobj<-pass->dobj->|dobj
rel_57	Ent[ent_811]	Ent[ent_1197]	House	Senate	pobj|<-pobj<-in<-prep<-negotiator->prep->with->pobj->|pobj
rel_15	Ent[ent_678]	Ent[ent_1271]	House	Senate	pobj|<-pobj<-by<-prep<-pass->prep->by->pobj->|pobj
rel_57	Ent[ent_811]	Ent[ent_1197]	House	Senate	nsubj|<-nsubj<-pass->dobj->bill->nn->|nn
rel_112	Ent[ent_815]	Ent[ent_1205]	Russia	United States	nsubj|<-nsubj<-join->dobj->|dobj
rel_112	Ent[ent_815]	Ent[ent_1205]	Russia	United States	poss|<-poss<-relation->prep->with->pobj->|pobj
rel_355	Ent[ent_815]	Ent[ent_537]	Russia	United States	pobj|<-pobj<-from<-prep<-emigrate->prep->to->pobj->|pobj
rel_355	Ent[ent_815]	Ent[ent_537]	Russia	United States	dobj|<-dobj<-leave->prep->for->pobj->|pobj
rel_112	Ent[ent_815]	Ent[ent_1205]	Russia	United States	poss|<-poss<-relationship->prep->with->pobj->|pobj
rel_355	Ent[ent_815]	Ent[ent_537]	Russia	United States	poss|<-poss<-ambassador->prep->to->pobj->|pobj
rel_102	Ent[ent_815]	Ent[ent_1277]	Russia	United States	nsubj|<-nsubj<-have->dobj->warhead->amod->more->prep->than->pobj->power->amod->other->prep->than->pobj->|pobj
rel_112	Ent[ent_815]	Ent[ent_1205]	Russia	United States	poss|<-poss<-minister<-nsubj<-criticize->dobj->|dobj
rel_355	Ent[ent_815]	Ent[ent_537]	Russia	United States	nsubj|<-nsubj<-tell->dobj->|dobj
rel_102	Ent[ent_815]	Ent[ent_1277]	Russia	United States	nsubj|<-nsubj<-surpass->dobj->|dobj
rel_112	Ent[ent_1198]	Ent[ent_814]	Poland	NATO	nsubj|<-nsubj<-join->dobj->|dobj
rel_112	Ent[ent_1198]	Ent[ent_814]	Poland	NATO	poss|<-poss<-membership->prep->in->pobj->|pobj
rel_112	Ent[ent_1198]	Ent[ent_814]	Poland	NATO	poss|<-poss<-entry->prep->into->pobj->|pobj
rel_112	Ent[ent_1198]	Ent[ent_814]	Poland	NATO	partmod|->partmod->join->dobj->|dobj
rel_112	Ent[ent_1198]	Ent[ent_814]	Poland	NATO	dobj|<-dobj<-add->prep->to->pobj->|pobj
rel_112	Ent[ent_1198]	Ent[ent_814]	Poland	NATO	poss|<-poss<-tie->prep->to->pobj->alliance->nn->|nn
rel_112	Ent[ent_1198]	Ent[ent_814]	Poland	NATO	poss|<-poss<-accession->prep->to->pobj->|pobj
rel_112	Ent[ent_1198]	Ent[ent_814]	Poland	NATO	nsubjpass|<-nsubjpass<-admit->prep->to->pobj->|pobj
rel_112	Ent[ent_1198]	Ent[ent_814]	Poland	NATO	nsubj|<-nsubj<-member->prep->of->pobj->|pobj
rel_112	Ent[ent_1198]	Ent[ent_814]	Poland	NATO	dobj|<-dobj<-admit->prep->to->pobj->|pobj
rel_355	Ent[ent_1210]	Ent[ent_585]	Bush	Congress	nsubj|<-nsubj<-ask->dobj->|dobj
rel_355	Ent[ent_1212]	Ent[ent_189]	Bush	Congress	nsubj|<-nsubj<-send->prep->to->pobj->|pobj
rel_355	Ent[ent_1212]	Ent[ent_189]	Bush	Congress	nsubj|<-nsubj<-urge->dobj->|dobj
rel_355	Ent[ent_1210]	Ent[ent_189]	Bush	Congress	nn|<-nn<-administration<-nsubj<-ask->dobj->|dobj
rel_355	Ent[ent_1212]	Ent[ent_189]	Bush	Congress	nsubj|<-nsubj<-tell->dobj->|dobj
rel_355	Ent[ent_1201]	Ent[ent_601]	Bush	Congress	nsubj|<-nsubj<-call->prep->on->pobj->|pobj
rel_73	Ent[ent_1212]	Ent[ent_872]	Bush	Congress	nsubj|<-nsubj<-push->prep->through->pobj->|pobj
rel_73	Ent[ent_1212]	Ent[ent_872]	Bush	Congress	nsubj|<-nsubj<-submit->prep->to->pobj->|pobj
rel_355	Ent[ent_1212]	Ent[ent_189]	Bush	Congress	nsubj|<-nsubj<-send->iobj->|iobj
rel_73	Ent[ent_1212]	Ent[ent_872]	Bush	Congress	poss|<-poss<-address->prep->to->pobj->|pobj
rel_355	Ent[ent_183]	Ent[ent_189]	Administration	Congress	nsubj|<-nsubj<-ask->dobj->|dobj
rel_355	Ent[ent_183]	Ent[ent_872]	Administration	Congress	nsubj|<-nsubj<-tell->dobj->|dobj
rel_355	Ent[ent_183]	Ent[ent_189]	Administration	Congress	nsubj|<-nsubj<-notify->dobj->|dobj
rel_355	Ent[ent_183]	Ent[ent_872]	Administration	Congress	nsubj|<-nsubj<-send->prep->to->pobj->|pobj
rel_355	Ent[ent_183]	Ent[ent_872]	Administration	Congress	nsubj|<-nsubj<-submit->prep->to->pobj->|pobj
rel_355	Ent[ent_183]	Ent[ent_872]	Administration	Congress	nsubj|<-nsubj<-work->prep->with->pobj->|pobj
rel_355	Ent[ent_183]	Ent[ent_872]	Administration	Congress	nsubj|<-nsubj<-urge->dobj->|dobj
rel_355	Ent[ent_183]	Ent[ent_189]	Administration	Congress	poss|<-poss<-agreement->prep->with->pobj->|pobj
rel_355	Ent[ent_183]	Ent[ent_189]	Administration	Congress	nsubj|<-nsubj<-persuade->dobj->|dobj
rel_355	Ent[ent_183]	Ent[ent_872]	Administration	Congress	nsubj|<-nsubj<-send->iobj->|iobj
rel_355	Ent[ent_828]	Ent[ent_601]	Clinton	Congress	nsubj|<-nsubj<-ask->dobj->|dobj
rel_355	Ent[ent_828]	Ent[ent_601]	Clinton	Congress	nsubj|<-nsubj<-urge->dobj->|dobj
rel_355	Ent[ent_828]	Ent[ent_189]	Clinton	Congress	nsubj|<-nsubj<-send->prep->to->pobj->|pobj
rel_355	Ent[ent_828]	Ent[ent_601]	Clinton	Congress	nsubj|<-nsubj<-persuade->dobj->|dobj
rel_355	Ent[ent_828]	Ent[ent_189]	Clinton	Congress	nsubj|<-nsubj<-call->prep->on->pobj->|pobj
rel_355	Ent[ent_828]	Ent[ent_189]	Clinton	Congress	nsubj|<-nsubj<-tell->dobj->|dobj
rel_355	Ent[ent_828]	Ent[ent_189]	Clinton	Congress	nsubj|<-nsubj<-send->iobj->|iobj
rel_355	Ent[ent_1231]	Ent[ent_872]	Clinton	Congress	nsubj|<-nsubj<-submit->prep->to->pobj->|pobj
rel_355	Ent[ent_828]	Ent[ent_601]	Clinton	Congress	nsubj|<-nsubj<-push->prep->through->pobj->|pobj
rel_185	Ent[ent_1231]	Ent[ent_189]	Clinton	Congress	nsubj|<-nsubj<-challenge->dobj->|dobj
rel_355	Ent[ent_182]	Ent[ent_872]	Mr. Bush	Congress	nsubj|<-nsubj<-ask->dobj->|dobj
rel_355	Ent[ent_182]	Ent[ent_872]	Mr. Bush	Congress	nsubj|<-nsubj<-send->prep->to->pobj->|pobj
rel_355	Ent[ent_1253]	Ent[ent_189]	Mr. Bush	Congress	nsubj|<-nsubj<-push->prep->through->pobj->|pobj
rel_355	Ent[ent_182]	Ent[ent_189]	Mr. Bush	Congress	nsubj|<-nsubj<-urge->dobj->|dobj
rel_355	Ent[ent_1253]	Ent[ent_872]	Mr. Bush	Congress	nsubj|<-nsubj<-tell->dobj->|dobj
rel_355	Ent[ent_1253]	Ent[ent_189]	Mr. Bush	Congress	nsubj|<-nsubj<-call->prep->on->pobj->|pobj
rel_355	Ent[ent_182]	Ent[ent_189]	Mr. Bush	Congress	nsubj|<-nsubj<-submit->prep->to->pobj->|pobj
rel_355	Ent[ent_1253]	Ent[ent_872]	Mr. Bush	Congress	poss|<-poss<-ally->prep->in->pobj->|pobj
rel_355	Ent[ent_182]	Ent[ent_189]	Mr. Bush	Congress	nsubj|<-nsubj<-persuade->dobj->|dobj
rel_355	Ent[ent_182]	Ent[ent_189]	Mr. Bush	Congress	nsubj|<-nsubj<-send->iobj->|iobj
rel_355	Ent[ent_827]	Ent[ent_189]	Mr. Clinton	Congress	nsubj|<-nsubj<-ask->dobj->|dobj
rel_355	Ent[ent_651]	Ent[ent_189]	Mr. Clinton	Congress	nsubj|<-nsubj<-urge->dobj->|dobj
rel_355	Ent[ent_827]	Ent[ent_601]	Mr. Clinton	Congress	nsubj|<-nsubj<-send->prep->to->pobj->|pobj
rel_355	Ent[ent_827]	Ent[ent_189]	Mr. Clinton	Congress	nsubj|<-nsubj<-push->prep->through->pobj->|pobj
rel_355	Ent[ent_827]	Ent[ent_601]	Mr. Clinton	Congress	nsubj|<-nsubj<-persuade->dobj->|dobj
rel_203	Ent[ent_651]	Ent[ent_872]	Mr. Clinton	Congress	nsubj|<-nsubj<-call->prep->on->pobj->|pobj
rel_355	Ent[ent_827]	Ent[ent_601]	Mr. Clinton	Congress	nsubj|<-nsubj<-work->prep->with->pobj->|pobj
rel_355	Ent[ent_827]	Ent[ent_189]	Mr. Clinton	Congress	nsubj|<-nsubj<-tell->dobj->|dobj
rel_355	Ent[ent_827]	Ent[ent_601]	Mr. Clinton	Congress	nsubj|<-nsubj<-submit->prep->to->pobj->|pobj
rel_355	Ent[ent_827]	Ent[ent_189]	Mr. Clinton	Congress	nsubj|<-nsubj<-send->iobj->|iobj
rel_355	Ent[ent_227]	Ent[ent_189]	White House	Congress	nsubj|<-nsubj<-ask->dobj->|dobj
rel_355	Ent[ent_227]	Ent[ent_189]	White House	Congress	nsubj|<-nsubj<-send->prep->to->pobj->|pobj
rel_355	Ent[ent_227]	Ent[ent_189]	White House	Congress	nsubj|<-nsubj<-urge->dobj->|dobj
rel_117	Ent[ent_586]	Ent[ent_872]	White House	Congress	nn|<-nn<-liaison->prep->to->pobj->|pobj
rel_355	Ent[ent_227]	Ent[ent_189]	White House	Congress	nsubj|<-nsubj<-tell->dobj->|dobj
rel_117	Ent[ent_586]	Ent[ent_872]	White House	Congress	nsubj|<-nsubj<-work->prep->with->pobj->|pobj
rel_355	Ent[ent_227]	Ent[ent_189]	White House	Congress	nsubj|<-nsubj<-submit->prep->to->pobj->|pobj
rel_69	Ent[ent_873]	Ent[ent_872]	White House	Congress	nsubj|<-nsubj<-notify->dobj->|dobj
rel_117	Ent[ent_586]	Ent[ent_872]	White House	Congress	nn|<-nn<-liaison->prep->with->pobj->|pobj
rel_355	Ent[ent_227]	Ent[ent_189]	White House	Congress	pobj|<-pobj<-at<-prep<-meet->prep->with->pobj->leader->amod->|amod
rel_355	Ent[ent_829]	Ent[ent_189]	Clinton Administration	Congress	nsubj|<-nsubj<-ask->dobj->|dobj
rel_355	Ent[ent_829]	Ent[ent_189]	Clinton Administration	Congress	nsubj|<-nsubj<-tell->dobj->|dobj
rel_355	Ent[ent_829]	Ent[ent_189]	Clinton Administration	Congress	nsubj|<-nsubj<-notify->dobj->|dobj
rel_355	Ent[ent_829]	Ent[ent_189]	Clinton Administration	Congress	nsubj|<-nsubj<-send->prep->to->pobj->|pobj
rel_355	Ent[ent_829]	Ent[ent_189]	Clinton Administration	Congress	nsubj|<-nsubj<-report->prep->to->pobj->|pobj
rel_355	Ent[ent_829]	Ent[ent_189]	Clinton Administration	Congress	nsubj|<-nsubj<-agree->prep->under->pobj->pressure->prep->from->pobj->|pobj
rel_30	Ent[ent_829]	Ent[ent_738]	Clinton Administration	Congress	rcmod|->rcmod->tell->dobj->|dobj
rel_355	Ent[ent_829]	Ent[ent_189]	Clinton Administration	Congress	poss|<-poss<-proposal<-nsubj<-run->prep->into->pobj->resistance->amod->|amod
rel_355	Ent[ent_829]	Ent[ent_189]	Clinton Administration	Congress	nsubjpass|<-nsubjpass<-press->prep->in->pobj->struggle->advmod->now->prep->before->pobj->|pobj
rel_355	Ent[ent_829]	Ent[ent_189]	Clinton Administration	Congress	nsubj|<-nsubj<-work->prep->with->pobj->|pobj
rel_355	Ent[ent_196]	Ent[ent_601]	Bush Administration	Congress	nsubj|<-nsubj<-ask->dobj->|dobj
rel_355	Ent[ent_196]	Ent[ent_601]	Bush Administration	Congress	nsubj|<-nsubj<-tell->dobj->|dobj
rel_355	Ent[ent_196]	Ent[ent_601]	Bush Administration	Congress	nsubj|<-nsubj<-urge->dobj->|dobj
rel_355	Ent[ent_196]	Ent[ent_601]	Bush Administration	Congress	poss|<-poss<-agreement->prep->with->pobj->|pobj
rel_355	Ent[ent_196]	Ent[ent_872]	Bush Administration	Congress	nsubj|<-nsubj<-send->iobj->|iobj
rel_355	Ent[ent_196]	Ent[ent_872]	Bush Administration	Congress	nsubj|<-nsubj<-send->prep->to->pobj->|pobj
rel_355	Ent[ent_196]	Ent[ent_189]	Bush Administration	Congress	nn|<-nn<-official<-nsubj<-tell->dobj->|dobj
rel_355	Ent[ent_196]	Ent[ent_601]	Bush Administration	Congress	prep|->prep->with->pobj->approval->prep->of->pobj->panel->nn->|nn
rel_355	Ent[ent_196]	Ent[ent_601]	Bush Administration	Congress	nsubj|<-nsubj<-submit->prep->to->pobj->|pobj
rel_355	Ent[ent_196]	Ent[ent_601]	Bush Administration	Congress	nn|<-nn<-official<-nsubj<-tell->dobj->negotiator->amod->|amod
rel_355	Ent[ent_1277]	Ent[ent_856]	United States	Israel	nn|<-nn<-support->prep->for->pobj->|pobj
rel_355	Ent[ent_1237]	Ent[ent_856]	United States	Israel	nsubj|<-nsubj<-urge->dobj->|dobj
rel_355	Ent[ent_1280]	Ent[ent_820]	United States	Israel	nn|<-nn<-ambassador->prep->to->pobj->|pobj
rel_355	Ent[ent_537]	Ent[ent_820]	United States	Israel	nsubj|<-nsubj<-ask->dobj->|dobj
rel_355	Ent[ent_537]	Ent[ent_820]	United States	Israel	nsubj|<-nsubj<-give->iobj->|iobj
rel_355	Ent[ent_1280]	Ent[ent_820]	United States	Israel	poss|<-poss<-support->prep->of->pobj->|pobj
rel_355	Ent[ent_1280]	Ent[ent_820]	United States	Israel	nsubj|<-nsubj<-send->prep->to->pobj->|pobj
rel_43	Ent[ent_537]	Ent[ent_820]	United States	Israel	nsubj|<-nsubj<-press->dobj->|dobj
rel_43	Ent[ent_537]	Ent[ent_820]	United States	Israel	dobj|<-dobj<-punish->prep->for->pobj->support->prep->of->pobj->|pobj
rel_43	Ent[ent_537]	Ent[ent_820]	United States	Israel	nsubj|<-nsubj<-support->dobj->|dobj
rel_355	Ent[ent_1221]	Ent[ent_189]	Reagan	Congress	nsubj|<-nsubj<-ask->dobj->|dobj
rel_355	Ent[ent_1221]	Ent[ent_189]	Reagan	Congress	nsubj|<-nsubj<-submit->prep->to->pobj->|pobj
rel_355	Ent[ent_195]	Ent[ent_189]	Reagan	Congress	nsubj|<-nsubj<-urge->dobj->|dobj
rel_355	Ent[ent_195]	Ent[ent_189]	Reagan	Congress	nsubj|<-nsubj<-tell->dobj->|dobj
rel_355	Ent[ent_195]	Ent[ent_189]	Reagan	Congress	nsubj|<-nsubj<-send->prep->to->pobj->|pobj
rel_355	Ent[ent_195]	Ent[ent_189]	Reagan	Congress	poss|<-poss<-message->prep->to->pobj->|pobj
rel_144	Ent[ent_195]	Ent[ent_585]	Reagan	Congress	nsubj|<-nsubj<-warn->dobj->|dobj
rel_355	Ent[ent_1221]	Ent[ent_189]	Reagan	Congress	nsubj|<-nsubj<-blame->dobj->|dobj
rel_355	Ent[ent_1221]	Ent[ent_189]	Reagan	Congress	nsubj|<-nsubj<-send->iobj->|iobj
rel_355	Ent[ent_195]	Ent[ent_189]	Reagan	Congress	nsubj|<-nsubj<-persuade->dobj->|dobj
rel_77	Ent[ent_822]	Ent[ent_821]	American	London	amod|<-amod<-living->prep->in->pobj->|pobj
rel_77	Ent[ent_822]	Ent[ent_821]	American	London	amod|<-amod<-critic->partmod->base->prep->in->pobj->|pobj
rel_77	Ent[ent_822]	Ent[ent_821]	American	London	rcmod|->rcmod->live->prep->in->pobj->|pobj
rel_298	Ent[ent_1286]	Ent[ent_821]	American	London	amod|<-amod<-diplomat->prep->in->pobj->|pobj
rel_77	Ent[ent_822]	Ent[ent_821]	American	London	amod|<-amod<-critic->prep->in->pobj->|pobj
rel_298	Ent[ent_1286]	Ent[ent_821]	American	London	amod|<-amod<-tourist->prep->in->pobj->|pobj
rel_16	Ent[ent_822]	Ent[ent_821]	American	London	amod|<-amod<-firm->prep->in->pobj->|pobj
rel_16	Ent[ent_822]	Ent[ent_821]	American	London	amod|<-amod<-company->partmod->base->prep->in->pobj->|pobj
rel_16	Ent[ent_822]	Ent[ent_821]	American	London	nsubj|<-nsubj<-buy->dobj->route->nn->|nn
rel_77	Ent[ent_822]	Ent[ent_821]	American	London	amod|<-amod<-version->prep->of->pobj->publication->amod->|amod
rel_77	Ent[ent_822]	Ent[ent_824]	American	Paris	amod|<-amod<-living->prep->in->pobj->|pobj
rel_77	Ent[ent_822]	Ent[ent_824]	American	Paris	rcmod|->rcmod->live->prep->in->pobj->|pobj
rel_273	Ent[ent_822]	Ent[ent_824]	American	Paris	amod|<-amod<-artist->prep->in->pobj->|pobj
rel_273	Ent[ent_822]	Ent[ent_824]	American	Paris	amod|<-amod<-expatriate->prep->in->pobj->|pobj
rel_273	Ent[ent_822]	Ent[ent_824]	American	Paris	amod|<-amod<-ambassador->prep->to->pobj->|pobj
rel_273	Ent[ent_822]	Ent[ent_824]	American	Paris	amod|<-amod<-friends->prep->of->pobj->|pobj
rel_80	Ent[ent_1286]	Ent[ent_824]	American	Paris	amod|<-amod<-diplomat->prep->in->pobj->|pobj
rel_353	Ent[ent_675]	Ent[ent_824]	American	Paris	amod|<-amod<-official->prep->in->pobj->|pobj
rel_80	Ent[ent_1286]	Ent[ent_824]	American	Paris	amod|<-amod<-embassy->prep->in->pobj->|pobj
rel_273	Ent[ent_822]	Ent[ent_824]	American	Paris	amod|<-amod<-attache->prep->in->pobj->|pobj
rel_77	Ent[ent_823]	Ent[ent_1237]	Mexicans	United States	partmod|->partmod->live->prep->in->pobj->|pobj
rel_80	Ent[ent_823]	Ent[ent_1278]	Mexicans	United States	partmod|->partmod->work->prep->in->pobj->|pobj
rel_77	Ent[ent_823]	Ent[ent_1237]	Mexicans	United States	rcmod|->rcmod->live->prep->in->pobj->|pobj
rel_0	Ent[ent_823]	Ent[ent_1205]	Mexicans	United States	rcmod|->rcmod->work->prep->in->pobj->|pobj
rel_77	Ent[ent_823]	Ent[ent_1237]	Mexicans	United States	nsubj|<-nsubj<-enter->dobj->|dobj
rel_77	Ent[ent_823]	Ent[ent_1237]	Mexicans	United States	rcmod|->rcmod->travel->prep->to->pobj->|pobj
rel_185	Ent[ent_823]	Ent[ent_1277]	Mexicans	United States	rcmod|->rcmod->enter->dobj->|dobj
rel_77	Ent[ent_823]	Ent[ent_1237]	Mexicans	United States	nsubj|<-nsubj<-live->prep->in->pobj->|pobj
rel_185	Ent[ent_823]	Ent[ent_1277]	Mexicans	United States	dobj|<-dobj<-smuggle->prep->into->pobj->|pobj
rel_77	Ent[ent_823]	Ent[ent_1237]	Mexicans	United States	pobj|<-pobj<-of<-prep<-flow->prep->into->pobj->|pobj
rel_332	Ent[ent_826]	Ent[ent_825]	Palestinians	West Bank	partmod|->partmod->live->prep->in->pobj->|pobj
rel_332	Ent[ent_826]	Ent[ent_825]	Palestinians	West Bank	dobj|<-dobj<-govern->prep->in->pobj->|pobj
rel_77	Ent[ent_1228]	Ent[ent_825]	Palestinians	West Bank	dobj|<-dobj<-kill->prep->in->pobj->|pobj
rel_77	Ent[ent_1228]	Ent[ent_825]	Palestinians	West Bank	rcmod|->rcmod->live->prep->in->pobj->|pobj
rel_77	Ent[ent_1228]	Ent[ent_825]	Palestinians	West Bank	dobj|<-dobj<-protect->prep->in->pobj->|pobj
rel_77	Ent[ent_1228]	Ent[ent_825]	Palestinians	West Bank	nsubj|<-nsubj<-get->dobj->percent->prep->of->pobj->|pobj
rel_77	Ent[ent_1228]	Ent[ent_825]	Palestinians	West Bank	nsubj|<-nsubj<-control->dobj->percent->prep->of->pobj->|pobj
rel_77	Ent[ent_1228]	Ent[ent_825]	Palestinians	West Bank	dobj|<-dobj<-expel->prep->from->pobj->|pobj
rel_332	Ent[ent_826]	Ent[ent_825]	Palestinians	West Bank	pobj|<-pobj<-for<-prep<-condition->prep->in->pobj->|pobj
rel_77	Ent[ent_1228]	Ent[ent_825]	Palestinians	West Bank	nsubjpass|<-nsubjpass<-kill->prep->in->pobj->|pobj
rel_294	Ent[ent_151]	Ent[ent_839]	MAUREEN B. FANT	Rome	rcmod|->rcmod->live->prep->in->pobj->|pobj
rel_28	Ent[ent_840]	Ent[ent_839]	MAUREEN B. FANT	Rome	nsubj|<-nsubj<-live->prep->in->pobj->|pobj
rel_28	Ent[ent_840]	Ent[ent_839]	MAUREEN B. FANT	Rome	nsubj|<-nsubj<-author->prep->of->pobj->trattorias->prep->of->pobj->|pobj
rel_77	Ent[ent_838]	Ent[ent_831]	Serbs	Croatia	partmod|->partmod->live->prep->in->pobj->|pobj
rel_77	Ent[ent_838]	Ent[ent_831]	Serbs	Croatia	prep|->prep->in->pobj->region->prep->of->pobj->|pobj
rel_77	Ent[ent_838]	Ent[ent_831]	Serbs	Croatia	rcmod|->rcmod->live->prep->in->pobj->|pobj
rel_77	Ent[ent_838]	Ent[ent_831]	Serbs	Croatia	prep|->prep->from->pobj->region->prep->of->pobj->|pobj
rel_60	Ent[ent_838]	Ent[ent_831]	Serbs	Croatia	rcmod|->rcmod->flee->dobj->|dobj
rel_77	Ent[ent_838]	Ent[ent_831]	Serbs	Croatia	prep|->prep->in->pobj->republic->prep->of->pobj->|pobj
rel_77	Ent[ent_838]	Ent[ent_831]	Serbs	Croatia	prep|->prep->in->pobj->part->prep->of->pobj->|pobj
rel_77	Ent[ent_838]	Ent[ent_831]	Serbs	Croatia	partmod|->partmod->drive->prep->from->pobj->|pobj
rel_60	Ent[ent_838]	Ent[ent_831]	Serbs	Croatia	rcmod|->rcmod->bring->dobj->area->prep->of->pobj->|pobj
rel_77	Ent[ent_838]	Ent[ent_831]	Serbs	Croatia	rcmod|->rcmod->account->prep->for->pobj->percent->prep->of->pobj->people->poss->|poss
rel_142	Ent[ent_747]	Ent[ent_824]	PATRICIA WELLS	Paris	rcmod|->rcmod->live->prep->in->pobj->|pobj
rel_77	Ent[ent_9]	Ent[ent_617]	GENERATIONS Alice Elliott Dark	Montclair	rcmod|->rcmod->live->prep->in->pobj->|pobj
rel_77	Ent[ent_1286]	Ent[ent_835]	American	England	rcmod|->rcmod->live->prep->in->pobj->|pobj
rel_30	Ent[ent_822]	Ent[ent_835]	American	England	amod|<-amod<-living->prep->in->pobj->|pobj
rel_77	Ent[ent_1286]	Ent[ent_835]	American	England	amod|<-amod<-plane->prep->for->pobj->life->prep->in->pobj->|pobj
rel_77	Ent[ent_1286]	Ent[ent_835]	American	England	amod|<-amod<-woman->rcmod->come->prep->to->pobj->term->prep->with->pobj->womanhood->prep->in->pobj->|pobj
rel_77	Ent[ent_1286]	Ent[ent_835]	American	England	amod|<-amod<-base->prep->in->pobj->|pobj
rel_30	Ent[ent_822]	Ent[ent_835]	American	England	rcmod|->rcmod->move->prep->to->pobj->|pobj
rel_30	Ent[ent_822]	Ent[ent_835]	American	England	amod|<-amod<-writer->rcmod->produce->nsubj->|nsubj
rel_30	Ent[ent_822]	Ent[ent_835]	American	England	amod|<-amod<-woman<-nsubj<-go->prep->to->pobj->|pobj
rel_30	Ent[ent_822]	Ent[ent_835]	American	England	amod|<-amod<-woman<-nsubj<-come->prep->into->pobj->conflict->prep->with->pobj->church->prep->of->pobj->|pobj
rel_30	Ent[ent_822]	Ent[ent_835]	American	England	amod|<-amod<-serviceman->partmod->station->prep->in->pobj->|pobj
rel_77	Ent[ent_834]	Ent[ent_837]	Koreans	Japan	partmod|->partmod->live->prep->in->pobj->|pobj
rel_77	Ent[ent_834]	Ent[ent_837]	Koreans	Japan	rcmod|->rcmod->live->prep->in->pobj->|pobj
rel_254	Ent[ent_834]	Ent[ent_837]	Koreans	Japan	rcmod|->rcmod->bring->prep->to->pobj->|pobj
rel_77	Ent[ent_834]	Ent[ent_837]	Koreans	Japan	nn|<-nn<-living->prep->in->pobj->|pobj
rel_77	Ent[ent_834]	Ent[ent_837]	Koreans	Japan	nsubj|<-nsubj<-live->prep->in->pobj->|pobj
rel_254	Ent[ent_834]	Ent[ent_837]	Koreans	Japan	rcmod|->rcmod->escape->prep->to->pobj->|pobj
rel_77	Ent[ent_834]	Ent[ent_837]	Koreans	Japan	pobj|<-pobj<-to<-prep<-symbol->prep->of->pobj->brutishness->amod->|amod
rel_77	Ent[ent_834]	Ent[ent_837]	Koreans	Japan	pobj|<-pobj<-of<-prep<-effort->rcmod->sue->dobj->|dobj
rel_254	Ent[ent_834]	Ent[ent_837]	Koreans	Japan	nsubjpass|<-nsubjpass<-bring->prep->to->pobj->|pobj
rel_254	Ent[ent_834]	Ent[ent_837]	Koreans	Japan	nsubj|<-nsubj<-take->dobj->citizenship->amod->|amod
rel_192	Ent[ent_1239]	Ent[ent_836]	Yankees	World Series	nsubj|<-nsubj<-win->dobj->|dobj
rel_92	Ent[ent_475]	Ent[ent_836]	Yankees	World Series	dobj|<-dobj<-beat->prep->in->pobj->|pobj
rel_192	Ent[ent_1239]	Ent[ent_836]	Yankees	World Series	nsubj|<-nsubj<-lose->dobj->|dobj
rel_192	Ent[ent_1239]	Ent[ent_836]	Yankees	World Series	nsubj|<-nsubj<-be->prep->in->pobj->|pobj
rel_294	Ent[ent_1004]	Ent[ent_836]	Yankees	World Series	nsubj|<-nsubj<-play->prep->in->pobj->|pobj
rel_294	Ent[ent_1004]	Ent[ent_836]	Yankees	World Series	nsubj|<-nsubj<-win->dobj->title->nn->|nn
rel_192	Ent[ent_1239]	Ent[ent_836]	Yankees	World Series	poss|<-poss<-victory->nn->|nn
rel_192	Ent[ent_1239]	Ent[ent_836]	Yankees	World Series	pobj|<-pobj<-to<-prep<-lose->prep->in->pobj->|pobj
rel_192	Ent[ent_1239]	Ent[ent_836]	Yankees	World Series	dobj|<-dobj<-play->prep->in->pobj->|pobj
rel_192	Ent[ent_1239]	Ent[ent_836]	Yankees	World Series	partmod|->partmod->win->dobj->|dobj
rel_118	Ent[ent_709]	Ent[ent_851]	Rangers	Stanley Cup	nsubj|<-nsubj<-win->dobj->|dobj
rel_118	Ent[ent_709]	Ent[ent_851]	Rangers	Stanley Cup	dobj|<-dobj<-lead->prep->to->pobj->|pobj
rel_14	Ent[ent_347]	Ent[ent_851]	Rangers	Stanley Cup	poss|<-poss<-championship->nn->|nn
rel_180	Ent[ent_1249]	Ent[ent_851]	Rangers	Stanley Cup	poss|<-poss<-team->nn->|nn
rel_180	Ent[ent_1249]	Ent[ent_851]	Rangers	Stanley Cup	poss|<-poss<-victory->nn->|nn
rel_180	Ent[ent_1249]	Ent[ent_851]	Rangers	Stanley Cup	dobj|<-dobj<-coach->prep->to->pobj->|pobj
rel_118	Ent[ent_709]	Ent[ent_851]	Rangers	Stanley Cup	rcmod|->rcmod->win->dobj->|dobj
rel_180	Ent[ent_1249]	Ent[ent_851]	Rangers	Stanley Cup	dobj|<-dobj<-lead->prep->to->pobj->championship->nn->|nn
rel_118	Ent[ent_709]	Ent[ent_851]	Rangers	Stanley Cup	appos|->appos->champion->nn->|nn
rel_118	Ent[ent_709]	Ent[ent_851]	Rangers	Stanley Cup	poss|<-poss<-season->nn->|nn
rel_192	Ent[ent_1269]	Ent[ent_836]	Red Sox	World Series	nsubj|<-nsubj<-win->dobj->|dobj
rel_118	Ent[ent_309]	Ent[ent_836]	Red Sox	World Series	rcmod|->rcmod->win->dobj->|dobj
rel_118	Ent[ent_309]	Ent[ent_836]	Red Sox	World Series	nsubj|<-nsubj<-win->dobj->title->nn->|nn
rel_185	Ent[ent_1257]	Ent[ent_836]	Red Sox	World Series	partmod|->partmod->win->dobj->|dobj
rel_192	Ent[ent_1269]	Ent[ent_836]	Red Sox	World Series	nsubj|<-nsubj<-lose->dobj->|dobj
rel_192	Ent[ent_1269]	Ent[ent_836]	Red Sox	World Series	nsubj|<-nsubj<-be->prep->in->pobj->|pobj
rel_211	Ent[ent_309]	Ent[ent_1192]	Red Sox	World Series	nsubj|<-nsubj<-win->dobj->championship->nn->|nn
rel_185	Ent[ent_1257]	Ent[ent_836]	Red Sox	World Series	nsubj|<-nsubj<-play->prep->in->pobj->|pobj
rel_192	Ent[ent_1269]	Ent[ent_836]	Red Sox	World Series	nsubj|<-nsubj<-get->prep->to->pobj->|pobj
rel_118	Ent[ent_309]	Ent[ent_836]	Red Sox	World Series	dobj|<-dobj<-lead->prep->to->pobj->|pobj
rel_192	Ent[ent_321]	Ent[ent_836]	Mets	World Series	nsubj|<-nsubj<-win->dobj->|dobj
rel_192	Ent[ent_321]	Ent[ent_836]	Mets	World Series	nsubj|<-nsubj<-reach->dobj->|dobj
rel_168	Ent[ent_321]	Ent[ent_836]	Mets	World Series	poss|<-poss<-victory->nn->|nn
rel_192	Ent[ent_321]	Ent[ent_836]	Mets	World Series	nsubj|<-nsubj<-go->prep->to->pobj->|pobj
rel_294	Ent[ent_1252]	Ent[ent_836]	Mets	World Series	dobj|<-dobj<-beat->prep->in->pobj->|pobj
rel_168	Ent[ent_321]	Ent[ent_836]	Mets	World Series	dobj|<-dobj<-lead->prep->to->pobj->|pobj
rel_192	Ent[ent_321]	Ent[ent_836]	Mets	World Series	poss|<-poss<-team->nn->|nn
rel_118	Ent[ent_785]	Ent[ent_739]	Mets	World Series	rcmod|->rcmod->win->dobj->|dobj
rel_49	Ent[ent_785]	Ent[ent_836]	Mets	World Series	nsubj|<-nsubj<-be->prep->in->pobj->|pobj
rel_294	Ent[ent_1252]	Ent[ent_836]	Mets	World Series	nsubj|<-nsubj<-win->dobj->title->nn->|nn
rel_118	Ent[ent_561]	Ent[ent_1229]	Giants	Super Bowl	nsubj|<-nsubj<-win->dobj->|dobj
rel_192	Ent[ent_1276]	Ent[ent_1229]	Giants	Super Bowl	poss|<-poss<-victory->nn->|nn
rel_118	Ent[ent_561]	Ent[ent_1229]	Giants	Super Bowl	poss|<-poss<-team->nn->|nn
rel_118	Ent[ent_561]	Ent[ent_1229]	Giants	Super Bowl	poss|<-poss<-season->nn->|nn
rel_192	Ent[ent_1276]	Ent[ent_1229]	Giants	Super Bowl	rcmod|->rcmod->win->dobj->|dobj
rel_298	Ent[ent_508]	Ent[ent_1229]	Giants	Super Bowl	nsubj|<-nsubj<-go->prep->to->pobj->|pobj
rel_192	Ent[ent_561]	Ent[ent_1229]	Giants	Super Bowl	nsubj|<-nsubj<-reach->dobj->|dobj
rel_192	Ent[ent_1276]	Ent[ent_1229]	Giants	Super Bowl	dobj|<-dobj<-lead->prep->to->pobj->victory->nn->|nn
rel_118	Ent[ent_561]	Ent[ent_1229]	Giants	Super Bowl	nsubj|<-nsubj<-champion->nn->|nn
rel_192	Ent[ent_561]	Ent[ent_1229]	Giants	Super Bowl	dobj|<-dobj<-coach->prep->to->pobj->victory->nn->|nn
rel_118	Ent[ent_1256]	Ent[ent_851]	Devils	Stanley Cup	nsubj|<-nsubj<-win->dobj->|dobj
rel_192	Ent[ent_110]	Ent[ent_851]	Devils	Stanley Cup	appos|->appos->champion->nn->|nn
rel_118	Ent[ent_1259]	Ent[ent_851]	Devils	Stanley Cup	dobj|<-dobj<-lead->prep->to->pobj->|pobj
rel_118	Ent[ent_1259]	Ent[ent_851]	Devils	Stanley Cup	rcmod|->rcmod->win->dobj->|dobj
rel_134	Ent[ent_1282]	Ent[ent_851]	Devils	Stanley Cup	nsubj|<-nsubj<-raise->dobj->banner->nn->|nn
rel_192	Ent[ent_110]	Ent[ent_851]	Devils	Stanley Cup	nsubj|<-nsubj<-capture->dobj->|dobj
rel_118	Ent[ent_1259]	Ent[ent_851]	Devils	Stanley Cup	poss|<-poss<-team->nn->|nn
rel_134	Ent[ent_1282]	Ent[ent_851]	Devils	Stanley Cup	dobj|<-dobj<-coach->prep->to->pobj->championship->nn->|nn
rel_192	Ent[ent_110]	Ent[ent_851]	Devils	Stanley Cup	poss|<-poss<-victory->nn->|nn
rel_192	Ent[ent_110]	Ent[ent_851]	Devils	Stanley Cup	nsubj|<-nsubj<-champion->nn->|nn
rel_118	Ent[ent_608]	Ent[ent_607]	Woods	Masters	nsubj|<-nsubj<-win->dobj->|dobj
rel_118	Ent[ent_608]	Ent[ent_607]	Woods	Masters	appos|->appos->champion->nn->|nn
rel_118	Ent[ent_608]	Ent[ent_607]	Woods	Masters	poss|<-poss<-victory->nn->|nn
rel_118	Ent[ent_608]	Ent[ent_607]	Woods	Masters	rcmod|->rcmod->win->dobj->|dobj
rel_118	Ent[ent_608]	Ent[ent_607]	Woods	Masters	nsubj|<-nsubj<-win->prep->include->pobj->|pobj
rel_118	Ent[ent_608]	Ent[ent_607]	Woods	Masters	nsubj|<-nsubj<-win->dobj->tournament->nn->|nn
rel_118	Ent[ent_608]	Ent[ent_607]	Woods	Masters	poss|<-poss<-victory->prep->in->pobj->tournament->nn->|nn
rel_118	Ent[ent_608]	Ent[ent_607]	Woods	Masters	poss|<-poss<-victory->prep->in->pobj->|pobj
rel_361	Ent[ent_608]	Ent[ent_973]	Woods	Masters	nsubj|<-nsubj<-dominate->dobj->|dobj
rel_118	Ent[ent_608]	Ent[ent_607]	Woods	Masters	appos|->appos->winner->nn->|nn
rel_192	Ent[ent_849]	Ent[ent_1229]	Patriots	Super Bowl	nsubj|<-nsubj<-win->dobj->|dobj
rel_192	Ent[ent_849]	Ent[ent_1229]	Patriots	Super Bowl	dobj|<-dobj<-face->prep->in->pobj->|pobj
rel_192	Ent[ent_849]	Ent[ent_1229]	Patriots	Super Bowl	dobj|<-dobj<-take->prep->to->pobj->|pobj
rel_118	Ent[ent_849]	Ent[ent_420]	Patriots	Super Bowl	dobj|<-dobj<-lead->prep->to->pobj->|pobj
rel_14	Ent[ent_849]	Ent[ent_332]	Patriots	Super Bowl	poss|<-poss<-victory->nn->|nn
rel_192	Ent[ent_849]	Ent[ent_1229]	Patriots	Super Bowl	appos|->appos->champion->nn->|nn
rel_192	Ent[ent_849]	Ent[ent_1229]	Patriots	Super Bowl	pobj|<-pobj<-to<-prep<-loss->prep->in->pobj->|pobj
rel_192	Ent[ent_849]	Ent[ent_1229]	Patriots	Super Bowl	nsubj|<-nsubj<-go->prep->to->pobj->|pobj
rel_192	Ent[ent_849]	Ent[ent_1229]	Patriots	Super Bowl	dobj|<-dobj<-play->prep->in->pobj->|pobj
rel_118	Ent[ent_849]	Ent[ent_420]	Patriots	Super Bowl	rcmod|->rcmod->win->dobj->|dobj
rel_192	Ent[ent_609]	Ent[ent_836]	Marlins	World Series	nsubj|<-nsubj<-win->dobj->|dobj
rel_192	Ent[ent_609]	Ent[ent_836]	Marlins	World Series	rcmod|->rcmod->win->dobj->|dobj
rel_192	Ent[ent_609]	Ent[ent_836]	Marlins	World Series	poss|<-poss<-victory->nn->|nn
rel_192	Ent[ent_609]	Ent[ent_836]	Marlins	World Series	appos|->appos->champion->nn->|nn
rel_92	Ent[ent_475]	Ent[ent_836]	Marlins	World Series	pobj|<-pobj<-to<-prep<-loss->prep->in->pobj->game->prep->of->pobj->|pobj
rel_192	Ent[ent_609]	Ent[ent_836]	Marlins	World Series	partmod|->partmod->win->dobj->|dobj
rel_192	Ent[ent_609]	Ent[ent_836]	Marlins	World Series	nsubj|<-nsubj<-be->prep->in->pobj->|pobj
rel_192	Ent[ent_609]	Ent[ent_836]	Marlins	World Series	dobj|<-dobj<-play->prep->in->pobj->|pobj
rel_192	Ent[ent_609]	Ent[ent_836]	Marlins	World Series	dobj|<-dobj<-manage->prep->to->pobj->championship->nn->|nn
rel_192	Ent[ent_609]	Ent[ent_836]	Marlins	World Series	poss|<-poss<-championship->nn->|nn
rel_118	Ent[ent_600]	Ent[ent_836]	Cubs	World Series	nsubj|<-nsubj<-win->dobj->|dobj
rel_118	Ent[ent_600]	Ent[ent_836]	Cubs	World Series	rcmod|->rcmod->win->dobj->|dobj
rel_118	Ent[ent_600]	Ent[ent_836]	Cubs	World Series	nsubj|<-nsubj<-be->prep->in->pobj->|pobj
rel_192	Ent[ent_600]	Ent[ent_739]	Cubs	World Series	dobj|<-dobj<-play->prep->in->pobj->|pobj
rel_294	Ent[ent_600]	Ent[ent_836]	Cubs	World Series	nsubj|<-nsubj<-play->prep->in->pobj->|pobj
rel_353	Ent[ent_773]	Ent[ent_836]	Cubs	World Series	nsubj|<-nsubj<-appear->prep->in->pobj->|pobj
rel_118	Ent[ent_600]	Ent[ent_836]	Cubs	World Series	dobj|<-dobj<-sweep->prep->in->pobj->|pobj
rel_118	Ent[ent_600]	Ent[ent_836]	Cubs	World Series	dobj|<-dobj<-see->prep->in->pobj->|pobj
rel_118	Ent[ent_600]	Ent[ent_836]	Cubs	World Series	poss|<-poss<-appearance->prep->in->pobj->|pobj
rel_118	Ent[ent_600]	Ent[ent_836]	Cubs	World Series	partmod|->partmod->win->pobj->|pobj
rel_317	Ent[ent_842]	Ent[ent_841]	Floyd Abrams	First Amendment	appos|->appos->lawyer->nn->|nn
rel_317	Ent[ent_842]	Ent[ent_841]	Floyd Abrams	First Amendment	appos|->appos->lawyer->rcmod->specialize->prep->in->pobj->issue->nn->|nn
rel_317	Ent[ent_842]	Ent[ent_841]	Floyd Abrams	First Amendment	appos|->appos->lawyer->rcmod->specialize->prep->in->pobj->case->nn->|nn
rel_91	Ent[ent_504]	Ent[ent_841]	Floyd Abrams	First Amendment	appos|->appos->expert->nn->|nn
rel_317	Ent[ent_842]	Ent[ent_841]	Floyd Abrams	First Amendment	appos|->appos->specialist->nn->|nn
rel_317	Ent[ent_842]	Ent[ent_841]	Floyd Abrams	First Amendment	appos|->appos->lawyer->partmod->specialize->prep->in->pobj->|pobj
rel_317	Ent[ent_842]	Ent[ent_841]	Floyd Abrams	First Amendment	appos|->appos->authority->prep->on->pobj->law->nn->|nn
rel_317	Ent[ent_842]	Ent[ent_841]	Floyd Abrams	First Amendment	appos|->appos->lawyer->rcmod->expert->prep->on->pobj->|pobj
rel_317	Ent[ent_842]	Ent[ent_841]	Floyd Abrams	First Amendment	appos|->appos->lawyer->prep->on->pobj->|pobj
rel_28	Ent[ent_842]	Ent[ent_132]	Floyd Abrams	First Amendment	appos|->appos->lawyer->partmod->specialize->prep->in->pobj->issue->nn->|nn
rel_168	Ent[ent_569]	Ent[ent_1240]	Arthur I. Weinstein	Manhattan	appos|->appos->lawyer->nn->|nn
rel_168	Ent[ent_569]	Ent[ent_1240]	Arthur I. Weinstein	Manhattan	dep|->dep->lawyer->nn->|nn
rel_168	Ent[ent_569]	Ent[ent_1240]	Arthur I. Weinstein	Manhattan	appos|->appos->co-op->nn->|nn
rel_144	Ent[ent_844]	Ent[ent_1002]	John Dowd	Washington	appos|->appos->lawyer->nn->|nn
rel_144	Ent[ent_844]	Ent[ent_1002]	John Dowd	Washington	appos|->appos->lawyer->dep->|dep
rel_144	Ent[ent_844]	Ent[ent_1002]	John Dowd	Washington	appos|<-appos<-investigator<-pobj<-with<-prep<-begin->dobj->lawyer->nn->|nn
rel_144	Ent[ent_844]	Ent[ent_1002]	John Dowd	Washington	appos|->appos->attorney->nn->|nn
rel_168	Ent[ent_601]	Ent[ent_843]	Sidney Kess	New York	appos|->appos->lawyer->nn->|nn
rel_168	Ent[ent_601]	Ent[ent_843]	Sidney Kess	New York	appos|->appos->accountant->prep->in->pobj->|pobj
rel_168	Ent[ent_601]	Ent[ent_843]	Sidney Kess	New York	appos|->appos->lawyer->prep->in->pobj->|pobj
rel_144	Ent[ent_601]	Ent[ent_1244]	Sidney Kess	New York	appos|->appos->accountant->nn->|nn
rel_144	Ent[ent_601]	Ent[ent_1244]	Sidney Kess	New York	appos|->appos->attorney->nn->|nn
rel_168	Ent[ent_601]	Ent[ent_843]	Sidney Kess	New York	appos|<-appos<-i.r.a.->appos->lawyer->nn->|nn
rel_144	Ent[ent_514]	Ent[ent_846]	Joel E. Miller	Queens	appos|->appos->lawyer->nn->|nn
rel_168	Ent[ent_193]	Ent[ent_846]	Joel E. Miller	Queens	appos|->appos->lawyer->prep->in->pobj->|pobj
rel_168	Ent[ent_193]	Ent[ent_846]	Joel E. Miller	Queens	rcmod|->rcmod->hire->nsubj->lawyer->nn->|nn
rel_168	Ent[ent_193]	Ent[ent_846]	Joel E. Miller	Queens	dep|->dep->lawyer->nn->|nn
rel_168	Ent[ent_193]	Ent[ent_846]	Joel E. Miller	Queens	appos|->appos->tax->nn->|nn
rel_168	Ent[ent_193]	Ent[ent_846]	Joel E. Miller	Queens	appos|->appos->co-op->nn->|nn
rel_168	Ent[ent_603]	Ent[ent_333]	Richard Siegler	Manhattan	appos|->appos->lawyer->nn->|nn
rel_168	Ent[ent_603]	Ent[ent_333]	Richard Siegler	Manhattan	appos|->appos->co-op->nn->|nn
rel_168	Ent[ent_603]	Ent[ent_333]	Richard Siegler	Manhattan	dep|->dep->lawyer->nn->|nn
rel_168	Ent[ent_569]	Ent[ent_1240]	Richard Siegler	Manhattan	appos|->appos->lawyer->prep->in->pobj->|pobj
rel_168	Ent[ent_603]	Ent[ent_333]	Arthur Weinstein	Manhattan	appos|->appos->lawyer->nn->|nn
rel_168	Ent[ent_1183]	Ent[ent_1240]	Aaron Shmulewitz	Manhattan	appos|->appos->lawyer->nn->|nn
rel_325	Ent[ent_1183]	Ent[ent_333]	Aaron Shmulewitz	Manhattan	appos|->appos->co-op->nn->|nn
rel_168	Ent[ent_1183]	Ent[ent_1240]	Aaron Shmulewitz	Manhattan	dep|->dep->lawyer->nn->|nn
rel_185	Ent[ent_1108]	Ent[ent_1240]	Stuart Saft	Manhattan	appos|->appos->lawyer->nn->|nn
rel_39	Ent[ent_1108]	Ent[ent_568]	Stuart Saft	Manhattan	appos|->appos->lawyer->prep->in->pobj->|pobj
rel_185	Ent[ent_1108]	Ent[ent_1240]	Stuart Saft	Manhattan	appos|->appos->chairman->prep->with->pobj->firm->nn->|nn
rel_185	Ent[ent_1108]	Ent[ent_1240]	Stuart Saft	Manhattan	appos|->appos->chairman->prep->in->pobj->firm->nn->|nn
rel_144	Ent[ent_605]	Ent[ent_119]	David Ng	Manhattan	appos|->appos->lawyer->nn->|nn
rel_168	Ent[ent_605]	Ent[ent_333]	David Ng	Manhattan	dep|->dep->lawyer->nn->|nn
rel_168	Ent[ent_605]	Ent[ent_333]	David Ng	Manhattan	appos|->appos->lawyer->prep->in->pobj->|pobj
rel_168	Ent[ent_605]	Ent[ent_333]	David Ng	Manhattan	appos|->appos->lawyer->poss->tenant->nn->|nn
rel_14	Ent[ent_847]	Ent[ent_1265]	Bruce Steinberg	Merrill Lynch	appos|->appos->economist->prep->at->pobj->|pobj
rel_399	Ent[ent_847]	Ent[ent_700]	Bruce Steinberg	Merrill Lynch	appos|->appos->economist->prep->with->pobj->|pobj
rel_14	Ent[ent_847]	Ent[ent_1265]	Bruce Steinberg	Merrill Lynch	appos|->appos->manager->prep->at->pobj->|pobj
rel_14	Ent[ent_847]	Ent[ent_1285]	Bruce Steinberg	Merrill Lynch	appos|->appos->economist->prep->for->pobj->|pobj
rel_14	Ent[ent_847]	Ent[ent_1285]	Bruce Steinberg	Merrill Lynch	appos|->appos->economist->poss->|poss
rel_14	Ent[ent_847]	Ent[ent_1285]	Bruce Steinberg	Merrill Lynch	appos|->appos->economist->nn->|nn
rel_14	Ent[ent_847]	Ent[ent_1265]	Bruce Steinberg	Merrill Lynch	appos|->appos->economist->prep->of->pobj->|pobj
rel_14	Ent[ent_847]	Ent[ent_1265]	Bruce Steinberg	Merrill Lynch	pobj|<-pobj<-include->prep->at->pobj->|pobj
rel_14	Ent[ent_847]	Ent[ent_1265]	Bruce Steinberg	Merrill Lynch	nsubj|<-nsubj<-economist->prep->for->pobj->|pobj
rel_14	Ent[ent_847]	Ent[ent_1265]	Bruce Steinberg	Merrill Lynch	dep|->dep->economist->prep->at->pobj->|pobj
rel_14	Ent[ent_860]	Ent[ent_620]	Jared Bernstein	Economic Policy Institute	appos|->appos->economist->prep->at->pobj->|pobj
rel_14	Ent[ent_860]	Ent[ent_620]	Jared Bernstein	Economic Policy Institute	appos|->appos->economist->prep->with->pobj->|pobj
rel_14	Ent[ent_860]	Ent[ent_620]	Jared Bernstein	Economic Policy Institute	nsubj|<-nsubj<-economist->prep->with->pobj->|pobj
rel_14	Ent[ent_860]	Ent[ent_620]	Jared Bernstein	Economic Policy Institute	nsubj|<-nsubj<-economist->prep->at->pobj->|pobj
rel_14	Ent[ent_860]	Ent[ent_620]	Jared Bernstein	Economic Policy Institute	appos|->appos->researcher->prep->at->pobj->|pobj
rel_14	Ent[ent_860]	Ent[ent_620]	Jared Bernstein	Economic Policy Institute	appos|->appos->economist->prep->for->pobj->|pobj
rel_14	Ent[ent_860]	Ent[ent_620]	Jared Bernstein	Economic Policy Institute	appos|<-appos<-datum->appos->economist->prep->at->pobj->|pobj
rel_134	Ent[ent_1214]	Ent[ent_620]	Jared Bernstein	Economic Policy Institute	appos|->appos->co-author->prep->of->pobj->study->prep->by->pobj->|pobj
rel_14	Ent[ent_862]	Ent[ent_861]	Stephen S. Roach	Morgan Stanley & Company	appos|->appos->economist->prep->at->pobj->|pobj
rel_14	Ent[ent_862]	Ent[ent_861]	Stephen S. Roach	Morgan Stanley & Company	appos|->appos->principal->prep->at->pobj->|pobj
rel_14	Ent[ent_862]	Ent[ent_861]	Stephen S. Roach	Morgan Stanley & Company	appos|->appos->economist->prep->for->pobj->|pobj
rel_14	Ent[ent_862]	Ent[ent_861]	Stephen S. Roach	Morgan Stanley & Company	appos|->appos->economist->prep->with->pobj->|pobj
rel_14	Ent[ent_862]	Ent[ent_861]	Stephen S. Roach	Morgan Stanley & Company	appos|->appos->economist->prep->of->pobj->|pobj
rel_14	Ent[ent_862]	Ent[ent_861]	Stephen S. Roach	Morgan Stanley & Company	appos|->appos->specialist->prep->in->pobj->trend->prep->for->pobj->|pobj
rel_55	Ent[ent_978]	Ent[ent_861]	Stephen S. Roach	Morgan Stanley & Company	appos|->appos->analyst->prep->at->pobj->|pobj
rel_14	Ent[ent_862]	Ent[ent_808]	Stephen S. Roach	Morgan Stanley	appos|->appos->economist->prep->at->pobj->|pobj
rel_14	Ent[ent_862]	Ent[ent_808]	Stephen S. Roach	Morgan Stanley	appos|->appos->economist->prep->for->pobj->|pobj
rel_14	Ent[ent_862]	Ent[ent_808]	Stephen S. Roach	Morgan Stanley	appos|->appos->economist->prep->of->pobj->|pobj
rel_14	Ent[ent_862]	Ent[ent_808]	Stephen S. Roach	Morgan Stanley	appos|->appos->principal->prep->at->pobj->|pobj
rel_14	Ent[ent_862]	Ent[ent_808]	Stephen S. Roach	Morgan Stanley	nsubj|<-nsubj<-economist->prep->for->pobj->|pobj
rel_14	Ent[ent_862]	Ent[ent_808]	Stephen S. Roach	Morgan Stanley	appos|->appos->economist->poss->|poss
rel_14	Ent[ent_862]	Ent[ent_808]	Stephen S. Roach	Morgan Stanley	appos|->appos->economist->prep->with->pobj->|pobj
rel_14	Ent[ent_862]	Ent[ent_808]	Stephen S. Roach	Morgan Stanley	appos|->appos->economist->nn->|nn
rel_14	Ent[ent_862]	Ent[ent_808]	Stephen S. Roach	Morgan Stanley	pobj|<-pobj<-from<-prep<-web->appos->director->poss->|poss
rel_14	Ent[ent_862]	Ent[ent_808]	Stephen S. Roach	Morgan Stanley	appos|->appos->specialist->prep->in->pobj->trend->prep->for->pobj->|pobj
rel_365	Ent[ent_619]	Ent[ent_526]	John Lipsky	Salomon Brothers	appos|->appos->economist->prep->at->pobj->|pobj
rel_365	Ent[ent_619]	Ent[ent_526]	John Lipsky	Salomon Brothers	appos|->appos->director->prep->at->pobj->|pobj
rel_365	Ent[ent_619]	Ent[ent_526]	John Lipsky	Salomon Brothers	appos|->appos->director->prep->for->pobj->|pobj
rel_365	Ent[ent_619]	Ent[ent_526]	John Lipsky	Salomon Brothers	appos|->appos->economist->prep->for->pobj->|pobj
rel_365	Ent[ent_619]	Ent[ent_526]	John Lipsky	Salomon Brothers	appos|->appos->president->prep->at->pobj->|pobj
rel_365	Ent[ent_619]	Ent[ent_526]	John Lipsky	Salomon Brothers	appos|->appos->economist->prep->with->pobj->|pobj
rel_365	Ent[ent_619]	Ent[ent_526]	John Lipsky	Salomon Brothers	appos|->appos->director->poss->|poss
rel_330	Ent[ent_576]	Ent[ent_526]	John Lipsky	Salomon Brothers	appos|->appos->director->nn->|nn
rel_365	Ent[ent_619]	Ent[ent_526]	John Lipsky	Salomon Brothers	appos|->appos->analyst->prep->at->pobj->|pobj
rel_14	Ent[ent_618]	Ent[ent_611]	Ian Shepherdson	High Frequency Economics	appos|->appos->economist->prep->at->pobj->|pobj
rel_144	Ent[ent_502]	Ent[ent_611]	Ian Shepherdson	High Frequency Economics	appos|->appos->economist->prep->for->pobj->|pobj
rel_14	Ent[ent_618]	Ent[ent_611]	Ian Shepherdson	High Frequency Economics	appos|->appos->economist->prep->with->pobj->|pobj
rel_14	Ent[ent_618]	Ent[ent_611]	Ian Shepherdson	High Frequency Economics	appos|->appos->economist->prep->of->pobj->|pobj
rel_14	Ent[ent_618]	Ent[ent_611]	Ian Shepherdson	High Frequency Economics	appos|->appos->analyst->prep->at->pobj->|pobj
rel_14	Ent[ent_618]	Ent[ent_611]	Ian Shepherdson	High Frequency Economics	rcmod|->rcmod->begin->nsubj->economist->prep->at->pobj->|pobj
rel_14	Ent[ent_618]	Ent[ent_611]	Ian Shepherdson	High Frequency Economics	pobj|<-pobj<-to<-dep<-accord<-prep<-grow->nsubj->economist->prep->at->pobj->|pobj
rel_365	Ent[ent_927]	Ent[ent_610]	David H. Resler	Nomura Securities International	appos|->appos->economist->prep->at->pobj->|pobj
rel_365	Ent[ent_927]	Ent[ent_610]	David H. Resler	Nomura Securities International	appos|->appos->economist->prep->for->pobj->|pobj
rel_14	Ent[ent_852]	Ent[ent_613]	Lawrence A. Kudlow	Bear	appos|->appos->economist->prep->at->pobj->|pobj
rel_14	Ent[ent_852]	Ent[ent_613]	Lawrence A. Kudlow	Bear	appos|->appos->economist->prep->of->pobj->|pobj
rel_14	Ent[ent_852]	Ent[ent_613]	Lawrence A. Kudlow	Bear	appos|->appos->economist->prep->for->pobj->|pobj
rel_14	Ent[ent_852]	Ent[ent_613]	Lawrence A. Kudlow	Bear	appos|->appos->economist->prep->with->pobj->|pobj
rel_14	Ent[ent_852]	Ent[ent_613]	Lawrence A. Kudlow	Bear	rcmod|->rcmod->predict->nsubj->official->rcmod->economist->prep->at->pobj->|pobj
rel_14	Ent[ent_852]	Ent[ent_613]	Lawrence A. Kudlow	Bear	nsubj|<-nsubj<-quit->prep->as->pobj->economist->prep->of->pobj->|pobj
rel_14	Ent[ent_852]	Ent[ent_613]	Lawrence A. Kudlow	Bear	appos|->appos->official->rcmod->economist->prep->at->pobj->|pobj
rel_14	Ent[ent_852]	Ent[ent_613]	Lawrence A. Kudlow	Bear	appos|->appos->economist->prep->at->pobj->firm->prep->of->pobj->|pobj
rel_14	Ent[ent_852]	Ent[ent_613]	Lawrence A. Kudlow	Bear	appos|->appos->economist->advmod->now->dep->with->pobj->|pobj
rel_14	Ent[ent_852]	Ent[ent_613]	Lawrence A. Kudlow	Bear	appos|<-appos<-booming->appos->economist->prep->with->pobj->|pobj
rel_14	Ent[ent_190]	Ent[ent_612]	Thomas Mayer	Deutsche Bank	appos|->appos->economist->prep->at->pobj->|pobj
rel_14	Ent[ent_190]	Ent[ent_612]	Thomas Mayer	Deutsche Bank	appos|->appos->economist->prep->of->pobj->|pobj
rel_14	Ent[ent_190]	Ent[ent_612]	Thomas Mayer	Deutsche Bank	appos|->appos->economist->prep->for->pobj->|pobj
rel_14	Ent[ent_854]	Ent[ent_615]	Gary Burtless	Brookings Institution	appos|->appos->economist->prep->at->pobj->|pobj
rel_14	Ent[ent_854]	Ent[ent_615]	Gary Burtless	Brookings Institution	appos|->appos->fellow->prep->at->pobj->|pobj
rel_14	Ent[ent_854]	Ent[ent_615]	Gary Burtless	Brookings Institution	appos|->appos->economist->prep->with->pobj->|pobj
rel_188	Ent[ent_854]	Ent[ent_615]	Gary Burtless	Brookings Institution	rcmod|->rcmod->organization->prep->at->pobj->|pobj
rel_14	Ent[ent_854]	Ent[ent_615]	Gary Burtless	Brookings Institution	prep|->prep->of->pobj->comment->nn->|nn
rel_188	Ent[ent_854]	Ent[ent_615]	Gary Burtless	Brookings Institution	appos|->appos->scholar->prep->at->pobj->|pobj
rel_14	Ent[ent_854]	Ent[ent_615]	Gary Burtless	Brookings Institution	appos|->appos->fellow->prep->of->pobj->|pobj
rel_138	Ent[ent_854]	Ent[ent_1190]	Gary Burtless	Brookings Institution	appos|->appos->fellow->nn->|nn
rel_14	Ent[ent_854]	Ent[ent_615]	Gary Burtless	Brookings Institution	appos|->appos->expert->prep->at->pobj->|pobj
rel_138	Ent[ent_854]	Ent[ent_1190]	Gary Burtless	Brookings Institution	appos|->appos->economist->nn->|nn
rel_83	Ent[ent_857]	Ent[ent_614]	William Kristol	The Weekly Standard	appos|->appos->editor->prep->of->pobj->|pobj
rel_83	Ent[ent_857]	Ent[ent_614]	William Kristol	The Weekly Standard	nsubj|<-nsubj<-editor->prep->of->pobj->|pobj
rel_83	Ent[ent_857]	Ent[ent_614]	William Kristol	The Weekly Standard	appos|->appos->publisher->prep->of->pobj->|pobj
rel_83	Ent[ent_857]	Ent[ent_614]	William Kristol	The Weekly Standard	appos|->appos->editor->prep->of->pobj->magazine->dep->|dep
rel_83	Ent[ent_857]	Ent[ent_614]	William Kristol	The Weekly Standard	appos|->appos->strategist->prep->of->pobj->|pobj
rel_315	Ent[ent_857]	Ent[ent_614]	William Kristol	The Weekly Standard	rcmod|->rcmod->editor->prep->of->pobj->|pobj
rel_83	Ent[ent_857]	Ent[ent_614]	William Kristol	The Weekly Standard	rcmod|->rcmod->congregate->prep->at->pobj->|pobj
rel_315	Ent[ent_857]	Ent[ent_614]	William Kristol	The Weekly Standard	rcmod|->rcmod->be->nsubj->prescription->prep->in->pobj->issue->prep->of->pobj->|pobj
rel_83	Ent[ent_857]	Ent[ent_614]	William Kristol	The Weekly Standard	poss|<-poss<-screed->prep->in->pobj->|pobj
rel_315	Ent[ent_857]	Ent[ent_614]	William Kristol	The Weekly Standard	nsubj|<-nsubj<-publisher->prep->of->pobj->|pobj
rel_27	Ent[ent_538]	Ent[ent_767]	John Rekenthaler	Morningstar Mutual Funds	appos|->appos->editor->prep->of->pobj->|pobj
rel_112	Ent[ent_97]	Ent[ent_617]	John Rekenthaler	Morningstar Mutual Funds	appos|->appos->publisher->prep->of->pobj->|pobj
rel_77	Ent[ent_9]	Ent[ent_617]	John Rekenthaler	Morningstar Mutual Funds	rcmod|->rcmod->edit->dobj->|dobj
rel_112	Ent[ent_97]	Ent[ent_617]	John Rekenthaler	Morningstar Mutual Funds	appos|->appos->publisher->prep->of->pobj->newsletter->nn->|nn
rel_112	Ent[ent_97]	Ent[ent_617]	John Rekenthaler	Morningstar Mutual Funds	appos|->appos->editor->prep->of->pobj->newsletter->nn->|nn
rel_270	Ent[ent_859]	Ent[ent_616]	Anna Wintour	Vogue	appos|->appos->editor->prep->in->pobj->chief->prep->of->pobj->|pobj
rel_270	Ent[ent_859]	Ent[ent_616]	Anna Wintour	Vogue	appos|->appos->editor->prep->of->pobj->|pobj
rel_270	Ent[ent_859]	Ent[ent_616]	Anna Wintour	Vogue	appos|->appos->editor->poss->|poss
rel_270	Ent[ent_859]	Ent[ent_616]	Anna Wintour	Vogue	appos|->appos->editor->nn->|nn
rel_27	Ent[ent_109]	Ent[ent_616]	Anna Wintour	Vogue	appos|->appos->editor->prep->in->pobj->chief->prep->of->pobj->magazine->nn->|nn
rel_270	Ent[ent_859]	Ent[ent_616]	Anna Wintour	Vogue	rcmod|->rcmod->feature->prep->in->pobj->|pobj
rel_270	Ent[ent_859]	Ent[ent_616]	Anna Wintour	Vogue	pobj|<-pobj<-to<-prep<-assistant->prep->at->pobj->|pobj
rel_270	Ent[ent_859]	Ent[ent_616]	Anna Wintour	Vogue	appos|->appos->editor->rcmod->change->dobj->|dobj
rel_270	Ent[ent_859]	Ent[ent_616]	Anna Wintour	Vogue	appos|->appos->editor-in-chief->prep->of->pobj->|pobj
rel_270	Ent[ent_859]	Ent[ent_616]	Anna Wintour	Vogue	rcmod|->rcmod->wear->advmod->|advmod
rel_18	Ent[ent_858]	Ent[ent_871]	Michael Murphy	California Technology Stock Letter	appos|->appos->editor->prep->of->pobj->|pobj
rel_18	Ent[ent_858]	Ent[ent_871]	Michael Murphy	California Technology Stock Letter	appos|->appos->publisher->prep->of->pobj->|pobj
rel_18	Ent[ent_858]	Ent[ent_871]	Michael Murphy	California Technology Stock Letter	pobj|<-pobj<-for<-prep<-week->dep->editor->prep->of->pobj->|pobj
rel_18	Ent[ent_858]	Ent[ent_871]	Michael Murphy	California Technology Stock Letter	rcmod|->rcmod->write->dobj->|dobj
rel_18	Ent[ent_858]	Ent[ent_871]	Michael Murphy	California Technology Stock Letter	rcmod|->rcmod->publish->dobj->|dobj
rel_294	Ent[ent_858]	Ent[ent_871]	Michael Murphy	California Technology Stock Letter	pobj|<-pobj<-of<-prep<-eye<-dobj<-catch->dobj->editor->prep->of->pobj->|pobj
rel_294	Ent[ent_858]	Ent[ent_871]	Michael Murphy	California Technology Stock Letter	pobj|<-pobj<-by<-prep<-manage<-partmod<-fund<-dobj<-consider->dep->perform->dep->better->appos->|appos
rel_294	Ent[ent_858]	Ent[ent_871]	Michael Murphy	California Technology Stock Letter	appos|<-appos<-investor->appos->editor->prep->of->pobj->|pobj
rel_18	Ent[ent_858]	Ent[ent_871]	Michael Murphy	California Technology Stock Letter	appos|->appos->founder->prep->of->pobj->|pobj
rel_83	Ent[ent_1109]	Ent[ent_319]	John D. Sicher	Beverage Digest	appos|->appos->editor->prep->of->pobj->|pobj
rel_83	Ent[ent_1109]	Ent[ent_319]	John D. Sicher	Beverage Digest	appos|->appos->publisher->prep->of->pobj->|pobj
rel_83	Ent[ent_1109]	Ent[ent_319]	John D. Sicher	Beverage Digest	appos|->appos->editor->prep->of->pobj->magazine->dep->|dep
rel_83	Ent[ent_1109]	Ent[ent_319]	John D. Sicher	Beverage Digest	appos|->appos->editor->prep->at->pobj->|pobj
rel_270	Ent[ent_873]	Ent[ent_630]	Graydon Carter	Vanity Fair	appos|->appos->editor->prep->of->pobj->|pobj
rel_270	Ent[ent_873]	Ent[ent_630]	Graydon Carter	Vanity Fair	appos|->appos->editor->prep->in->pobj->chief->prep->of->pobj->|pobj
rel_270	Ent[ent_873]	Ent[ent_630]	Graydon Carter	Vanity Fair	appos|->appos->editor->poss->|poss
rel_270	Ent[ent_873]	Ent[ent_630]	Graydon Carter	Vanity Fair	appos|->appos->editor->nn->|nn
rel_270	Ent[ent_873]	Ent[ent_630]	Graydon Carter	Vanity Fair	appos|->appos->editor->prep->of->pobj->magazine->nn->|nn
rel_270	Ent[ent_873]	Ent[ent_630]	Graydon Carter	Vanity Fair	rcmod|->rcmod->editor->prep->in->pobj->chief->prep->of->pobj->|pobj
rel_270	Ent[ent_873]	Ent[ent_630]	Graydon Carter	Vanity Fair	nsubj|<-nsubj<-editor->prep->of->pobj->|pobj
rel_270	Ent[ent_873]	Ent[ent_630]	Graydon Carter	Vanity Fair	rcmod|->rcmod->top->prep->at->pobj->|pobj
rel_270	Ent[ent_873]	Ent[ent_630]	Graydon Carter	Vanity Fair	pobj|<-pobj<-of<-prep<--rrb-->nsubj->boss->prep->at->pobj->|pobj
rel_270	Ent[ent_873]	Ent[ent_630]	Graydon Carter	Vanity Fair	nsubj|<-nsubj<-take->prep->as->pobj->editor->prep->of->pobj->|pobj
rel_270	Ent[ent_872]	Ent[ent_629]	Leon Wieseltier	New Republic	appos|->appos->editor->prep->of->pobj->|pobj
rel_270	Ent[ent_872]	Ent[ent_629]	Leon Wieseltier	New Republic	nsubj|<-nsubj<-editor->prep->of->pobj->|pobj
rel_60	Ent[ent_640]	Ent[ent_629]	Leon Wieseltier	New Republic	appos|->appos->editor->prep->at->pobj->|pobj
rel_270	Ent[ent_872]	Ent[ent_629]	Leon Wieseltier	New Republic	rcmod|->rcmod->write->dobj->string->prep->of->pobj->editorial->prep->in->pobj->|pobj
rel_373	Ent[ent_872]	Ent[ent_629]	Leon Wieseltier	New Republic	pobj|<-pobj<-by<-prep<-play<-partmod<-role<-appos<-brother->appos->editor->prep->of->pobj->|pobj
rel_373	Ent[ent_872]	Ent[ent_629]	Leon Wieseltier	New Republic	pobj|<-pobj<-by<-prep<-expound->prep->in->pobj->issue->prep->of->pobj->|pobj
rel_270	Ent[ent_872]	Ent[ent_629]	Leon Wieseltier	New Republic	appos|->appos->editor->prep->of->pobj->magazine->nn->|nn
rel_270	Ent[ent_872]	Ent[ent_629]	Leon Wieseltier	New Republic	appos|->appos->colleague->prep->at->pobj->|pobj
rel_270	Ent[ent_872]	Ent[ent_629]	Leon Wieseltier	New Republic	appos|->appos->author->prep->of->pobj->editor->prep->of->pobj->|pobj
rel_373	Ent[ent_872]	Ent[ent_629]	Leon Wieseltier	New Republic	appos|<-appos<-architect->appos->editor->prep->of->pobj->|pobj
rel_144	Ent[ent_622]	Ent[ent_533]	Michael Slater	Microprocessor Report	appos|->appos->editor->prep->of->pobj->|pobj
rel_135	Ent[ent_622]	Ent[ent_864]	Michael Slater	Microprocessor Report	appos|->appos->publisher->prep->of->pobj->|pobj
rel_135	Ent[ent_622]	Ent[ent_864]	Michael Slater	Microprocessor Report	appos|->appos->analyst->rcmod->publisher->prep->of->pobj->|pobj
rel_135	Ent[ent_622]	Ent[ent_864]	Michael Slater	Microprocessor Report	appos|->appos->expert->prep->of->pobj->|pobj
rel_135	Ent[ent_622]	Ent[ent_864]	Michael Slater	Microprocessor Report	appos|->appos->editor->prep->with->pobj->|pobj
rel_135	Ent[ent_622]	Ent[ent_864]	Michael Slater	Microprocessor Report	appos|->appos->editor->prep->of->pobj->newsletter->nn->|nn
rel_144	Ent[ent_622]	Ent[ent_533]	Michael Slater	Microprocessor Report	appos|->appos->director->prep->of->pobj->|pobj
rel_135	Ent[ent_622]	Ent[ent_864]	Michael Slater	Microprocessor Report	appos|->appos->analyst->prep->of->pobj->|pobj
rel_83	Ent[ent_1097]	Ent[ent_1247]	Bill Keller	The Times	appos|->appos->editor->prep->of->pobj->|pobj
rel_36	Ent[ent_621]	Ent[ent_430]	Bill Keller	The Times	appos|->appos->editor->poss->|poss
rel_83	Ent[ent_1097]	Ent[ent_1247]	Bill Keller	The Times	nsubj|<-nsubj<-editor->prep->of->pobj->|pobj
rel_365	Ent[ent_621]	Ent[ent_1199]	Bill Keller	The Times	nsubj|<-nsubj<-send->prep->to->pobj->reader->rcmod->write->prep->about->pobj->publication->poss->|poss
rel_180	Ent[ent_621]	Ent[ent_1247]	Bill Keller	The Times	rcmod|->rcmod->editor->prep->of->pobj->|pobj
rel_321	Ent[ent_1097]	Ent[ent_1199]	Bill Keller	The Times	nsubj|<-nsubj<-complete->prep->as->pobj->chief->poss->|poss
rel_15	Ent[ent_1097]	Ent[ent_1287]	Bill Keller	The Times	nsubj|<-nsubj<-chief->prep->of->pobj->|pobj
rel_365	Ent[ent_621]	Ent[ent_1199]	Bill Keller	The Times	nsubj|<-nsubj<-chief->prep->for->pobj->|pobj
rel_180	Ent[ent_621]	Ent[ent_1247]	Bill Keller	The Times	nsubj|<-nsubj<-be->prep->on->pobj->staff->prep->of->pobj->bureau->poss->|poss
rel_180	Ent[ent_621]	Ent[ent_1247]	Bill Keller	The Times	dobj|<-dobj<-tell->dep->write->prep->about->pobj->responsibility->poss->|poss
rel_83	Ent[ent_857]	Ent[ent_863]	William Kristol	Weekly Standard	appos|->appos->editor->prep->of->pobj->|pobj
rel_83	Ent[ent_857]	Ent[ent_863]	William Kristol	Weekly Standard	appos|->appos->publisher->prep->of->pobj->|pobj
rel_83	Ent[ent_857]	Ent[ent_863]	William Kristol	Weekly Standard	nsubj|<-nsubj<-editor->prep->of->pobj->|pobj
rel_83	Ent[ent_857]	Ent[ent_863]	William Kristol	Weekly Standard	prep|->prep->of->pobj->magazine->nn->|nn
rel_83	Ent[ent_857]	Ent[ent_863]	William Kristol	Weekly Standard	nsubj|<-nsubj<-edit->dobj->|dobj
rel_83	Ent[ent_857]	Ent[ent_863]	William Kristol	Weekly Standard	appos|->appos->editor->prep->at->pobj->|pobj
rel_83	Ent[ent_857]	Ent[ent_863]	William Kristol	Weekly Standard	appos|->appos->chief->rcmod->publisher->prep->of->pobj->|pobj
rel_325	Ent[ent_624]	Ent[ent_866]	United	UAL Corporation	appos|->appos->unit->prep->of->pobj->|pobj
rel_325	Ent[ent_624]	Ent[ent_866]	United	UAL Corporation	poss|<-poss<-parent->appos->|appos
rel_325	Ent[ent_624]	Ent[ent_866]	United	UAL Corporation	rcmod|->rcmod->own->prep->by->pobj->|pobj
rel_325	Ent[ent_624]	Ent[ent_866]	United	UAL Corporation	appos|->appos->subsidiary->prep->of->pobj->|pobj
rel_325	Ent[ent_624]	Ent[ent_866]	United	UAL Corporation	partmod|->partmod->own->prep->by->pobj->|pobj
rel_325	Ent[ent_624]	Ent[ent_866]	United	UAL Corporation	appos|->appos->part->prep->of->pobj->|pobj
rel_325	Ent[ent_624]	Ent[ent_866]	United	UAL Corporation	rcmod|->rcmod->unit->prep->of->pobj->|pobj
rel_325	Ent[ent_624]	Ent[ent_866]	United	UAL Corporation	appos|->appos->unit->nn->|nn
rel_80	Ent[ent_624]	Ent[ent_866]	United	UAL Corporation	rcmod|->rcmod->unit->nn->|nn
rel_80	Ent[ent_624]	Ent[ent_866]	United	UAL Corporation	rcmod|->rcmod->part->prep->of->pobj->|pobj
rel_80	Ent[ent_623]	Ent[ent_865]	Foote	True North Communications	appos|->appos->unit->prep->of->pobj->|pobj
rel_80	Ent[ent_623]	Ent[ent_865]	Foote	True North Communications	nn|<-nn<-unit->prep->of->pobj->|pobj
rel_80	Ent[ent_623]	Ent[ent_865]	Foote	True North Communications	appos|->appos->part->prep->of->pobj->|pobj
rel_80	Ent[ent_623]	Ent[ent_865]	Foote	True North Communications	partmod|->partmod->own->prep->by->pobj->|pobj
rel_80	Ent[ent_623]	Ent[ent_865]	Foote	True North Communications	dep|<-dep<-part->prep->of->pobj->|pobj
rel_80	Ent[ent_623]	Ent[ent_865]	Foote	True North Communications	rcmod|->rcmod->own->prep->by->pobj->|pobj
rel_80	Ent[ent_623]	Ent[ent_865]	Foote	True North Communications	advmod|<-advmod<-own->prep->by->pobj->|pobj
rel_9	Ent[ent_607]	Ent[ent_55]	Foote	True North Communications	appos|<-appos<-agency->appos->part->prep->of->pobj->|pobj
rel_80	Ent[ent_623]	Ent[ent_865]	Foote	True North Communications	rcmod|->rcmod->part->prep->of->pobj->|pobj
rel_80	Ent[ent_623]	Ent[ent_865]	Foote	True North Communications	pobj|<-pobj<-at<-prep<-be->dobj->unit->prep->of->pobj->|pobj
rel_325	Ent[ent_626]	Ent[ent_868]	Bozell Worldwide	Bozell	appos|->appos->unit->prep->of->pobj->|pobj
rel_325	Ent[ent_626]	Ent[ent_868]	Bozell Worldwide	Bozell	nn|<-nn<-unit->prep->of->pobj->|pobj
rel_325	Ent[ent_626]	Ent[ent_868]	Bozell Worldwide	Bozell	appos|->appos->part->prep->of->pobj->|pobj
rel_325	Ent[ent_626]	Ent[ent_868]	Bozell Worldwide	Bozell	partmod|->partmod->own->prep->by->pobj->|pobj
rel_325	Ent[ent_626]	Ent[ent_868]	Bozell Worldwide	Bozell	nn|<-nn<-parent->appos->|appos
rel_325	Ent[ent_626]	Ent[ent_868]	Bozell Worldwide	Bozell	rcmod|->rcmod->unit->prep->of->pobj->|pobj
rel_148	Ent[ent_626]	Ent[ent_359]	Bozell Worldwide	Bozell	rcmod|->rcmod->own->prep->by->pobj->|pobj
rel_148	Ent[ent_626]	Ent[ent_359]	Bozell Worldwide	Bozell	rcmod|->rcmod->agency->prep->of->pobj->|pobj
rel_148	Ent[ent_626]	Ent[ent_359]	Bozell Worldwide	Bozell	pobj|<-pobj<-include<-prep<-agency->appos->part->prep->of->pobj->|pobj
rel_325	Ent[ent_626]	Ent[ent_868]	Bozell Worldwide	Bozell	nsubj|<-nsubj<-unit->prep->of->pobj->|pobj
rel_325	Ent[ent_625]	Ent[ent_393]	Fox	News Corporation	appos|->appos->unit->prep->of->pobj->|pobj
rel_325	Ent[ent_625]	Ent[ent_393]	Fox	News Corporation	rcmod|->rcmod->own->prep->by->pobj->|pobj
rel_325	Ent[ent_625]	Ent[ent_393]	Fox	News Corporation	nsubjpass|<-nsubjpass<-own->prep->by->pobj->|pobj
rel_325	Ent[ent_625]	Ent[ent_393]	Fox	News Corporation	nn|<-nn<-unit->prep->of->pobj->|pobj
rel_57	Ent[ent_625]	Ent[ent_1110]	Fox	News Corporation	appos|->appos->part->prep->of->pobj->|pobj
rel_325	Ent[ent_625]	Ent[ent_393]	Fox	News Corporation	partmod|->partmod->own->prep->by->pobj->|pobj
rel_325	Ent[ent_625]	Ent[ent_393]	Fox	News Corporation	appos|->appos->division->prep->of->pobj->|pobj
rel_325	Ent[ent_625]	Ent[ent_393]	Fox	News Corporation	poss|<-poss<-parent->appos->|appos
rel_325	Ent[ent_625]	Ent[ent_393]	Fox	News Corporation	pobj|<-pobj<-like<-prep<-own->prep->by->pobj->|pobj
rel_325	Ent[ent_625]	Ent[ent_393]	Fox	News Corporation	appos|->appos->subsidiary->prep->of->pobj->|pobj
rel_325	Ent[ent_867]	Ent[ent_628]	NBC	General Electric Company	appos|->appos->unit->prep->of->pobj->|pobj
rel_325	Ent[ent_867]	Ent[ent_628]	NBC	General Electric Company	nn|<-nn<-unit->prep->of->pobj->|pobj
rel_325	Ent[ent_867]	Ent[ent_628]	NBC	General Electric Company	rcmod|->rcmod->own->prep->by->pobj->|pobj
rel_325	Ent[ent_1238]	Ent[ent_186]	NBC	General Electric Company	appos|->appos->part->prep->of->pobj->|pobj
rel_325	Ent[ent_867]	Ent[ent_628]	NBC	General Electric Company	nsubjpass|<-nsubjpass<-own->prep->by->pobj->|pobj
rel_80	Ent[ent_867]	Ent[ent_186]	NBC	General Electric Company	appos|->appos->subsidiary->prep->of->pobj->|pobj
rel_80	Ent[ent_867]	Ent[ent_186]	NBC	General Electric Company	rcmod|->rcmod->unit->prep->of->pobj->|pobj
rel_325	Ent[ent_867]	Ent[ent_628]	NBC	General Electric Company	poss|<-poss<-parent->appos->|appos
rel_325	Ent[ent_867]	Ent[ent_628]	NBC	General Electric Company	partmod|->partmod->own->prep->by->pobj->|pobj
rel_325	Ent[ent_867]	Ent[ent_628]	NBC	General Electric Company	rcmod|->rcmod->part->prep->of->pobj->|pobj
rel_80	Ent[ent_624]	Ent[ent_627]	United	UAL	appos|->appos->unit->prep->of->pobj->|pobj
rel_80	Ent[ent_624]	Ent[ent_627]	United	UAL	poss|<-poss<-parent->appos->|appos
rel_80	Ent[ent_624]	Ent[ent_627]	United	UAL	appos|->appos->subsidiary->prep->of->pobj->|pobj
rel_80	Ent[ent_624]	Ent[ent_627]	United	UAL	rcmod|->rcmod->own->prep->by->pobj->|pobj
rel_80	Ent[ent_624]	Ent[ent_627]	United	UAL	appos|->appos->part->prep->of->pobj->|pobj
rel_80	Ent[ent_624]	Ent[ent_627]	United	UAL	partmod|->partmod->own->prep->by->pobj->|pobj
rel_80	Ent[ent_624]	Ent[ent_627]	United	UAL	nsubj|<-nsubj<-unit->prep->of->pobj->|pobj
rel_80	Ent[ent_624]	Ent[ent_627]	United	UAL	poss|<-poss<-company->appos->|appos
rel_80	Ent[ent_624]	Ent[ent_627]	United	UAL	rcmod|->rcmod->unit->prep->of->pobj->|pobj
rel_80	Ent[ent_624]	Ent[ent_627]	United	UAL	appos|->appos->unit->nn->|nn
rel_325	Ent[ent_869]	Ent[ent_880]	Goodby	Omnicom Group	appos|->appos->part->prep->of->pobj->|pobj
rel_325	Ent[ent_869]	Ent[ent_880]	Goodby	Omnicom Group	appos|->appos->unit->prep->of->pobj->|pobj
rel_325	Ent[ent_869]	Ent[ent_880]	Goodby	Omnicom Group	nn|<-nn<-unit->prep->of->pobj->|pobj
rel_325	Ent[ent_869]	Ent[ent_880]	Goodby	Omnicom Group	partmod|->partmod->own->prep->by->pobj->|pobj
rel_68	Ent[ent_869]	Ent[ent_451]	Goodby	Omnicom Group	rcmod|->rcmod->own->prep->by->pobj->|pobj
rel_325	Ent[ent_869]	Ent[ent_880]	Goodby	Omnicom Group	appos|<-appos<-agency->appos->part->prep->of->pobj->|pobj
rel_68	Ent[ent_869]	Ent[ent_1241]	Goodby	Omnicom Group	pobj|<-pobj<-like<-prep<-own->prep->by->pobj->|pobj
rel_91	Ent[ent_869]	Ent[ent_880]	Goodby	Omnicom Group	nn|<-nn<-agency->partmod->own->prep->by->pobj->|pobj
rel_91	Ent[ent_869]	Ent[ent_880]	Goodby	Omnicom Group	appos|->appos->shop->partmod->own->prep->by->pobj->|pobj
rel_91	Ent[ent_869]	Ent[ent_880]	Goodby	Omnicom Group	appos|->appos->agency->nn->|nn
rel_325	Ent[ent_1286]	Ent[ent_640]	American	AMR Corporation	appos|->appos->unit->prep->of->pobj->|pobj
rel_325	Ent[ent_822]	Ent[ent_640]	American	AMR Corporation	appos|->appos->subsidiary->prep->of->pobj->|pobj
rel_325	Ent[ent_1286]	Ent[ent_640]	American	AMR Corporation	rcmod|->rcmod->own->prep->by->pobj->|pobj
rel_325	Ent[ent_1286]	Ent[ent_640]	American	AMR Corporation	poss|<-poss<-parent->appos->|appos
rel_325	Ent[ent_1286]	Ent[ent_640]	American	AMR Corporation	rcmod|->rcmod->unit->prep->of->pobj->|pobj
rel_325	Ent[ent_1286]	Ent[ent_640]	American	AMR Corporation	poss|<-poss<-company->appos->|appos
rel_325	Ent[ent_1286]	Ent[ent_640]	American	AMR Corporation	appos|->appos->unit->nn->|nn
rel_325	Ent[ent_822]	Ent[ent_640]	American	AMR Corporation	rcmod|->rcmod->subsidiary->prep->of->pobj->|pobj
rel_325	Ent[ent_1286]	Ent[ent_640]	American	AMR Corporation	rcmod|->rcmod->division->prep->of->pobj->|pobj
rel_325	Ent[ent_1286]	Ent[ent_640]	American	AMR Corporation	poss|<-poss<-parent<-pobj<-of<-prep<-stock<-nsubj<-fall->nsubj->|nsubj
rel_325	Ent[ent_882]	Ent[ent_640]	American Airlines	AMR Corporation	appos|->appos->unit->prep->of->pobj->|pobj
rel_325	Ent[ent_882]	Ent[ent_640]	American Airlines	AMR Corporation	nn|<-nn<-unit->prep->of->pobj->|pobj
rel_325	Ent[ent_882]	Ent[ent_640]	American Airlines	AMR Corporation	partmod|->partmod->own->prep->by->pobj->|pobj
rel_325	Ent[ent_882]	Ent[ent_640]	American Airlines	AMR Corporation	appos|->appos->subsidiary->prep->of->pobj->|pobj
rel_325	Ent[ent_882]	Ent[ent_640]	American Airlines	AMR Corporation	appos|->appos->part->prep->of->pobj->|pobj
rel_325	Ent[ent_882]	Ent[ent_640]	American Airlines	AMR Corporation	rcmod|->rcmod->own->prep->by->pobj->|pobj
rel_325	Ent[ent_882]	Ent[ent_640]	American Airlines	AMR Corporation	prep|->prep->with->pobj->offer->prep->for->pobj->|pobj
rel_325	Ent[ent_882]	Ent[ent_640]	American Airlines	AMR Corporation	rcmod|->rcmod->unit->prep->of->pobj->|pobj
rel_325	Ent[ent_882]	Ent[ent_640]	American Airlines	AMR Corporation	rcmod|->rcmod->operate->prep->by->pobj->|pobj
rel_325	Ent[ent_882]	Ent[ent_640]	American Airlines	AMR Corporation	poss|<-poss<-parent<-nsubj<-lose->nsubj->|nsubj
rel_325	Ent[ent_881]	Ent[ent_101]	ABC	Walt Disney Company	appos|->appos->unit->prep->of->pobj->|pobj
rel_325	Ent[ent_881]	Ent[ent_22]	ABC	Walt Disney Company	rcmod|->rcmod->own->prep->by->pobj->|pobj
rel_325	Ent[ent_881]	Ent[ent_101]	ABC	Walt Disney Company	poss|<-poss<-parent->appos->|appos
rel_325	Ent[ent_881]	Ent[ent_101]	ABC	Walt Disney Company	nn|<-nn<-unit->prep->of->pobj->|pobj
rel_325	Ent[ent_881]	Ent[ent_101]	ABC	Walt Disney Company	appos|->appos->part->prep->of->pobj->|pobj
rel_325	Ent[ent_881]	Ent[ent_101]	ABC	Walt Disney Company	nsubjpass|<-nsubjpass<-own->prep->by->pobj->|pobj
rel_325	Ent[ent_881]	Ent[ent_101]	ABC	Walt Disney Company	partmod|->partmod->own->prep->by->pobj->|pobj
rel_325	Ent[ent_881]	Ent[ent_22]	ABC	Walt Disney Company	appos|->appos->division->prep->of->pobj->|pobj
rel_325	Ent[ent_881]	Ent[ent_22]	ABC	Walt Disney Company	appos|->appos->subsidiary->prep->of->pobj->|pobj
rel_325	Ent[ent_881]	Ent[ent_22]	ABC	Walt Disney Company	pobj|<-pobj<-of<-prep<-acquisition->prep->by->pobj->|pobj
rel_185	Ent[ent_1004]	Ent[ent_1257]	Yankees	Red Sox	nsubj|<-nsubj<-play->dobj->|dobj
rel_185	Ent[ent_1004]	Ent[ent_1269]	Yankees	Red Sox	nsubj|<-nsubj<-beat->dobj->|dobj
rel_185	Ent[ent_1004]	Ent[ent_1257]	Yankees	Red Sox	nsubj|<-nsubj<-lose->prep->to->pobj->|pobj
rel_185	Ent[ent_1004]	Ent[ent_1269]	Yankees	Red Sox	nsubj|<-nsubj<-lead->dobj->|dobj
rel_185	Ent[ent_1239]	Ent[ent_1269]	Yankees	Red Sox	nsubj|<-nsubj<-trail->dobj->|dobj
rel_185	Ent[ent_1004]	Ent[ent_309]	Yankees	Red Sox	poss|<-poss<-victory->prep->over->pobj->|pobj
rel_185	Ent[ent_1004]	Ent[ent_1269]	Yankees	Red Sox	nsubj|<-nsubj<-defeat->dobj->|dobj
rel_185	Ent[ent_1004]	Ent[ent_309]	Yankees	Red Sox	nsubj|<-nsubj<-sweep->dobj->|dobj
rel_185	Ent[ent_1004]	Ent[ent_309]	Yankees	Red Sox	nsubj|<-nsubj<-outlast->dobj->|dobj
rel_185	Ent[ent_1004]	Ent[ent_309]	Yankees	Red Sox	nsubj|<-nsubj<-overtake->dobj->|dobj
rel_353	Ent[ent_1239]	Ent[ent_1252]	Yankees	Mets	nsubj|<-nsubj<-play->dobj->|dobj
rel_353	Ent[ent_1239]	Ent[ent_1252]	Yankees	Mets	nsubj|<-nsubj<-beat->dobj->|dobj
rel_185	Ent[ent_1239]	Ent[ent_1264]	Yankees	Mets	poss|<-poss<-victory->prep->over->pobj->|pobj
rel_26	Ent[ent_1239]	Ent[ent_321]	Yankees	Mets	nsubj|<-nsubj<-defeat->dobj->|dobj
rel_185	Ent[ent_1239]	Ent[ent_1264]	Yankees	Mets	nsubj|<-nsubj<-lose->prep->to->pobj->|pobj
rel_192	Ent[ent_286]	Ent[ent_1252]	Yankees	Mets	nsubj|<-nsubj<-acquire->prep->from->pobj->|pobj
rel_399	Ent[ent_1004]	Ent[ent_1252]	Yankees	Mets	nsubj|<-nsubj<-trade->prep->to->pobj->|pobj
rel_353	Ent[ent_1239]	Ent[ent_1252]	Yankees	Mets	nsubj|<-nsubj<-sweep->dobj->|dobj
rel_26	Ent[ent_1239]	Ent[ent_321]	Yankees	Mets	nsubj|<-nsubj<-send->prep->to->pobj->|pobj
rel_80	Ent[ent_646]	Ent[ent_1252]	Yankees	Mets	nsubj|<-nsubj<-play->dobj->series->prep->against->pobj->|pobj
rel_379	Ent[ent_347]	Ent[ent_1282]	Rangers	Devils	nsubj|<-nsubj<-defeat->dobj->|dobj
rel_353	Ent[ent_16]	Ent[ent_1256]	Rangers	Devils	nsubj|<-nsubj<-play->dobj->|dobj
rel_185	Ent[ent_1249]	Ent[ent_1032]	Rangers	Devils	nsubj|<-nsubj<-beat->dobj->|dobj
rel_185	Ent[ent_347]	Ent[ent_1256]	Rangers	Devils	poss|<-poss<-game->prep->against->pobj->|pobj
rel_379	Ent[ent_347]	Ent[ent_1282]	Rangers	Devils	nsubj|<-nsubj<-visit->dobj->|dobj
rel_185	Ent[ent_1249]	Ent[ent_1032]	Rangers	Devils	nsubj|<-nsubj<-eliminate->dobj->|dobj
rel_379	Ent[ent_347]	Ent[ent_1282]	Rangers	Devils	nsubj|<-nsubj<-trail->dobj->|dobj
rel_185	Ent[ent_347]	Ent[ent_1256]	Rangers	Devils	nsubj|<-nsubj<-play->prep->against->pobj->|pobj
rel_185	Ent[ent_1249]	Ent[ent_1032]	Rangers	Devils	nsubj|<-nsubj<-lose->prep->to->pobj->|pobj
rel_365	Ent[ent_347]	Ent[ent_110]	Rangers	Devils	rcmod|->rcmod->play->dobj->|dobj
rel_185	Ent[ent_308]	Ent[ent_1222]	Knicks	Nets	nsubj|<-nsubj<-beat->dobj->|dobj
rel_185	Ent[ent_308]	Ent[ent_543]	Knicks	Nets	nsubj|<-nsubj<-play->dobj->|dobj
rel_185	Ent[ent_308]	Ent[ent_543]	Knicks	Nets	nsubj|<-nsubj<-lose->prep->to->pobj->|pobj
rel_185	Ent[ent_308]	Ent[ent_1206]	Knicks	Nets	nsubj|<-nsubj<-defeat->dobj->|dobj
rel_185	Ent[ent_308]	Ent[ent_543]	Knicks	Nets	poss|<-poss<-victory->prep->over->pobj->|pobj
rel_185	Ent[ent_308]	Ent[ent_543]	Knicks	Nets	nsubj|<-nsubj<-face->dobj->|dobj
rel_185	Ent[ent_308]	Ent[ent_1222]	Knicks	Nets	nsubj|<-nsubj<-host->prep->to->pobj->|pobj
rel_185	Ent[ent_308]	Ent[ent_543]	Knicks	Nets	poss|<-poss<-loss->prep->to->pobj->|pobj
rel_185	Ent[ent_308]	Ent[ent_543]	Knicks	Nets	nsubj|<-nsubj<-outscore->dobj->|dobj
rel_118	Ent[ent_128]	Ent[ent_1235]	Knicks	Nets	nsubj|<-nsubj<-meet->dobj->|dobj
rel_185	Ent[ent_561]	Ent[ent_560]	Giants	Jets	nsubj|<-nsubj<-play->dobj->|dobj
rel_185	Ent[ent_508]	Ent[ent_1251]	Giants	Jets	nsubj|<-nsubj<-beat->dobj->|dobj
rel_80	Ent[ent_1276]	Ent[ent_400]	Giants	Jets	nsubj|<-nsubj<-lose->prep->to->pobj->|pobj
rel_185	Ent[ent_561]	Ent[ent_560]	Giants	Jets	poss|<-poss<-victory->prep->over->pobj->|pobj
rel_185	Ent[ent_508]	Ent[ent_1251]	Giants	Jets	poss|<-poss<-loss->prep->to->pobj->|pobj
rel_80	Ent[ent_1276]	Ent[ent_400]	Giants	Jets	poss|<-poss<-game->prep->against->pobj->|pobj
rel_83	Ent[ent_1276]	Ent[ent_1251]	Giants	Jets	poss|<-poss<-victory<-pobj<-after<-prep<-stand->prep->in->pobj->corner->prep->of->pobj->room->poss->|poss
rel_83	Ent[ent_1276]	Ent[ent_1251]	Giants	Jets	poss|<-poss<-game->prep->with->pobj->|pobj
rel_83	Ent[ent_1276]	Ent[ent_1251]	Giants	Jets	poss|<-poss<-game<-dobj<-miss->prep->against->pobj->|pobj
rel_83	Ent[ent_1276]	Ent[ent_1251]	Giants	Jets	pobj|<-pobj<-with<-prep<-miss->nsubj->|nsubj
rel_185	Ent[ent_400]	Ent[ent_642]	Jets	Dolphins	nsubj|<-nsubj<-play->dobj->|dobj
rel_185	Ent[ent_400]	Ent[ent_642]	Jets	Dolphins	nsubj|<-nsubj<-beat->dobj->|dobj
rel_185	Ent[ent_400]	Ent[ent_642]	Jets	Dolphins	nsubj|<-nsubj<-face->dobj->|dobj
rel_335	Ent[ent_1251]	Ent[ent_1042]	Jets	Dolphins	nsubj|<-nsubj<-lose->prep->to->pobj->|pobj
rel_365	Ent[ent_416]	Ent[ent_642]	Jets	Dolphins	poss|<-poss<-victory->prep->over->pobj->|pobj
rel_185	Ent[ent_400]	Ent[ent_642]	Jets	Dolphins	poss|<-poss<-victory->prep->against->pobj->|pobj
rel_185	Ent[ent_400]	Ent[ent_642]	Jets	Dolphins	poss|<-poss<-loss->prep->to->pobj->|pobj
rel_185	Ent[ent_400]	Ent[ent_642]	Jets	Dolphins	nsubj|<-nsubj<-hold->dobj->|dobj
rel_55	Ent[ent_1251]	Ent[ent_642]	Jets	Dolphins	nsubj|<-nsubj<-hand->dobj->|dobj
rel_185	Ent[ent_400]	Ent[ent_642]	Jets	Dolphins	nsubj|<-nsubj<-defeat->dobj->|dobj
rel_185	Ent[ent_400]	Ent[ent_884]	Jets	Raiders	nsubj|<-nsubj<-play->dobj->|dobj
rel_185	Ent[ent_400]	Ent[ent_884]	Jets	Raiders	poss|<-poss<-victory->prep->over->pobj->|pobj
rel_185	Ent[ent_400]	Ent[ent_884]	Jets	Raiders	pobj|<-pobj<-against<-prep<-turn->prep->to->pobj->|pobj
rel_185	Ent[ent_400]	Ent[ent_884]	Jets	Raiders	nsubj|<-nsubj<-face->dobj->|dobj
rel_185	Ent[ent_400]	Ent[ent_884]	Jets	Raiders	nsubj|<-nsubj<-defeat->dobj->|dobj
rel_185	Ent[ent_400]	Ent[ent_884]	Jets	Raiders	nsubj|<-nsubj<-beat->dobj->|dobj
rel_185	Ent[ent_400]	Ent[ent_884]	Jets	Raiders	nsubj|<-nsubj<-lose->prep->to->pobj->|pobj
rel_185	Ent[ent_400]	Ent[ent_884]	Jets	Raiders	nsubj|<-nsubj<-hold->dobj->|dobj
rel_185	Ent[ent_400]	Ent[ent_884]	Jets	Raiders	poss|<-poss<-slapping->advmod->around->dep->by->pobj->|pobj
rel_185	Ent[ent_400]	Ent[ent_884]	Jets	Raiders	poss|<-poss<-game<-pobj<-at<-prep<-customer<-pobj<-for<-prep<-chant->prep->for->pobj->|pobj
rel_185	Ent[ent_1276]	Ent[ent_563]	Giants	Eagles	nsubj|<-nsubj<-beat->dobj->|dobj
rel_185	Ent[ent_1276]	Ent[ent_563]	Giants	Eagles	nsubj|<-nsubj<-play->dobj->|dobj
rel_185	Ent[ent_1276]	Ent[ent_563]	Giants	Eagles	poss|<-poss<-loss->prep->to->pobj->|pobj
rel_185	Ent[ent_1276]	Ent[ent_563]	Giants	Eagles	nsubj|<-nsubj<-lose->prep->to->pobj->|pobj
rel_185	Ent[ent_1276]	Ent[ent_563]	Giants	Eagles	nsubj|<-nsubj<-defeat->dobj->|dobj
rel_185	Ent[ent_1276]	Ent[ent_563]	Giants	Eagles	poss|<-poss<-victory->prep->over->pobj->|pobj
rel_185	Ent[ent_1276]	Ent[ent_563]	Giants	Eagles	nsubj|<-nsubj<-have->prep->against->pobj->|pobj
rel_294	Ent[ent_1093]	Ent[ent_563]	Giants	Eagles	nsubj|<-nsubj<-face->dobj->|dobj
rel_294	Ent[ent_1093]	Ent[ent_563]	Giants	Eagles	poss|<-poss<-opener->prep->against->pobj->|pobj
rel_294	Ent[ent_1093]	Ent[ent_563]	Giants	Eagles	poss|<-poss<-linebacker<-pobj<-of<-prep<-trade->prep->to->pobj->|pobj
rel_185	Ent[ent_1269]	Ent[ent_1004]	Red Sox	Yankees	nsubj|<-nsubj<-beat->dobj->|dobj
rel_185	Ent[ent_1269]	Ent[ent_1004]	Red Sox	Yankees	nsubj|<-nsubj<-play->dobj->|dobj
rel_353	Ent[ent_309]	Ent[ent_1239]	Red Sox	Yankees	nsubj|<-nsubj<-lose->prep->to->pobj->|pobj
rel_134	Ent[ent_1257]	Ent[ent_1239]	Red Sox	Yankees	nsubj|<-nsubj<-lead->dobj->|dobj
rel_353	Ent[ent_309]	Ent[ent_1239]	Red Sox	Yankees	nsubj|<-nsubj<-sell->prep->to->pobj->|pobj
rel_185	Ent[ent_1269]	Ent[ent_1004]	Red Sox	Yankees	nsubj|<-nsubj<-trail->dobj->|dobj
rel_185	Ent[ent_1269]	Ent[ent_1004]	Red Sox	Yankees	nsubj|<-nsubj<-game->prep->behind->pobj->|pobj
rel_353	Ent[ent_309]	Ent[ent_1239]	Red Sox	Yankees	nsubj|<-nsubj<-defeat->dobj->|dobj
rel_353	Ent[ent_309]	Ent[ent_1239]	Red Sox	Yankees	nsubj|<-nsubj<-shock->dobj->|dobj
rel_353	Ent[ent_309]	Ent[ent_1239]	Red Sox	Yankees	nsubj|<-nsubj<-knock->dobj->|dobj
rel_353	Ent[ent_1276]	Ent[ent_1038]	Giants	Dallas Cowboys	nsubj|<-nsubj<-play->dobj->|dobj
rel_194	Ent[ent_975]	Ent[ent_254]	Giants	Dallas Cowboys	partmod|->partmod->prepare->prep->for->pobj->game->prep->against->pobj->|pobj
rel_353	Ent[ent_561]	Ent[ent_1038]	Giants	Dallas Cowboys	poss|<-poss<-victory->prep->over->pobj->|pobj
rel_353	Ent[ent_561]	Ent[ent_1038]	Giants	Dallas Cowboys	poss|<-poss<-loss->prep->to->pobj->|pobj
rel_192	Ent[ent_1093]	Ent[ent_1038]	Giants	Dallas Cowboys	poss|<-poss<-game->prep->against->pobj->|pobj
rel_353	Ent[ent_1276]	Ent[ent_1038]	Giants	Dallas Cowboys	nsubj|<-nsubj<-lose->prep->to->pobj->|pobj
rel_353	Ent[ent_561]	Ent[ent_1038]	Giants	Dallas Cowboys	nn|<-nn<-victory->prep->over->pobj->|pobj
rel_353	Ent[ent_1276]	Ent[ent_1038]	Giants	Dallas Cowboys	poss|<-poss<-upset->prep->of->pobj->|pobj
rel_353	Ent[ent_561]	Ent[ent_1038]	Giants	Dallas Cowboys	poss|<-poss<-rivalry->dep->be->prep->with->pobj->|pobj
rel_353	Ent[ent_1276]	Ent[ent_1038]	Giants	Dallas Cowboys	poss|<-poss<-game<-pobj<-in<-prep<-hurt->dobj->victory->prep->over->pobj->|pobj
rel_134	Ent[ent_1041]	Ent[ent_549]	Corliss Lamont	Ossining	nsubj|<-nsubj<-die->prep->at->pobj->home->prep->in->pobj->|pobj
rel_330	Ent[ent_1067]	Ent[ent_633]	William R. Knapp	Westport	nsubj|<-nsubj<-die->prep->at->pobj->home->prep->in->pobj->|pobj
rel_294	Ent[ent_745]	Ent[ent_486]	William James Burrud	Sunset Beach	nsubj|<-nsubj<-die->prep->at->pobj->home->prep->in->pobj->|pobj
rel_365	Ent[ent_318]	Ent[ent_282]	William Constable	Melbourne	nsubj|<-nsubj<-die->prep->at->pobj->home->prep->in->pobj->|pobj
rel_256	Ent[ent_667]	Ent[ent_777]	William B. Bergen	St. Michaels	nsubj|<-nsubj<-die->prep->at->pobj->home->prep->in->pobj->|pobj
rel_330	Ent[ent_406]	Ent[ent_333]	Walter Mendelsohn	Manhattan	nsubj|<-nsubj<-die->prep->at->pobj->home->prep->in->pobj->|pobj
rel_134	Ent[ent_477]	Ent[ent_1250]	Walter Ames Compton	Elkhart	nsubj|<-nsubj<-die->prep->at->pobj->home->prep->in->pobj->|pobj
rel_365	Ent[ent_885]	Ent[ent_334]	Tony Awards	South Salem	nsubj|<-nsubj<-die->prep->at->pobj->home->prep->in->pobj->|pobj
rel_330	Ent[ent_499]	Ent[ent_333]	Ted Fagan	Manhattan	nsubj|<-nsubj<-die->prep->at->pobj->home->prep->in->pobj->|pobj
rel_134	Ent[ent_1047]	Ent[ent_617]	Sydney Ullman	Montclair	nsubj|<-nsubj<-die->prep->at->pobj->home->prep->in->pobj->|pobj
rel_192	Ent[ent_582]	Ent[ent_483]	Addresses	Manhattan	nsubj|<-nsubj<-be->prep->in->pobj->|pobj
rel_164	Ent[ent_643]	Ent[ent_119]	Addresses	Manhattan	nsubj|<-nsubj<-be->prep->in->pobj->view->dep->|dep
rel_192	Ent[ent_1239]	Ent[ent_836]	Yankees	World Series	nsubj|<-nsubj<-win->dobj->|dobj
rel_294	Ent[ent_1004]	Ent[ent_836]	Yankees	World Series	dobj|<-dobj<-beat->prep->in->pobj->|pobj
rel_192	Ent[ent_1239]	Ent[ent_836]	Yankees	World Series	nsubj|<-nsubj<-lose->dobj->|dobj
rel_192	Ent[ent_1239]	Ent[ent_836]	Yankees	World Series	nsubj|<-nsubj<-be->prep->in->pobj->|pobj
rel_294	Ent[ent_1004]	Ent[ent_836]	Yankees	World Series	nsubj|<-nsubj<-play->prep->in->pobj->|pobj
rel_294	Ent[ent_1004]	Ent[ent_836]	Yankees	World Series	nsubj|<-nsubj<-win->dobj->title->nn->|nn
rel_168	Ent[ent_408]	Ent[ent_836]	Yankees	World Series	poss|<-poss<-victory->nn->|nn
rel_192	Ent[ent_1239]	Ent[ent_836]	Yankees	World Series	pobj|<-pobj<-to<-prep<-lose->prep->in->pobj->|pobj
rel_192	Ent[ent_1239]	Ent[ent_836]	Yankees	World Series	dobj|<-dobj<-play->prep->in->pobj->|pobj
rel_192	Ent[ent_1239]	Ent[ent_836]	Yankees	World Series	partmod|->partmod->win->dobj->|dobj
rel_112	Ent[ent_1273]	Ent[ent_1043]	Democrat	White House	nsubj|<-nsubj<-be->prep->in->pobj->|pobj
rel_192	Ent[ent_1037]	Ent[ent_873]	Democrat	White House	nsubj|<-nsubj<-win->dobj->|dobj
rel_298	Ent[ent_1273]	Ent[ent_586]	Democrat	White House	dobj|<-dobj<-put->prep->in->pobj->|pobj
rel_298	Ent[ent_1]	Ent[ent_452]	Democrat	White House	dobj|<-dobj<-have->prep->in->pobj->|pobj
rel_298	Ent[ent_1273]	Ent[ent_586]	Democrat	White House	rcmod|->rcmod->attend->dobj->ceremony->nn->|nn
rel_298	Ent[ent_1273]	Ent[ent_586]	Democrat	White House	nsubj|<-nsubj<-occupy->dobj->|dobj
rel_298	Ent[ent_1273]	Ent[ent_586]	Democrat	White House	dobj|<-dobj<-keep->prep->in->pobj->|pobj
rel_131	Ent[ent_1273]	Ent[ent_452]	Democrat	White House	advmod|->advmod->back->dep->in->pobj->|pobj
rel_192	Ent[ent_1037]	Ent[ent_873]	Democrat	White House	pobj|<-pobj<-with<-prep<-inclined->prep->in->pobj->|pobj
rel_298	Ent[ent_1273]	Ent[ent_586]	Democrat	White House	nsubj|<-nsubj<-take->dobj->|dobj
rel_192	Ent[ent_251]	Ent[ent_586]	Bill Clinton	White House	nsubj|<-nsubj<-be->prep->in->pobj->|pobj
rel_192	Ent[ent_6]	Ent[ent_873]	Bill Clinton	White House	nsubj|<-nsubj<-win->dobj->|dobj
rel_298	Ent[ent_6]	Ent[ent_227]	Bill Clinton	White House	dobj|<-dobj<-put->prep->in->pobj->|pobj
rel_295	Ent[ent_6]	Ent[ent_586]	Bill Clinton	White House	poss|<-poss<-counsel->nn->|nn
rel_298	Ent[ent_6]	Ent[ent_227]	Bill Clinton	White House	nsubj|<-nsubj<-leave->dobj->|dobj
rel_295	Ent[ent_6]	Ent[ent_586]	Bill Clinton	White House	poss|<-poss<-performance->prep->in->pobj->|pobj
rel_192	Ent[ent_6]	Ent[ent_873]	Bill Clinton	White House	nsubj|<-nsubj<-occupy->dobj->|dobj
rel_295	Ent[ent_6]	Ent[ent_586]	Bill Clinton	White House	nsubj|<-nsubj<-enter->dobj->|dobj
rel_295	Ent[ent_6]	Ent[ent_586]	Bill Clinton	White House	dobj|<-dobj<-sweep->prep->into->pobj->|pobj
rel_110	Ent[ent_6]	Ent[ent_452]	Bill Clinton	White House	poss|<-poss<-staff->nn->|nn
rel_112	Ent[ent_5]	Ent[ent_814]	Germany	NATO	nsubj|<-nsubj<-member->prep->of->pobj->|pobj
rel_112	Ent[ent_5]	Ent[ent_814]	Germany	NATO	nsubj|<-nsubj<-remain->prep->in->pobj->|pobj
rel_263	Ent[ent_5]	Ent[ent_1108]	Germany	NATO	nsubj|<-nsubj<-belong->prep->to->pobj->|pobj
rel_112	Ent[ent_5]	Ent[ent_814]	Germany	NATO	poss|<-poss<-membership->prep->in->pobj->|pobj
rel_112	Ent[ent_5]	Ent[ent_814]	Germany	NATO	nsubj|<-nsubj<-be->prep->in->pobj->|pobj
rel_112	Ent[ent_5]	Ent[ent_814]	Germany	NATO	nsubj|<-nsubj<-join->dobj->|dobj
rel_112	Ent[ent_5]	Ent[ent_814]	Germany	NATO	dobj|<-dobj<-keep->prep->in->pobj->|pobj
rel_263	Ent[ent_5]	Ent[ent_1108]	Germany	NATO	poss|<-poss<-commitment->prep->to->pobj->|pobj
rel_112	Ent[ent_5]	Ent[ent_814]	Germany	NATO	nsubj|<-nsubj<-part->prep->of->pobj->|pobj
rel_263	Ent[ent_5]	Ent[ent_1108]	Germany	NATO	nsubj|<-nsubj<-member->nn->|nn
rel_118	Ent[ent_1239]	Ent[ent_9]	Yankees	American League East	poss|<-poss<-lead->prep->in->pobj->|pobj
rel_192	Ent[ent_1004]	Ent[ent_9]	Yankees	American League East	pobj|<-pobj<-behind<-prep<-game->prep->in->pobj->|pobj
rel_118	Ent[ent_1239]	Ent[ent_9]	Yankees	American League East	nsubj|<-nsubj<-win->dobj->|dobj
rel_118	Ent[ent_1239]	Ent[ent_9]	Yankees	American League East	nsubj|<-nsubj<-lead->dobj->|dobj
rel_192	Ent[ent_1004]	Ent[ent_9]	Yankees	American League East	nsubj|<-nsubj<-clinch->dobj->|dobj
rel_118	Ent[ent_1239]	Ent[ent_9]	Yankees	American League East	nsubj|<-nsubj<-clinch->dobj->title->nn->|nn
rel_192	Ent[ent_1004]	Ent[ent_9]	Yankees	American League East	nsubj|<-nsubj<-be->prep->in->pobj->|pobj
rel_118	Ent[ent_1239]	Ent[ent_9]	Yankees	American League East	nsubj|<-nsubj<-be->prep->in->pobj->place->prep->in->pobj->|pobj
rel_118	Ent[ent_1239]	Ent[ent_9]	Yankees	American League East	pobj|<-pobj<-of<-dep<-ahead<-advmod<-game->prep->in->pobj->|pobj
rel_118	Ent[ent_1239]	Ent[ent_9]	Yankees	American League East	nsubj|<-nsubj<-maintain->dobj->lead->prep->in->pobj->|pobj
rel_353	Ent[ent_251]	Ent[ent_873]	John F. Kennedy	White House	nsubj|<-nsubj<-be->prep->in->pobj->|pobj
rel_192	Ent[ent_251]	Ent[ent_586]	John F. Kennedy	White House	poss|<-poss<-secretary->nn->|nn
rel_346	Ent[ent_251]	Ent[ent_586]	John F. Kennedy	White House	pobj|<-pobj<-of<-prep<-opponent->prep->for->pobj->fear->prep->of->pobj->influence->prep->in->pobj->|pobj
rel_192	Ent[ent_251]	Ent[ent_586]	John F. Kennedy	White House	nsubj|<-nsubj<-win->dobj->|dobj
rel_346	Ent[ent_251]	Ent[ent_586]	John F. Kennedy	White House	nsubj|<-nsubj<-move->cc->dig->prep->into->pobj->|pobj
rel_346	Ent[ent_251]	Ent[ent_586]	John F. Kennedy	White House	nsubj|<-nsubj<-enter->dobj->|dobj
rel_192	Ent[ent_251]	Ent[ent_586]	John F. Kennedy	White House	nsubj|<-nsubj<-contest->dobj->|dobj
rel_192	Ent[ent_251]	Ent[ent_586]	John F. Kennedy	White House	appos|->appos->spokesman->nn->|nn
rel_192	Ent[ent_251]	Ent[ent_586]	John F. Kennedy	White House	rcmod|->rcmod->take->prep->out->dep->of->pobj->storage->nn->|nn
rel_346	Ent[ent_251]	Ent[ent_586]	John F. Kennedy	White House	rcmod|->rcmod->order->dobj->guard->nn->|nn
rel_338	Ent[ent_493]	Ent[ent_250]	God	heaven	nsubj|<-nsubj<-be->prep->in->pobj->|pobj
rel_338	Ent[ent_493]	Ent[ent_250]	God	heaven	nsubj|<-nsubj<-come->advmod->down->dep->from->pobj->|pobj
rel_338	Ent[ent_493]	Ent[ent_250]	God	heaven	pobj|<-pobj<-with<-prep<-be->prep->in->pobj->|pobj
rel_338	Ent[ent_493]	Ent[ent_250]	God	heaven	rcmod|->rcmod->climb->dobj->way->prep->to->pobj->|pobj
rel_338	Ent[ent_493]	Ent[ent_250]	God	heaven	prep|->prep->for->pobj->sake->poss->|poss
rel_338	Ent[ent_493]	Ent[ent_250]	God	heaven	poss|<-poss<-kiss->prep->from->pobj->mother->prep->in->pobj->|pobj
rel_338	Ent[ent_493]	Ent[ent_250]	God	heaven	pobj|<-pobj<-of<-prep<-mother->rcmod->live->prep->in->pobj->|pobj
rel_338	Ent[ent_493]	Ent[ent_250]	God	heaven	pobj|<-pobj<-in<-prep<-shout->prep->in->pobj->|pobj
rel_338	Ent[ent_493]	Ent[ent_250]	God	heaven	pobj|<-pobj<-as<-prep<-appear->prep->in->pobj->|pobj
rel_338	Ent[ent_493]	Ent[ent_250]	God	heaven	nsubj|<-nsubj<-throw->prep->out->dep->of->pobj->|pobj
rel_142	Ent[ent_1237]	Ent[ent_1157]	United States	Iraq	nsubj|<-nsubj<-invade->dobj->|dobj
rel_339	Ent[ent_537]	Ent[ent_492]	United States	Iraq	nn|<-nn<-force->prep->in->pobj->|pobj
rel_339	Ent[ent_1237]	Ent[ent_492]	United States	Iraq	nsubj|<-nsubj<-attack->dobj->|dobj
rel_339	Ent[ent_1237]	Ent[ent_492]	United States	Iraq	nn|<-nn<-attack->prep->on->pobj->|pobj
rel_13	Ent[ent_1205]	Ent[ent_492]	United States	Iraq	nn|<-nn<-policy->prep->toward->pobj->|pobj
rel_13	Ent[ent_1205]	Ent[ent_492]	United States	Iraq	nn|<-nn<-invasion->prep->of->pobj->|pobj
rel_13	Ent[ent_1205]	Ent[ent_492]	United States	Iraq	nn|<-nn<-ambassador->prep->to->pobj->|pobj
rel_13	Ent[ent_1205]	Ent[ent_492]	United States	Iraq	nsubj|<-nsubj<-win->prep->in->pobj->|pobj
rel_13	Ent[ent_1205]	Ent[ent_492]	United States	Iraq	nsubj|<-nsubj<-go->prep->to->pobj->war->prep->with->pobj->|pobj
rel_142	Ent[ent_1237]	Ent[ent_1157]	United States	Iraq	nsubj|<-nsubj<-have->prep->in->pobj->|pobj
rel_353	Ent[ent_816]	Ent[ent_586]	Republicans	White House	amod|->amod->close->prep->to->pobj->|pobj
rel_353	Ent[ent_816]	Ent[ent_586]	Republicans	White House	nsubj|<-nsubj<-control->dobj->|dobj
rel_185	Ent[ent_816]	Ent[ent_586]	Republicans	White House	prep|->prep->with->pobj->tie->prep->to->pobj->|pobj
rel_192	Ent[ent_914]	Ent[ent_586]	Republicans	White House	nsubj|<-nsubj<-win->dobj->|dobj
rel_185	Ent[ent_816]	Ent[ent_586]	Republicans	White House	nsubj|<-nsubj<-accuse->dobj->|dobj
rel_185	Ent[ent_816]	Ent[ent_586]	Republicans	White House	amod|->amod->close->dep->to->pobj->|pobj
rel_353	Ent[ent_816]	Ent[ent_586]	Republicans	White House	nsubj|<-nsubj<-hold->dobj->|dobj
rel_399	Ent[ent_914]	Ent[ent_873]	Republicans	White House	nsubj|<-nsubj<-lose->dobj->|dobj
rel_353	Ent[ent_816]	Ent[ent_586]	Republicans	White House	nsubj|<-nsubj<-be->prep->in->pobj->|pobj
rel_185	Ent[ent_816]	Ent[ent_586]	Republicans	White House	nsubj|<-nsubj<-take->dobj->|dobj
rel_330	Ent[ent_253]	Ent[ent_572]	Fernando Ferrer	Bronx	appos|->appos->president->nn->|nn
rel_330	Ent[ent_253]	Ent[ent_572]	Fernando Ferrer	Bronx	appos|->appos->president->prep->of->pobj->|pobj
rel_92	Ent[ent_253]	Ent[ent_1223]	Fernando Ferrer	Bronx	appos|<-appos<-candidate->appos->president->nn->|nn
rel_330	Ent[ent_253]	Ent[ent_572]	Fernando Ferrer	Bronx	dep|->dep->president->nn->|nn
rel_92	Ent[ent_253]	Ent[ent_1223]	Fernando Ferrer	Bronx	appos|<-appos<-rival->appos->president->nn->|nn
rel_92	Ent[ent_253]	Ent[ent_1223]	Fernando Ferrer	Bronx	appos|<-appos<-opponent->appos->president->nn->|nn
rel_330	Ent[ent_253]	Ent[ent_572]	Fernando Ferrer	Bronx	nsubj|<-nsubj<-take->prep->as->pobj->president->prep->of->pobj->|pobj
rel_330	Ent[ent_253]	Ent[ent_572]	Fernando Ferrer	Bronx	appos|<-appos<-president<-nsubj<-tell->dobj->audience->nn->|nn
rel_330	Ent[ent_253]	Ent[ent_572]	Fernando Ferrer	Bronx	rcmod|->rcmod->president->nn->|nn
rel_330	Ent[ent_253]	Ent[ent_572]	Fernando Ferrer	Bronx	rcmod|->rcmod->have->prep->as->pobj->president->nn->|nn
rel_92	Ent[ent_253]	Ent[ent_495]	Fernando Ferrer	Bronx Borough	appos|->appos->president->nn->|nn
rel_92	Ent[ent_253]	Ent[ent_495]	Fernando Ferrer	Bronx Borough	appos|<-appos<-rival->appos->president->nn->|nn
rel_92	Ent[ent_253]	Ent[ent_495]	Fernando Ferrer	Bronx Borough	appos|<-appos<-candidate->appos->president->nn->|nn
rel_92	Ent[ent_253]	Ent[ent_495]	Fernando Ferrer	Bronx Borough	rcmod|->rcmod->president->nn->|nn
rel_330	Ent[ent_253]	Ent[ent_572]	Fernando Ferrer	Bronx Borough	prep|->prep->as->pobj->president->nn->|nn
rel_92	Ent[ent_253]	Ent[ent_495]	Fernando Ferrer	Bronx Borough	dep|<-dep<-race<-nsubj<-run->prep->as->pobj->president->nn->|nn
rel_92	Ent[ent_253]	Ent[ent_495]	Fernando Ferrer	Bronx Borough	dep|->dep->president->nn->|nn
rel_92	Ent[ent_253]	Ent[ent_495]	Fernando Ferrer	Bronx Borough	appos|<-appos<-politician<-nsubj<-president->nn->|nn
rel_92	Ent[ent_253]	Ent[ent_495]	Fernando Ferrer	Bronx Borough	appos|<-appos<-contender->appos->president->nn->|nn
rel_144	Ent[ent_252]	Ent[ent_333]	C. Virginia Fields	Manhattan	appos|->appos->president->nn->|nn
rel_16	Ent[ent_252]	Ent[ent_119]	C. Virginia Fields	Manhattan	appos|<-appos<-candidate->appos->president->nn->|nn
rel_144	Ent[ent_252]	Ent[ent_333]	C. Virginia Fields	Manhattan	nsubj|<-nsubj<-president->nn->|nn
rel_313	Ent[ent_252]	Ent[ent_1240]	C. Virginia Fields	Manhattan	rcmod|->rcmod->win->dobj->nomination->prep->for->pobj->president->nn->|nn
rel_355	Ent[ent_252]	Ent[ent_1082]	C. Virginia Fields	Manhattan	rcmod|->rcmod->president->nn->|nn
rel_144	Ent[ent_252]	Ent[ent_333]	C. Virginia Fields	Manhattan	poss|<-poss<-record->prep->as->pobj->president->nn->|nn
rel_313	Ent[ent_252]	Ent[ent_1240]	C. Virginia Fields	Manhattan	poss|<-poss<-candidacy->prep->for->pobj->president->nn->|nn
rel_79	Ent[ent_621]	Ent[ent_1240]	C. Virginia Fields	Manhattan	pobj|<-pobj<-of<-prep<-budget<-pobj<-in<-prep<-available<-amod<-money->appos->president->nn->|nn
rel_313	Ent[ent_252]	Ent[ent_1240]	C. Virginia Fields	Manhattan	pobj|<-pobj<-by<-prep<-friday<-dep<-visit<-nsubj<-come->nsubj->president->nn->|nn
rel_313	Ent[ent_252]	Ent[ent_1240]	C. Virginia Fields	Manhattan	nsubjpass|<-nsubjpass<-endorse->prep->by->pobj->|pobj
rel_144	Ent[ent_494]	Ent[ent_1240]	Ruth W. Messinger	Manhattan	appos|->appos->president->nn->|nn
rel_144	Ent[ent_494]	Ent[ent_1240]	Ruth W. Messinger	Manhattan	appos|->appos->president->prep->of->pobj->|pobj
rel_211	Ent[ent_494]	Ent[ent_119]	Ruth W. Messinger	Manhattan	rcmod|->rcmod->run->prep->for->pobj->president->nn->|nn
rel_20	Ent[ent_494]	Ent[ent_333]	Ruth W. Messinger	Manhattan	appos|->appos->candidate->prep->for->pobj->president->nn->|nn
rel_144	Ent[ent_494]	Ent[ent_1240]	Ruth W. Messinger	Manhattan	rcmod|->rcmod->president->nn->|nn
rel_144	Ent[ent_494]	Ent[ent_1240]	Ruth W. Messinger	Manhattan	poss|<-poss<-record->prep->as->pobj->president->nn->|nn
rel_211	Ent[ent_494]	Ent[ent_119]	Ruth W. Messinger	Manhattan	appos|->appos->member->rcmod->run->prep->for->pobj->president->nn->|nn
rel_20	Ent[ent_494]	Ent[ent_333]	Ruth W. Messinger	Manhattan	appos|->appos->member->prep->from->pobj->|pobj
rel_211	Ent[ent_494]	Ent[ent_119]	Ruth W. Messinger	Manhattan	nsubj|<-nsubj<-run<-nsubj<-decide->dobj->presidency->nn->|nn
rel_211	Ent[ent_494]	Ent[ent_119]	Ruth W. Messinger	Manhattan	nsubj|<-nsubj<-appoint->dobj->team->prep->for->pobj->post->prep->as->pobj->president->nn->|nn
rel_330	Ent[ent_1217]	Ent[ent_497]	Slobodan Milosevic	Yugoslav	appos|->appos->president->nn->|nn
rel_330	Ent[ent_1217]	Ent[ent_497]	Slobodan Milosevic	Yugoslav	appos|->appos->leader->nn->|nn
rel_330	Ent[ent_1217]	Ent[ent_497]	Slobodan Milosevic	Yugoslav	appos|->appos->president->prep->of->pobj->|pobj
rel_330	Ent[ent_1217]	Ent[ent_497]	Slobodan Milosevic	Yugoslav	appos|->appos->president->poss->|poss
rel_250	Ent[ent_1283]	Ent[ent_497]	Slobodan Milosevic	Yugoslav	dobj|<-dobj<-persuade->prep->of->pobj->|pobj
rel_330	Ent[ent_1217]	Ent[ent_497]	Slobodan Milosevic	Yugoslav	appos|->appos->leader->prep->of->pobj->|pobj
rel_250	Ent[ent_1283]	Ent[ent_497]	Slobodan Milosevic	Yugoslav	dobj|<-dobj<-accuse->prep->of->pobj->|pobj
rel_250	Ent[ent_1283]	Ent[ent_497]	Slobodan Milosevic	Yugoslav	appos|->appos->president->prep->of->pobj->republic->nn->|nn
rel_250	Ent[ent_1283]	Ent[ent_497]	Slobodan Milosevic	Yugoslav	rcmod|->rcmod->divide->dobj->|dobj
rel_330	Ent[ent_1217]	Ent[ent_497]	Slobodan Milosevic	Yugoslav	poss|<-poss<-government<-pobj<-under<-prep<-arrest->prep->after->pobj->war->dep->end->nsubj->|nsubj
rel_92	Ent[ent_254]	Ent[ent_496]	Claire Shulman	Queens Borough	appos|->appos->president->nn->|nn
rel_92	Ent[ent_254]	Ent[ent_496]	Claire Shulman	Queens Borough	partmod|->partmod->swear->prep->as->pobj->president->nn->|nn
rel_168	Ent[ent_666]	Ent[ent_496]	Claire Shulman	Queens Borough	pobj|<-pobj<-from<-prep<-letter<-dobj<-read->dobj->president->nn->|nn
rel_92	Ent[ent_254]	Ent[ent_496]	Claire Shulman	Queens Borough	appos|<-appos<-patron->appos->president->nn->|nn
rel_144	Ent[ent_257]	Ent[ent_572]	Mr. Ferrer	Bronx	appos|->appos->president->nn->|nn
rel_330	Ent[ent_253]	Ent[ent_572]	Mr. Ferrer	Bronx	rcmod|->rcmod->president->nn->|nn
rel_144	Ent[ent_257]	Ent[ent_572]	Mr. Ferrer	Bronx	poss|<-poss<-record->prep->as->pobj->president->nn->|nn
rel_144	Ent[ent_257]	Ent[ent_572]	Mr. Ferrer	Bronx	nsubj|<-nsubj<-president->nn->|nn
rel_144	Ent[ent_257]	Ent[ent_572]	Mr. Ferrer	Bronx	rcmod|->rcmod->travel->dobj->|dobj
rel_144	Ent[ent_257]	Ent[ent_572]	Mr. Ferrer	Bronx	rcmod|->rcmod->principal->prep->in->pobj->|pobj
rel_144	Ent[ent_257]	Ent[ent_572]	Mr. Ferrer	Bronx	rcmod|->rcmod->outline->prep->at->pobj->conference->prep->for->pobj->|pobj
rel_185	Ent[ent_257]	Ent[ent_1223]	Mr. Ferrer	Bronx	rcmod|->rcmod->have->dobj->tie->prep->in->pobj->|pobj
rel_144	Ent[ent_257]	Ent[ent_572]	Mr. Ferrer	Bronx	rcmod|->rcmod->grow->prep->in->pobj->|pobj
rel_144	Ent[ent_257]	Ent[ent_572]	Mr. Ferrer	Bronx	rcmod|->rcmod->criticize->prep->as->pobj->bureaucrat->nn->|nn
rel_92	Ent[ent_499]	Ent[ent_1240]	David N. Dinkins	Manhattan	appos|->appos->president->nn->|nn
rel_92	Ent[ent_499]	Ent[ent_1240]	David N. Dinkins	Manhattan	appos|<-appos<-candidate->appos->president->nn->|nn
rel_92	Ent[ent_499]	Ent[ent_1240]	David N. Dinkins	Manhattan	dep|->dep->president->nn->|nn
rel_330	Ent[ent_499]	Ent[ent_333]	David N. Dinkins	Manhattan	rcmod|->rcmod->president->nn->|nn
rel_92	Ent[ent_499]	Ent[ent_1240]	David N. Dinkins	Manhattan	poss|<-poss<-campaign->prep->inside->pobj->headquarters->nn->|nn
rel_158	Ent[ent_499]	Ent[ent_568]	David N. Dinkins	Manhattan	pobj|<-pobj<-for<-prep<-director->prep->in->pobj->office->poss->president->nn->|nn
rel_330	Ent[ent_499]	Ent[ent_333]	David N. Dinkins	Manhattan	nsubj|<-nsubj<-vote->prep->on->pobj->franchise->nn->|nn
rel_92	Ent[ent_499]	Ent[ent_1240]	David N. Dinkins	Manhattan	nsubj|<-nsubj<-urge->prep->from->pobj->campus->nn->|nn
rel_158	Ent[ent_499]	Ent[ent_568]	David N. Dinkins	Manhattan	nsubj|<-nsubj<-stand->prep->on->pobj->corner->nn->|nn
rel_330	Ent[ent_499]	Ent[ent_333]	David N. Dinkins	Manhattan	nsubj|<-nsubj<-president->nn->|nn
rel_330	Ent[ent_136]	Ent[ent_256]	Juan Antonio Samaranch	I.O.C.	appos|->appos->president->nn->|nn
rel_330	Ent[ent_136]	Ent[ent_256]	Juan Antonio Samaranch	I.O.C.	appos|->appos->president->prep->of->pobj->|pobj
rel_330	Ent[ent_136]	Ent[ent_256]	Juan Antonio Samaranch	I.O.C.	appos|->appos->president->poss->|poss
rel_330	Ent[ent_136]	Ent[ent_256]	Juan Antonio Samaranch	I.O.C.	rcmod|->rcmod->preside->prep->over->pobj->meeting->prep->of->pobj->board->nn->|nn
rel_330	Ent[ent_136]	Ent[ent_256]	Juan Antonio Samaranch	I.O.C.	rcmod|->rcmod->decide->nsubj->president->prep->of->pobj->|pobj
rel_330	Ent[ent_136]	Ent[ent_256]	Juan Antonio Samaranch	I.O.C.	pobj|<-pobj<-to<-prep<-successor->prep->as->pobj->president->prep->of->pobj->|pobj
rel_330	Ent[ent_136]	Ent[ent_256]	Juan Antonio Samaranch	I.O.C.	pobj|<-pobj<-to<-prep<-letter->rcmod->say->nsubj->president->prep->of->pobj->|pobj
rel_330	Ent[ent_136]	Ent[ent_256]	Juan Antonio Samaranch	I.O.C.	pobj|<-pobj<-to<-prep<-letter->dep->president->prep->of->pobj->|pobj
rel_330	Ent[ent_136]	Ent[ent_256]	Juan Antonio Samaranch	I.O.C.	pobj|<-pobj<-of<-prep<-resignation<-pobj<-for<-prep<-call->dep->adviser->nsubj->president->prep->of->pobj->|pobj
rel_330	Ent[ent_136]	Ent[ent_256]	Juan Antonio Samaranch	I.O.C.	pobj|<-pobj<-by<-prep<-give<-prep<-speech<-pobj<-to<-prep<-refer->dep->open->dobj->meeting->nn->|nn
rel_330	Ent[ent_498]	Ent[ent_57]	Andrew J. Stein	City Council	appos|->appos->president->nn->|nn
rel_330	Ent[ent_498]	Ent[ent_57]	Andrew J. Stein	City Council	appos|<-appos<-challenger->appos->president->nn->|nn
rel_330	Ent[ent_498]	Ent[ent_57]	Andrew J. Stein	City Council	appos|->appos->president->prep->of->pobj->|pobj
rel_330	Ent[ent_498]	Ent[ent_57]	Andrew J. Stein	City Council	rcmod|->rcmod->win->dobj->primary->prep->for->pobj->president->nn->|nn
rel_330	Ent[ent_498]	Ent[ent_57]	Andrew J. Stein	City Council	rcmod|->rcmod->be->prep->as->pobj->president->nn->|nn
rel_355	Ent[ent_498]	Ent[ent_57]	Andrew J. Stein	City Council	pobj|<-pobj<-to<-prep<-lose->dobj->president->nn->|nn
rel_355	Ent[ent_498]	Ent[ent_57]	Andrew J. Stein	City Council	pobj|<-pobj<-to<-prep<-assistant->dep->president->nn->|nn
rel_355	Ent[ent_498]	Ent[ent_57]	Andrew J. Stein	City Council	pobj|<-pobj<-of<-prep<-behalf<-pobj<-on<-prep<-attend->advmod->now->dep->as->pobj->president->nn->|nn
rel_355	Ent[ent_498]	Ent[ent_57]	Andrew J. Stein	City Council	nsubj|<-nsubj<-urge->dobj->|dobj
rel_355	Ent[ent_498]	Ent[ent_57]	Andrew J. Stein	City Council	nsubj|<-nsubj<-triple->dep->president->nn->|nn
rel_335	Ent[ent_56]	Ent[ent_59]	Laura D'Andrea Tyson	Council of Economic Advisers	appos|->appos->chairwoman->prep->of->pobj->|pobj
rel_399	Ent[ent_56]	Ent[ent_59]	Laura D'Andrea Tyson	Council of Economic Advisers	appos|->appos->head->prep->of->pobj->|pobj
rel_399	Ent[ent_56]	Ent[ent_59]	Laura D'Andrea Tyson	Council of Economic Advisers	appos|->appos->chairman->prep->of->pobj->|pobj
rel_399	Ent[ent_56]	Ent[ent_59]	Laura D'Andrea Tyson	Council of Economic Advisers	rcmod|->rcmod->head->dobj->|dobj
rel_335	Ent[ent_56]	Ent[ent_59]	Laura D'Andrea Tyson	Council of Economic Advisers	rcmod|->rcmod->precede->prep->as->pobj->chairman->prep->of->pobj->|pobj
rel_335	Ent[ent_56]	Ent[ent_59]	Laura D'Andrea Tyson	Council of Economic Advisers	rcmod|->rcmod->chairman->prep->of->pobj->|pobj
rel_399	Ent[ent_56]	Ent[ent_59]	Laura D'Andrea Tyson	Council of Economic Advisers	prep|->prep->as->pobj->chairwoman->prep->of->pobj->|pobj
rel_335	Ent[ent_56]	Ent[ent_59]	Laura D'Andrea Tyson	Council of Economic Advisers	pobj|<-pobj<-of<-prep<-appointment->prep->to->pobj->chairmanship->prep->of->pobj->|pobj
rel_335	Ent[ent_56]	Ent[ent_59]	Laura D'Andrea Tyson	Council of Economic Advisers	pobj|<-pobj<-by<-prep<-article->appos->chairwoman->prep->of->pobj->|pobj
rel_335	Ent[ent_56]	Ent[ent_59]	Laura D'Andrea Tyson	Council of Economic Advisers	nsubj|<-nsubj<-chairwoman->prep->of->pobj->|pobj
rel_399	Ent[ent_58]	Ent[ent_53]	Gen. Tommy R. Franks	United States Central Command	appos|->appos->head->prep->of->pobj->|pobj
rel_399	Ent[ent_58]	Ent[ent_53]	Gen. Tommy R. Franks	United States Central Command	appos|->appos->chief->prep->of->pobj->|pobj
rel_399	Ent[ent_58]	Ent[ent_53]	Gen. Tommy R. Franks	United States Central Command	appos|->appos->commander->prep->of->pobj->|pobj
rel_399	Ent[ent_58]	Ent[ent_53]	Gen. Tommy R. Franks	United States Central Command	rcmod|->rcmod->step->prep->as->pobj->head->prep->of->pobj->|pobj
rel_399	Ent[ent_58]	Ent[ent_53]	Gen. Tommy R. Franks	United States Central Command	rcmod|->rcmod->retire->prep->as->pobj->head->prep->of->pobj->|pobj
rel_399	Ent[ent_58]	Ent[ent_53]	Gen. Tommy R. Franks	United States Central Command	nsubj|<-nsubj<-step->prep->as->pobj->head->prep->of->pobj->|pobj
rel_399	Ent[ent_58]	Ent[ent_53]	Gen. Tommy R. Franks	United States Central Command	appos|<-appos<-today->appos->head->prep->of->pobj->|pobj
rel_399	Ent[ent_58]	Ent[ent_53]	Gen. Tommy R. Franks	United States Central Command	appos|->appos->leader->prep->of->pobj->|pobj
rel_330	Ent[ent_52]	Ent[ent_55]	David Trimble	Ulster Unionist Party	appos|->appos->head->prep->of->pobj->|pobj
rel_330	Ent[ent_52]	Ent[ent_55]	David Trimble	Ulster Unionist Party	appos|->appos->leader->prep->of->pobj->|pobj
rel_330	Ent[ent_52]	Ent[ent_55]	David Trimble	Ulster Unionist Party	rcmod|->rcmod->oppose->nsubj->|nsubj
rel_330	Ent[ent_52]	Ent[ent_55]	David Trimble	Ulster Unionist Party	rcmod|->rcmod->head->dobj->|dobj
rel_330	Ent[ent_52]	Ent[ent_55]	David Trimble	Ulster Unionist Party	pobj|<-pobj<-for<-prep<-showdown<-nsubj<-face->dobj->challenge->prep->from->pobj->hard-liners->prep->in->pobj->|pobj
rel_330	Ent[ent_52]	Ent[ent_55]	David Trimble	Ulster Unionist Party	nsubj|<-nsubj<-say->prep->from->pobj->|pobj
rel_330	Ent[ent_52]	Ent[ent_55]	David Trimble	Ulster Unionist Party	nsubj|<-nsubj<-emerge->prep->from->pobj->meeting->prep->of->pobj->|pobj
rel_330	Ent[ent_52]	Ent[ent_55]	David Trimble	Ulster Unionist Party	appos|->appos->member->prep->for->pobj->|pobj
rel_330	Ent[ent_52]	Ent[ent_55]	David Trimble	Ulster Unionist Party	appos|->appos->leader->nn->|nn
rel_330	Ent[ent_52]	Ent[ent_55]	David Trimble	Ulster Unionist Party	appos|->appos->laureate->rcmod->leader->prep->of->pobj->|pobj
rel_399	Ent[ent_491]	Ent[ent_54]	William J. Grinker	Human Resources Administration	appos|->appos->head->prep->of->pobj->|pobj
rel_399	Ent[ent_491]	Ent[ent_54]	William J. Grinker	Human Resources Administration	appos|->appos->commissioner->prep->of->pobj->|pobj
rel_399	Ent[ent_491]	Ent[ent_54]	William J. Grinker	Human Resources Administration	appos|->appos->administrator->prep->of->pobj->|pobj
rel_399	Ent[ent_491]	Ent[ent_54]	William J. Grinker	Human Resources Administration	rcmod|->rcmod->head->prep->of->pobj->|pobj
rel_399	Ent[ent_491]	Ent[ent_54]	William J. Grinker	Human Resources Administration	rcmod|->rcmod->commissioner->prep->of->pobj->|pobj
rel_399	Ent[ent_490]	Ent[ent_51]	Jay L. Turoff	Taxi	appos|->appos->head->prep->of->pobj->|pobj
rel_399	Ent[ent_490]	Ent[ent_51]	Jay L. Turoff	Taxi	appos|->appos->chairman->prep->of->pobj->|pobj
rel_399	Ent[ent_490]	Ent[ent_51]	Jay L. Turoff	Taxi	appos|->appos->chief->prep->of->pobj->|pobj
rel_399	Ent[ent_490]	Ent[ent_51]	Jay L. Turoff	Taxi	nsubj|<-nsubj<--rrb-->prep->on->pobj->chairman->prep->of->pobj->|pobj
rel_399	Ent[ent_490]	Ent[ent_51]	Jay L. Turoff	Taxi	dep|->dep->await->nsubj->chairman->prep->of->pobj->|pobj
rel_330	Ent[ent_131]	Ent[ent_373]	Gerry Adams	Sinn Fein	appos|->appos->president->prep->of->pobj->|pobj
rel_330	Ent[ent_131]	Ent[ent_373]	Gerry Adams	Sinn Fein	appos|->appos->leader->prep->of->pobj->|pobj
rel_330	Ent[ent_131]	Ent[ent_373]	Gerry Adams	Sinn Fein	appos|->appos->president->nn->|nn
rel_330	Ent[ent_131]	Ent[ent_373]	Gerry Adams	Sinn Fein	appos|->appos->head->prep->of->pobj->|pobj
rel_330	Ent[ent_131]	Ent[ent_373]	Gerry Adams	Sinn Fein	appos|->appos->leader->nn->|nn
rel_330	Ent[ent_131]	Ent[ent_373]	Gerry Adams	Sinn Fein	appos|->appos->president->poss->|poss
rel_27	Ent[ent_131]	Ent[ent_373]	Gerry Adams	Sinn Fein	appos|->appos->president->prep->of->pobj->arm->appos->|appos
rel_330	Ent[ent_131]	Ent[ent_373]	Gerry Adams	Sinn Fein	appos|->appos->leader->prep->of->pobj->wing->nn->|nn
rel_330	Ent[ent_131]	Ent[ent_373]	Gerry Adams	Sinn Fein	appos|->appos->leader->poss->|poss
rel_330	Ent[ent_131]	Ent[ent_373]	Gerry Adams	Sinn Fein	rcmod|->rcmod->recognize->prep->as->pobj->head->prep->of->pobj->|pobj
rel_399	Ent[ent_50]	Ent[ent_248]	Donald Fehr	Players Association	appos|->appos->director->prep->of->pobj->|pobj
rel_399	Ent[ent_50]	Ent[ent_248]	Donald Fehr	Players Association	appos|->appos->head->prep->of->pobj->|pobj
rel_399	Ent[ent_50]	Ent[ent_248]	Donald Fehr	Players Association	appos|->appos->director->poss->|poss
rel_399	Ent[ent_50]	Ent[ent_248]	Donald Fehr	Players Association	appos|->appos->director->nn->|nn
rel_399	Ent[ent_50]	Ent[ent_248]	Donald Fehr	Players Association	appos|->appos->president->prep->of->pobj->|pobj
rel_399	Ent[ent_50]	Ent[ent_248]	Donald Fehr	Players Association	pobj|<-pobj<-by<-prep<-game->appos->director->prep->of->pobj->|pobj
rel_399	Ent[ent_50]	Ent[ent_248]	Donald Fehr	Players Association	pobj|<-pobj<-after<-prep<-call<-rcmod<-camp<-nsubjpass<-operate->prep->by->pobj->|pobj
rel_399	Ent[ent_50]	Ent[ent_248]	Donald Fehr	Players Association	appos|<-appos<-plan->appos->head->prep->of->pobj->|pobj
rel_399	Ent[ent_50]	Ent[ent_248]	Donald Fehr	Players Association	appos|<-appos<-monday->appos->head->prep->of->pobj->|pobj
rel_399	Ent[ent_50]	Ent[ent_248]	Donald Fehr	Players Association	appos|<-appos<-decline->appos->director->prep->of->pobj->|pobj
rel_294	Ent[ent_4]	Ent[ent_3]	Yasir Arafat	Palestine Liberation Organization	appos|->appos->chairman->prep->of->pobj->|pobj
rel_330	Ent[ent_4]	Ent[ent_3]	Yasir Arafat	Palestine Liberation Organization	appos|->appos->leader->prep->of->pobj->|pobj
rel_294	Ent[ent_4]	Ent[ent_1215]	Yasir Arafat	Palestine Liberation Organization	appos|->appos->chairman->nn->|nn
rel_294	Ent[ent_4]	Ent[ent_3]	Yasir Arafat	Palestine Liberation Organization	appos|->appos->head->prep->of->pobj->|pobj
rel_330	Ent[ent_4]	Ent[ent_1215]	Yasir Arafat	Palestine Liberation Organization	appos|->appos->leader->nn->|nn
rel_294	Ent[ent_4]	Ent[ent_3]	Yasir Arafat	Palestine Liberation Organization	poss|<-poss<-wing->prep->of->pobj->|pobj
rel_330	Ent[ent_4]	Ent[ent_1215]	Yasir Arafat	Palestine Liberation Organization	poss|<-poss<-faction->prep->of->pobj->|pobj
rel_330	Ent[ent_1254]	Ent[ent_3]	Yasir Arafat	Palestine Liberation Organization	poss|<-poss<-deputy->prep->in->pobj->|pobj
rel_294	Ent[ent_4]	Ent[ent_3]	Yasir Arafat	Palestine Liberation Organization	appos|->appos->chairman->poss->|poss
rel_294	Ent[ent_4]	Ent[ent_1215]	Yasir Arafat	Palestine Liberation Organization	dobj|<-dobj<-succeed->prep->as->pobj->chairman->prep->of->pobj->|pobj
rel_330	Ent[ent_247]	Ent[ent_489]	Louis Farrakhan	Nation of Islam	appos|->appos->leader->prep->of->pobj->|pobj
rel_192	Ent[ent_247]	Ent[ent_489]	Louis Farrakhan	Nation of Islam	appos|->appos->minister->prep->of->pobj->|pobj
rel_330	Ent[ent_247]	Ent[ent_489]	Louis Farrakhan	Nation of Islam	appos|->appos->head->prep->of->pobj->|pobj
rel_330	Ent[ent_247]	Ent[ent_489]	Louis Farrakhan	Nation of Islam	appos|<-appos<-sea->appos->leader->prep->of->pobj->|pobj
rel_330	Ent[ent_247]	Ent[ent_489]	Louis Farrakhan	Nation of Islam	rcmod|->rcmod->succeed->prep->as->pobj->head->prep->of->pobj->|pobj
rel_330	Ent[ent_247]	Ent[ent_489]	Louis Farrakhan	Nation of Islam	rcmod|->rcmod->lead->dobj->|dobj
rel_192	Ent[ent_247]	Ent[ent_489]	Louis Farrakhan	Nation of Islam	rcmod|->rcmod->champion->dobj->ideology->prep->of->pobj->|pobj
rel_192	Ent[ent_247]	Ent[ent_489]	Louis Farrakhan	Nation of Islam	pobj|<-pobj<-to<-prep<-response->appos->leader->prep->of->pobj->|pobj
rel_144	Ent[ent_247]	Ent[ent_489]	Louis Farrakhan	Nation of Islam	pobj|<-pobj<-of<-prep<-murder<-dobj<-plot->dobj->minister->prep->of->pobj->|pobj
rel_144	Ent[ent_247]	Ent[ent_489]	Louis Farrakhan	Nation of Islam	nsubj|<-nsubj<-take->prep->as->pobj->spokesman->prep->for->pobj->|pobj
rel_365	Ent[ent_249]	Ent[ent_262]	Dr. Anthony S. Fauci	National Institute of Allergy and Infectious Diseases	appos|->appos->director->prep->of->pobj->|pobj
rel_399	Ent[ent_249]	Ent[ent_262]	Dr. Anthony S. Fauci	National Institute of Allergy and Infectious Diseases	appos|->appos->head->prep->of->pobj->|pobj
rel_399	Ent[ent_249]	Ent[ent_262]	Dr. Anthony S. Fauci	National Institute of Allergy and Infectious Diseases	rcmod|->rcmod->head->dobj->|dobj
rel_399	Ent[ent_249]	Ent[ent_262]	Dr. Anthony S. Fauci	National Institute of Allergy and Infectious Diseases	rcmod|->rcmod->direct->dobj->|dobj
rel_365	Ent[ent_249]	Ent[ent_262]	Dr. Anthony S. Fauci	National Institute of Allergy and Infectious Diseases	rcmod|->rcmod->oversee->prep->as->pobj->director->prep->of->pobj->|pobj
rel_365	Ent[ent_249]	Ent[ent_262]	Dr. Anthony S. Fauci	National Institute of Allergy and Infectious Diseases	nsubj|<-nsubj<-director->dobj->|dobj
rel_399	Ent[ent_249]	Ent[ent_262]	Dr. Anthony S. Fauci	National Institute of Allergy and Infectious Diseases	dep|->dep->director->prep->of->pobj->|pobj
rel_365	Ent[ent_249]	Ent[ent_262]	Dr. Anthony S. Fauci	National Institute of Allergy and Infectious Diseases	appos|->appos->researcher->prep->of->pobj->|pobj
rel_399	Ent[ent_249]	Ent[ent_262]	Dr. Anthony S. Fauci	National Institute of Allergy and Infectious Diseases	appos|<-appos<-researcher->appos->director->prep->of->pobj->|pobj
rel_365	Ent[ent_249]	Ent[ent_262]	Dr. Anthony S. Fauci	National Institute of Allergy and Infectious Diseases	appos|<-appos<-protection->rcmod->direct->dobj->|dobj
rel_330	Ent[ent_1208]	Ent[ent_1197]	Bob Dole	Senate	appos|->appos->leader->nn->|nn
rel_72	Ent[ent_261]	Ent[ent_1243]	Bob Dole	Senate	appos|->appos->leader->prep->in->pobj->|pobj
rel_102	Ent[ent_1208]	Ent[ent_1124]	Bob Dole	Senate	nsubj|<-nsubj<-leader->nn->|nn
rel_174	Ent[ent_1208]	Ent[ent_1243]	Bob Dole	Senate	dep|->dep->leader->nn->|nn
rel_330	Ent[ent_1208]	Ent[ent_1197]	Bob Dole	Senate	appos|->appos->leader->prep->of->pobj->|pobj
rel_330	Ent[ent_1208]	Ent[ent_1197]	Bob Dole	Senate	poss|<-poss<-seat->nn->|nn
rel_102	Ent[ent_1208]	Ent[ent_1124]	Bob Dole	Senate	nsubj|<-nsubj<-take->dobj->floor->nn->|nn
rel_174	Ent[ent_1208]	Ent[ent_1243]	Bob Dole	Senate	nsubj|<-nsubj<-resign->prep->from->pobj->|pobj
rel_120	Ent[ent_995]	Ent[ent_1197]	Bob Dole	Senate	appos|->appos->leader->prep->of->pobj->minority->poss->|poss
rel_192	Ent[ent_261]	Ent[ent_1197]	Bob Dole	Senate	appos|->appos->leader->poss->|poss
rel_330	Ent[ent_264]	Ent[ent_1275]	Richard A. Gephardt	House	appos|->appos->leader->nn->|nn
rel_330	Ent[ent_264]	Ent[ent_1275]	Richard A. Gephardt	House	appos|->appos->leader->prep->in->pobj->|pobj
rel_330	Ent[ent_264]	Ent[ent_1275]	Richard A. Gephardt	House	appos|->appos->leader->prep->of->pobj->|pobj
rel_330	Ent[ent_264]	Ent[ent_1275]	Richard A. Gephardt	House	appos|->appos->leader->prep->of->pobj->majority->prep->in->pobj->|pobj
rel_330	Ent[ent_264]	Ent[ent_1275]	Richard A. Gephardt	House	rcmod|->rcmod->leader->nn->|nn
rel_180	Ent[ent_264]	Ent[ent_1268]	Richard A. Gephardt	House	nsubj|<-nsubj<-tell->dobj->|dobj
rel_330	Ent[ent_264]	Ent[ent_1275]	Richard A. Gephardt	House	nsubj|<-nsubj<-rise->advmod->faster->dep->in->pobj->|pobj
rel_180	Ent[ent_264]	Ent[ent_1268]	Richard A. Gephardt	House	nsubj|<-nsubj<-leader->nn->|nn
rel_330	Ent[ent_264]	Ent[ent_1275]	Richard A. Gephardt	House	nsubj|<-nsubj<-enter->dobj->race->prep->for->pobj->leader->nn->|nn
rel_330	Ent[ent_264]	Ent[ent_1275]	Richard A. Gephardt	House	appos|->appos->counterpart->nn->|nn
rel_330	Ent[ent_261]	Ent[ent_263]	Bob Dole	Republican	appos|->appos->leader->amod->|amod
rel_330	Ent[ent_261]	Ent[ent_263]	Bob Dole	Republican	appos|->appos->leader->nn->|nn
rel_394	Ent[ent_261]	Ent[ent_263]	Bob Dole	Republican	appos|->appos->nominee->nn->|nn
rel_394	Ent[ent_261]	Ent[ent_263]	Bob Dole	Republican	appos|->appos->nominee->amod->|amod
rel_330	Ent[ent_1208]	Ent[ent_263]	Bob Dole	Republican	appos|->appos->candidate->nn->|nn
rel_330	Ent[ent_261]	Ent[ent_263]	Bob Dole	Republican	appos|->appos->candidate->amod->|amod
rel_330	Ent[ent_261]	Ent[ent_263]	Bob Dole	Republican	appos|->appos->front-runner->nn->|nn
rel_394	Ent[ent_261]	Ent[ent_263]	Bob Dole	Republican	appos|->appos->leader->prep->of->pobj->minority->amod->|amod
rel_330	Ent[ent_261]	Ent[ent_263]	Bob Dole	Republican	appos|->appos->opponent->amod->|amod
rel_394	Ent[ent_261]	Ent[ent_263]	Bob Dole	Republican	appos|->appos->front-runner->prep->for->pobj->nomination->nn->|nn
rel_330	Ent[ent_266]	Ent[ent_1268]	Dick Armey	House	appos|->appos->leader->nn->|nn
rel_399	Ent[ent_266]	Ent[ent_678]	Dick Armey	House	appos|->appos->chairman->prep->of->pobj->|pobj
rel_330	Ent[ent_266]	Ent[ent_1268]	Dick Armey	House	appos|->appos->leader->prep->in->pobj->|pobj
rel_335	Ent[ent_266]	Ent[ent_1275]	Dick Armey	House	rcmod|->rcmod->say->nsubj->leader->nn->|nn
rel_330	Ent[ent_266]	Ent[ent_1268]	Dick Armey	House	rcmod|->rcmod->leader->nn->|nn
rel_335	Ent[ent_266]	Ent[ent_1275]	Dick Armey	House	rcmod|->rcmod->hold->dobj->position->prep->in->pobj->leadership->nn->|nn
rel_335	Ent[ent_266]	Ent[ent_1275]	Dick Armey	House	rcmod|->rcmod->hire->prep->as->pobj->manager->dep->leader->nn->|nn
rel_335	Ent[ent_266]	Ent[ent_1275]	Dick Armey	House	rcmod|->rcmod->head->dobj->|dobj
rel_330	Ent[ent_266]	Ent[ent_1268]	Dick Armey	House	poss|<-poss<-war<-dep<-editorial<-pobj<-to<-prep<-ignore->dobj->fact->prep->about->pobj->process->nn->|nn
rel_335	Ent[ent_266]	Ent[ent_1275]	Dick Armey	House	poss|<-poss<-office<-pobj<-in<-prep<-put->nsubj->leader->nn->|nn
rel_330	Ent[ent_265]	Ent[ent_1197]	Tom Daschle	Senate	appos|->appos->leader->nn->|nn
rel_330	Ent[ent_265]	Ent[ent_1197]	Tom Daschle	Senate	appos|->appos->leader->prep->in->pobj->|pobj
rel_27	Ent[ent_265]	Ent[ent_1124]	Tom Daschle	Senate	appos|->appos->leader->prep->of->pobj->|pobj
rel_330	Ent[ent_265]	Ent[ent_1197]	Tom Daschle	Senate	appos|->appos->leader->poss->|poss
rel_102	Ent[ent_265]	Ent[ent_1246]	Tom Daschle	Senate	appos|->appos->co-chairman->prep->of->pobj->|pobj
rel_330	Ent[ent_265]	Ent[ent_1197]	Tom Daschle	Senate	rcmod|->rcmod->leader->nn->|nn
rel_330	Ent[ent_265]	Ent[ent_1197]	Tom Daschle	Senate	nsubj|<-nsubj<-open->dobj->debate->nn->|nn
rel_102	Ent[ent_265]	Ent[ent_1246]	Tom Daschle	Senate	nsubj|<-nsubj<-leader->nn->|nn
rel_330	Ent[ent_265]	Ent[ent_1197]	Tom Daschle	Senate	trigger#protégé Tom_Daschle Senate source#Tom/NNP/PERSON_Daschle/NNP/PERSON dest#Senate/NNP/ORGANIZATION path#poss|<-poss<-protégé->prep->in->pobj->|pobj sen#In_South_Dakota_,_he_leaned_on_Representative_John_Thune_--_who_was_also_planning_a_run_for_governor_--_to_get_out_of_the_race_and_take_on_Tim_Johnson_,_Tom_Daschle_'s_protégé_in_the_Senate_,_instead_. lex#'s_protégé_in_the pos#POS_NN_IN_DT lc#, rc#,_instead
rel_102	Ent[ent_265]	Ent[ent_1246]	Tom Daschle	Senate	rcmod|->rcmod->tie->dobj->|dobj
rel_351	Ent[ent_1242]	Ent[ent_1197]	Joseph L. Bruno	Senate	appos|->appos->leader->nn->|nn
rel_27	Ent[ent_268]	Ent[ent_1271]	Joseph L. Bruno	Senate	appos|->appos->leader->prep->of->pobj->|pobj
rel_330	Ent[ent_1242]	Ent[ent_1246]	Joseph L. Bruno	Senate	appos|->appos->leader->poss->|poss
rel_171	Ent[ent_268]	Ent[ent_1246]	Joseph L. Bruno	Senate	appos|->appos->leader->prep->in->pobj->|pobj
rel_330	Ent[ent_1242]	Ent[ent_1246]	Joseph L. Bruno	Senate	appos|->appos->leader->prep->of->pobj->majority->prep->in->pobj->|pobj
rel_294	Ent[ent_268]	Ent[ent_1243]	Joseph L. Bruno	Senate	appos|<-appos<-supporter<-dep<-install<-partmod<-coup->prep->in->pobj->job->poss->|poss
rel_192	Ent[ent_268]	Ent[ent_1197]	Joseph L. Bruno	Senate	appos|->appos->leader->prep->of->pobj->majority->poss->|poss
rel_39	Ent[ent_31]	Ent[ent_1124]	Joseph L. Bruno	Senate	appos|->appos->leader->prep->of->pobj->majority->nn->|nn
rel_330	Ent[ent_1242]	Ent[ent_1246]	Joseph L. Bruno	Senate	appos|<-appos<-leader<-nsubj<-change->dobj->number->prep->of->pobj->position->prep->in->pobj->|pobj
rel_171	Ent[ent_268]	Ent[ent_1246]	Joseph L. Bruno	Senate	rcmod|->rcmod->lead->dobj->majority->poss->|poss
rel_351	Ent[ent_268]	Ent[ent_263]	Joseph L. Bruno	Republican	appos|->appos->leader->nn->|nn
rel_192	Ent[ent_268]	Ent[ent_745]	Joseph L. Bruno	Republican	appos|<-appos<-leader->appos->|appos
rel_351	Ent[ent_268]	Ent[ent_263]	Joseph L. Bruno	Republican	appos|->appos->leader->amod->|amod
rel_351	Ent[ent_268]	Ent[ent_263]	Joseph L. Bruno	Republican	appos|->appos->leader->prep->of->pobj->majority->amod->|amod
rel_351	Ent[ent_268]	Ent[ent_263]	Joseph L. Bruno	Republican	appos|<-appos<-leader->amod->|amod
rel_39	Ent[ent_882]	Ent[ent_263]	Joseph L. Bruno	Republican	appos|<-appos<-leader->dep->|dep
rel_91	Ent[ent_1242]	Ent[ent_263]	Joseph L. Bruno	Republican	appos|<-appos<-speaker->appos->|appos
rel_91	Ent[ent_1242]	Ent[ent_263]	Joseph L. Bruno	Republican	appos|<-appos<-supporter<-dep<-install<-partmod<-coup<-nsubj<-ascendancy->prep->among->pobj->|pobj
rel_351	Ent[ent_268]	Ent[ent_263]	Joseph L. Bruno	Republican	appos|->appos->senator->amod->|amod
rel_351	Ent[ent_268]	Ent[ent_263]	Joseph L. Bruno	Republican	appos|<-appos<-man->appos->|appos
rel_185	Ent[ent_267]	Ent[ent_1246]	Trent Lott	Senate	appos|->appos->leader->nn->|nn
rel_72	Ent[ent_267]	Ent[ent_1271]	Trent Lott	Senate	nsubj|<-nsubj<-resign->prep->as->pobj->leader->nn->|nn
rel_255	Ent[ent_267]	Ent[ent_1197]	Trent Lott	Senate	appos|->appos->whip->nn->|nn
rel_148	Ent[ent_267]	Ent[ent_1243]	Trent Lott	Senate	poss|<-poss<-resignation->prep->as->pobj->leader->nn->|nn
rel_185	Ent[ent_267]	Ent[ent_1246]	Trent Lott	Senate	nsubj|<-nsubj<-unacceptable->prep->as->pobj->leader->prep->of->pobj->|pobj
rel_148	Ent[ent_267]	Ent[ent_1243]	Trent Lott	Senate	nsubj|<-nsubj<-summon->prep->into->pobj->chamber->nn->|nn
rel_255	Ent[ent_267]	Ent[ent_1197]	Trent Lott	Senate	nsubj|<-nsubj<-step->prep->as->pobj->leader->nn->|nn
rel_72	Ent[ent_267]	Ent[ent_1271]	Trent Lott	Senate	nsubj|<-nsubj<-shut->dobj->|dobj
rel_255	Ent[ent_267]	Ent[ent_1197]	Trent Lott	Senate	nsubj|<-nsubj<-share->prep->in->pobj->|pobj
rel_148	Ent[ent_267]	Ent[ent_1243]	Trent Lott	Senate	nsubj|<-nsubj<-say->prep->on->pobj->floor->nn->|nn
rel_253	Ent[ent_68]	Ent[ent_1275]	Representative Richard A. Gephardt	House	appos|->appos->leader->nn->|nn
rel_330	Ent[ent_68]	Ent[ent_1268]	Representative Richard A. Gephardt	House	appos|->appos->leader->prep->in->pobj->|pobj
rel_355	Ent[ent_68]	Ent[ent_811]	Representative Richard A. Gephardt	House	nsubj|<-nsubj<-tell->dobj->|dobj
rel_330	Ent[ent_68]	Ent[ent_1268]	Representative Richard A. Gephardt	House	appos|->appos->leader->prep->of->pobj->majority->prep->in->pobj->|pobj
rel_330	Ent[ent_68]	Ent[ent_1268]	Representative Richard A. Gephardt	House	rcmod|->rcmod->leader->nn->|nn
rel_253	Ent[ent_68]	Ent[ent_1275]	Representative Richard A. Gephardt	House	rcmod|->rcmod->head->dobj->force->nn->|nn
rel_253	Ent[ent_68]	Ent[ent_1275]	Representative Richard A. Gephardt	House	prep|->prep->as->pobj->speaker->nn->|nn
rel_253	Ent[ent_68]	Ent[ent_1275]	Representative Richard A. Gephardt	House	nsubj|<-nsubj<-say->prep->on->pobj->floor->nn->|nn
rel_355	Ent[ent_68]	Ent[ent_811]	Representative Richard A. Gephardt	House	nsubj|<-nsubj<-move->prep->into->pobj->well->prep->of->pobj->|pobj
rel_355	Ent[ent_68]	Ent[ent_811]	Representative Richard A. Gephardt	House	nsubj|<-nsubj<-introduce->prep->as->pobj->bill->prep->in->pobj->|pobj
rel_330	Ent[ent_67]	Ent[ent_69]	Radovan Karadzic	Bosnian Serb	appos|->appos->leader->nn->|nn
rel_330	Ent[ent_67]	Ent[ent_69]	Radovan Karadzic	Bosnian Serb	appos|->appos->leader->prep->of->pobj->|pobj
rel_171	Ent[ent_668]	Ent[ent_69]	Radovan Karadzic	Bosnian Serb	appos|->appos->president->nn->|nn
rel_330	Ent[ent_67]	Ent[ent_69]	Radovan Karadzic	Bosnian Serb	appos|->appos->leader->poss->|poss
rel_330	Ent[ent_67]	Ent[ent_69]	Radovan Karadzic	Bosnian Serb	rcmod|->rcmod->indict->nsubj->leader->nn->|nn
rel_330	Ent[ent_67]	Ent[ent_69]	Radovan Karadzic	Bosnian Serb	appos|->appos->commander->nn->|nn
rel_330	Ent[ent_67]	Ent[ent_69]	Radovan Karadzic	Bosnian Serb	appos|->appos->chief->nn->|nn
rel_330	Ent[ent_67]	Ent[ent_69]	Radovan Karadzic	Bosnian Serb	nsubj|<-nsubj<-leader->prep->of->pobj->|pobj
rel_330	Ent[ent_67]	Ent[ent_69]	Radovan Karadzic	Bosnian Serb	appos|->appos->president->prep->of->pobj->|pobj
rel_330	Ent[ent_67]	Ent[ent_69]	Radovan Karadzic	Bosnian Serb	appos|->appos->leader->amod->|amod
rel_134	Ent[ent_64]	Ent[ent_308]	Patrick Ewing	Knicks	nsubj|<-nsubj<-lead->dobj->|dobj
rel_134	Ent[ent_64]	Ent[ent_308]	Patrick Ewing	Knicks	appos|->appos->center->poss->|poss
rel_134	Ent[ent_64]	Ent[ent_308]	Patrick Ewing	Knicks	rcmod|->rcmod->lead->dobj->|dobj
rel_134	Ent[ent_64]	Ent[ent_308]	Patrick Ewing	Knicks	appos|->appos->center->nn->|nn
rel_134	Ent[ent_64]	Ent[ent_308]	Patrick Ewing	Knicks	rcmod|->rcmod->be->nsubj->|nsubj
rel_365	Ent[ent_64]	Ent[ent_128]	Patrick Ewing	Knicks	nsubj|<-nsubj<-have->prep->for->pobj->|pobj
rel_134	Ent[ent_64]	Ent[ent_308]	Patrick Ewing	Knicks	rcmod|->rcmod->play->prep->for->pobj->|pobj
rel_148	Ent[ent_64]	Ent[ent_1137]	Patrick Ewing	Knicks	rcmod|->rcmod->open->nsubj->|nsubj
rel_134	Ent[ent_64]	Ent[ent_308]	Patrick Ewing	Knicks	prep|->prep->as->pobj->co-captains->prep->of->pobj->|pobj
rel_134	Ent[ent_64]	Ent[ent_308]	Patrick Ewing	Knicks	poss|<-poss<-case->prep->against->pobj->|pobj
rel_134	Ent[ent_356]	Ent[ent_308]	Ewing	Knicks	nsubj|<-nsubj<-lead->dobj->|dobj
rel_134	Ent[ent_356]	Ent[ent_308]	Ewing	Knicks	appos|->appos->center->poss->|poss
rel_134	Ent[ent_356]	Ent[ent_308]	Ewing	Knicks	rcmod|->rcmod->lead->dobj->|dobj
rel_185	Ent[ent_959]	Ent[ent_308]	Ewing	Knicks	nsubj|<-nsubj<-give->iobj->|iobj
rel_134	Ent[ent_356]	Ent[ent_308]	Ewing	Knicks	nsubj|<-nsubj<-carry->dobj->|dobj
rel_185	Ent[ent_959]	Ent[ent_308]	Ewing	Knicks	appos|->appos->center->nn->|nn
rel_134	Ent[ent_356]	Ent[ent_308]	Ewing	Knicks	nsubj|<-nsubj<-put->dobj->|dobj
rel_192	Ent[ent_959]	Ent[ent_592]	Ewing	Knicks	nsubj|<-nsubj<-take->dobj->|dobj
rel_92	Ent[ent_356]	Ent[ent_308]	Ewing	Knicks	nsubj|<-nsubj<-return->prep->to->pobj->|pobj
rel_92	Ent[ent_356]	Ent[ent_308]	Ewing	Knicks	nsubj|<-nsubj<-leader->poss->|poss
rel_185	Ent[ent_1253]	Ent[ent_316]	Mr. Bush	Mr. Gore	nsubj|<-nsubj<-lead->dobj->|dobj
rel_185	Ent[ent_15]	Ent[ent_316]	Mr. Bush	Mr. Gore	partmod|->partmod->lead->dobj->|dobj
rel_60	Ent[ent_182]	Ent[ent_316]	Mr. Bush	Mr. Gore	nsubj|<-nsubj<-accuse->dobj->|dobj
rel_185	Ent[ent_15]	Ent[ent_316]	Mr. Bush	Mr. Gore	nsubj|<-nsubj<-say->prep->of->pobj->|pobj
rel_185	Ent[ent_1253]	Ent[ent_316]	Mr. Bush	Mr. Gore	nsubj|<-nsubj<-beat->dobj->|dobj
rel_185	Ent[ent_15]	Ent[ent_316]	Mr. Bush	Mr. Gore	poss|<-poss<-margin->prep->over->pobj->|pobj
rel_60	Ent[ent_182]	Ent[ent_316]	Mr. Bush	Mr. Gore	pobj|<-pobj<-with<-prep<-common->prep->than->dep->with->pobj->|pobj
rel_185	Ent[ent_1253]	Ent[ent_316]	Mr. Bush	Mr. Gore	nsubj|<-nsubj<-say->dep->refer->prep->to->pobj->|pobj
rel_60	Ent[ent_182]	Ent[ent_316]	Mr. Bush	Mr. Gore	nsubj|<-nsubj<-run->advmod->ahead->dep->of->pobj->|pobj
rel_185	Ent[ent_1253]	Ent[ent_316]	Mr. Bush	Mr. Gore	nsubj|<-nsubj<-lose->prep->to->pobj->|pobj
rel_335	Ent[ent_63]	Ent[ent_1222]	Richard Jefferson	Nets	nsubj|<-nsubj<-lead->dobj->|dobj
rel_185	Ent[ent_63]	Ent[ent_543]	Richard Jefferson	Nets	rcmod|->rcmod->lead->dobj->|dobj
rel_335	Ent[ent_63]	Ent[ent_1222]	Richard Jefferson	Nets	nsubj|<-nsubj<-add->prep->for->pobj->|pobj
rel_185	Ent[ent_63]	Ent[ent_543]	Richard Jefferson	Nets	dobj|<-dobj<-bring->prep->to->pobj->|pobj
rel_148	Ent[ent_63]	Ent[ent_1235]	Richard Jefferson	Nets	appos|->appos->scorer->poss->|poss
rel_148	Ent[ent_63]	Ent[ent_1235]	Richard Jefferson	Nets	rcmod|->rcmod->sign->nsubj->|nsubj
rel_335	Ent[ent_63]	Ent[ent_1222]	Richard Jefferson	Nets	rcmod|->rcmod->rebound->amod->shy->prep->of->pobj->triple-double->prep->in->pobj->victory->poss->|poss
rel_335	Ent[ent_63]	Ent[ent_1222]	Richard Jefferson	Nets	rcmod|->rcmod->pace->dobj->|dobj
rel_185	Ent[ent_63]	Ent[ent_543]	Richard Jefferson	Nets	rcmod|->rcmod->have->prep->for->pobj->|pobj
rel_185	Ent[ent_63]	Ent[ent_543]	Richard Jefferson	Nets	rcmod|->rcmod->give->iobj->|iobj
rel_16	Ent[ent_66]	Ent[ent_1222]	Kidd	Nets	appos|->appos->guard->poss->|poss
rel_134	Ent[ent_66]	Ent[ent_1206]	Kidd	Nets	nsubj|<-nsubj<-lead->dobj->|dobj
rel_134	Ent[ent_66]	Ent[ent_1206]	Kidd	Nets	appos|->appos->captain->poss->|poss
rel_134	Ent[ent_66]	Ent[ent_1206]	Kidd	Nets	rcmod|->rcmod->lead->dobj->|dobj
rel_16	Ent[ent_66]	Ent[ent_1222]	Kidd	Nets	nsubj|<-nsubj<-stay->prep->with->pobj->|pobj
rel_16	Ent[ent_66]	Ent[ent_1222]	Kidd	Nets	nsubj|<-nsubj<-give->iobj->|iobj
rel_134	Ent[ent_66]	Ent[ent_1206]	Kidd	Nets	appos|->appos->player->poss->|poss
rel_55	Ent[ent_66]	Ent[ent_543]	Kidd	Nets	pobj|<-pobj<-with<-prep<-play->nsubj->|nsubj
rel_134	Ent[ent_66]	Ent[ent_1235]	Kidd	Nets	nsubj|<-nsubj<-player->nn->|nn
rel_134	Ent[ent_66]	Ent[ent_1206]	Kidd	Nets	nsubj|<-nsubj<-take->dobj->|dobj
rel_134	Ent[ent_260]	Ent[ent_1005]	Jordan	Bulls	nsubj|<-nsubj<-lead->dobj->|dobj
rel_134	Ent[ent_260]	Ent[ent_1005]	Jordan	Bulls	rcmod|->rcmod->lead->dobj->|dobj
rel_134	Ent[ent_260]	Ent[ent_1005]	Jordan	Bulls	nsubj|<-nsubj<-have->dobj->point->prep->for->pobj->|pobj
rel_134	Ent[ent_260]	Ent[ent_1005]	Jordan	Bulls	nsubj|<-nsubj<-score->dobj->point->prep->for->pobj->|pobj
rel_134	Ent[ent_260]	Ent[ent_1005]	Jordan	Bulls	nsubj|<-nsubj<-put->dobj->|dobj
rel_134	Ent[ent_260]	Ent[ent_1005]	Jordan	Bulls	nsubj|<-nsubj<-score->prep->for->pobj->|pobj
rel_134	Ent[ent_260]	Ent[ent_1005]	Jordan	Bulls	nsubj|<-nsubj<-quit->dobj->|dobj
rel_134	Ent[ent_260]	Ent[ent_1005]	Jordan	Bulls	nsubj|<-nsubj<-play->prep->with->pobj->|pobj
rel_134	Ent[ent_260]	Ent[ent_1005]	Jordan	Bulls	nsubj|<-nsubj<-give->iobj->|iobj
rel_134	Ent[ent_260]	Ent[ent_1005]	Jordan	Bulls	nsubj|<-nsubj<-do->prep->for->pobj->|pobj
rel_166	Ent[ent_65]	Ent[ent_721]	Dominique Wilkins	Hawks	nsubj|<-nsubj<-lead->dobj->|dobj
rel_134	Ent[ent_65]	Ent[ent_60]	Dominique Wilkins	Hawks	rcmod|->rcmod->lead->dobj->|dobj
rel_134	Ent[ent_65]	Ent[ent_60]	Dominique Wilkins	Hawks	nsubj|<-nsubj<-score->prep->for->pobj->|pobj
rel_134	Ent[ent_65]	Ent[ent_60]	Dominique Wilkins	Hawks	nsubj|<-nsubj<-put->dobj->|dobj
rel_166	Ent[ent_65]	Ent[ent_721]	Dominique Wilkins	Hawks	poss|<-poss<-jersey->nn->|nn
rel_134	Ent[ent_65]	Ent[ent_60]	Dominique Wilkins	Hawks	pobj|<-pobj<-with<-dep<-along<-prep<-give->iobj->|iobj
rel_134	Ent[ent_65]	Ent[ent_60]	Dominique Wilkins	Hawks	nsubj|<-nsubj<-score->prep->in->pobj->period->prep->for->pobj->|pobj
rel_134	Ent[ent_65]	Ent[ent_60]	Dominique Wilkins	Hawks	nsubj|<-nsubj<-score->prep->after->pobj->challenge->dep->down->nsubj->|nsubj
rel_134	Ent[ent_65]	Ent[ent_60]	Dominique Wilkins	Hawks	nsubj|<-nsubj<-score->dobj->point->poss->|poss
rel_134	Ent[ent_65]	Ent[ent_60]	Dominique Wilkins	Hawks	nsubj|<-nsubj<-score<-dep<-ap<-nsubj<-hit->prep->for->pobj->|pobj
rel_185	Ent[ent_1239]	Ent[ent_1269]	Yankees	Red Sox	nsubj|<-nsubj<-play->dobj->|dobj
rel_185	Ent[ent_1004]	Ent[ent_1257]	Yankees	Red Sox	nsubj|<-nsubj<-beat->dobj->|dobj
rel_185	Ent[ent_1004]	Ent[ent_309]	Yankees	Red Sox	nsubj|<-nsubj<-lose->prep->to->pobj->|pobj
rel_232	Ent[ent_475]	Ent[ent_309]	Yankees	Red Sox	nsubj|<-nsubj<-lead->dobj->|dobj
rel_185	Ent[ent_1004]	Ent[ent_309]	Yankees	Red Sox	nsubj|<-nsubj<-trail->dobj->|dobj
rel_185	Ent[ent_1004]	Ent[ent_1257]	Yankees	Red Sox	poss|<-poss<-victory->prep->over->pobj->|pobj
rel_185	Ent[ent_1004]	Ent[ent_1269]	Yankees	Red Sox	nsubj|<-nsubj<-defeat->dobj->|dobj
rel_185	Ent[ent_1004]	Ent[ent_1269]	Yankees	Red Sox	nsubj|<-nsubj<-sweep->dobj->|dobj
rel_131	Ent[ent_1239]	Ent[ent_644]	Yankees	Red Sox	nsubj|<-nsubj<-outlast->dobj->|dobj
rel_185	Ent[ent_1239]	Ent[ent_1269]	Yankees	Red Sox	nsubj|<-nsubj<-overtake->dobj->|dobj
rel_134	Ent[ent_62]	Ent[ent_1005]	Michael Jordan	Bulls	nsubj|<-nsubj<-lead->dobj->|dobj
rel_134	Ent[ent_62]	Ent[ent_1005]	Michael Jordan	Bulls	nsubj|<-nsubj<-score->dobj->point->prep->for->pobj->|pobj
rel_134	Ent[ent_62]	Ent[ent_1005]	Michael Jordan	Bulls	nsubj|<-nsubj<-have->dobj->point->prep->for->pobj->|pobj
rel_134	Ent[ent_62]	Ent[ent_1005]	Michael Jordan	Bulls	appos|->appos->star->poss->|poss
rel_290	Ent[ent_62]	Ent[ent_1005]	Michael Jordan	Bulls	rcmod|->rcmod->score->prep->for->pobj->|pobj
rel_134	Ent[ent_62]	Ent[ent_1005]	Michael Jordan	Bulls	rcmod|->rcmod->lead->dobj->|dobj
rel_134	Ent[ent_62]	Ent[ent_1005]	Michael Jordan	Bulls	nsubjpass|<-nsubjpass<-hold->dobj->teammate->rcmod->lead->dobj->|dobj
rel_134	Ent[ent_62]	Ent[ent_1005]	Michael Jordan	Bulls	nsubj|<-nsubj<-score->prep->for->pobj->|pobj
rel_134	Ent[ent_62]	Ent[ent_1005]	Michael Jordan	Bulls	nsubj|<-nsubj<-have->prep->for->pobj->|pobj
rel_134	Ent[ent_62]	Ent[ent_1005]	Michael Jordan	Bulls	appos|->appos->player->poss->|poss
rel_134	Ent[ent_61]	Ent[ent_259]	Reggie Miller	Indiana	nsubj|<-nsubj<-lead->dobj->|dobj
rel_134	Ent[ent_61]	Ent[ent_259]	Reggie Miller	Indiana	nsubj|<-nsubj<-score->prep->for->pobj->|pobj
rel_134	Ent[ent_61]	Ent[ent_259]	Reggie Miller	Indiana	appos|->appos->guard->nn->|nn
rel_134	Ent[ent_61]	Ent[ent_259]	Reggie Miller	Indiana	appos|->appos->guard->poss->|poss
rel_134	Ent[ent_61]	Ent[ent_259]	Reggie Miller	Indiana	pobj|<-pobj<-to<-prep<-pass->prep->in->pobj->game->prep->of->pobj->series->nn->|nn
rel_134	Ent[ent_61]	Ent[ent_259]	Reggie Miller	Indiana	rcmod|->rcmod->stay->prep->in->pobj->|pobj
rel_134	Ent[ent_61]	Ent[ent_259]	Reggie Miller	Indiana	rcmod|->rcmod->spend->prep->with->pobj->|pobj
rel_134	Ent[ent_61]	Ent[ent_259]	Reggie Miller	Indiana	rcmod|->rcmod->retire->prep->after->pobj->season->prep->with->pobj->|pobj
rel_134	Ent[ent_61]	Ent[ent_259]	Reggie Miller	Indiana	poss|<-poss<-return->prep->in->pobj->|pobj
rel_134	Ent[ent_61]	Ent[ent_259]	Reggie Miller	Indiana	poss|<-poss<-play<-nsubj<-begin->dobj->burst->poss->|poss
rel_92	Ent[ent_258]	Ent[ent_1004]	Brian Cashman	Yankees	appos|->appos->manager->poss->|poss
rel_92	Ent[ent_258]	Ent[ent_1004]	Brian Cashman	Yankees	appos|->appos->manager->prep->of->pobj->|pobj
rel_92	Ent[ent_258]	Ent[ent_1004]	Brian Cashman	Yankees	poss|<-poss<-tenure->prep->with->pobj->|pobj
rel_282	Ent[ent_258]	Ent[ent_1239]	Brian Cashman	Yankees	pobj|<-pobj<-with<-prep<-conference<-dobj<-hold->prep->at->pobj->complex->poss->|poss
rel_282	Ent[ent_258]	Ent[ent_1239]	Brian Cashman	Yankees	pobj|<-pobj<-as<-prep<-meet->prep->in->pobj->dugout->poss->|poss
rel_282	Ent[ent_258]	Ent[ent_1239]	Brian Cashman	Yankees	nsubj|<-nsubj<-win->prep->with->pobj->|pobj
rel_282	Ent[ent_258]	Ent[ent_1239]	Brian Cashman	Yankees	nsubj|<-nsubj<-tell->prep->that->nsubj->|nsubj
rel_92	Ent[ent_258]	Ent[ent_1004]	Brian Cashman	Yankees	nsubj|<-nsubj<-tell->dobj->player->poss->|poss
rel_282	Ent[ent_258]	Ent[ent_1239]	Brian Cashman	Yankees	nsubj|<-nsubj<-tell->dobj->file->nsubj->scout->nn->|nn
rel_92	Ent[ent_258]	Ent[ent_1004]	Brian Cashman	Yankees	nsubj|<-nsubj<-tell->dep->want->nsubj->|nsubj
rel_192	Ent[ent_273]	Ent[ent_1239]	Joe Torre	Yankees	appos|->appos->manager->poss->|poss
rel_134	Ent[ent_842]	Ent[ent_1239]	Joe Torre	Yankees	appos|->appos->manager->nn->|nn
rel_92	Ent[ent_273]	Ent[ent_1004]	Joe Torre	Yankees	appos|->appos->manager->prep->of->pobj->|pobj
rel_192	Ent[ent_273]	Ent[ent_1239]	Joe Torre	Yankees	nsubj|<-nsubj<-gather->dobj->|dobj
rel_134	Ent[ent_842]	Ent[ent_1239]	Joe Torre	Yankees	rcmod|->rcmod->lead->dobj->|dobj
rel_192	Ent[ent_273]	Ent[ent_1239]	Joe Torre	Yankees	poss|<-poss<-contract->prep->with->pobj->|pobj
rel_192	Ent[ent_273]	Ent[ent_1239]	Joe Torre	Yankees	nsubj|<-nsubj<-take->dobj->|dobj
rel_192	Ent[ent_273]	Ent[ent_1239]	Joe Torre	Yankees	nsubj|<-nsubj<-speak->dep->disguise->nsubj->|nsubj
rel_192	Ent[ent_273]	Ent[ent_1239]	Joe Torre	Yankees	nsubj|<-nsubj<-sign->dobj->extension->prep->with->pobj->|pobj
rel_192	Ent[ent_273]	Ent[ent_1239]	Joe Torre	Yankees	nsubj|<-nsubj<-say->prep->of->pobj->struggle->poss->|poss
rel_192	Ent[ent_272]	Ent[ent_321]	Steve Phillips	Mets	appos|->appos->manager->poss->|poss
rel_192	Ent[ent_272]	Ent[ent_785]	Steve Phillips	Mets	appos|->appos->manager->prep->of->pobj->|pobj
rel_92	Ent[ent_272]	Ent[ent_1264]	Steve Phillips	Mets	appos|->appos->manager->nn->|nn
rel_192	Ent[ent_272]	Ent[ent_321]	Steve Phillips	Mets	dep|->dep->manager->poss->|poss
rel_162	Ent[ent_272]	Ent[ent_1252]	Steve Phillips	Mets	nsubj|<-nsubj<-say->prep->after->pobj->|pobj
rel_92	Ent[ent_272]	Ent[ent_1264]	Steve Phillips	Mets	appos|->appos->director->poss->|poss
rel_162	Ent[ent_272]	Ent[ent_1252]	Steve Phillips	Mets	rcmod|->rcmod->propose->nsubj->|nsubj
rel_92	Ent[ent_272]	Ent[ent_1264]	Steve Phillips	Mets	rcmod|->rcmod->offer->nsubj->|nsubj
rel_162	Ent[ent_272]	Ent[ent_1252]	Steve Phillips	Mets	rcmod|->rcmod->manager->prep->of->pobj->|pobjóñez_must_earn_next_season_,_courtesy_of_a_contract_issued_by_Steve_Phillips_,_who_is_still_the_general_manager_of_the_Mets_. lex#,_who_is_still_the_general_manager_of_the pos#,_WP_VBZ_RB_DT_JJ_NN_IN_DT lc#issued_by rc#.
rel_192	Ent[ent_272]	Ent[ent_321]	Steve Phillips	Mets	rcmod|->rcmod->join->dobj->|dobjé_to_get_his_first_big_league_experience_._'' lex#,_who_will_not_join_the pos#,_WP_MD_RB_VB_DT lc#General_Manager rc#on_the
rel_192	Ent[ent_275]	Ent[ent_1276]	George Young	Giants	appos|->appos->manager->poss->|poss
rel_192	Ent[ent_275]	Ent[ent_1276]	George Young	Giants	appos|->appos->manager->prep->of->pobj->|pobj
rel_253	Ent[ent_793]	Ent[ent_561]	George Young	Giants	appos|->appos->manager->nn->|nn
rel_192	Ent[ent_275]	Ent[ent_1276]	George Young	Giants	appos|->appos->president->poss->|poss
rel_192	Ent[ent_275]	Ent[ent_1276]	George Young	Giants	appos|->appos->president->prep->of->pobj->|pobj
rel_192	Ent[ent_275]	Ent[ent_1276]	George Young	Giants	rcmod|->rcmod->lift->prep->in->dep->as->pobj->manager->poss->|poss
rel_192	Ent[ent_275]	Ent[ent_1276]	George Young	Giants	nsubj|<-nsubj<-munch->prep->on->pobj->sandwich->prep->in->pobj->office->nn->|nn
rel_192	Ent[ent_275]	Ent[ent_1276]	George Young	Giants	nsubj|<-nsubj<-bristle->prep->after->pobj->question->appos->linebacker->poss->|poss
rel_325	Ent[ent_275]	Ent[ent_561]	George Young	Giants	dep|->dep->manager->poss->|poss
rel_192	Ent[ent_275]	Ent[ent_1276]	George Young	Giants	rcmod|->rcmod->walk->prep->after->pobj->decade->prep->as->pobj->manager->poss->|poss
rel_192	Ent[ent_274]	Ent[ent_128]	Al Bianchi	Knicks	appos|->appos->manager->poss->|poss
rel_192	Ent[ent_274]	Ent[ent_128]	Al Bianchi	Knicks	appos|->appos->manager->nn->|nn
rel_6	Ent[ent_274]	Ent[ent_308]	Al Bianchi	Knicks	poss|<-poss<-fixation<-nsubj<-cost->dobj->|dobj
rel_6	Ent[ent_274]	Ent[ent_308]	Al Bianchi	Knicks	nsubj|<-nsubj<-make->prep->as->pobj->manager->poss->|poss
rel_55	Ent[ent_274]	Ent[ent_1137]	Al Bianchi	Knicks	nsubj|<-nsubj<-hold->prep->as->pobj->manager->poss->|poss
rel_192	Ent[ent_274]	Ent[ent_128]	Al Bianchi	Knicks	appos|->appos->manager->prep->of->pobj->|pobj
rel_6	Ent[ent_274]	Ent[ent_308]	Al Bianchi	Knicks	rcmod|->rcmod->refuse->nsubj->manager->poss->|poss
rel_55	Ent[ent_274]	Ent[ent_1137]	Al Bianchi	Knicks	rcmod|->rcmod->present->nsubj->|nsubj
rel_192	Ent[ent_274]	Ent[ent_128]	Al Bianchi	Knicks	rcmod|->rcmod->drop->prep->through->pobj->door->poss->|poss
rel_6	Ent[ent_274]	Ent[ent_308]	Al Bianchi	Knicks	pobj|<-pobj<-in<-prep<-hire->nsubj->|nsubj
rel_27	Ent[ent_277]	Ent[ent_321]	Omar Minaya	Mets	appos|->appos->manager->poss->|poss
rel_92	Ent[ent_277]	Ent[ent_1264]	Omar Minaya	Mets	appos|->appos->manager->prep->of->pobj->|pobj
rel_92	Ent[ent_277]	Ent[ent_1264]	Omar Minaya	Mets	nsubj|<-nsubj<-manager->poss->|poss
rel_75	Ent[ent_277]	Ent[ent_1252]	Omar Minaya	Mets	appos|->appos->manager->prep->with->pobj->|pobj
rel_75	Ent[ent_277]	Ent[ent_1252]	Omar Minaya	Mets	appos|->appos->manager->nn->|nn
rel_92	Ent[ent_277]	Ent[ent_1264]	Omar Minaya	Mets	rcmod|->rcmod->manager->poss->|poss
rel_75	Ent[ent_277]	Ent[ent_1252]	Omar Minaya	Mets	rcmod|->rcmod->introduce->prep->as->pobj->chief->prep->of->pobj->operation->poss->|poss
rel_27	Ent[ent_277]	Ent[ent_321]	Omar Minaya	Mets	rcmod|->rcmod->escort->dobj->|dobj
rel_92	Ent[ent_277]	Ent[ent_1264]	Omar Minaya	Mets	rcmod|->rcmod->baseball->poss->|poss
rel_92	Ent[ent_277]	Ent[ent_1264]	Omar Minaya	Mets	rcmod|->rcmod->assistant->prep->with->pobj->|pobj
rel_92	Ent[ent_276]	Ent[ent_1276]	Ernie Accorsi	Giants	appos|->appos->manager->poss->|poss
rel_38	Ent[ent_276]	Ent[ent_561]	Ernie Accorsi	Giants	appos|->appos->manager->prep->of->pobj->|pobj
rel_92	Ent[ent_276]	Ent[ent_1276]	Ernie Accorsi	Giants	appos|->appos->manager->nn->|nn
rel_92	Ent[ent_276]	Ent[ent_1276]	Ernie Accorsi	Giants	rcmod|->rcmod->lead->dobj->draft->nn->|nn
rel_38	Ent[ent_276]	Ent[ent_561]	Ernie Accorsi	Giants	nsubj|<-nsubj<-use->dobj->pick->poss->|poss
rel_38	Ent[ent_276]	Ent[ent_561]	Ernie Accorsi	Giants	nsubj|<-nsubj<-succeed->prep->as->pobj->manager->poss->|poss
rel_38	Ent[ent_276]	Ent[ent_561]	Ernie Accorsi	Giants	nsubj|<-nsubj<-say->prep->of->pobj->man->rcmod->precede->prep->as->pobj->manager->poss->|poss
rel_38	Ent[ent_276]	Ent[ent_561]	Ernie Accorsi	Giants	nsubj|<-nsubj<-say->prep->at->pobj->conference->poss->|poss
rel_38	Ent[ent_276]	Ent[ent_561]	Ernie Accorsi	Giants	nsubj|<-nsubj<-pack->prep->in->pobj->office->prep->at->pobj->|pobj
rel_38	Ent[ent_276]	Ent[ent_561]	Ernie Accorsi	Giants	nsubj|<-nsubj<-order->prep->from->pobj->season->prep->with->pobj->|pobj
rel_192	Ent[ent_279]	Ent[ent_278]	Bobby Cox	Braves	appos|->appos->manager->poss->|poss
rel_192	Ent[ent_279]	Ent[ent_278]	Bobby Cox	Braves	appos|->appos->manager->prep->of->pobj->|pobj
rel_192	Ent[ent_279]	Ent[ent_278]	Bobby Cox	Braves	appos|->appos->manager->nn->|nn
rel_192	Ent[ent_279]	Ent[ent_278]	Bobby Cox	Braves	rcmod|->rcmod->manage->dobj->foray->poss->|poss
rel_211	Ent[ent_279]	Ent[ent_1016]	Bobby Cox	Braves	nsubj|<-nsubj<-put->prep->in->pobj->lineup->poss->|poss
rel_192	Ent[ent_279]	Ent[ent_278]	Bobby Cox	Braves	rcmod|->rcmod->manage->dobj->|dobj
rel_192	Ent[ent_279]	Ent[ent_278]	Bobby Cox	Braves	rcmod|->rcmod->lose->nsubj->|nsubj
rel_192	Ent[ent_279]	Ent[ent_278]	Bobby Cox	Braves	rcmod|->rcmod->issue->nsubj->|nsubj
rel_192	Ent[ent_279]	Ent[ent_278]	Bobby Cox	Braves	prep|->prep->about->pobj->interest->poss->|poss
rel_192	Ent[ent_279]	Ent[ent_278]	Bobby Cox	Braves	poss|<-poss<-lieutenant->prep->with->pobj->|pobj
rel_192	Ent[ent_79]	Ent[ent_1251]	Dick Steinberg	Jets	appos|->appos->manager->poss->|poss
rel_192	Ent[ent_79]	Ent[ent_1251]	Dick Steinberg	Jets	appos|->appos->manager->prep->of->pobj->|pobj
rel_319	Ent[ent_79]	Ent[ent_400]	Dick Steinberg	Jets	rcmod|->rcmod->come->prep->to->pobj->|pobj
rel_185	Ent[ent_508]	Ent[ent_1251]	Dick Steinberg	Jets	rcmod|->rcmod->ask->nsubj->|nsubj
rel_192	Ent[ent_79]	Ent[ent_1251]	Dick Steinberg	Jets	nsubj|<-nsubj<-take->prep->as->pobj->head->prep->of->pobj->operation->poss->|poss
rel_192	Ent[ent_79]	Ent[ent_1251]	Dick Steinberg	Jets	nsubj|<-nsubj<-manager->poss->|poss
rel_319	Ent[ent_79]	Ent[ent_400]	Dick Steinberg	Jets	appos|->appos->manger->poss->|poss
rel_319	Ent[ent_79]	Ent[ent_400]	Dick Steinberg	Jets	rcmod|->rcmod->take->prep->as->pobj->vicepresident->poss->|poss
rel_192	Ent[ent_79]	Ent[ent_1251]	Dick Steinberg	Jets	prep|->prep->of->pobj->advocate->nn->|nn
rel_319	Ent[ent_79]	Ent[ent_400]	Dick Steinberg	Jets	poss|<-poss<-list->prep->of->pobj->candidate->prep->for->pobj->post->poss->|poss
rel_92	Ent[ent_1043]	Ent[ent_1252]	Joe McIlvaine	Mets	appos|->appos->manager->poss->|poss
rel_92	Ent[ent_1043]	Ent[ent_321]	Joe McIlvaine	Mets	appos|->appos->president->poss->|poss
rel_92	Ent[ent_1043]	Ent[ent_321]	Joe McIlvaine	Mets	appos|->appos->president->prep->of->pobj->|pobj
rel_92	Ent[ent_1043]	Ent[ent_321]	Joe McIlvaine	Mets	appos|->appos->manager->prep->of->pobj->|pobj
rel_92	Ent[ent_1043]	Ent[ent_1252]	Joe McIlvaine	Mets	rcmod|->rcmod->hire->nsubj->executive->nn->|nn
rel_92	Ent[ent_1043]	Ent[ent_321]	Joe McIlvaine	Mets	appos|->appos->president->prep->for->pobj->|pobj
rel_92	Ent[ent_1043]	Ent[ent_1252]	Joe McIlvaine	Mets	appos|->appos->executive->poss->|poss
rel_92	Ent[ent_1043]	Ent[ent_321]	Joe McIlvaine	Mets	appos|->appos->executive->nn->|nn
rel_92	Ent[ent_1043]	Ent[ent_1264]	Joe McIlvaine	Mets	nsubj|<-nsubj<-stand->prep->in->pobj->clubhouse->poss->|poss
rel_92	Ent[ent_1043]	Ent[ent_321]	Joe McIlvaine	Mets	nsubj|<-nsubj<-leave->prep->as->pobj->president->prep->for->pobj->|pobj
rel_83	Ent[ent_784]	Ent[ent_994]	Lindsay Boxer	Murder Club	appos|->appos->member->prep->of->pobj->|pobj
rel_265	Ent[ent_109]	Ent[ent_59]	Alan Blinder	Council of Economic Advisers	appos|->appos->member->prep->of->pobj->|pobj
rel_265	Ent[ent_109]	Ent[ent_59]	Alan Blinder	Council of Economic Advisers	rcmod|->rcmod->come->prep->as->pobj->member->prep->of->pobj->|pobj
rel_265	Ent[ent_109]	Ent[ent_59]	Alan Blinder	Council of Economic Advisers	nsubjpass|<-nsubjpass<-name->prep->to->pobj->|pobj
rel_265	Ent[ent_109]	Ent[ent_59]	Alan Blinder	Council of Economic Advisers	appos|<-appos<-growth->appos->member-designate->prep->of->pobj->|pobj
rel_265	Ent[ent_109]	Ent[ent_59]	Alan Blinder	Council of Economic Advisers	appos|<-appos<-economist->appos->member->prep->of->pobj->|pobj
rel_112	Ent[ent_77]	Ent[ent_271]	France	Security Council	appos|->appos->member->prep->of->pobj->|pobj
rel_112	Ent[ent_77]	Ent[ent_271]	France	Security Council	nsubj|<-nsubj<-member->prep->of->pobj->|pobj
rel_112	Ent[ent_77]	Ent[ent_271]	France	Security Council	nsubj|<-nsubj<-circulate->dobj->resolution->nn->|nn
rel_49	Ent[ent_77]	Ent[ent_271]	France	Security Council	rcmod|->rcmod->delay->dobj->vote->prep->in->pobj->|pobj
rel_49	Ent[ent_77]	Ent[ent_271]	France	Security Council	rcmod|->rcmod->call->dobj->proposal->prep->for->pobj->resolution->nn->|nn
rel_112	Ent[ent_77]	Ent[ent_271]	France	Security Council	poss|<-poss<-vote->prep->in->pobj->|pobj
rel_49	Ent[ent_77]	Ent[ent_271]	France	Security Council	poss|<-poss<-representative->rcmod->hold->dobj->presidency->prep->of->pobj->|pobj
rel_112	Ent[ent_77]	Ent[ent_271]	France	Security Council	pobj|<-pobj<-with<-prep<-work->prep->on->pobj->resolution->nn->|nn
rel_112	Ent[ent_77]	Ent[ent_271]	France	Security Council	nsubj|<-nsubj<-tell->dobj->|dobj
rel_49	Ent[ent_77]	Ent[ent_271]	France	Security Council	nsubj|<-nsubj<-support->dobj->resolution->nn->|nn
rel_112	Ent[ent_76]	Ent[ent_814]	Turkey	NATO	appos|->appos->ally->nn->|nn
rel_112	Ent[ent_76]	Ent[ent_814]	Turkey	NATO	appos|->appos->member->nn->|nn
rel_112	Ent[ent_76]	Ent[ent_814]	Turkey	NATO	nsubj|<-nsubj<-ally->nn->|nn
rel_112	Ent[ent_76]	Ent[ent_814]	Turkey	NATO	appos|->appos->member->prep->of->pobj->|pobj
rel_112	Ent[ent_76]	Ent[ent_814]	Turkey	NATO	nsubj|<-nsubj<-member->prep->of->pobj->|pobj
rel_112	Ent[ent_76]	Ent[ent_814]	Turkey	NATO	nsubj|<-nsubj<-member->nn->|nn
rel_112	Ent[ent_76]	Ent[ent_814]	Turkey	NATO	poss|<-poss<-ally->nn->|nn
rel_335	Ent[ent_76]	Ent[ent_256]	Turkey	NATO	rcmod|->rcmod->member->prep->of->pobj->|pobj
rel_112	Ent[ent_76]	Ent[ent_814]	Turkey	NATO	nn|<-nn<-ally->nn->|nn
rel_112	Ent[ent_76]	Ent[ent_814]	Turkey	NATO	rcmod|->rcmod->ally->nn->|nn
rel_76	Ent[ent_270]	Ent[ent_71]	Thomas M. Roberts	Nuclear Regulatory Commission	appos|->appos->member->prep->of->pobj->|pobj
rel_76	Ent[ent_270]	Ent[ent_71]	Thomas M. Roberts	Nuclear Regulatory Commission	nsubj|<-nsubj<-resign->prep->from->pobj->|pobj
rel_76	Ent[ent_270]	Ent[ent_71]	Thomas M. Roberts	Nuclear Regulatory Commission	pobj|<-pobj<-of<-prep<-resignation<-dobj<-urge->prep->from->pobj->|pobj
rel_112	Ent[ent_815]	Ent[ent_271]	Russia	Security Council	appos|->appos->member->prep->of->pobj->|pobj
rel_112	Ent[ent_815]	Ent[ent_271]	Russia	Security Council	appos|->appos->member->nn->|nn
rel_112	Ent[ent_815]	Ent[ent_271]	Russia	Security Council	nsubj|<-nsubj<-use->dobj->veto->nn->|nn
rel_112	Ent[ent_815]	Ent[ent_271]	Russia	Security Council	nsubj|<-nsubj<-take->dobj->seat->nn->|nn
rel_112	Ent[ent_815]	Ent[ent_271]	Russia	Security Council	nsubj|<-nsubj<-member->prep->of->pobj->|pobj
rel_112	Ent[ent_815]	Ent[ent_271]	Russia	Security Council	rcmod|->rcmod->hold->dobj->seat->nn->|nn
rel_112	Ent[ent_815]	Ent[ent_271]	Russia	Security Council	rcmod|->rcmod->have->dobj->veto->prep->in->pobj->|pobj
rel_112	Ent[ent_815]	Ent[ent_271]	Russia	Security Council	poss|<-poss<-veto->prep->in->pobj->|pobj
rel_112	Ent[ent_815]	Ent[ent_271]	Russia	Security Council	pobj|<-pobj<-with<-prep<-agreement->prep->on->pobj->resolution->nn->|nn
rel_112	Ent[ent_815]	Ent[ent_271]	Russia	Security Council	nsubjpass|<-nsubjpass<-consider->prep->for->pobj->seat->nn->|nn
rel_112	Ent[ent_1225]	Ent[ent_271]	China	Security Council	appos|->appos->member->prep->of->pobj->|pobj
rel_32	Ent[ent_1219]	Ent[ent_271]	China	Security Council	rcmod|->rcmod->have->dobj->veto->prep->on->pobj->decision->nn->|nn
rel_112	Ent[ent_1225]	Ent[ent_271]	China	Security Council	nsubj|<-nsubj<-member->prep->of->pobj->|pobj
rel_32	Ent[ent_1219]	Ent[ent_271]	China	Security Council	rcmod|->rcmod->have->prep->in->pobj->|pobj
rel_142	Ent[ent_970]	Ent[ent_271]	China	Security Council	nsubj|<-nsubj<-veto->dobj->resolution->nn->|nn
rel_32	Ent[ent_1219]	Ent[ent_271]	China	Security Council	nsubj|<-nsubj<-use->prep->as->pobj->member->prep->of->pobj->|pobj
rel_40	Ent[ent_1225]	Ent[ent_1194]	China	Security Council	nsubj|<-nsubj<-use->prep->as->pobj->member->nn->|nn
rel_112	Ent[ent_1225]	Ent[ent_271]	China	Security Council	nsubj|<-nsubj<-tell->dobj->session->prep->of->pobj->|pobj
rel_32	Ent[ent_1219]	Ent[ent_271]	China	Security Council	nsubj|<-nsubj<-introduce->dobj->resolution->prep->in->pobj->|pobj
rel_92	Ent[ent_818]	Ent[ent_271]	China	Security Council	dobj|<-dobj<-leave->prep->as->pobj->member->prep->of->pobj->|pobj
rel_83	Ent[ent_1185]	Ent[ent_71]	Peter A. Bradford	Nuclear Regulatory Commission	appos|->appos->member->prep->of->pobj->|pobj
rel_83	Ent[ent_1185]	Ent[ent_71]	Peter A. Bradford	Nuclear Regulatory Commission	rcmod|->rcmod->serve->prep->on->pobj->|pobj
rel_83	Ent[ent_1185]	Ent[ent_71]	Peter A. Bradford	Nuclear Regulatory Commission	appos|->appos->colleague->prep->on->pobj->|pobj
rel_83	Ent[ent_1185]	Ent[ent_71]	Peter A. Bradford	Nuclear Regulatory Commission	appos|->appos->chairman->rcmod->member->prep->of->pobj->|pobj
rel_112	Ent[ent_73]	Ent[ent_306]	Merryl H. Tisch	State Board of Regents	appos|->appos->member->prep->of->pobj->|pobj
rel_112	Ent[ent_73]	Ent[ent_306]	Merryl H. Tisch	State Board of Regents	rcmod|<-rcmod<-group->appos->member->prep->of->pobj->|pobj
rel_112	Ent[ent_73]	Ent[ent_306]	Merryl H. Tisch	State Board of Regents	appos|->appos->trustee->rcmod->serve->prep->on->pobj->|pobj
rel_112	Ent[ent_73]	Ent[ent_306]	Merryl H. Tisch	State Board of Regents	appos|->appos->co-chairwoman->prep->of->pobj->|pobj
rel_335	Ent[ent_810]	Ent[ent_112]	James Claffey	Long Island Immigrant Alliance	appos|->appos->member->prep->of->pobj->|pobj
rel_92	Ent[ent_104]	Ent[ent_347]	Neil Smith	Rangers	appos|->appos->manager->prep->of->pobj->|pobj
rel_92	Ent[ent_104]	Ent[ent_347]	Neil Smith	Rangers	appos|->appos->president->poss->|poss
rel_92	Ent[ent_104]	Ent[ent_347]	Neil Smith	Rangers	appos|->appos->president->prep->of->pobj->|pobj
rel_144	Ent[ent_605]	Ent[ent_119]	Neil Smith	Rangers	appos|->appos->manager->poss->|poss
rel_92	Ent[ent_104]	Ent[ent_347]	Neil Smith	Rangers	appos|->appos->president->nn->|nn
rel_92	Ent[ent_104]	Ent[ent_1249]	Neil Smith	Rangers	appos|->appos->manager->nn->|nn
rel_92	Ent[ent_104]	Ent[ent_1249]	Neil Smith	Rangers	nsubj|<-nsubj<-manager->prep->of->pobj->|pobj
rel_92	Ent[ent_104]	Ent[ent_347]	Neil Smith	Rangers	rcmod|->rcmod->work->prep->for->pobj->|pobj
rel_192	Ent[ent_104]	Ent[ent_1249]	Neil Smith	Rangers	rcmod|->rcmod->work->prep->as->pobj->boss->prep->as->pobj->president->prep->of->pobj->|pobj
rel_92	Ent[ent_104]	Ent[ent_347]	Neil Smith	Rangers	rcmod|->rcmod->need->nsubj->|nsubj
rel_192	Ent[ent_283]	Ent[ent_1264]	Dave Johnson	Mets	appos|->appos->manager->prep->of->pobj->|pobj
rel_192	Ent[ent_283]	Ent[ent_1264]	Dave Johnson	Mets	appos|->appos->manager->poss->|poss
rel_369	Ent[ent_283]	Ent[ent_785]	Dave Johnson	Mets	poss|<-poss<-tenure->prep->as->pobj->manager->poss->|poss
rel_36	Ent[ent_283]	Ent[ent_321]	Dave Johnson	Mets	nsubj|<-nsubj<-gather->dobj->|dobj
rel_36	Ent[ent_283]	Ent[ent_321]	Dave Johnson	Mets	nsubj|<-nsubj<-bring->dobj->home->nn->|nn
rel_36	Ent[ent_283]	Ent[ent_321]	Dave Johnson	Mets	rcmod|->rcmod->dismiss->nsubj->|nsubj
rel_192	Ent[ent_283]	Ent[ent_1264]	Dave Johnson	Mets	rcmod|->rcmod->determine->dobj->scheme->poss->|poss
rel_192	Ent[ent_283]	Ent[ent_1264]	Dave Johnson	Mets	pobj|<-pobj<-of<-prep<-dismissal->prep->as->pobj->manager->poss->|poss
rel_369	Ent[ent_283]	Ent[ent_785]	Dave Johnson	Mets	partmod|->partmod->fight->prep->over->pobj->|pobj
rel_36	Ent[ent_283]	Ent[ent_321]	Dave Johnson	Mets	nsubj|<-nsubj<-use->prep->with->pobj->|pobj
rel_192	Ent[ent_286]	Ent[ent_1252]	Bud Harrelson	Mets	appos|->appos->manager->prep->of->pobj->|pobj
rel_92	Ent[ent_286]	Ent[ent_1264]	Bud Harrelson	Mets	appos|->appos->manager->poss->|poss
rel_92	Ent[ent_286]	Ent[ent_1264]	Bud Harrelson	Mets	appos|->appos->coach->poss->|poss
rel_271	Ent[ent_286]	Ent[ent_785]	Bud Harrelson	Mets	appos|->appos->shortstop->nn->|nn
rel_271	Ent[ent_286]	Ent[ent_785]	Bud Harrelson	Mets	rcmod|->rcmod->manager->prep->of->pobj->|pobj
rel_192	Ent[ent_286]	Ent[ent_1252]	Bud Harrelson	Mets	nsubj|<-nsubj<-take->dobj->command->prep->of->pobj->|pobj
rel_271	Ent[ent_286]	Ent[ent_785]	Bud Harrelson	Mets	nsubj|<-nsubj<-send->partmod->try->prep->to->pobj->offense->poss->|poss
rel_192	Ent[ent_286]	Ent[ent_1252]	Bud Harrelson	Mets	rcmod|->rcmod->run->dobj->|dobj
rel_92	Ent[ent_286]	Ent[ent_1264]	Bud Harrelson	Mets	rcmod|->rcmod->replace->prep->as->pobj->manager->prep->of->pobj->|pobj
rel_192	Ent[ent_272]	Ent[ent_785]	Bud Harrelson	Mets	rcmod|->rcmod->replace->prep->as->pobj->manager->poss->|poss
rel_180	Ent[ent_285]	Ent[ent_321]	Frank Cashen	Mets	appos|->appos->manager->prep->of->pobj->|pobj
rel_110	Ent[ent_1084]	Ent[ent_1069]	Frank Cashen	Mets	appos|->appos->manager->poss->|poss
rel_92	Ent[ent_285]	Ent[ent_1252]	Frank Cashen	Mets	appos|->appos->president->poss->|poss
rel_92	Ent[ent_285]	Ent[ent_1252]	Frank Cashen	Mets	appos|->appos->president->prep->of->pobj->|pobj
rel_92	Ent[ent_285]	Ent[ent_1252]	Frank Cashen	Mets	appos|->appos->manager->nn->|nn
rel_92	Ent[ent_285]	Ent[ent_1252]	Frank Cashen	Mets	appos|->appos->officer->prep->of->pobj->|pobj
rel_180	Ent[ent_285]	Ent[ent_321]	Frank Cashen	Mets	appos|->appos->office->prep->of->pobj->|pobj
rel_92	Ent[ent_285]	Ent[ent_1252]	Frank Cashen	Mets	nsubj|<-nsubj<-hold->dobj->briefing->prep->on->pobj->goal->poss->|poss
rel_180	Ent[ent_285]	Ent[ent_321]	Frank Cashen	Mets	rcmod|->rcmod->play->nsubj->|nsubj
rel_180	Ent[ent_285]	Ent[ent_321]	Frank Cashen	Mets	rcmod|->rcmod->meet->nsubj->|nsubj
rel_399	Ent[ent_288]	Ent[ent_321]	Al Harazin	Mets	appos|->appos->president->prep->of->pobj->|pobj
rel_92	Ent[ent_288]	Ent[ent_1252]	Al Harazin	Mets	appos|->appos->manager->prep->of->pobj->|pobj
rel_92	Ent[ent_288]	Ent[ent_1252]	Al Harazin	Mets	appos|->appos->president->poss->|poss
rel_122	Ent[ent_288]	Ent[ent_1069]	Al Harazin	Mets	appos|->appos->manager->poss->|poss
rel_92	Ent[ent_1043]	Ent[ent_321]	Al Harazin	Mets	appos|->appos->president->prep->for->pobj->|pobj
rel_92	Ent[ent_288]	Ent[ent_1252]	Al Harazin	Mets	appos|->appos->negotiator->poss->|poss
rel_92	Ent[ent_288]	Ent[ent_1252]	Al Harazin	Mets	appos|->appos->president->nn->|nn
rel_92	Ent[ent_288]	Ent[ent_1252]	Al Harazin	Mets	appos|->appos->master->prep->of->pobj->affair->poss->|poss
rel_399	Ent[ent_288]	Ent[ent_321]	Al Harazin	Mets	rcmod|->rcmod->negotiate->dobj->salary->poss->|poss
rel_80	Ent[ent_288]	Ent[ent_1264]	Al Harazin	Mets	rcmod|->rcmod->introduce->nsubj->|nsubj
rel_9	Ent[ent_287]	Ent[ent_289]	Billy Beane	Oakland Athletics	appos|->appos->manager->prep->of->pobj->|pobj
rel_9	Ent[ent_287]	Ent[ent_289]	Billy Beane	Oakland Athletics	appos|->appos->manager->poss->|poss
rel_221	Ent[ent_18]	Ent[ent_839]	Billy Beane	Oakland Athletics	pobj|<-pobj<-of<-prep<-proceedings->appos->manager->prep->of->pobj->|pobj
rel_20	Ent[ent_18]	Ent[ent_289]	Billy Beane	Oakland Athletics	rcmod|->rcmod->do->dobj->job->partmod->make->prep->out->dep->of->pobj->|pobj
rel_9	Ent[ent_287]	Ent[ent_289]	Billy Beane	Oakland Athletics	rcmod|->rcmod->chronicle->nsubjpass->success->partmod->carry->prep->as->pobj->manager->prep->of->pobj->|pobj
rel_9	Ent[ent_287]	Ent[ent_289]	Billy Beane	Oakland Athletics	dep|<-dep<-manager->prep->of->pobj->|pobj
rel_9	Ent[ent_287]	Ent[ent_289]	Billy Beane	Oakland Athletics	appos|->appos->player->rcmod->manager->prep->of->pobj->|pobj
rel_277	Ent[ent_89]	Ent[ent_86]	Whitey Herzog	Cardinals	appos|->appos->manager->prep->of->pobj->|pobj
rel_277	Ent[ent_89]	Ent[ent_86]	Whitey Herzog	Cardinals	appos|->appos->manager->poss->|poss
rel_277	Ent[ent_89]	Ent[ent_86]	Whitey Herzog	Cardinals	rcmod|->rcmod->resign->prep->with->pobj->|pobj
rel_277	Ent[ent_89]	Ent[ent_86]	Whitey Herzog	Cardinals	appos|->appos->master->prep->of->pobj->|pobj
rel_277	Ent[ent_89]	Ent[ent_86]	Whitey Herzog	Cardinals	rcmod|->rcmod->caution->nsubj->|nsubj
rel_277	Ent[ent_89]	Ent[ent_86]	Whitey Herzog	Cardinals	poss|<-poss<-arrival<-nsubj<-give->dobj->stability->nn->|nn
rel_277	Ent[ent_89]	Ent[ent_86]	Whitey Herzog	Cardinals	poss|<-poss<-anniversary<-dobj<-ruin->prep->as->pobj->manager->prep->of->pobj->|pobj
rel_27	Ent[ent_777]	Ent[ent_86]	Whitey Herzog	Cardinals	nsubj|<-nsubj<-remind<-rcmod<-manager->appos->time->rcmod->go->nsubj->|nsubj
rel_27	Ent[ent_777]	Ent[ent_86]	Whitey Herzog	Cardinals	nsubj|<-nsubj<-feel->dep->manager->poss->|poss
rel_277	Ent[ent_89]	Ent[ent_86]	Whitey Herzog	Cardinals	dobj|<-dobj<-replace->prep->as->pobj->manager->prep->of->pobj->|pobj
rel_92	Ent[ent_280]	Ent[ent_85]	Paul Goldstein	Community Board	appos|->appos->manager->prep->of->pobj->|pobj
rel_92	Ent[ent_280]	Ent[ent_85]	Paul Goldstein	Community Board	appos|->appos->manager->prep->for->pobj->|pobj
rel_294	Ent[ent_280]	Ent[ent_349]	Paul Goldstein	Community Board	appos|->appos->chairman->prep->of->pobj->|pobj
rel_192	Ent[ent_88]	Ent[ent_528]	Craig Hammerman	Community Board	appos|->appos->manager->prep->of->pobj->|pobj
rel_399	Ent[ent_88]	Ent[ent_85]	Craig Hammerman	Community Board	appos|->appos->manager->prep->for->pobj->|pobj
rel_399	Ent[ent_88]	Ent[ent_85]	Craig Hammerman	Community Board	appos|->appos->manager->nn->|nn
rel_399	Ent[ent_88]	Ent[ent_85]	Craig Hammerman	Community Board	appos|->appos->director->prep->of->pobj->|pobj
rel_399	Ent[ent_88]	Ent[ent_85]	Craig Hammerman	Community Board	appos|->appos->chairman->prep->of->pobj->|pobj
rel_323	Ent[ent_282]	Ent[ent_1249]	Phil Esposito	Rangers	appos|->appos->manager->prep->of->pobj->|pobj
rel_329	Ent[ent_282]	Ent[ent_347]	Phil Esposito	Rangers	appos|->appos->manager->poss->|poss
rel_329	Ent[ent_282]	Ent[ent_347]	Phil Esposito	Rangers	nsubj|<-nsubj<-run->dobj->|dobj
rel_329	Ent[ent_282]	Ent[ent_347]	Phil Esposito	Rangers	nsubj|<-nsubj<-help->dobj->transform->dobj->|dobj
rel_329	Ent[ent_282]	Ent[ent_347]	Phil Esposito	Rangers	nsubj|<-nsubj<-good->prep->for->pobj->|pobj
rel_329	Ent[ent_282]	Ent[ent_347]	Phil Esposito	Rangers	nsubj|<-nsubj<-get->prep->as->pobj->|pobj
rel_329	Ent[ent_282]	Ent[ent_347]	Phil Esposito	Rangers	nsubj|<-nsubj<-be->prep->behind->pobj->bench->poss->|poss
rel_329	Ent[ent_282]	Ent[ent_347]	Phil Esposito	Rangers	rcmod|->rcmod->obtain->prep->in->pobj->trade->prep->for->pobj->pick->poss->|poss
rel_329	Ent[ent_282]	Ent[ent_347]	Phil Esposito	Rangers	pobj|<-pobj<-since<-prep<-meet<-nsubjpass<-dismiss->prep->as->pobj->manager->poss->|poss
rel_323	Ent[ent_282]	Ent[ent_1249]	Phil Esposito	Rangers	nsubj|<-nsubj<-wear->dobj->no.->prep->with->pobj->|pobj
rel_238	Ent[ent_562]	Ent[ent_930]	Mr. Smith	Washington	nsubj|<-nsubj<-go->prep->to->pobj->|pobj
rel_292	Ent[ent_562]	Ent[ent_1002]	Mr. Smith	Washington	rcmod|->rcmod->return->prep->to->pobj->|pobj
rel_292	Ent[ent_562]	Ent[ent_1002]	Mr. Smith	Washington	poss|<-poss<-defense->prep->with->pobj->lawyer->nn->|nn
rel_292	Ent[ent_562]	Ent[ent_1002]	Mr. Smith	Washington	nsubj|<-nsubj<-return->prep->to->pobj->|pobj
rel_27	Ent[ent_562]	Ent[ent_33]	Mr. Smith	Washington	nsubj|<-nsubj<-rape->dobj->woman->prep->in->pobj->|pobj
rel_292	Ent[ent_562]	Ent[ent_1002]	Mr. Smith	Washington	nsubj|<-nsubj<-rape->dobj->she->prep->in->pobj->|pobj
rel_292	Ent[ent_562]	Ent[ent_1002]	Mr. Smith	Washington	nsubj|<-nsubj<-issue->prep->in->pobj->|pobj
rel_292	Ent[ent_562]	Ent[ent_1002]	Mr. Smith	Washington	rcmod|->rcmod->live->prep->in->pobj->|pobj
rel_292	Ent[ent_562]	Ent[ent_1002]	Mr. Smith	Washington	partmod|->partmod->go->prep->to->pobj->|pobj
rel_27	Ent[ent_562]	Ent[ent_33]	Mr. Smith	Washington	dobj|<-dobj<-play<-csubj<-go->prep->to->pobj->|pobj
rel_192	Ent[ent_87]	Ent[ent_1225]	Nixon	China	nsubj|<-nsubj<-go->prep->to->pobj->|pobj
rel_203	Ent[ent_87]	Ent[ent_818]	Nixon	China	poss|<-poss<-visit->prep->to->pobj->|pobj
rel_13	Ent[ent_87]	Ent[ent_1219]	Nixon	China	poss|<-poss<-trip->prep->to->pobj->|pobj
rel_13	Ent[ent_87]	Ent[ent_1219]	Nixon	China	nsubj|<-nsubj<-visit->dobj->|dobj
rel_192	Ent[ent_87]	Ent[ent_1225]	Nixon	China	partmod|->partmod->open->prep->to->pobj->|pobj
rel_203	Ent[ent_87]	Ent[ent_818]	Nixon	China	pobj|<-pobj<-like<-prep<-be->dep->go->prep->to->pobj->|pobj
rel_13	Ent[ent_87]	Ent[ent_1219]	Nixon	China	pobj|<-pobj<-like->dep->go->prep->to->pobj->|pobj
rel_192	Ent[ent_87]	Ent[ent_1225]	Nixon	China	nsubj|<-nsubj<-open->prep->to->pobj->|pobj
rel_203	Ent[ent_87]	Ent[ent_818]	Nixon	China	nsubj|<-nsubj<-make->prep->to->pobj->|pobj
rel_203	Ent[ent_87]	Ent[ent_818]	Nixon	China	nsubj|<-nsubj<-make->dobj->visit->prep->to->pobj->|pobj
rel_20	Ent[ent_308]	Ent[ent_356]	Knicks	Ewing	nsubj|<-nsubj<-go->prep->to->pobj->|pobj
rel_20	Ent[ent_308]	Ent[ent_356]	Knicks	Ewing	nsubj|<-nsubj<-need->dobj->|dobj
rel_134	Ent[ent_308]	Ent[ent_356]	Knicks	Ewing	nsubj|<-nsubj<-play->prep->without->pobj->|pobj
rel_134	Ent[ent_308]	Ent[ent_356]	Knicks	Ewing	nsubj|<-nsubj<-have->dobj->|dobj
rel_20	Ent[ent_308]	Ent[ent_356]	Knicks	Ewing	nsubj|<-nsubj<-need->prep->from->pobj->|pobj
rel_134	Ent[ent_308]	Ent[ent_356]	Knicks	Ewing	nsubj|<-nsubj<-keep->dobj->|dobj
rel_134	Ent[ent_308]	Ent[ent_356]	Knicks	Ewing	nsubj|<-nsubj<-better->prep->without->pobj->|pobj
rel_134	Ent[ent_308]	Ent[ent_356]	Knicks	Ewing	nsubj|<-nsubj<-team->prep->without->pobj->|pobj
rel_20	Ent[ent_308]	Ent[ent_356]	Knicks	Ewing	nsubj|<-nsubj<-miss->dobj->|dobj
rel_192	Ent[ent_308]	Ent[ent_959]	Knicks	Ewing	prep|->prep->include->pobj->|pobj
rel_192	Ent[ent_561]	Ent[ent_1229]	Giants	Super Bowl	nsubj|<-nsubj<-win->dobj->|dobj
rel_192	Ent[ent_561]	Ent[ent_1229]	Giants	Super Bowl	poss|<-poss<-victory->nn->|nn
rel_192	Ent[ent_561]	Ent[ent_1229]	Giants	Super Bowl	poss|<-poss<-team->nn->|nn
rel_36	Ent[ent_561]	Ent[ent_824]	Giants	Super Bowl	poss|<-poss<-season->nn->|nn
rel_118	Ent[ent_561]	Ent[ent_1229]	Giants	Super Bowl	rcmod|->rcmod->win->dobj->|dobj
rel_298	Ent[ent_508]	Ent[ent_1229]	Giants	Super Bowl	nsubj|<-nsubj<-go->prep->to->pobj->|pobj
rel_192	Ent[ent_1276]	Ent[ent_1229]	Giants	Super Bowl	nsubj|<-nsubj<-reach->dobj->|dobj
rel_192	Ent[ent_561]	Ent[ent_1229]	Giants	Super Bowl	dobj|<-dobj<-lead->prep->to->pobj->victory->nn->|nn
rel_192	Ent[ent_1276]	Ent[ent_1229]	Giants	Super Bowl	nsubj|<-nsubj<-champion->nn->|nn
rel_192	Ent[ent_561]	Ent[ent_1229]	Giants	Super Bowl	dobj|<-dobj<-coach->prep->to->pobj->victory->nn->|nn
rel_20	Ent[ent_570]	Ent[ent_1008]	Watsons	Birmingham	nsubj|<-nsubj<-go->prep->to->pobj->|pobj
rel_20	Ent[ent_570]	Ent[ent_1008]	Watsons	Birmingham	poss|<-poss<-story<-dobj<-merge->prep->with->pobj->bombing->prep->in->pobj->|pobj
rel_185	Ent[ent_81]	Ent[ent_84]	Mr. Baker	Baghdad	dobj|<-dobj<-send->prep->to->pobj->|pobj
rel_185	Ent[ent_81]	Ent[ent_84]	Mr. Baker	Baghdad	nsubj|<-nsubj<-go->prep->to->pobj->|pobj
rel_390	Ent[ent_81]	Ent[ent_84]	Mr. Baker	Baghdad	poss|<-poss<-trip->prep->to->pobj->|pobj
rel_390	Ent[ent_81]	Ent[ent_84]	Mr. Baker	Baghdad	pobj|<-pobj<-by<-prep<-trip<-dobj<-reject->prep->to->pobj->|pobj
rel_390	Ent[ent_81]	Ent[ent_84]	Mr. Baker	Baghdad	nsubj|<-nsubj<-come->prep->from->pobj->|pobj
rel_185	Ent[ent_81]	Ent[ent_84]	Mr. Baker	Baghdad	dobj|<-dobj<-dispatch->prep->to->pobj->|pobj
rel_390	Ent[ent_81]	Ent[ent_84]	Mr. Baker	Baghdad	poss|<-poss<-visit->prep->to->pobj->|pobj
rel_185	Ent[ent_81]	Ent[ent_84]	Mr. Baker	Baghdad	poss|<-poss<-mission->prep->in->pobj->|pobj
rel_390	Ent[ent_81]	Ent[ent_84]	Mr. Baker	Baghdad	poss|<-poss<-meeting<-pobj<-until<-prep<-regard->nsubj->diplomat->prep->in->pobj->|pobj
rel_390	Ent[ent_81]	Ent[ent_84]	Mr. Baker	Baghdad	pobj|<-pobj<-by<-prep<-trip<-dobj<-anticipate->prep->to->pobj->|pobj
rel_185	Ent[ent_400]	Ent[ent_83]	Jets	Oakland	nsubj|<-nsubj<-go->prep->to->pobj->|pobj
rel_185	Ent[ent_400]	Ent[ent_83]	Jets	Oakland	nsubj|<-nsubj<-play->prep->in->pobj->|pobj
rel_185	Ent[ent_400]	Ent[ent_83]	Jets	Oakland	nsubj|<-nsubj<-prepare->prep->for->pobj->game->prep->against->pobj->|pobj
rel_185	Ent[ent_400]	Ent[ent_83]	Jets	Oakland	nsubj|<-nsubj<-lose->prep->to->pobj->|pobj
rel_185	Ent[ent_400]	Ent[ent_83]	Jets	Oakland	nsubj|<-nsubj<-defeat->dobj->|dobj
rel_353	Ent[ent_1251]	Ent[ent_724]	Jets	Oakland	poss|<-poss<-victory->prep->against->pobj->|pobj
rel_185	Ent[ent_400]	Ent[ent_83]	Jets	Oakland	nsubj|<-nsubj<-win->prep->in->pobj->|pobj
rel_353	Ent[ent_1251]	Ent[ent_724]	Jets	Oakland	poss|<-poss<-loss->prep->to->pobj->|pobj
rel_185	Ent[ent_400]	Ent[ent_83]	Jets	Oakland	poss|<-poss<-game->prep->against->pobj->|pobj
rel_185	Ent[ent_400]	Ent[ent_83]	Jets	Oakland	nsubj|<-nsubj<-beat->dobj->|dobj
rel_192	Ent[ent_321]	Ent[ent_836]	Mets	World Series	nsubj|<-nsubj<-win->dobj->|dobj
rel_192	Ent[ent_321]	Ent[ent_836]	Mets	World Series	nsubj|<-nsubj<-reach->dobj->|dobj
rel_192	Ent[ent_321]	Ent[ent_836]	Mets	World Series	poss|<-poss<-victory->nn->|nn
rel_192	Ent[ent_321]	Ent[ent_836]	Mets	World Series	nsubj|<-nsubj<-go->prep->to->pobj->|pobj
rel_118	Ent[ent_1264]	Ent[ent_836]	Mets	World Series	dobj|<-dobj<-beat->prep->in->pobj->|pobj
rel_168	Ent[ent_321]	Ent[ent_836]	Mets	World Series	dobj|<-dobj<-lead->prep->to->pobj->|pobj
rel_192	Ent[ent_321]	Ent[ent_836]	Mets	World Series	poss|<-poss<-team->nn->|nn
rel_118	Ent[ent_1264]	Ent[ent_836]	Mets	World Series	rcmod|->rcmod->win->dobj->|dobj
rel_118	Ent[ent_785]	Ent[ent_739]	Mets	World Series	nsubj|<-nsubj<-be->prep->in->pobj->|pobj
rel_294	Ent[ent_1252]	Ent[ent_836]	Mets	World Series	nsubj|<-nsubj<-win->dobj->title->nn->|nn
rel_298	Ent[ent_80]	Ent[ent_820]	Soviet Jews	Israel	nsubj|<-nsubj<-move->prep->to->pobj->|pobj
rel_298	Ent[ent_80]	Ent[ent_820]	Soviet Jews	Israel	nsubj|<-nsubj<-go->prep->to->pobj->|pobj
rel_298	Ent[ent_80]	Ent[ent_856]	Soviet Jews	Israel	nsubj|<-nsubj<-emigrate->prep->to->pobj->|pobj
rel_298	Ent[ent_80]	Ent[ent_856]	Soviet Jews	Israel	nsubj|<-nsubj<-arrive->prep->in->pobj->|pobj
rel_323	Ent[ent_80]	Ent[ent_856]	Soviet Jews	Israel	pobj|<-pobj<-of<-prep<-immigration->prep->to->pobj->|pobj
rel_298	Ent[ent_80]	Ent[ent_856]	Soviet Jews	Israel	partmod|->partmod->emigrate->prep->to->pobj->|pobj
rel_190	Ent[ent_80]	Ent[ent_820]	Soviet Jews	Israel	dobj|<-dobj<-resettle->prep->in->pobj->|pobj
rel_190	Ent[ent_80]	Ent[ent_820]	Soviet Jews	Israel	pobj|<-pobj<-of<-prep<-influx->prep->to->pobj->|pobj
rel_190	Ent[ent_80]	Ent[ent_820]	Soviet Jews	Israel	pobj|<-pobj<-of<-prep<-flow->prep->to->pobj->|pobj
rel_190	Ent[ent_80]	Ent[ent_820]	Soviet Jews	Israel	rcmod|->rcmod->arrive->prep->in->pobj->|pobj
rel_83	Ent[ent_1281]	Ent[ent_873]	Ms. Lewinsky	White House	appos|->appos->intern->nn->|nn
rel_20	Ent[ent_197]	Ent[ent_586]	Ms. Lewinsky	White House	nsubj|<-nsubj<-visit->dobj->|dobj
rel_20	Ent[ent_197]	Ent[ent_586]	Ms. Lewinsky	White House	nsubj|<-nsubj<-enter->dobj->|dobj
rel_399	Ent[ent_1281]	Ent[ent_227]	Ms. Lewinsky	White House	nsubj|<-nsubj<-be->prep->at->pobj->|pobj
rel_20	Ent[ent_1281]	Ent[ent_586]	Ms. Lewinsky	White House	poss|<-poss<-visit->nn->|nn
rel_83	Ent[ent_1281]	Ent[ent_873]	Ms. Lewinsky	White House	nsubj|<-nsubj<-work->prep->at->pobj->|pobj
rel_83	Ent[ent_1281]	Ent[ent_873]	Ms. Lewinsky	White House	nsubj|<-nsubj<-arrive->prep->at->pobj->|pobj
rel_20	Ent[ent_197]	Ent[ent_586]	Ms. Lewinsky	White House	poss|<-poss<-visit->prep->to->pobj->|pobj
rel_20	Ent[ent_1281]	Ent[ent_586]	Ms. Lewinsky	White House	nsubj|<-nsubj<-go->prep->to->pobj->|pobj
rel_399	Ent[ent_1281]	Ent[ent_227]	Ms. Lewinsky	White House	dobj|<-dobj<-move->prep->out->dep->of->pobj->|pobj
rel_14	Ent[ent_295]	Ent[ent_294]	Philippe de Montebello	Met	appos|->appos->director->prep->of->pobj->|pobj
rel_14	Ent[ent_295]	Ent[ent_294]	Philippe de Montebello	Met	appos|->appos->director->poss->|poss
rel_14	Ent[ent_295]	Ent[ent_294]	Philippe de Montebello	Met	prep|->prep->as->pobj->director->prep->of->pobj->|pobj
rel_14	Ent[ent_295]	Ent[ent_294]	Philippe de Montebello	Met	nsubj|<-nsubj<-serve->prep->at->pobj->|pobj
rel_14	Ent[ent_295]	Ent[ent_294]	Philippe de Montebello	Met	nsubj|<-nsubj<-director->prep->of->pobj->|pobj
rel_14	Ent[ent_295]	Ent[ent_294]	Philippe de Montebello	Met	nsubj|<-nsubj<-celebrate->prep->as->pobj->director->prep->of->pobj->|pobj
rel_14	Ent[ent_295]	Ent[ent_294]	Philippe de Montebello	Met	appos|<-appos<-panelist->appos->director->prep->of->pobj->|pobj
rel_14	Ent[ent_295]	Ent[ent_294]	Philippe de Montebello	Met	appos|<-appos<-official->appos->director->prep->of->pobj->|pobj
rel_14	Ent[ent_295]	Ent[ent_294]	Philippe de Montebello	Met	appos|<-appos<-morning->appos->director->prep->of->pobj->|pobj
rel_14	Ent[ent_295]	Ent[ent_294]	Philippe de Montebello	Met	appos|->appos->director->prep->of->pobj->museum0->nn->|nn
rel_27	Ent[ent_297]	Ent[ent_296]	Peter Martins	City Ballet	appos|->appos->director->poss->|poss
rel_27	Ent[ent_297]	Ent[ent_296]	Peter Martins	City Ballet	appos|->appos->director->prep->of->pobj->|pobj
rel_335	Ent[ent_297]	Ent[ent_296]	Peter Martins	City Ballet	appos|->appos->master->prep->in->pobj->chief->prep->of->pobj->|pobj
rel_27	Ent[ent_297]	Ent[ent_296]	Peter Martins	City Ballet	appos|->appos->master->poss->|poss
rel_27	Ent[ent_297]	Ent[ent_296]	Peter Martins	City Ballet	appos|->appos->director->nn->|nn
rel_335	Ent[ent_297]	Ent[ent_296]	Peter Martins	City Ballet	appos|->appos->co-director->prep->of->pobj->|pobj
rel_27	Ent[ent_297]	Ent[ent_296]	Peter Martins	City Ballet	rcmod|->rcmod->direct->dobj->|dobj
rel_335	Ent[ent_297]	Ent[ent_296]	Peter Martins	City Ballet	appos|->appos->co-director->poss->|poss
rel_335	Ent[ent_297]	Ent[ent_296]	Peter Martins	City Ballet	appos|->appos->balletmaster->prep->in->pobj->chief->prep->of->pobj->|pobj
rel_27	Ent[ent_297]	Ent[ent_296]	Peter Martins	City Ballet	rcmod|->rcmod->stage->dobj->version->poss->|poss
rel_144	Ent[ent_1028]	Ent[ent_175]	Zenia Mucha	Mr. Pataki	appos|->appos->spokeswoman->prep->for->pobj->|pobj
rel_144	Ent[ent_1028]	Ent[ent_175]	Zenia Mucha	Mr. Pataki	appos|->appos->director->poss->|poss
rel_27	Ent[ent_1028]	Ent[ent_175]	Zenia Mucha	Mr. Pataki	appos|->appos->spokeswoman->poss->|poss
rel_27	Ent[ent_1028]	Ent[ent_175]	Zenia Mucha	Mr. Pataki	appos|->appos->adviser->prep->to->pobj->|pobj
rel_144	Ent[ent_1028]	Ent[ent_175]	Zenia Mucha	Mr. Pataki	appos|->appos->manager->poss->|poss
rel_144	Ent[ent_1028]	Ent[ent_175]	Zenia Mucha	Mr. Pataki	rcmod|->rcmod->director->prep->for->pobj->|pobj
rel_144	Ent[ent_1028]	Ent[ent_175]	Zenia Mucha	Mr. Pataki	appos|<-appos<-today->appos->spokeswoman->prep->for->pobj->|pobj
rel_144	Ent[ent_1028]	Ent[ent_175]	Zenia Mucha	Mr. Pataki	appos|<-appos<-spokeswoman<-nsubj<-say->dep->appropriate->dobj->charge->prep->against->pobj->|pobj
rel_144	Ent[ent_1028]	Ent[ent_175]	Zenia Mucha	Mr. Pataki	appos|<-appos<-spokeswoman<-nsubj<-anger<-dep<-quiet->nsubj->|nsubj
rel_27	Ent[ent_1028]	Ent[ent_175]	Zenia Mucha	Mr. Pataki	appos|->appos->spokesman->prep->for->pobj->|pobj
rel_27	Ent[ent_17]	Ent[ent_827]	George Stephanopoulos	Mr. Clinton	appos|->appos->director->poss->|poss
rel_27	Ent[ent_17]	Ent[ent_827]	George Stephanopoulos	Mr. Clinton	appos|->appos->adviser->prep->to->pobj->|pobj
rel_27	Ent[ent_17]	Ent[ent_827]	George Stephanopoulos	Mr. Clinton	appos|->appos->adviser->poss->|poss
rel_27	Ent[ent_17]	Ent[ent_827]	George Stephanopoulos	Mr. Clinton	appos|->appos->manager->poss->|poss
rel_27	Ent[ent_17]	Ent[ent_827]	George Stephanopoulos	Mr. Clinton	appos|->appos->spokesman->poss->|poss
rel_27	Ent[ent_17]	Ent[ent_827]	George Stephanopoulos	Mr. Clinton	appos|->appos->spokesman->prep->for->pobj->|pobj
rel_27	Ent[ent_17]	Ent[ent_827]	George Stephanopoulos	Mr. Clinton	appos|->appos->director->prep->for->pobj->|pobj
rel_27	Ent[ent_17]	Ent[ent_827]	George Stephanopoulos	Mr. Clinton	appos|->appos->manager->prep->for->pobj->|pobj
rel_27	Ent[ent_17]	Ent[ent_827]	George Stephanopoulos	Mr. Clinton	appos|->appos->aide->prep->to->pobj->|pobj
rel_27	Ent[ent_17]	Ent[ent_827]	George Stephanopoulos	Mr. Clinton	appos|<-appos<-adviser->rcmod->aide->rcmod->travel->prep->with->pobj->|pobj
rel_27	Ent[ent_299]	Ent[ent_16]	Cristyne F. Lategano	Mayor	appos|->appos->director->poss->|poss
rel_27	Ent[ent_299]	Ent[ent_16]	Cristyne F. Lategano	Mayor	appos|->appos->secretary->poss->|poss
rel_27	Ent[ent_299]	Ent[ent_16]	Cristyne F. Lategano	Mayor	appos|->appos->spokeswoman->prep->for->pobj->|pobj
rel_27	Ent[ent_299]	Ent[ent_16]	Cristyne F. Lategano	Mayor	appos|->appos->spokeswoman->poss->|poss
rel_27	Ent[ent_299]	Ent[ent_16]	Cristyne F. Lategano	Mayor	appos|->appos->secretary->prep->to->pobj->|pobj
rel_27	Ent[ent_299]	Ent[ent_16]	Cristyne F. Lategano	Mayor	appos|->appos->spokesman->prep->for->pobj->|pobj
rel_27	Ent[ent_299]	Ent[ent_16]	Cristyne F. Lategano	Mayor	appos|->appos->person->poss->|poss
rel_27	Ent[ent_299]	Ent[ent_16]	Cristyne F. Lategano	Mayor	appos|->appos->director->prep->of->pobj->communication->prep->for->pobj->|pobj
rel_27	Ent[ent_299]	Ent[ent_16]	Cristyne F. Lategano	Mayor	appos|->appos->close->prep->to->pobj->|pobj
rel_365	Ent[ent_298]	Ent[ent_19]	Kevin McKenzie	Ballet Theater	appos|->appos->director->poss->|poss
rel_365	Ent[ent_298]	Ent[ent_19]	Kevin McKenzie	Ballet Theater	appos|->appos->director->prep->of->pobj->|pobj
rel_365	Ent[ent_298]	Ent[ent_19]	Kevin McKenzie	Ballet Theater	appos|->appos->partner->rcmod->direct->dobj->|dobj
rel_365	Ent[ent_298]	Ent[ent_19]	Kevin McKenzie	Ballet Theater	appos|->appos->dancer->nn->|nn
rel_365	Ent[ent_298]	Ent[ent_19]	Kevin McKenzie	Ballet Theater	poss|<-poss<-staging->prep->for->pobj->|pobj
rel_365	Ent[ent_298]	Ent[ent_19]	Kevin McKenzie	Ballet Theater	pobj|<-pobj<-with<-prep<-work<-pobj<-in<-prep<-dancer->appos->head->prep->of->pobj->|pobj
rel_365	Ent[ent_298]	Ent[ent_19]	Kevin McKenzie	Ballet Theater	partmod|->partmod->perform->prep->at->pobj->|pobj
rel_365	Ent[ent_298]	Ent[ent_19]	Kevin McKenzie	Ballet Theater	appos|->appos->principal->nn->|nn
rel_27	Ent[ent_18]	Ent[ent_13]	Thomas Krens	Guggenheim	appos|->appos->director->prep->of->pobj->|pobj
rel_27	Ent[ent_18]	Ent[ent_13]	Thomas Krens	Guggenheim	appos|->appos->director->poss->|poss
rel_27	Ent[ent_18]	Ent[ent_13]	Thomas Krens	Guggenheim	nsubjpass|<-nsubjpass<-name->prep->to->pobj->post->prep->of->pobj->director->prep->of->pobj->|pobj
rel_27	Ent[ent_18]	Ent[ent_13]	Thomas Krens	Guggenheim	appos|->appos->director->nn->|nn
rel_27	Ent[ent_18]	Ent[ent_13]	Thomas Krens	Guggenheim	rcmod|->rcmod->celebrate->prep->as->pobj->head->prep->of->pobj->|pobj
rel_27	Ent[ent_18]	Ent[ent_13]	Thomas Krens	Guggenheim	poss|<-poss<-tenure<-dobj<-describe->prep->as->pobj->director->prep->of->pobj->|pobj
rel_27	Ent[ent_18]	Ent[ent_13]	Thomas Krens	Guggenheim	pobj|<-pobj<-in<-prep<-ask->dep->director->dep->director->prep->of->pobj->|pobj
rel_27	Ent[ent_18]	Ent[ent_13]	Thomas Krens	Guggenheim	pobj|<-pobj<-by<-prep<-initiate->prep->at->pobj->director->prep->in->pobj->nearby->prep->of->pobj->|pobj
rel_27	Ent[ent_18]	Ent[ent_13]	Thomas Krens	Guggenheim	nsubj|<-nsubj<-city->prep->with->pobj->museum->nn->|nn
rel_27	Ent[ent_18]	Ent[ent_13]	Thomas Krens	Guggenheim	dep|->dep->director->nn->|nn
rel_399	Ent[ent_12]	Ent[ent_15]	Glenn D. Lowry	Modern	appos|->appos->director->poss->|poss
rel_399	Ent[ent_12]	Ent[ent_15]	Glenn D. Lowry	Modern	appos|->appos->director->prep->of->pobj->|pobj
rel_399	Ent[ent_12]	Ent[ent_15]	Glenn D. Lowry	Modern	appos|->appos->director->prep->of->pobj->museum->prep->of->pobj->|pobj
rel_399	Ent[ent_12]	Ent[ent_15]	Glenn D. Lowry	Modern	appos|<-appos<-intention->appos->director->poss->|poss
rel_399	Ent[ent_12]	Ent[ent_15]	Glenn D. Lowry	Modern	appos|<-appos<-acknowledgment->appos->director->prep->of->pobj->|pobj
rel_14	Ent[ent_295]	Ent[ent_14]	Philippe de Montebello	Metropolitan	appos|->appos->director->prep->of->pobj->|pobj
rel_14	Ent[ent_295]	Ent[ent_14]	Philippe de Montebello	Metropolitan	appos|->appos->director->poss->|poss
rel_14	Ent[ent_295]	Ent[ent_14]	Philippe de Montebello	Metropolitan	prep|->prep->as->pobj->director->prep->of->pobj->|pobj
rel_14	Ent[ent_295]	Ent[ent_14]	Philippe de Montebello	Metropolitan	nsubj|<-nsubj<-serve->prep->at->pobj->|pobj
rel_14	Ent[ent_295]	Ent[ent_14]	Philippe de Montebello	Metropolitan	nsubj|<-nsubj<-director->prep->of->pobj->|pobj
rel_14	Ent[ent_295]	Ent[ent_14]	Philippe de Montebello	Metropolitan	nsubj|<-nsubj<-celebrate->prep->as->pobj->director->prep->of->pobj->|pobj
rel_14	Ent[ent_295]	Ent[ent_14]	Philippe de Montebello	Metropolitan	appos|<-appos<-panelist->appos->director->prep->of->pobj->|pobj
rel_14	Ent[ent_295]	Ent[ent_14]	Philippe de Montebello	Metropolitan	appos|<-appos<-official->appos->director->prep->of->pobj->|pobj
rel_14	Ent[ent_295]	Ent[ent_14]	Philippe de Montebello	Metropolitan	appos|<-appos<-morning->appos->director->prep->of->pobj->|pobj
rel_14	Ent[ent_295]	Ent[ent_14]	Philippe de Montebello	Metropolitan	appos|->appos->director->prep->of->pobj->museum0->nn->|nn
rel_27	Ent[ent_291]	Ent[ent_182]	Karen P. Hughes	Mr. Bush	appos|->appos->director->poss->|poss
rel_27	Ent[ent_291]	Ent[ent_182]	Karen P. Hughes	Mr. Bush	appos|->appos->adviser->prep->to->pobj->|pobj
rel_27	Ent[ent_291]	Ent[ent_182]	Karen P. Hughes	Mr. Bush	appos|->appos->spokeswoman->poss->|poss
rel_27	Ent[ent_291]	Ent[ent_182]	Karen P. Hughes	Mr. Bush	appos|->appos->counselor->poss->|poss
rel_27	Ent[ent_291]	Ent[ent_182]	Karen P. Hughes	Mr. Bush	appos|->appos->adviser->poss->|poss
rel_27	Ent[ent_291]	Ent[ent_182]	Karen P. Hughes	Mr. Bush	appos|->appos->spokesman->prep->for->pobj->|pobj
rel_27	Ent[ent_291]	Ent[ent_182]	Karen P. Hughes	Mr. Bush	appos|->appos->director->prep->for->pobj->|pobj
rel_27	Ent[ent_291]	Ent[ent_182]	Karen P. Hughes	Mr. Bush	appos|->appos->confidante->poss->|poss
rel_27	Ent[ent_291]	Ent[ent_182]	Karen P. Hughes	Mr. Bush	trigger#protégé,adviser Karen_P._Hughes Mr._Bush source#Karen/NNP/PERSON_P./NNP/PERSON_Hughes/NNP/PERSON dest#Mr./NNP/PERSON_Bush/NNP/PERSON path#pobj|<-pobj<-of<-prep<-protégé->appos->adviser->poss->|poss sen#Mr._Wilkinson_,_32_,_is_a_protégé_of_Karen_P._Hughes_,_Mr._Bush_'s_longtime_adviser_,_and_his_appointment_puts_a_White_House_loyalist_with_Washington_experience_in_a_pivotal_position_at_the_Central_Command_,_which_is_based_in_Florida_and_which_will_be_charged_with_waging_and_winning_any_war_against_Saddam_Hussein_. lex#, pos#, lc#protégé_of rc#'s_longtime
rel_28	Ent[ent_291]	Ent[ent_1253]	Karen P. Hughes	Mr. Bush	rcmod|->rcmod->director->poss->|poss
rel_299	Ent[ent_290]	Ent[ent_11]	Philips N.V.	Dutch	appos|->appos->giant->amod->|amod
rel_299	Ent[ent_290]	Ent[ent_11]	Philips N.V.	Dutch	appos|->appos->company->amod->|amod
rel_299	Ent[ent_290]	Ent[ent_11]	Philips N.V.	Dutch	appos|->appos->manufacturer->amod->|amod
rel_299	Ent[ent_290]	Ent[ent_11]	Philips N.V.	Dutch	appos|->appos->maker->amod->|amod
rel_299	Ent[ent_290]	Ent[ent_11]	Philips N.V.	Dutch	appos|->appos->conglomerate->amod->|amod
rel_299	Ent[ent_290]	Ent[ent_11]	Philips N.V.	Dutch	appos|->appos->electronics->amod->|amod
rel_299	Ent[ent_290]	Ent[ent_11]	Philips N.V.	Dutch	appos|->appos->concern->amod->|amod
rel_299	Ent[ent_290]	Ent[ent_11]	Philips N.V.	Dutch	appos|->appos->firm->amod->|amod
rel_299	Ent[ent_293]	Ent[ent_10]	Bertelsmann	German	appos|->appos->company->amod->|amod
rel_299	Ent[ent_293]	Ent[ent_10]	Bertelsmann	German	appos|->appos->conglomerate->amod->|amod
rel_118	Ent[ent_293]	Ent[ent_10]	Bertelsmann	German	nn|<-nn<-a.g.->prep->of->pobj->|pobj
rel_299	Ent[ent_293]	Ent[ent_10]	Bertelsmann	German	appos|->appos->giant->amod->|amod
rel_118	Ent[ent_293]	Ent[ent_10]	Bertelsmann	German	appos|->appos->publisher->amod->|amod
rel_118	Ent[ent_293]	Ent[ent_10]	Bertelsmann	German	nsubj|<-nsubj<-strike->prep->with->pobj->shareholder->amod->|amod
rel_118	Ent[ent_293]	Ent[ent_10]	Bertelsmann	German	nsubj|<-nsubj<-company->amod->|amod
rel_299	Ent[ent_293]	Ent[ent_10]	Bertelsmann	German	appos|->appos->media->amod->|amod
rel_299	Ent[ent_293]	Ent[ent_10]	Bertelsmann	German	appos|->appos->group->amod->|amod
rel_299	Ent[ent_293]	Ent[ent_10]	Bertelsmann	German	rcmod|->rcmod->base->prep->in->pobj->|pobj
rel_299	Ent[ent_292]	Ent[ent_28]	Novartis	Swiss	appos|->appos->company->amod->|amod
rel_299	Ent[ent_292]	Ent[ent_28]	Novartis	Swiss	appos|->appos->giant->amod->|amod
rel_299	Ent[ent_292]	Ent[ent_28]	Novartis	Swiss	appos|->appos->maker->amod->|amod
rel_299	Ent[ent_292]	Ent[ent_28]	Novartis	Swiss	pobj|<-pobj<-of<-prep<-share<-nsubj<-rise->prep->to->pobj->franc->amod->|amod
rel_299	Ent[ent_292]	Ent[ent_28]	Novartis	Swiss	appos|->appos->agribusiness->amod->|amod
rel_299	Ent[ent_292]	Ent[ent_28]	Novartis	Swiss	poss|<-poss<-share<-nsubj<-fall->prep->to->pobj->franc->amod->|amod
rel_299	Ent[ent_292]	Ent[ent_28]	Novartis	Swiss	pobj|<-pobj<-of<-prep<-share<-nsubj<-rise->dobj->franc->amod->|amod
rel_299	Ent[ent_292]	Ent[ent_28]	Novartis	Swiss	pobj|<-pobj<-of<-prep<-share<-nsubj<-fall->prep->to->pobj->franc->amod->|amod
rel_299	Ent[ent_292]	Ent[ent_28]	Novartis	Swiss	pobj|<-pobj<-from<-prep<-coartem->appos->company->amod->|amod
rel_299	Ent[ent_292]	Ent[ent_28]	Novartis	Swiss	nsubj|<-nsubj<-write->prep->as->pobj->result->prep->of->pobj->loss->prep->of->pobj->franc->amod->|amod
rel_299	Ent[ent_27]	Ent[ent_29]	Cegetel	French	appos|->appos->company->amod->|amod
rel_299	Ent[ent_27]	Ent[ent_29]	Cegetel	French	rcmod|->rcmod->operate->dobj->network->partmod->own->prep->by->pobj->railway->amod->|amod
rel_299	Ent[ent_27]	Ent[ent_29]	Cegetel	French	pobj|<-pobj<-in<-prep<-stake<-dobj<-sell->prep->to->pobj->partner->amod->|amod
rel_299	Ent[ent_27]	Ent[ent_29]	Cegetel	French	pobj|<-pobj<-for<-prep<-run->prep->from->pobj->government->amod->|amod
rel_299	Ent[ent_27]	Ent[ent_29]	Cegetel	French	dep|<-dep<-operator->prep->to->pobj->partner->amod->|amod
rel_299	Ent[ent_27]	Ent[ent_29]	Cegetel	French	appos|->appos->group->amod->|amod
rel_299	Ent[ent_27]	Ent[ent_29]	Cegetel	French	appos|->appos->consortium->amod->|amod
rel_299	Ent[ent_27]	Ent[ent_29]	Cegetel	French	appos|->appos->carrier->amod->|amod
rel_271	Ent[ent_24]	Ent[ent_822]	Unocal	American	appos|->appos->company->amod->|amod
rel_162	Ent[ent_24]	Ent[ent_822]	Unocal	American	poss|<-poss<-reserve<-nsubj<-contribute->dobj->percent->prep->of->pobj->consumption->amod->|amod
rel_8	Ent[ent_24]	Ent[ent_1286]	Unocal	American	poss|<-poss<-oil->prep->for->pobj->percent->prep->of->pobj->consumption->amod->|amod
rel_162	Ent[ent_24]	Ent[ent_822]	Unocal	American	poss|<-poss<-oil->amod->|amod
rel_162	Ent[ent_24]	Ent[ent_822]	Unocal	American	poss|<-poss<-move<-nsubj<-cost->dobj->job->amod->|amod
rel_162	Ent[ent_24]	Ent[ent_822]	Unocal	American	poss|<-poss<-asset<-pobj<-of<-prep<-purchase<-nsubj<-threaten->dobj->company->amod->|amod
rel_8	Ent[ent_24]	Ent[ent_1286]	Unocal	American	pobj|<-pobj<-to<-prep<-happen<-csubj<-happen->prep->to->pobj->company->amod->|amod
rel_271	Ent[ent_24]	Ent[ent_822]	Unocal	American	pobj|<-pobj<-for<-prep<-competition<-nsubj<-touch->dobj->host->prep->of->pobj->anxiety->amod->|amod
rel_162	Ent[ent_24]	Ent[ent_822]	Unocal	American	nsubjpass|<-nsubjpass<-sue->prep->in->pobj->court->amod->|amod
rel_162	Ent[ent_24]	Ent[ent_822]	Unocal	American	nsubj|<-nsubj<-put->prep->on->pobj->agency->rcmod->review->dobj->acquisition->prep->of->pobj->asset->amod->|amod
rel_299	Ent[ent_23]	Ent[ent_29]	Sanofi	French	appos|->appos->company->amod->|amod
rel_299	Ent[ent_23]	Ent[ent_29]	Sanofi	French	appos|->appos->maker->amod->|amod
rel_299	Ent[ent_23]	Ent[ent_29]	Sanofi	French	pobj|<-pobj<-from<-prep<-offer->rcmod->include->dobj->assurance->rcmod->provide->nsubj->company->amod->|amod
rel_299	Ent[ent_23]	Ent[ent_29]	Sanofi	French	appos|->appos->subsidiary->prep->of->pobj->company->amod->|amod
rel_299	Ent[ent_23]	Ent[ent_29]	Sanofi	French	appos|->appos->group->amod->|amod
rel_219	Ent[ent_23]	Ent[ent_29]	Sanofi	French	poss|<-poss<-structure<-nsubj<-drive->dobj->deal->dep->own->prep->by->pobj->total->appos->company->amod->|amodéal_,_a_consumer_products_company_. lex#'s_ownership_structure_may_also_be_driving_the_deal_:_percent_of_'s_shares_are_owned_by_Total_,_the pos#POS_NN_NN_MD_RB_VB_VBG_DT_NN_:_NN_IN_POS_NNS_VBP_VBN_IN_NNP_,_DT rc#oil_company
rel_219	Ent[ent_23]	Ent[ent_29]	Sanofi	French	poss|<-poss<-share<-pobj<-of<-prep<-percent<-nsubjpass<-own->prep->by->pobj->total->appos->company->amod->|amodéal_,_a_consumer_products_company_. lex#'s_shares_are_owned_by_Total_,_the pos#POS_NNS_VBP_VBN_IN_NNP_,_DT lc#percent_of rc#oil_company
rel_299	Ent[ent_23]	Ent[ent_29]	Sanofi	French	pobj|<-pobj<-with<-prep<-agreement<-nsubj<-satisfy->dobj->quest->poss->government->amod->|amod
rel_299	Ent[ent_23]	Ent[ent_29]	Sanofi	French	nsubj|<-nsubj<-win->prep->of->pobj->support->poss->government->amod->|amod
rel_299	Ent[ent_23]	Ent[ent_29]	Sanofi	French	nsubj|<-nsubj<-make<-dep<-monday->appos->minister->amod->|amod
rel_299	Ent[ent_26]	Ent[ent_25]	Gazprom	Russian	appos|->appos->monopoly->amod->|amod
rel_299	Ent[ent_26]	Ent[ent_25]	Gazprom	Russian	appos|->appos->company->amod->|amod
rel_299	Ent[ent_26]	Ent[ent_25]	Gazprom	Russian	appos|->appos->giant->amod->|amod
rel_299	Ent[ent_26]	Ent[ent_25]	Gazprom	Russian	appos|->appos->producer->amod->|amod
rel_299	Ent[ent_26]	Ent[ent_25]	Gazprom	Russian	nn|<-nn<-share->rcmod->own->nsubj->|nsubj
rel_299	Ent[ent_26]	Ent[ent_25]	Gazprom	Russian	rcmod|->rcmod->control->prep->by->pobj->government->amod->|amod
rel_299	Ent[ent_26]	Ent[ent_25]	Gazprom	Russian	nsubj|<-nsubj<-demand->dobj->rate->prep->for->pobj->gas->amod->|amod
rel_299	Ent[ent_26]	Ent[ent_25]	Gazprom	Russian	appos|<-appos<-march->appos->monopoly->amod->|amod
rel_55	Ent[ent_26]	Ent[ent_231]	Gazprom	Russian	appos|->appos->behemoth->amod->|amod
rel_299	Ent[ent_26]	Ent[ent_25]	Gazprom	Russian	rcmod|->rcmod->38-percent->partmod->own->prep->by->pobj->government->amod->|amod
rel_325	Ent[ent_881]	Ent[ent_22]	Paul Dergarabedian	Los Angeles-based	appos|->appos->company->amod->|amod
rel_299	Ent[ent_21]	Ent[ent_10]	Siemens	German	nn|<-nn<-a.g.->prep->of->pobj->|pobj
rel_299	Ent[ent_21]	Ent[ent_10]	Siemens	German	appos|->appos->company->amod->|amod
rel_299	Ent[ent_21]	Ent[ent_10]	Siemens	German	appos|->appos->giant->amod->|amod
rel_299	Ent[ent_21]	Ent[ent_10]	Siemens	German	appos|->appos->conglomerate->amod->|amod
rel_299	Ent[ent_21]	Ent[ent_10]	Siemens	German	appos|->appos->electronics->amod->|amod
rel_299	Ent[ent_21]	Ent[ent_10]	Siemens	German	appos|->appos->company->nn->|nn
rel_299	Ent[ent_21]	Ent[ent_10]	Siemens	German	poss|<-poss<-operation<-dobj<-turn->prep->in->pobj->|pobj
rel_299	Ent[ent_21]	Ent[ent_10]	Siemens	German	poss|<-poss<-income<-nsubj<-go<-dep<-triple->nsubj->price->prep->in->pobj->|pobj
rel_299	Ent[ent_21]	Ent[ent_10]	Siemens	German	poss|<-poss<-hoard->prep->of->pobj->cash->prep->from->pobj->|pobj
rel_299	Ent[ent_21]	Ent[ent_10]	Siemens	German	poss|<-poss<-design->amod->|amod
rel_299	Ent[ent_39]	Ent[ent_38]	Cnooc	Chinese	appos|->appos->company->amod->|amod
rel_122	Ent[ent_39]	Ent[ent_38]	Cnooc	Chinese	rcmod|->rcmod->percent->partmod->own->prep->by->pobj->government->amod->|amod
rel_122	Ent[ent_39]	Ent[ent_38]	Cnooc	Chinese	rcmod|->rcmod->majority-owned->prep->by->pobj->government->amod->|amod
rel_122	Ent[ent_39]	Ent[ent_38]	Cnooc	Chinese	poss|<-poss<-defeat<-pobj<-over<-prep<-resentment<-nsubj<-disrupt->dobj->relationship->nn->|nn
rel_122	Ent[ent_39]	Ent[ent_38]	Cnooc	Chinese	poss|<-poss<-attempt<-pobj<-of<-prep<-failure<-nsubj<-galling->prep->to->pobj->|pobj
rel_299	Ent[ent_39]	Ent[ent_38]	Cnooc	Chinese	pobj|<-pobj<-of<-prep<-board->appos->company->amod->|amod
rel_299	Ent[ent_39]	Ent[ent_38]	Cnooc	Chinese	nsubj|<-nsubj<-wagering->partmod->spend->advmod->significantly->dep->than->pobj->concern->amod->|amod
rel_299	Ent[ent_39]	Ent[ent_38]	Cnooc	Chinese	nsubj|<-nsubj<-step->prep->in->pobj->strategy->amod->|amod
rel_299	Ent[ent_39]	Ent[ent_38]	Cnooc	Chinese	nsubj|<-nsubj<-percent->partmod->own->prep->by->pobj->government->amod->|amod
rel_122	Ent[ent_39]	Ent[ent_38]	Cnooc	Chinese	nsubj|<-nsubj<-company->amod->|amod
rel_330	Ent[ent_4]	Ent[ent_35]	Yasir Arafat	Palestinian	appos|->appos->leader->amod->|amod
rel_330	Ent[ent_4]	Ent[ent_35]	Yasir Arafat	Palestinian	appos|->appos->head->prep->of->pobj->|pobj
rel_294	Ent[ent_1254]	Ent[ent_35]	Yasir Arafat	Palestinian	appos|->appos->chairman->prep->of->pobj->|pobj
rel_134	Ent[ent_4]	Ent[ent_866]	Yasir Arafat	Palestinian	appos|->appos->leader->prep->of->pobj->|pobj
rel_399	Ent[ent_1254]	Ent[ent_224]	Yasir Arafat	Palestinian	appos|->appos->president->prep->of->pobj->|pobj
rel_294	Ent[ent_1254]	Ent[ent_35]	Yasir Arafat	Palestinian	appos|->appos->president->amod->|amod
rel_330	Ent[ent_4]	Ent[ent_35]	Yasir Arafat	Palestinian	appos|->appos->leader->nn->|nn
rel_355	Ent[ent_1254]	Ent[ent_866]	Yasir Arafat	Palestinian	poss|<-poss<-article->prep->on->pobj->vision->amod->|amod
rel_294	Ent[ent_1254]	Ent[ent_35]	Yasir Arafat	Palestinian	pobj|<-pobj<-of<-prep<-removal->prep->as->pobj->leader->prep->of->pobj->|pobj
rel_330	Ent[ent_4]	Ent[ent_35]	Yasir Arafat	Palestinian	dobj|<-dobj<-succeed->prep->as->pobj->president->amod->|amod
rel_330	Ent[ent_1284]	Ent[ent_37]	Mikhail S. Gorbachev	Soviet	appos|->appos->leader->amod->|amod
rel_330	Ent[ent_1284]	Ent[ent_37]	Mikhail S. Gorbachev	Soviet	appos|->appos->president->nn->|nn
rel_330	Ent[ent_1284]	Ent[ent_37]	Mikhail S. Gorbachev	Soviet	appos|->appos->president->amod->|amod
rel_330	Ent[ent_1284]	Ent[ent_37]	Mikhail S. Gorbachev	Soviet	appos|->appos->president->prep->of->pobj->|pobj
rel_250	Ent[ent_1284]	Ent[ent_37]	Mikhail S. Gorbachev	Soviet	nsubj|<-nsubj<-leader->amod->|amod
rel_330	Ent[ent_1284]	Ent[ent_37]	Mikhail S. Gorbachev	Soviet	appos|->appos->leader->prep->of->pobj->|pobj
rel_250	Ent[ent_1284]	Ent[ent_37]	Mikhail S. Gorbachev	Soviet	poss|<-poss<-restructuring->prep->in->pobj->|pobj
rel_250	Ent[ent_1284]	Ent[ent_37]	Mikhail S. Gorbachev	Soviet	poss|<-poss<-program->prep->of->pobj->change->prep->in->pobj->|pobj
rel_330	Ent[ent_1284]	Ent[ent_37]	Mikhail S. Gorbachev	Soviet	poss|<-poss<-program->prep->in->pobj->|pobj
rel_330	Ent[ent_1284]	Ent[ent_37]	Mikhail S. Gorbachev	Soviet	poss|<-poss<-vision->prep->of->pobj->|pobj
rel_40	Ent[ent_265]	Ent[ent_36]	Tom Daschle	Democratic	appos|->appos->leader->amod->|amod
rel_40	Ent[ent_265]	Ent[ent_36]	Tom Daschle	Democratic	appos|->appos->co-chairman->prep->of->pobj->|pobj
rel_40	Ent[ent_265]	Ent[ent_36]	Tom Daschle	Democratic	rcmod|->rcmod->talk->nsubj->senator->amod->|amod
rel_353	Ent[ent_265]	Ent[ent_1214]	Tom Daschle	Democratic	rcmod|->rcmod->serve->prep->as->pobj->leader->amod->|amod
rel_40	Ent[ent_265]	Ent[ent_36]	Tom Daschle	Democratic	pobj|<-pobj<-to<-prep<-letter->dep->leader->amod->|amod
rel_353	Ent[ent_265]	Ent[ent_1214]	Tom Daschle	Democratic	pobj|<-pobj<-of<-prep<-photo->rcmod->show->dobj->leader->amod->|amod
rel_40	Ent[ent_265]	Ent[ent_36]	Tom Daschle	Democratic	pobj|<-pobj<-of<-prep<-defeat<-dobj<-engineer->dep->leader->amod->|amod
rel_40	Ent[ent_265]	Ent[ent_36]	Tom Daschle	Democratic	pobj|<-pobj<-include<-prep<-parade<-nsubj<-attend->dobj->gathering->prep->of->pobj->|pobj
rel_180	Ent[ent_1097]	Ent[ent_1214]	Tom Daschle	Democratic	nsubj|<-nsubj<-tell->dobj->event->amod->|amod
rel_353	Ent[ent_265]	Ent[ent_1214]	Tom Daschle	Democratic	nsubj|<-nsubj<-tell->dep->part->prep->of->pobj->team->amod->|amod
rel_330	Ent[ent_261]	Ent[ent_263]	Bob Dole	Republican	appos|->appos->leader->amod->|amod
rel_330	Ent[ent_1208]	Ent[ent_263]	Bob Dole	Republican	appos|->appos->leader->nn->|nn
rel_394	Ent[ent_261]	Ent[ent_263]	Bob Dole	Republican	appos|->appos->nominee->nn->|nn
rel_394	Ent[ent_261]	Ent[ent_263]	Bob Dole	Republican	appos|->appos->nominee->amod->|amod
rel_330	Ent[ent_1208]	Ent[ent_263]	Bob Dole	Republican	appos|->appos->candidate->nn->|nn
rel_330	Ent[ent_261]	Ent[ent_263]	Bob Dole	Republican	appos|->appos->candidate->amod->|amod
rel_330	Ent[ent_1208]	Ent[ent_263]	Bob Dole	Republican	appos|->appos->front-runner->nn->|nn
rel_394	Ent[ent_261]	Ent[ent_263]	Bob Dole	Republican	appos|->appos->leader->prep->of->pobj->minority->amod->|amod
rel_330	Ent[ent_1208]	Ent[ent_263]	Bob Dole	Republican	appos|->appos->opponent->amod->|amod
rel_394	Ent[ent_261]	Ent[ent_263]	Bob Dole	Republican	appos|->appos->front-runner->prep->for->pobj->nomination->nn->|nn
rel_57	Ent[ent_31]	Ent[ent_36]	Harry Reid	Democratic	appos|->appos->leader->amod->|amod
rel_353	Ent[ent_31]	Ent[ent_1214]	Harry Reid	Democratic	appos|->appos->whip->amod->|amod
rel_57	Ent[ent_31]	Ent[ent_36]	Harry Reid	Democratic	appos|->appos->incumbent->amod->|amod
rel_353	Ent[ent_31]	Ent[ent_1214]	Harry Reid	Democratic	appos|->appos->counterpart->amod->|amod
rel_168	Ent[ent_49]	Ent[ent_1214]	Harry Reid	Democratic	rcmod|->rcmod->tell->nsubj->leader->amod->|amod
rel_353	Ent[ent_31]	Ent[ent_1214]	Harry Reid	Democratic	rcmod|->rcmod->leader->amod->|amod
rel_57	Ent[ent_31]	Ent[ent_36]	Harry Reid	Democratic	rcmod|->rcmod->lead->dobj->attack->amod->|amod
rel_57	Ent[ent_31]	Ent[ent_36]	Harry Reid	Democratic	rcmod|->rcmod->dismiss->nsubj->leader->amod->|amod
rel_57	Ent[ent_31]	Ent[ent_36]	Harry Reid	Democratic	pobj|<-pobj<-with<-prep<-meeting<-pobj<-in<-prep<-say->nsubj->leader->amod->|amod
rel_57	Ent[ent_31]	Ent[ent_36]	Harry Reid	Democratic	pobj|<-pobj<-to<-prep<-belong<-partmod<-week<-pobj<-until<-prep<-leader->amod->|amod
rel_40	Ent[ent_30]	Ent[ent_743]	Nancy Pelosi	Democratic	appos|->appos->leader->amod->|amod
rel_330	Ent[ent_30]	Ent[ent_1214]	Nancy Pelosi	Democratic	appos|->appos->whip->amod->|amod
rel_330	Ent[ent_30]	Ent[ent_1214]	Nancy Pelosi	Democratic	appos|->appos->leader->nn->|nn
rel_173	Ent[ent_30]	Ent[ent_36]	Nancy Pelosi	Democratic	appos|->appos->chairman->amod->|amod
rel_168	Ent[ent_49]	Ent[ent_1214]	Nancy Pelosi	Democratic	rcmod|->rcmod->raise->prep->for->pobj->|pobj
rel_173	Ent[ent_30]	Ent[ent_36]	Nancy Pelosi	Democratic	appos|->appos->speaker->amod->|amod
rel_173	Ent[ent_30]	Ent[ent_36]	Nancy Pelosi	Democratic	appos|->appos->member->amod->|amod
rel_330	Ent[ent_30]	Ent[ent_1214]	Nancy Pelosi	Democratic	appos|->appos->fund-raiser->amod->|amod
rel_173	Ent[ent_30]	Ent[ent_36]	Nancy Pelosi	Democratic	appos|->appos->chairman->nn->|nn
rel_330	Ent[ent_30]	Ent[ent_1214]	Nancy Pelosi	Democratic	appos|->appos->activist->nn->|nn
rel_40	Ent[ent_33]	Ent[ent_32]	Col. Muammar el-Qaddafi	Libyan	appos|->appos->leader->amod->|amod
rel_57	Ent[ent_33]	Ent[ent_32]	Col. Muammar el-Qaddafi	Libyan	rcmod|->rcmod->report->nsubj->media->amod->|amod
rel_57	Ent[ent_33]	Ent[ent_32]	Col. Muammar el-Qaddafi	Libyan	rcmod|->rcmod->explain->nsubj->dictator->amod->|amod
rel_40	Ent[ent_33]	Ent[ent_32]	Col. Muammar el-Qaddafi	Libyan	poss|<-poss<-government<-nsubj<-turn->dobj->suspect->amod->|amod
rel_57	Ent[ent_33]	Ent[ent_32]	Col. Muammar el-Qaddafi	Libyan	poss|<-poss<-critic->amod->|amod
rel_40	Ent[ent_33]	Ent[ent_32]	Col. Muammar el-Qaddafi	Libyan	pobj|<-pobj<-with<-prep<-saturday->appos->leader->amod->|amod
rel_40	Ent[ent_33]	Ent[ent_32]	Col. Muammar el-Qaddafi	Libyan	pobj|<-pobj<-with<-prep<-accord->rcmod->end->dobj->backing->amod->|amod
rel_57	Ent[ent_33]	Ent[ent_32]	Col. Muammar el-Qaddafi	Libyan	pobj|<-pobj<-to<-prep<-faction->dep->leader->amod->|amod
rel_57	Ent[ent_33]	Ent[ent_32]	Col. Muammar el-Qaddafi	Libyan	pobj|<-pobj<-of<-prep<-view<-dobj<-echo<-rcmod<-press<-nsubj<-criticize->dobj->call->poss->leader->amod->|amod
rel_40	Ent[ent_33]	Ent[ent_32]	Col. Muammar el-Qaddafi	Libyan	pobj|<-pobj<-against<-prep<-rants<-nsubj<-turn->dobj->welcome->prep->for->pobj->|pobj
rel_40	Ent[ent_264]	Ent[ent_1214]	Richard A. Gephardt	Democratic	appos|->appos->leader->amod->|amod
rel_351	Ent[ent_264]	Ent[ent_36]	Richard A. Gephardt	Democratic	appos|->appos->candidate->amod->|amod
rel_40	Ent[ent_264]	Ent[ent_1214]	Richard A. Gephardt	Democratic	appos|->appos->candidate->prep->for->pobj->nomination->amod->|amod
rel_351	Ent[ent_264]	Ent[ent_36]	Richard A. Gephardt	Democratic	appos|->appos->hopeful->amod->|amod
rel_351	Ent[ent_264]	Ent[ent_36]	Richard A. Gephardt	Democratic	appos|->appos->leader->prep->of->pobj->majority->amod->|amod
rel_40	Ent[ent_264]	Ent[ent_1214]	Richard A. Gephardt	Democratic	dobj|<-dobj<-endorse->prep->for->pobj->nomination->amod->|amod
rel_351	Ent[ent_264]	Ent[ent_36]	Richard A. Gephardt	Democratic	appos|->appos->whip->amod->|amod
rel_351	Ent[ent_264]	Ent[ent_36]	Richard A. Gephardt	Democratic	appos|->appos->leader->nn->|nn
rel_40	Ent[ent_264]	Ent[ent_1214]	Richard A. Gephardt	Democratic	rcmod|->rcmod->seek->dobj->nomination->amod->|amod
rel_351	Ent[ent_264]	Ent[ent_36]	Richard A. Gephardt	Democratic	rcmod|->rcmod->leader->amod->|amod
rel_40	Ent[ent_267]	Ent[ent_745]	Trent Lott	Republican	appos|->appos->leader->amod->|amod
rel_136	Ent[ent_267]	Ent[ent_263]	Trent Lott	Republican	appos|->appos->leader->nn->|nn
rel_108	Ent[ent_267]	Ent[ent_571]	Trent Lott	Republican	appos|->appos->whip->nn->|nn
rel_136	Ent[ent_267]	Ent[ent_263]	Trent Lott	Republican	appos|<-appos<-leader->appos->|appos
rel_136	Ent[ent_267]	Ent[ent_263]	Trent Lott	Republican	nsubj|<-nsubj<-announce->prep->after->pobj->meeting->prep->with->pobj->|pobj
rel_40	Ent[ent_267]	Ent[ent_745]	Trent Lott	Republican	nsubjpass|<-nsubjpass<-depose->prep->as->pobj->leader->amod->|amod
rel_136	Ent[ent_267]	Ent[ent_263]	Trent Lott	Republican	nsubj|<-nsubj<-step->prep->as->pobj->leader->nn->|nn
rel_27	Ent[ent_267]	Ent[ent_534]	Trent Lott	Republican	nsubj|<-nsubj<-resign->prep->as->pobj->leader->nn->|nn
rel_136	Ent[ent_267]	Ent[ent_263]	Trent Lott	Republican	nsubj|<-nsubj<-presence->amod->|amod
rel_136	Ent[ent_267]	Ent[ent_263]	Trent Lott	Republican	nsubj|<-nsubj<-deliver->dobj->response->amod->|amod
rel_351	Ent[ent_49]	Ent[ent_36]	George J. Mitchell	Democratic	appos|->appos->leader->amod->|amod
rel_351	Ent[ent_49]	Ent[ent_36]	George J. Mitchell	Democratic	appos|->appos->senator->amod->|amod
rel_351	Ent[ent_49]	Ent[ent_36]	George J. Mitchell	Democratic	appos|->appos->leader->prep->of->pobj->majority->amod->|amod
rel_168	Ent[ent_49]	Ent[ent_1214]	George J. Mitchell	Democratic	dobj|<-dobj<-meet->prep->with->pobj->senator->amod->|amod
rel_168	Ent[ent_49]	Ent[ent_1214]	George J. Mitchell	Democratic	appos|->appos->majority->amod->|amod
rel_168	Ent[ent_49]	Ent[ent_1214]	George J. Mitchell	Democratic	rcmod|->rcmod->serve->prep->as->pobj->leader->amod->|amod
rel_168	Ent[ent_49]	Ent[ent_1214]	George J. Mitchell	Democratic	rcmod|->rcmod->lead->dobj->party->amod->|amod
rel_351	Ent[ent_49]	Ent[ent_36]	George J. Mitchell	Democratic	pobj|<-pobj<-of<-prep<-the->prep->to->pobj->leader->amod->|amod
rel_168	Ent[ent_49]	Ent[ent_1214]	George J. Mitchell	Democratic	pobj|<-pobj<-by<-prep<-transcript->prep->for->pobj->response->amod->|amod
rel_168	Ent[ent_49]	Ent[ent_1214]	George J. Mitchell	Democratic	nsubj|<-nsubj<-urge->dobj->senators->amod->|amod
rel_179	Ent[ent_46]	Ent[ent_45]	Mr. Pagones	William E. Stanton	poss|<-poss<-lawyer->appos->|appos
rel_179	Ent[ent_46]	Ent[ent_45]	Mr. Pagones	William E. Stanton	rcmod|->rcmod->say->nsubj->lawyer->appos->|appos
rel_179	Ent[ent_46]	Ent[ent_45]	Mr. Pagones	William E. Stanton	poss|<-poss<-lawyer<-pobj<-of<-prep<-action<-dobj<-lambast<-rcmod<-today->appos->|appos
rel_179	Ent[ent_46]	Ent[ent_45]	Mr. Pagones	William E. Stanton	poss|<-poss<-lawyer<-pobj<-by<-prep<-speak<-dep<-say->nsubj->|nsubj
rel_179	Ent[ent_46]	Ent[ent_45]	Mr. Pagones	William E. Stanton	poss|<-poss<-lawyer<-pobj<-by<-prep<-ask->dobj->|dobj
rel_69	Ent[ent_48]	Ent[ent_47]	Mr. Skakel	Michael Sherman	poss|<-poss<-lawyer->appos->|appos
rel_276	Ent[ent_48]	Ent[ent_47]	Mr. Skakel	Michael Sherman	poss|<-poss<-lawyer<-pobj<-by<-dep<-under<-prep<-acknowledge->nsubj->|nsubj
rel_276	Ent[ent_48]	Ent[ent_47]	Mr. Skakel	Michael Sherman	poss|<-poss<-attorney->appos->|appos
rel_69	Ent[ent_48]	Ent[ent_47]	Mr. Skakel	Michael Sherman	poss|<-poss<-lawyer<-pobj<-to<-prep<-|prep
rel_276	Ent[ent_48]	Ent[ent_47]	Mr. Skakel	Michael Sherman	poss|<-poss<-lawyer<-pobj<-by<-prep<-cross-examined->appos->|appos
rel_69	Ent[ent_48]	Ent[ent_47]	Mr. Skakel	Michael Sherman	poss|<-poss<-lawyer<-pobj<-by<-prep<-concede->nsubj->|nsubj
rel_276	Ent[ent_48]	Ent[ent_47]	Mr. Skakel	Michael Sherman	poss|<-poss<-lawyer<-appos<-judge->appos->|appos
rel_69	Ent[ent_48]	Ent[ent_47]	Mr. Skakel	Michael Sherman	nsubj|<-nsubj<-spend->dobj->|dobj
rel_276	Ent[ent_48]	Ent[ent_47]	Mr. Skakel	Michael Sherman	dobj|<-dobj<-sentence<-partmod<-judge->appos->|appos
rel_75	Ent[ent_42]	Ent[ent_425]	Mr. Sharpton	Michael A. Hardy	poss|<-poss<-lawyer->appos->|appos
rel_393	Ent[ent_42]	Ent[ent_41]	Mr. Sharpton	Michael A. Hardy	rcmod|->rcmod->sit->prep->as->pobj->lawyer->appos->|appos
rel_393	Ent[ent_42]	Ent[ent_41]	Mr. Sharpton	Michael A. Hardy	poss|<-poss<-lawyer<-pobj<-of<-prep<-shouting<-pobj<-with<-prep<-echo<-partmod<-courtroom<-appos<-today->appos->|appos
rel_393	Ent[ent_42]	Ent[ent_41]	Mr. Sharpton	Michael A. Hardy	poss|<-poss<-lawyer<-pobj<-by<-prep<-cross-examination<-dobj<-undergo<-partmod<-stand<-pobj<-on<-prep<-spend->dobj->|dobj
rel_393	Ent[ent_42]	Ent[ent_41]	Mr. Sharpton	Michael A. Hardy	poss|<-poss<-lawyer<-dobj<-tell->dobj->|dobj
rel_393	Ent[ent_42]	Ent[ent_41]	Mr. Sharpton	Michael A. Hardy	pobj|<-pobj<-to<-prep<-question<-nsubj<-interrupted->dep->|dep
rel_393	Ent[ent_42]	Ent[ent_41]	Mr. Sharpton	Michael A. Hardy	dobj|<-dobj<-call->dep->|dep
rel_232	Ent[ent_44]	Ent[ent_43]	Mr. Gotti	Bruce Cutler	poss|<-poss<-lawyer->appos->|appos
rel_232	Ent[ent_44]	Ent[ent_43]	Mr. Gotti	Bruce Cutler	poss|<-poss<-counsel->appos->|appos
rel_232	Ent[ent_44]	Ent[ent_43]	Mr. Gotti	Bruce Cutler	poss|<-poss<-lawyer<-pobj<-of<-prep<-style<-pobj<-of<-prep<-more<-dobj<-have->dep->|dep
rel_208	Ent[ent_44]	Ent[ent_926]	Mr. Gotti	Bruce Cutler	poss|<-poss<-lawyer->dep->|dep
rel_232	Ent[ent_44]	Ent[ent_43]	Mr. Gotti	Bruce Cutler	nsubjpass|<-nsubjpass<-defend->prep->by->pobj->|pobj
rel_355	Ent[ent_44]	Ent[ent_43]	Mr. Gotti	Bruce Cutler	nsubj|<-nsubj<-tell->dobj->|dobj
rel_232	Ent[ent_44]	Ent[ent_43]	Mr. Gotti	Bruce Cutler	nsubj|<-nsubj<-say->prep->to->pobj->counsel->appos->|appos
rel_232	Ent[ent_44]	Ent[ent_43]	Mr. Gotti	Bruce Cutler	nsubj|<-nsubj<-deny->nsubj->|nsubj
rel_232	Ent[ent_827]	Ent[ent_40]	Mr. Clinton	David E. Kendall	poss|<-poss<-lawyer->appos->|appos
rel_232	Ent[ent_827]	Ent[ent_40]	Mr. Clinton	David E. Kendall	poss|<-poss<-team->prep->include->pobj->|pobj
rel_144	Ent[ent_651]	Ent[ent_40]	Mr. Clinton	David E. Kendall	poss|<-poss<-response->rcmod->say->nsubj->lawyer->appos->|appos
rel_141	Ent[ent_827]	Ent[ent_40]	Mr. Clinton	David E. Kendall	poss|<-poss<-lead<-dobj<-confront->dobj->|dobj
rel_232	Ent[ent_827]	Ent[ent_40]	Mr. Clinton	David E. Kendall	poss|<-poss<-lawyer<-pobj<-with<-prep<-sit->dobj->|dobj
rel_144	Ent[ent_651]	Ent[ent_40]	Mr. Clinton	David E. Kendall	poss|<-poss<-lawyer<-pobj<-of<-prep<-style<-pobj<-to<-prep<-tonic->appos->|appos
rel_232	Ent[ent_827]	Ent[ent_40]	Mr. Clinton	David E. Kendall	poss|<-poss<-lawyer<-pobj<-from<-prep<-statement->appos->|appos
rel_144	Ent[ent_651]	Ent[ent_40]	Mr. Clinton	David E. Kendall	poss|<-poss<-lawyer<-pobj<-for<-prep<-grant<-partmod<-time->appos->|appos
rel_141	Ent[ent_827]	Ent[ent_40]	Mr. Clinton	David E. Kendall	poss|<-poss<-lawyer<-pobj<-by<-prep<-plea->appos->|appos
rel_232	Ent[ent_827]	Ent[ent_40]	Mr. Clinton	David E. Kendall	poss|<-poss<-lawyer<-pobj<-by<-prep<-cross-examined->dobj->|dobj
rel_232	Ent[ent_891]	Ent[ent_890]	Mr. Simpson	Robert L. Shapiro	poss|<-poss<-lawyer->appos->|appos
rel_232	Ent[ent_891]	Ent[ent_890]	Mr. Simpson	Robert L. Shapiro	poss|<-poss<-counsel->appos->|appos
rel_232	Ent[ent_891]	Ent[ent_890]	Mr. Simpson	Robert L. Shapiro	poss|<-poss<-team<-pobj<-of<-prep<-chief<-pobj<-with<-prep<-do->nsubj->|nsubj
rel_232	Ent[ent_891]	Ent[ent_890]	Mr. Simpson	Robert L. Shapiro	poss|<-poss<-lawyer<-pobj<-of<-prep<-another->dep->|dep
rel_232	Ent[ent_891]	Ent[ent_890]	Mr. Simpson	Robert L. Shapiro	poss|<-poss<-life<-pobj<-into<-prep<-week<-dep<-craft->nsubj->|nsubj
rel_232	Ent[ent_891]	Ent[ent_890]	Mr. Simpson	Robert L. Shapiro	poss|<-poss<-left<-pobj<-to<-prep<-read->nsubj->|nsubj
rel_232	Ent[ent_891]	Ent[ent_890]	Mr. Simpson	Robert L. Shapiro	poss|<-poss<-lawyer<-pobj<-to<-prep<-say->dep->|dep
rel_232	Ent[ent_891]	Ent[ent_890]	Mr. Simpson	Robert L. Shapiro	poss|<-poss<-lawyer<-pobj<-of<-prep<-another->appos->|appos
rel_164	Ent[ent_508]	Ent[ent_890]	Mr. Simpson	Robert L. Shapiro	poss|<-poss<-lawyer<-pobj<-around<-prep<-swirl->appos->|appos
rel_232	Ent[ent_891]	Ent[ent_890]	Mr. Simpson	Robert L. Shapiro	poss|<-poss<-lawyer<-nsubj<-refuse->dobj->|dobj
rel_232	Ent[ent_891]	Ent[ent_651]	Mr. Simpson	Johnnie L. Cochran Jr.	poss|<-poss<-lawyer->appos->|appos
rel_232	Ent[ent_891]	Ent[ent_651]	Mr. Simpson	Johnnie L. Cochran Jr.	poss|<-poss<-lawyer<-pobj<-of<-prep<-argument<-dobj<-echo<-partmod<-say->nsubj->|nsubj
rel_232	Ent[ent_891]	Ent[ent_651]	Mr. Simpson	Johnnie L. Cochran Jr.	nsubj|<-nsubj<-embrace->dobj->|dobj
rel_232	Ent[ent_891]	Ent[ent_651]	Mr. Simpson	Johnnie L. Cochran Jr.	poss|<-poss<-lawyer<-pobj<-from<-prep<-objection->appos->|appos
rel_232	Ent[ent_891]	Ent[ent_651]	Mr. Simpson	Johnnie L. Cochran Jr.	poss|<-poss<-lawyer<-appos<-morning->appos->|appos
rel_232	Ent[ent_891]	Ent[ent_651]	Mr. Simpson	Johnnie L. Cochran Jr.	poss|<-poss<-counsel->appos->|appos
rel_298	Ent[ent_1063]	Ent[ent_553]	Mr. Kelly	Thomas P. Puccio	poss|<-poss<-lawyer->appos->|appos
rel_298	Ent[ent_1054]	Ent[ent_618]	Mr. Barry	R. Kenneth Mundy	poss|<-poss<-lawyer->appos->|appos
rel_298	Ent[ent_1054]	Ent[ent_618]	Mr. Barry	R. Kenneth Mundy	poss|<-poss<-lawyer<-pobj<-by<-dep<-under<-prep<-say->nsubj->|nsubj
rel_134	Ent[ent_1054]	Ent[ent_168]	Mr. Barry	R. Kenneth Mundy	pobj|<-pobj<-besides<-prep<-figure<-nsubj<-lawyer->appos->|appos
rel_134	Ent[ent_651]	Ent[ent_653]	Mr. Clinton	Robert S. Bennett	poss|<-poss<-lawyer->appos->|appos
rel_313	Ent[ent_827]	Ent[ent_653]	Mr. Clinton	Robert S. Bennett	poss|<-poss<-lawyer<-pobj<-to<-prep<-file->nsubj->|nsubj
rel_134	Ent[ent_651]	Ent[ent_653]	Mr. Clinton	Robert S. Bennett	poss|<-poss<-lawyer<-pobj<-of<-prep<-table<-pobj<-at<-prep<-seat<-partmod<-people->appos->|appos
rel_313	Ent[ent_827]	Ent[ent_653]	Mr. Clinton	Robert S. Bennett	poss|<-poss<-lawyer<-pobj<-of<-prep<-account<-pobj<-on<-prep<-write<-rcmod<-check->appos->|appos
rel_313	Ent[ent_827]	Ent[ent_653]	Mr. Clinton	Robert S. Bennett	nsubj|<-nsubj<-hire->dobj->lawyer->appos->|appos
rel_313	Ent[ent_827]	Ent[ent_653]	Mr. Clinton	Robert S. Bennett	nsubj|<-nsubj<-hire->dobj->|dobj
rel_313	Ent[ent_827]	Ent[ent_653]	Mr. Clinton	Robert S. Bennett	nsubj|<-nsubj<-candid->prep->with->pobj->lawyer->dep->|dep
rel_399	Ent[ent_895]	Ent[ent_410]	John C. Bogle	Vanguard Group	appos|->appos->founder->prep->of->pobj->|pobj
rel_399	Ent[ent_895]	Ent[ent_410]	John C. Bogle	Vanguard Group	appos|->appos->chairman->prep->of->pobj->|pobj
rel_399	Ent[ent_895]	Ent[ent_410]	John C. Bogle	Vanguard Group	appos|->appos->executive->prep->of->pobj->|pobj
rel_364	Ent[ent_895]	Ent[ent_410]	John C. Bogle	Vanguard Group	rcmod|->rcmod->reserve->nsubj->emeritus->prep->of->pobj->|pobj
rel_364	Ent[ent_895]	Ent[ent_410]	John C. Bogle	Vanguard Group	nsubj|<-nsubj<-founder->prep->of->pobj->|pobj
rel_364	Ent[ent_895]	Ent[ent_410]	John C. Bogle	Vanguard Group	nsubj|<-nsubj<-establish->dobj->|dobj
rel_399	Ent[ent_895]	Ent[ent_410]	John C. Bogle	Vanguard Group	cc|->cc->founder->prep->of->pobj->|pobj
rel_399	Ent[ent_895]	Ent[ent_410]	John C. Bogle	Vanguard Group	appos|<-appos<-page->appos->founder->prep->of->pobj->|pobj
rel_353	Ent[ent_895]	Ent[ent_50]	John C. Bogle	Vanguard Group	appos|->appos->founder->prep->of->pobj->|pobjón_,_the_university_also_gave_honorary_degrees_to_Paul_A._Volcker_,_the_former_chairman_of_the_Federal_Reserve_Board_;_John_C._Bogle_,_the_founder_of_Vanguard_Group_Investment_Companies_;_and_George_Dawson_,_the_grandson_of_slaves_,_who_learned_to_read_when_he_was_98_and_last_year_published_a_memoir_,_''_Life_Is_So_Good_''_(_Random_House_)_,_written_with_Richard_Glaubman_. lex#,_the_founder_of pos#,_DT_NN_IN lc#; rc#;_and
rel_353	Ent[ent_895]	Ent[ent_50]	John C. Bogle	Vanguard Group	appos|->appos->founder->prep->of->pobj->company->nn->|nn
rel_399	Ent[ent_652]	Ent[ent_142]	Pat Robertson	Christian Coalition	appos|->appos->founder->prep->of->pobj->|pobj
rel_330	Ent[ent_652]	Ent[ent_142]	Pat Robertson	Christian Coalition	appos|->appos->head->prep->of->pobj->|pobj
rel_399	Ent[ent_652]	Ent[ent_142]	Pat Robertson	Christian Coalition	nsubj|<-nsubj<-resign->prep->as->pobj->president->prep->of->pobj->|pobj
rel_330	Ent[ent_652]	Ent[ent_142]	Pat Robertson	Christian Coalition	rcmod|->rcmod->emerge->nsubj->|nsubj
rel_330	Ent[ent_652]	Ent[ent_142]	Pat Robertson	Christian Coalition	poss|<-poss<-remark->prep->to->pobj->member->nn->|nn
rel_330	Ent[ent_652]	Ent[ent_142]	Pat Robertson	Christian Coalition	appos|->appos->president->prep->of->pobj->|pobj
rel_330	Ent[ent_652]	Ent[ent_142]	Pat Robertson	Christian Coalition	appos|->appos->leader->prep->of->pobj->|pobj
rel_399	Ent[ent_652]	Ent[ent_142]	Pat Robertson	Christian Coalition	appos|->appos->chairman->prep->of->pobj->|pobj
rel_399	Ent[ent_652]	Ent[ent_142]	Pat Robertson	Christian Coalition	appos|->appos->chairman->nn->|nn
rel_330	Ent[ent_652]	Ent[ent_142]	Pat Robertson	Christian Coalition	appos|->appos->broadcaster->rcmod->found->dobj->|dobj
rel_399	Ent[ent_894]	Ent[ent_1105]	Randall Terry	Operation Rescue	appos|->appos->founder->prep->of->pobj->|pobj
rel_399	Ent[ent_894]	Ent[ent_1105]	Randall Terry	Operation Rescue	appos|->appos->leader->prep->of->pobj->|pobj
rel_399	Ent[ent_894]	Ent[ent_1105]	Randall Terry	Operation Rescue	appos|->appos->head->prep->of->pobj->|pobj
rel_399	Ent[ent_894]	Ent[ent_1105]	Randall Terry	Operation Rescue	appos|->appos->director->prep->of->pobj->|pobj
rel_399	Ent[ent_894]	Ent[ent_1105]	Randall Terry	Operation Rescue	appos|->appos->host->rcmod->lead->dobj->protest->nn->|nn
rel_399	Ent[ent_894]	Ent[ent_1105]	Randall Terry	Operation Rescue	appos|->appos->founder->prep->of->pobj->group->dep->|dep
rel_399	Ent[ent_894]	Ent[ent_1105]	Randall Terry	Operation Rescue	rcmod|->rcmod->run->dobj->|dobj
rel_355	Ent[ent_894]	Ent[ent_1105]	Randall Terry	Operation Rescue	rcmod|->rcmod->lead->nsubj->|nsubj
rel_399	Ent[ent_894]	Ent[ent_1105]	Randall Terry	Operation Rescue	rcmod|->rcmod->head->prep->of->pobj->movement->nn->|nn
rel_399	Ent[ent_894]	Ent[ent_1105]	Randall Terry	Operation Rescue	rcmod|->rcmod->head->dobj->|dobj
rel_301	Ent[ent_409]	Ent[ent_1106]	Ted Turner	CNN	appos|->appos->founder->prep->of->pobj->|pobj
rel_192	Ent[ent_409]	Ent[ent_1106]	Ted Turner	CNN	appos|->appos->founder->poss->|poss
rel_301	Ent[ent_409]	Ent[ent_1106]	Ted Turner	CNN	appos|->appos->founder->nn->|nn
rel_301	Ent[ent_409]	Ent[ent_1106]	Ted Turner	CNN	rcmod|->rcmod->chairman->prep->in->pobj->merger->prep->of->pobj->|pobj
rel_301	Ent[ent_409]	Ent[ent_1106]	Ted Turner	CNN	prep|->prep->of->pobj->fame->nn->|nn
rel_192	Ent[ent_409]	Ent[ent_1106]	Ted Turner	CNN	prep|->prep->include->pobj->|pobj
rel_192	Ent[ent_409]	Ent[ent_1106]	Ted Turner	CNN	poss|<-poss<-network->dep->|dep
rel_301	Ent[ent_409]	Ent[ent_1106]	Ted Turner	CNN	poss|<-poss<-invention->prep->of->pobj->|pobj
rel_301	Ent[ent_409]	Ent[ent_1106]	Ted Turner	CNN	poss|<-poss<-earnings->prep->from->pobj->|pobj
rel_301	Ent[ent_409]	Ent[ent_1106]	Ted Turner	CNN	pobj|<-pobj<-except<-prep<-elude->prep->as->pobj->founder->prep->of->pobj->|pobj
rel_399	Ent[ent_1107]	Ent[ent_1108]	Kenneth J. McCarthy	Economic Intelligence Company	appos|->appos->founder->prep->of->pobj->|pobj
rel_399	Ent[ent_1107]	Ent[ent_1108]	Kenneth J. McCarthy	Economic Intelligence Company	appos|->appos->head->prep->of->pobj->|pobj
rel_399	Ent[ent_1107]	Ent[ent_1108]	Kenneth J. McCarthy	Economic Intelligence Company	rcmod|->rcmod->head->dobj->|dobj
rel_399	Ent[ent_587]	Ent[ent_102]	Ken McCarthy	Economic Intelligence Company	appos|->appos->founder->prep->of->pobj->|pobj
rel_330	Ent[ent_141]	Ent[ent_1108]	Ken McCarthy	Economic Intelligence Company	appos|->appos->head->prep->of->pobj->|pobj
rel_102	Ent[ent_402]	Ent[ent_644]	Curtis Sliwa	Guardian Angels	appos|->appos->founder->prep->of->pobj->|pobj
rel_330	Ent[ent_402]	Ent[ent_644]	Curtis Sliwa	Guardian Angels	appos|->appos->founder->nn->|nn
rel_330	Ent[ent_402]	Ent[ent_644]	Curtis Sliwa	Guardian Angels	appos|->appos->head->prep->of->pobj->|pobj
rel_102	Ent[ent_402]	Ent[ent_644]	Curtis Sliwa	Guardian Angels	appos|->appos->leader->prep->of->pobj->patrol->nn->|nn
rel_330	Ent[ent_402]	Ent[ent_644]	Curtis Sliwa	Guardian Angels	appos|->appos->leader->prep->of->pobj->|pobj
rel_330	Ent[ent_402]	Ent[ent_644]	Curtis Sliwa	Guardian Angels	appos|->appos->leader->nn->|nn
rel_102	Ent[ent_402]	Ent[ent_644]	Curtis Sliwa	Guardian Angels	appos|->appos->founder->prep->of->pobj->patrol->nn->|nn
rel_102	Ent[ent_402]	Ent[ent_644]	Curtis Sliwa	Guardian Angels	rcmod|->rcmod->found->dobj->|dobj
rel_102	Ent[ent_402]	Ent[ent_644]	Curtis Sliwa	Guardian Angels	dobj|<-dobj<-know->prep->as->pobj->founder->prep->of->pobj->|pobj
rel_330	Ent[ent_402]	Ent[ent_644]	Curtis Sliwa	Guardian Angels	appos|->appos->leader->poss->|poss
rel_294	Ent[ent_886]	Ent[ent_1230]	Bill Gates	Microsoft	appos|->appos->chairman->prep->of->pobj->|pobj
rel_399	Ent[ent_886]	Ent[ent_302]	Bill Gates	Microsoft	appos|->appos->chairman->poss->|poss
rel_399	Ent[ent_886]	Ent[ent_302]	Bill Gates	Microsoft	appos|->appos->chairman->nn->|nn
rel_399	Ent[ent_886]	Ent[ent_302]	Bill Gates	Microsoft	appos|->appos->founder->prep->of->pobj->|pobj
rel_197	Ent[ent_886]	Ent[ent_302]	Bill Gates	Microsoft	appos|->appos->co-founder->poss->|poss
rel_399	Ent[ent_886]	Ent[ent_302]	Bill Gates	Microsoft	appos|->appos->co-founder->prep->of->pobj->|pobj
rel_18	Ent[ent_886]	Ent[ent_302]	Bill Gates	Microsoft	nsubj|<-nsubj<-found->dobj->|dobj
rel_399	Ent[ent_886]	Ent[ent_302]	Bill Gates	Microsoft	appos|->appos->founder->poss->|poss
rel_379	Ent[ent_886]	Ent[ent_302]	Bill Gates	Microsoft	poss|<-poss<-turn<-nsubjpass<-link->prep->to->pobj->problem->rcmod->have->nsubj->|nsubj
rel_18	Ent[ent_886]	Ent[ent_302]	Bill Gates	Microsoft	pobj|<-pobj<-with<-prep<-co-founded<-rcmod<-shareholder<-pobj<-as<-prep<-worth->prep->in->pobj->stock->nn->|nn
rel_358	Ent[ent_401]	Ent[ent_76]	Mustafa Kemal Ataturk	Turkey	appos|->appos->founder->prep->of->pobj->|pobj
rel_358	Ent[ent_401]	Ent[ent_76]	Mustafa Kemal Ataturk	Turkey	rcmod|->rcmod->wrench->dobj->|dobj
rel_358	Ent[ent_401]	Ent[ent_76]	Mustafa Kemal Ataturk	Turkey	rcmod|->rcmod->found->dobj->|dobj
rel_358	Ent[ent_401]	Ent[ent_76]	Mustafa Kemal Ataturk	Turkey	rcmod|->rcmod->forge->dobj->|dobj
rel_358	Ent[ent_401]	Ent[ent_76]	Mustafa Kemal Ataturk	Turkey	pobj|<-pobj<-of<-prep<-life<-pobj<-with<-prep<-deal->appos->founder->prep->of->pobj->|pobj
rel_358	Ent[ent_401]	Ent[ent_76]	Mustafa Kemal Ataturk	Turkey	nsubj|<-nsubj<-see->prep->as->pobj->model->prep->for->pobj->|pobj
rel_358	Ent[ent_401]	Ent[ent_76]	Mustafa Kemal Ataturk	Turkey	dep|<-dep<--rrb-->appos->founder->prep->of->pobj->republic->prep->of->pobj->|pobj
rel_358	Ent[ent_401]	Ent[ent_76]	Mustafa Kemal Ataturk	Turkey	appos|->appos->leader->rcmod->transform->dobj->|dobj
rel_358	Ent[ent_401]	Ent[ent_76]	Mustafa Kemal Ataturk	Turkey	appos|->appos->founder->poss->|poss
rel_399	Ent[ent_343]	Ent[ent_585]	Samuel D. Waksal	ImClone Systems	appos|->appos->executive->prep->of->pobj->|pobj
rel_399	Ent[ent_343]	Ent[ent_585]	Samuel D. Waksal	ImClone Systems	appos|->appos->founder->prep->of->pobj->|pobj
rel_399	Ent[ent_343]	Ent[ent_585]	Samuel D. Waksal	ImClone Systems	pobj|<-pobj<-of<-prep<-sale<-pobj<-in<-prep<-chief->appos->executive->prep->of->pobj->|pobj
rel_399	Ent[ent_343]	Ent[ent_585]	Samuel D. Waksal	ImClone Systems	appos|->appos->president->prep->of->pobj->|pobj
rel_330	Ent[ent_343]	Ent[ent_585]	Samuel D. Waksal	ImClone Systems	appos|->appos->founder->nn->|nn
rel_399	Ent[ent_343]	Ent[ent_585]	Samuel D. Waksal	ImClone Systems	appos|->appos->chief->prep->of->pobj->|pobj
rel_330	Ent[ent_343]	Ent[ent_585]	Samuel D. Waksal	ImClone Systems	appos|->appos->chief->nn->|nn
rel_13	Ent[ent_513]	Ent[ent_119]	Robert	Manhattan	appos|<-appos<-son->prep->of->pobj->|pobj
rel_27	Ent[ent_513]	Ent[ent_1240]	Robert	Manhattan	appos|<-appos<-brother->prep->of->pobj->|pobj
rel_4	Ent[ent_643]	Ent[ent_333]	Robert	Manhattan	appos|<-appos<-son->dep->daughter->prep->of->pobj->|pobj
rel_164	Ent[ent_643]	Ent[ent_119]	Robert	Manhattan	rcmod|->rcmod->live->prep->in->pobj->|pobj
rel_136	Ent[ent_513]	Ent[ent_333]	Robert	Manhattan	pobj|<-pobj<-besides<-prep<-leave->dep->son->prep->of->pobj->|pobj
rel_4	Ent[ent_643]	Ent[ent_333]	Robert	Manhattan	nsubj|<-nsubj<-get->prep->to->pobj->|pobj
rel_27	Ent[ent_513]	Ent[ent_1240]	Robert	Manhattan	nsubj|<-nsubj<-bring->prep->into->pobj->|pobj
rel_164	Ent[ent_643]	Ent[ent_119]	Robert	Manhattan	nn|<-nn<-letter->prep->on->pobj->photo->prep->of->pobj->building->prep->in->pobj->|pobj
rel_338	Ent[ent_643]	Ent[ent_1240]	Robert	Manhattan	nn|<-nn<-3d->prep->of->pobj->|pobj
rel_4	Ent[ent_643]	Ent[ent_333]	Robert	Manhattan	dobj|<-dobj<-survive->dobj->daughter->prep->of->pobj->|pobj
rel_353	Ent[ent_885]	Ent[ent_119]	Peter	Manhattan	appos|<-appos<-son->prep->of->pobj->|pobj
rel_353	Ent[ent_885]	Ent[ent_119]	Peter	Manhattan	poss|<-poss<-church->prep->in->pobj->|pobj
rel_328	Ent[ent_885]	Ent[ent_333]	Peter	Manhattan	appos|<-appos<-son->dep->daughter->prep->of->pobj->|pobj
rel_328	Ent[ent_885]	Ent[ent_333]	Peter	Manhattan	appos|<-appos<-brother<-dep<-daughter->prep->of->pobj->|pobj
rel_328	Ent[ent_885]	Ent[ent_333]	Peter	Manhattan	poss|<-poss<-selection->appos->|appos
rel_328	Ent[ent_885]	Ent[ent_333]	Peter	Manhattan	poss|<-poss<-point->prep->out->dep->of->pobj->turnover->nn->|nn
rel_20	Ent[ent_885]	Ent[ent_1240]	Peter	Manhattan	poss|<-poss<-point->prep->against->pobj->defense->nn->|nn
rel_353	Ent[ent_885]	Ent[ent_119]	Peter	Manhattan	poss|<-poss<-place->appos->center->prep->in->pobj->|pobj
rel_20	Ent[ent_885]	Ent[ent_1240]	Peter	Manhattan	poss|<-poss<-church<-pobj<-at<-prep<-take->prep->in->pobj->|pobj
rel_20	Ent[ent_885]	Ent[ent_1240]	Peter	Manhattan	poss|<-poss<-church<-pobj<-at<-prep<-composition->prep->in->pobj->|pobj
rel_353	Ent[ent_404]	Ent[ent_1240]	Michael	Manhattan	appos|<-appos<-son->prep->of->pobj->|pobj
rel_353	Ent[ent_404]	Ent[ent_1240]	Michael	Manhattan	appos|<-appos<-brother->prep->of->pobj->|pobj
rel_353	Ent[ent_404]	Ent[ent_1240]	Michael	Manhattan	dep|<-dep<-son->prep->of->pobj->|pobj
rel_353	Ent[ent_404]	Ent[ent_1240]	Michael	Manhattan	appos|->appos->restaurant->nn->|nn
rel_353	Ent[ent_404]	Ent[ent_1240]	Michael	Manhattan	dep|->dep->street->appos->|appos
rel_185	Ent[ent_404]	Ent[ent_333]	Michael	Manhattan	rcmod|->rcmod->meet->prep->in->pobj->|pobj
rel_353	Ent[ent_404]	Ent[ent_1240]	Michael	Manhattan	rcmod|->rcmod->dealer->nn->|nn
rel_185	Ent[ent_404]	Ent[ent_333]	Michael	Manhattan	rcmod|->rcmod->be->prep->in->pobj->grade->prep->in->pobj->|pobj
rel_185	Ent[ent_404]	Ent[ent_333]	Michael	Manhattan	rcmod|->rcmod->bear->prep->in->pobj->|pobj
rel_353	Ent[ent_404]	Ent[ent_1240]	Michael	Manhattan	poss|<-poss<-tuesdays->nn->|nn
rel_110	Ent[ent_345]	Ent[ent_1240]	David	Manhattan	appos|<-appos<-son->prep->of->pobj->|pobj
rel_353	Ent[ent_646]	Ent[ent_483]	David	Manhattan	appos|<-appos<-brother->prep->of->pobj->|pobj
rel_77	Ent[ent_646]	Ent[ent_1240]	David	Manhattan	rcmod|->rcmod->live->prep->in->pobj->|pobj
rel_168	Ent[ent_646]	Ent[ent_333]	David	Manhattan	nsubj|<-nsubj<-die->prep->at->pobj->home->prep->in->pobj->|pobj
rel_298	Ent[ent_646]	Ent[ent_1223]	David	Manhattan	appos|<-appos<-son<-pobj<-by<-prep<-survive->dobj->daughter->prep->of->pobj->|pobj
rel_353	Ent[ent_646]	Ent[ent_483]	David	Manhattan	appos|<-appos<-son->dep->daughter->prep->of->pobj->|pobj
rel_168	Ent[ent_646]	Ent[ent_333]	David	Manhattan	appos|<-appos<-brother->advmod->also->dep->of->pobj->|pobj
rel_353	Ent[ent_646]	Ent[ent_483]	David	Manhattan	rcmod|->rcmod->practice->prep->in->pobj->|pobj
rel_353	Ent[ent_646]	Ent[ent_483]	David	Manhattan	prep|->prep->in->pobj->section->prep->of->pobj->|pobj
rel_353	Ent[ent_646]	Ent[ent_483]	David	Manhattan	poss|<-poss<-school->appos->school->prep->for->pobj->boy->prep->in->pobj->|pobj
rel_353	Ent[ent_888]	Ent[ent_333]	John	Manhattan	appos|<-appos<-son->prep->of->pobj->|pobj
rel_353	Ent[ent_888]	Ent[ent_333]	John	Manhattan	appos|<-appos<-brother->prep->of->pobj->|pobj
rel_353	Ent[ent_888]	Ent[ent_333]	John	Manhattan	nsubj|<-nsubj<-play->dobj->|dobj
rel_342	Ent[ent_888]	Ent[ent_119]	John	Manhattan	dep|->dep->divine->prep->in->pobj->|pobj
rel_353	Ent[ent_888]	Ent[ent_333]	John	Manhattan	poss|<-poss<-campus->nn->|nn
rel_185	Ent[ent_888]	Ent[ent_483]	John	Manhattan	nsubj|<-nsubj<-lose->prep->to->pobj->|pobj
rel_353	Ent[ent_888]	Ent[ent_333]	John	Manhattan	dep|<-dep<-son->prep->of->pobj->|pobj
rel_361	Ent[ent_888]	Ent[ent_1240]	John	Manhattan	appos|<-appos<-brother<-nsubj<-open->dobj->place->prep->in->pobj->|pobj
rel_361	Ent[ent_888]	Ent[ent_1240]	John	Manhattan	prep|->prep->by->pobj->partner->prep->at->pobj->firm->nn->|nn
rel_361	Ent[ent_888]	Ent[ent_1240]	John	Manhattan	poss|<-poss<-university<-nsubj<-reopen->prep->except->dep->for->pobj->campus->nn->|nn
rel_339	Ent[ent_403]	Ent[ent_333]	Richard	Manhattan	appos|<-appos<-son->prep->of->pobj->|pobj
rel_339	Ent[ent_403]	Ent[ent_333]	Richard	Manhattan	appos|<-appos<-brother->prep->of->pobj->|pobj
rel_77	Ent[ent_403]	Ent[ent_1240]	Richard	Manhattan	rcmod|->rcmod->live->prep->in->pobj->|pobj
rel_339	Ent[ent_403]	Ent[ent_333]	Richard	Manhattan	appos|->appos->lawyer->nn->|nn
rel_339	Ent[ent_403]	Ent[ent_333]	Richard	Manhattan	nsubj|<-nsubj<-work->prep->on->pobj->|pobj
rel_77	Ent[ent_403]	Ent[ent_1240]	Richard	Manhattan	nsubj|<-nsubj<-turn->dobj->item->prep->on->pobj->sidewalk->poss->|poss
rel_77	Ent[ent_403]	Ent[ent_1240]	Richard	Manhattan	nsubj|<-nsubj<-open->dobj->location->nn->|nn
rel_339	Ent[ent_403]	Ent[ent_333]	Richard	Manhattan	nsubj|<-nsubj<-drive->prep->through->pobj->|pobj
rel_339	Ent[ent_403]	Ent[ent_333]	Richard	Manhattan	nn|<-nn<-penthouse->prep->in->pobj->|pobj
rel_339	Ent[ent_403]	Ent[ent_333]	Richard	Manhattan	dep|<-dep<-pair->prep->in->pobj->company->nn->|nn
rel_58	Ent[ent_645]	Ent[ent_333]	Mark	Manhattan	appos|<-appos<-son->prep->of->pobj->|pobj
rel_58	Ent[ent_645]	Ent[ent_333]	Mark	Manhattan	poss|<-poss<-church-in-the-bowery->prep->in->pobj->|pobj
rel_203	Ent[ent_708]	Ent[ent_1240]	Mark	Manhattan	nsubj|<-nsubj<-die->prep->at->pobj->home->prep->in->pobj->|pobj
rel_399	Ent[ent_645]	Ent[ent_183]	Mark	Manhattan	rcmod|->rcmod->take->nsubj->man->prep->of->pobj->|pobj
rel_343	Ent[ent_645]	Ent[ent_1240]	Mark	Manhattan	poss|<-poss<-barge<-pobj<-of<-prep<-herd->prep->into->pobj->apartment->nn->|nn
rel_134	Ent[ent_708]	Ent[ent_119]	Mark	Manhattan	nsubj|<-nsubj<-wage->prep->from->pobj->apartment->prep->in->pobj->|pobj
rel_182	Ent[ent_708]	Ent[ent_333]	Mark	Manhattan	nsubj|<-nsubj<-rarity->dep->church->nn->|nn
rel_343	Ent[ent_645]	Ent[ent_1240]	Mark	Manhattan	nsubj|<-nsubj<-live->prep->in->pobj->|pobj
rel_58	Ent[ent_645]	Ent[ent_333]	Mark	Manhattan	nsubj|<-nsubj<-head->prep->to->pobj->|pobj
rel_203	Ent[ent_708]	Ent[ent_1240]	Mark	Manhattan	dep|<-dep<-couple->nn->|nn
rel_353	Ent[ent_406]	Ent[ent_1240]	Daniel	Manhattan	appos|<-appos<-son->prep->of->pobj->|pobj
rel_75	Ent[ent_887]	Ent[ent_1240]	Daniel	Manhattan	nn|<-nn<-restaurant->prep->in->pobj->|pobj
rel_75	Ent[ent_887]	Ent[ent_1240]	Daniel	Manhattan	appos|->appos->street->appos->|appos
rel_276	Ent[ent_887]	Ent[ent_333]	Daniel	Manhattan	nn|<-nn<-***->dep->earn->nsubj->|nsubj
rel_276	Ent[ent_887]	Ent[ent_333]	Daniel	Manhattan	appos|<-appos<-son->dep->daughter->prep->of->pobj->|pobj
rel_75	Ent[ent_887]	Ent[ent_1240]	Daniel	Manhattan	appos|<-appos<-son->advmod->also->dep->of->pobj->|pobj
rel_168	Ent[ent_569]	Ent[ent_1240]	Daniel	Manhattan	appos|->appos->restaurant->nn->|nn
rel_276	Ent[ent_887]	Ent[ent_333]	Daniel	Manhattan	pobj|<-pobj<-to<-prep<-go->prep->in->pobj->|pobj
rel_75	Ent[ent_887]	Ent[ent_1240]	Daniel	Manhattan	pobj|<-pobj<-of<-prep<-play<-pobj<-of<-prep<-resurrection<-appos<-achievement<-nsubj<-stage->prep->in->pobj->|pobj
rel_168	Ent[ent_569]	Ent[ent_1240]	Daniel	Manhattan	pobj|<-pobj<-of<-prep<-play<-pobj<-of<-prep<-production->prep->in->pobj->|pobj
rel_57	Ent[ent_1100]	Ent[ent_333]	Andrew	Manhattan	appos|<-appos<-son->prep->of->pobj->|pobj
rel_41	Ent[ent_1100]	Ent[ent_1240]	Andrew	Manhattan	appos|<-appos<-brother->prep->of->pobj->|pobj
rel_57	Ent[ent_1100]	Ent[ent_333]	Andrew	Manhattan	poss|<-poss<-church<-pobj<-to<-prep<-assign->prep->in->pobj->|pobj
rel_57	Ent[ent_1100]	Ent[ent_333]	Andrew	Manhattan	nsubj|<-nsubj<-work->prep->for->pobj->sherry-lehmann->appos->purveyor->prep->in->pobj->|pobj
rel_57	Ent[ent_1100]	Ent[ent_333]	Andrew	Manhattan	nsubj|<-nsubj<-play->dobj->role->prep->in->pobj->trial->rcmod->begin->prep->in->pobj->|pobj
rel_57	Ent[ent_1100]	Ent[ent_333]	Andrew	Manhattan	nsubj|<-nsubj<-name->dobj->partner->prep->in->pobj->merger->prep->at->pobj->firm->nn->|nn
rel_57	Ent[ent_1100]	Ent[ent_333]	Andrew	Manhattan	appos|<-appos<-son<-pobj<-to<-prep<-addition<-pobj<-in<-prep<-survive->dep->son->prep->of->pobj->|pobj
rel_57	Ent[ent_1100]	Ent[ent_333]	Andrew	Manhattan	appos|<-appos<-son<-pobj<-by<-prep<-survive->dep->brother->dep->sister->prep->of->pobj->|pobj
rel_57	Ent[ent_1100]	Ent[ent_333]	Andrew	Manhattan	appos|<-appos<-son->appos->expert->prep->in->pobj->|pobj
rel_353	Ent[ent_406]	Ent[ent_1240]	William	Manhattan	appos|<-appos<-son->prep->of->pobj->|pobj
rel_353	Ent[ent_406]	Ent[ent_1240]	William	Manhattan	appos|<-appos<-son->dep->daughter->prep->of->pobj->|pobj
rel_353	Ent[ent_646]	Ent[ent_483]	William	Manhattan	appos|<-appos<-brother->prep->of->pobj->|pobj
rel_330	Ent[ent_406]	Ent[ent_333]	William	Manhattan	poss|<-poss<-son->appos->lawyer->prep->in->pobj->|pobj
rel_299	Ent[ent_406]	Ent[ent_483]	William	Manhattan	nsubj|<-nsubj<-spend->prep->in->pobj->|pobj
rel_299	Ent[ent_406]	Ent[ent_483]	William	Manhattan	nsubj|<-nsubj<-open->dobj->restaurant->prep->in->pobj->|pobj
rel_299	Ent[ent_406]	Ent[ent_483]	William	Manhattan	nsubj|<-nsubj<-come->prep->to->pobj->|pobj
rel_330	Ent[ent_406]	Ent[ent_333]	William	Manhattan	nsubj|<-nsubj<-be->nsubj->street->appos->|appos
rel_353	Ent[ent_406]	Ent[ent_1240]	William	Manhattan	appos|<-appos<-wife->rcmod->live->prep->in->pobj->|pobj
rel_353	Ent[ent_406]	Ent[ent_1240]	William	Manhattan	appos|<-appos<-son->dep->brother->prep->of->pobj->|pobj
rel_142	Ent[ent_1157]	Ent[ent_648]	Iraq	Kuwait	poss|<-poss<-invasion->prep->of->pobj->|pobj
rel_142	Ent[ent_1157]	Ent[ent_648]	Iraq	Kuwait	nsubj|<-nsubj<-invade->dobj->|dobj
rel_142	Ent[ent_492]	Ent[ent_648]	Iraq	Kuwait	nsubj|<-nsubj<-withdraw->prep->from->pobj->|pobj
rel_142	Ent[ent_1157]	Ent[ent_648]	Iraq	Kuwait	poss|<-poss<-occupation->prep->of->pobj->|pobj
rel_142	Ent[ent_1157]	Ent[ent_648]	Iraq	Kuwait	poss|<-poss<-withdrawal->prep->from->pobj->|pobj
rel_142	Ent[ent_492]	Ent[ent_648]	Iraq	Kuwait	dobj|<-dobj<-drive->prep->out->dep->of->pobj->|pobj
rel_142	Ent[ent_492]	Ent[ent_648]	Iraq	Kuwait	dobj|<-dobj<-force->prep->out->dep->of->pobj->|pobj
rel_142	Ent[ent_492]	Ent[ent_648]	Iraq	Kuwait	nsubj|<-nsubj<-leave->dobj->|dobj
rel_142	Ent[ent_492]	Ent[ent_648]	Iraq	Kuwait	dobj|<-dobj<-drive->prep->from->pobj->|pobj
rel_142	Ent[ent_1157]	Ent[ent_648]	Iraq	Kuwait	pobj|<-pobj<-on<-prep<-impose->prep->after->pobj->invasion->prep->of->pobj->|pobj
rel_298	Ent[ent_1101]	Ent[ent_405]	Jews	Soviet Union	nsubj|<-nsubj<-leave->dobj->|dobj
rel_330	Ent[ent_1101]	Ent[ent_574]	Jews	Soviet Union	partmod|->partmod->leave->dobj->|dobj
rel_341	Ent[ent_1101]	Ent[ent_405]	Jews	Soviet Union	rcmod|->rcmod->leave->dobj->|dobj
rel_298	Ent[ent_1101]	Ent[ent_405]	Jews	Soviet Union	partmod|->partmod->emigrate->prep->from->pobj->|pobj
rel_341	Ent[ent_1101]	Ent[ent_405]	Jews	Soviet Union	nsubjpass|<-nsubjpass<-allow->purpcl->leave->dobj->|dobj
rel_341	Ent[ent_1101]	Ent[ent_405]	Jews	Soviet Union	nsubj|<-nsubj<-emigrate->prep->from->pobj->|pobj
rel_341	Ent[ent_1101]	Ent[ent_405]	Jews	Soviet Union	pobj|<-pobj<-of<-prep<-treatment->prep->in->pobj->|pobj
rel_341	Ent[ent_1101]	Ent[ent_405]	Jews	Soviet Union	pobj|<-pobj<-of<-prep<-influx->prep->from->pobj->|pobj
rel_341	Ent[ent_1101]	Ent[ent_405]	Jews	Soviet Union	pobj|<-pobj<-of<-prep<-emigration->prep->from->pobj->|pobj
rel_341	Ent[ent_1101]	Ent[ent_405]	Jews	Soviet Union	dobj|<-dobj<-resettle->prep->from->pobj->|pobj
rel_298	Ent[ent_1004]	Ent[ent_1223]	Yankees	Bronx	dobj|<-dobj<-keep->prep->in->pobj->|pobj
rel_298	Ent[ent_1004]	Ent[ent_1223]	Yankees	Bronx	nsubj|<-nsubj<-leave->dobj->|dobj
rel_153	Ent[ent_1239]	Ent[ent_1223]	Yankees	Bronx	nsubj|<-nsubj<-stay->prep->in->pobj->|pobj
rel_298	Ent[ent_646]	Ent[ent_1223]	Yankees	Bronx	nsubj|<-nsubj<-remain->prep->in->pobj->|pobj
rel_118	Ent[ent_1004]	Ent[ent_572]	Yankees	Bronx	dobj|<-dobj<-move->prep->out->dep->of->pobj->|pobj
rel_80	Ent[ent_1239]	Ent[ent_572]	Yankees	Bronx	dobj|<-dobj<-move->prep->from->pobj->|pobj
rel_153	Ent[ent_1239]	Ent[ent_1223]	Yankees	Bronx	nsubj|<-nsubj<-belong->prep->in->pobj->|pobj
rel_118	Ent[ent_1004]	Ent[ent_572]	Yankees	Bronx	nsubj|<-nsubj<-move->prep->from->pobj->|pobj
rel_118	Ent[ent_1004]	Ent[ent_572]	Yankees	Bronx	partmod|->partmod->leave->dobj->|dobj
rel_118	Ent[ent_1004]	Ent[ent_572]	Yankees	Bronx	nsubj|<-nsubj<-be->prep->in->pobj->|pobj
rel_58	Ent[ent_647]	Ent[ent_1010]	Dodgers	Brooklyn	nsubj|<-nsubj<-leave->dobj->|dobj
rel_298	Ent[ent_647]	Ent[ent_1209]	Dodgers	Brooklyn	partmod|->partmod->leave->dobj->|dobj
rel_298	Ent[ent_647]	Ent[ent_1209]	Dodgers	Brooklyn	nsubj|<-nsubj<-return->prep->to->pobj->|pobj
rel_298	Ent[ent_647]	Ent[ent_1209]	Dodgers	Brooklyn	dobj|<-dobj<-move->prep->from->pobj->|pobj
rel_58	Ent[ent_647]	Ent[ent_1010]	Dodgers	Brooklyn	dobj|<-dobj<-take->prep->out->dep->of->pobj->|pobj
rel_298	Ent[ent_647]	Ent[ent_1209]	Dodgers	Brooklyn	dobj|<-dobj<-keep->prep->in->pobj->|pobj
rel_298	Ent[ent_647]	Ent[ent_1209]	Dodgers	Brooklyn	dobj|<-dobj<-cover->prep->for->pobj->|pobj
rel_192	Ent[ent_576]	Ent[ent_323]	Dodgers	Brooklyn	nsubj|<-nsubj<-be->prep->in->pobj->|pobj
rel_294	Ent[ent_647]	Ent[ent_323]	Dodgers	Brooklyn	nsubj|<-nsubj<-play->prep->in->pobj->|pobj
rel_58	Ent[ent_647]	Ent[ent_1010]	Dodgers	Brooklyn	dobj|<-dobj<-bring->prep->to->pobj->|pobj
rel_40	Ent[ent_1280]	Ent[ent_729]	United States	Iraq	nsubj|<-nsubj<-invade->dobj->|dobj
rel_376	Ent[ent_537]	Ent[ent_1157]	United States	Iraq	nn|<-nn<-force->prep->in->pobj->|pobj
rel_339	Ent[ent_1237]	Ent[ent_492]	United States	Iraq	nsubj|<-nsubj<-attack->dobj->|dobj
rel_40	Ent[ent_1280]	Ent[ent_729]	United States	Iraq	nn|<-nn<-attack->prep->on->pobj->|pobj
rel_13	Ent[ent_1205]	Ent[ent_492]	United States	Iraq	nn|<-nn<-policy->prep->toward->pobj->|pobj
rel_13	Ent[ent_1205]	Ent[ent_492]	United States	Iraq	nn|<-nn<-invasion->prep->of->pobj->|pobj
rel_13	Ent[ent_1205]	Ent[ent_492]	United States	Iraq	nn|<-nn<-ambassador->prep->to->pobj->|pobj
rel_376	Ent[ent_537]	Ent[ent_1157]	United States	Iraq	nsubj|<-nsubj<-win->prep->in->pobj->|pobj
rel_13	Ent[ent_1205]	Ent[ent_492]	United States	Iraq	nsubj|<-nsubj<-go->prep->to->pobj->war->prep->with->pobj->|pobj
rel_339	Ent[ent_1237]	Ent[ent_492]	United States	Iraq	nsubj|<-nsubj<-have->prep->in->pobj->|pobj
rel_180	Ent[ent_889]	Ent[ent_561]	Parcells	Giants	appos|->appos->coach->poss->|poss
rel_180	Ent[ent_889]	Ent[ent_561]	Parcells	Giants	appos|->appos->coach->prep->of->pobj->|pobj
rel_180	Ent[ent_889]	Ent[ent_561]	Parcells	Giants	appos|->appos->coach->nn->|nn
rel_298	Ent[ent_889]	Ent[ent_1276]	Parcells	Giants	nsubj|<-nsubj<-coach->poss->|poss
rel_298	Ent[ent_889]	Ent[ent_1276]	Parcells	Giants	nsubj|<-nsubj<-leave->dobj->|dobj
rel_180	Ent[ent_889]	Ent[ent_561]	Parcells	Giants	nsubj|<-nsubj<-coach->dobj->|dobj
rel_180	Ent[ent_889]	Ent[ent_561]	Parcells	Giants	rcmod|->rcmod->coach->dobj->|dobj
rel_180	Ent[ent_889]	Ent[ent_561]	Parcells	Giants	nsubj|<-nsubj<-win->prep->with->pobj->|pobj
rel_298	Ent[ent_889]	Ent[ent_1276]	Parcells	Giants	dep|->dep->coach->poss->|poss
rel_180	Ent[ent_889]	Ent[ent_561]	Parcells	Giants	poss|<-poss<-team->nn->|nn
rel_208	Ent[ent_827]	Ent[ent_586]	Mr. Clinton	White House	poss|<-poss<-relationship->prep->with->pobj->intern->nn->|nn
rel_208	Ent[ent_827]	Ent[ent_586]	Mr. Clinton	White House	nsubj|<-nsubj<-say->prep->at->pobj->|pobj
rel_208	Ent[ent_827]	Ent[ent_586]	Mr. Clinton	White House	nsubj|<-nsubj<-meet->prep->at->pobj->|pobj
rel_208	Ent[ent_827]	Ent[ent_586]	Mr. Clinton	White House	pobj|<-pobj<-with<-prep<-meet->prep->at->pobj->|pobj
rel_208	Ent[ent_827]	Ent[ent_586]	Mr. Clinton	White House	nsubj|<-nsubj<-leave->dobj->|dobj
rel_39	Ent[ent_827]	Ent[ent_873]	Mr. Clinton	White House	poss|<-poss<-affair->prep->with->pobj->intern->nn->|nn
rel_208	Ent[ent_827]	Ent[ent_586]	Mr. Clinton	White House	nsubj|<-nsubj<-tell->prep->at->pobj->|pobj
rel_208	Ent[ent_827]	Ent[ent_586]	Mr. Clinton	White House	nsubj|<-nsubj<-say->prep->at->pobj->ceremony->nn->|nn
rel_330	Ent[ent_827]	Ent[ent_229]	Mr. Clinton	White House	nsubj|<-nsubj<-return->prep->to->pobj->|pobj
rel_208	Ent[ent_827]	Ent[ent_586]	Mr. Clinton	White House	dobj|<-dobj<-meet->prep->at->pobj->|pobj
rel_144	Ent[ent_1253]	Ent[ent_33]	Mr. Bush	Washington	nsubj|<-nsubj<-return->prep->to->pobj->|pobj
rel_142	Ent[ent_189]	Ent[ent_1002]	Mr. Bush	Washington	nsubj|<-nsubj<-leave->dobj->|dobj
rel_298	Ent[ent_182]	Ent[ent_1002]	Mr. Bush	Washington	nsubj|<-nsubj<-say->prep->in->pobj->|pobj
rel_298	Ent[ent_1253]	Ent[ent_1002]	Mr. Bush	Washington	nsubj|<-nsubj<-tell->prep->in->pobj->|pobj
rel_298	Ent[ent_182]	Ent[ent_1002]	Mr. Bush	Washington	nsubj|<-nsubj<-leave->prep->for->pobj->|pobj
rel_298	Ent[ent_182]	Ent[ent_1002]	Mr. Bush	Washington	rcmod|->rcmod->return->prep->to->pobj->|pobj
rel_298	Ent[ent_182]	Ent[ent_1002]	Mr. Bush	Washington	nsubj|<-nsubj<-move->prep->to->pobj->|pobj
rel_118	Ent[ent_163]	Ent[ent_1002]	Mr. Bush	Washington	nsubj|<-nsubj<-be->prep->in->pobj->|pobj
rel_298	Ent[ent_1253]	Ent[ent_1002]	Mr. Bush	Washington	nsubj|<-nsubj<-arrive->prep->in->pobj->|pobj
rel_298	Ent[ent_1253]	Ent[ent_1002]	Mr. Bush	Washington	poss|<-poss<-office->prep->in->pobj->|pobj
rel_142	Ent[ent_820]	Ent[ent_565]	Israel	Gaza	poss|<-poss<-withdrawal->prep->from->pobj->|pobj
rel_142	Ent[ent_820]	Ent[ent_565]	Israel	Gaza	nsubj|<-nsubj<-withdraw->prep->from->pobj->|pobj
rel_142	Ent[ent_820]	Ent[ent_565]	Israel	Gaza	nsubj|<-nsubj<-leave->dobj->|dobj
rel_77	Ent[ent_856]	Ent[ent_565]	Israel	Gaza	poss|<-poss<-pullout->prep->from->pobj->|pobj
rel_77	Ent[ent_856]	Ent[ent_565]	Israel	Gaza	nsubj|<-nsubj<-pull->prep->out->dep->of->pobj->|pobj
rel_325	Ent[ent_820]	Ent[ent_425]	Israel	Gaza	dobj|<-dobj<-enter->prep->from->pobj->|pobj
rel_142	Ent[ent_820]	Ent[ent_565]	Israel	Gaza	nsubj|<-nsubj<-seal->dobj->|dobj
rel_77	Ent[ent_856]	Ent[ent_565]	Israel	Gaza	poss|<-poss<-disengagement->prep->from->pobj->|pobj
rel_142	Ent[ent_820]	Ent[ent_565]	Israel	Gaza	poss|<-poss<-operation->prep->in->pobj->|pobj
rel_77	Ent[ent_856]	Ent[ent_565]	Israel	Gaza	nsubj|<-nsubj<-capture->dobj->|dobj
rel_142	Ent[ent_408]	Ent[ent_1103]	Soviets	Afghanistan	dobj|<-dobj<-fight->prep->in->pobj->|pobj
rel_142	Ent[ent_408]	Ent[ent_1103]	Soviets	Afghanistan	nsubj|<-nsubj<-leave->dobj->|dobj
rel_142	Ent[ent_408]	Ent[ent_1103]	Soviets	Afghanistan	nsubj|<-nsubj<-withdraw->prep->from->pobj->|pobj
rel_142	Ent[ent_408]	Ent[ent_1103]	Soviets	Afghanistan	nsubj|<-nsubj<-invade->dobj->|dobj
rel_142	Ent[ent_408]	Ent[ent_1103]	Soviets	Afghanistan	nsubj|<-nsubj<-complete->dobj->withdrawal->prep->from->pobj->|pobj
rel_142	Ent[ent_408]	Ent[ent_1103]	Soviets	Afghanistan	pobj|<-pobj<-against<-prep<-war->prep->in->pobj->|pobj
rel_142	Ent[ent_408]	Ent[ent_1103]	Soviets	Afghanistan	pobj|<-pobj<-against<-prep<-fight->prep->in->pobj->|pobj
rel_142	Ent[ent_408]	Ent[ent_1103]	Soviets	Afghanistan	nsubj|<-nsubj<-pull->prep->out->dep->of->pobj->|pobj
rel_142	Ent[ent_408]	Ent[ent_1103]	Soviets	Afghanistan	dobj|<-dobj<-drive->prep->out->dep->of->pobj->|pobj
rel_142	Ent[ent_408]	Ent[ent_1103]	Soviets	Afghanistan	poss|<-poss<-withdrawal->prep->from->pobj->|pobj
rel_80	Ent[ent_407]	Ent[ent_649]	Chicago	DDB Worldwide	nn|<-nn<-office->prep->of->pobj->|pobj
rel_80	Ent[ent_407]	Ent[ent_649]	Chicago	DDB Worldwide	appos|->appos->part->prep->of->pobj->unit->nn->|nn
rel_80	Ent[ent_407]	Ent[ent_649]	Chicago	DDB Worldwide	pobj|<-pobj<-to<-prep<-business->appos->part->prep->of->pobj->unit->nn->|nn
rel_80	Ent[ent_407]	Ent[ent_649]	Chicago	DDB Worldwide	pobj|<-pobj<-at<-prep<-position<-pobj<-to<-prep<-name->dep->hold->nsubj->part->prep->of->pobj->|pobj
rel_80	Ent[ent_407]	Ent[ent_649]	Chicago	DDB Worldwide	nsubj|<-nsubj<-win->dep->part->prep->of->pobj->|pobj
rel_80	Ent[ent_407]	Ent[ent_649]	Chicago	DDB Worldwide	nn|<-nn<-office->appos->part->prep->of->pobj->unit->nn->|nn
rel_80	Ent[ent_407]	Ent[ent_649]	Chicago	DDB Worldwide	appos|->appos->part->prep->of->pobj->|pobj
rel_325	Ent[ent_843]	Ent[ent_1104]	New York	BBDO Worldwide	nn|<-nn<-office->prep->of->pobj->|pobj
rel_325	Ent[ent_1263]	Ent[ent_475]	New York	BBDO Worldwide	appos|->appos->part->prep->of->pobj->unit->nn->|nn
rel_325	Ent[ent_843]	Ent[ent_1104]	New York	BBDO Worldwide	nn|<-nn<-unit->prep->of->pobj->|pobj
rel_325	Ent[ent_162]	Ent[ent_1104]	New York	BBDO Worldwide	pobj|<-pobj<-in<-prep<-agency->dep->|dep
rel_325	Ent[ent_843]	Ent[ent_1104]	New York	BBDO Worldwide	nsubj|<-nsubj<-part->prep->of->pobj->|pobj
rel_325	Ent[ent_843]	Ent[ent_1104]	New York	BBDO Worldwide	appos|->appos->division->prep->of->pobj->|pobj
rel_325	Ent[ent_162]	Ent[ent_1104]	New York	BBDO Worldwide	pobj|<-pobj<-of<-prep<-chairman->prep->of->pobj->|pobj
rel_353	Ent[ent_1244]	Ent[ent_1104]	New York	BBDO Worldwide	nn|<-nn<-office->prep->of->pobj->unit->nn->|nn
rel_325	Ent[ent_162]	Ent[ent_1104]	New York	BBDO Worldwide	appos|->appos->part->prep->of->pobj->|pobj
rel_325	Ent[ent_162]	Ent[ent_1104]	New York	BBDO Worldwide	pobj|<-pobj<-to<-prep<-pet<-pobj<-about<-prep<-resource->appos->part->prep->of->pobj->unit->nn->|nn
rel_325	Ent[ent_660]	Ent[ent_623]	San Francisco	Foote	nn|<-nn<-office->prep->of->pobj->|pobj
rel_30	Ent[ent_660]	Ent[ent_623]	San Francisco	Foote	pobj|<-pobj<-to<-prep<-networks->appos->part->prep->of->pobj->unit->nn->|nn
rel_325	Ent[ent_660]	Ent[ent_623]	San Francisco	Foote	pobj|<-pobj<-in<-prep<-agency->dep->|dep
rel_30	Ent[ent_660]	Ent[ent_623]	San Francisco	Foote	pobj|<-pobj<-at<-prep<-president->appos->part->prep->of->pobj->unit->nn->|nn
rel_30	Ent[ent_660]	Ent[ent_623]	San Francisco	Foote	pobj|<-pobj<-at<-prep<-director->appos->part->prep->of->pobj->unit->nn->|nn
rel_30	Ent[ent_660]	Ent[ent_623]	San Francisco	Foote	pobj|<-pobj<-at<-prep<-development<-pobj<-for<-prep<-president->appos->part->prep->of->pobj->unit->nn->|nn
rel_30	Ent[ent_660]	Ent[ent_623]	San Francisco	Foote	nsubjpass|<-nsubjpass<-select->prep->after->pobj->review->rcmod->include->dobj->office->prep->of->pobj->|pobj
rel_30	Ent[ent_660]	Ent[ent_623]	San Francisco	Foote	nsubj|<-nsubj<-handle->dobj->account->rcmod->handle->prep->by->pobj->|pobj
rel_30	Ent[ent_660]	Ent[ent_623]	San Francisco	Foote	nn|<-nn<-office->prep->of->pobj->unit->nn->|nn
rel_66	Ent[ent_660]	Ent[ent_607]	San Francisco	Foote	nn|<-nn<-office->prep->of->pobj->agency->appos->|appos
rel_211	Ent[ent_843]	Ent[ent_420]	New York	Federal Bureau of Investigation	nn|<-nn<-office->prep->of->pobj->|pobj
rel_221	Ent[ent_1263]	Ent[ent_420]	New York	Federal Bureau of Investigation	nn|<-nn<-consultant->prep->of->pobj->|pobj
rel_294	Ent[ent_1244]	Ent[ent_420]	New York	Federal Bureau of Investigation	pobj|<-pobj<-through<-prep<-investigation<-nsubj<-snare->prep->in->pobj->rivalry->prep->between->pobj->|pobj
rel_110	Ent[ent_162]	Ent[ent_420]	New York	Federal Bureau of Investigation	rcmod|->rcmod->investigate->prep->with->pobj->office->prep->of->pobj->|pobj
rel_211	Ent[ent_843]	Ent[ent_420]	New York	Federal Bureau of Investigation	pobj|<-pobj<-to<-prep<-return->prep->accord->dep->to->pobj->agent->prep->with->pobj->|pobj
rel_221	Ent[ent_1263]	Ent[ent_420]	New York	Federal Bureau of Investigation	pobj|<-pobj<-in<-prep<-suspect<-nsubj<-use->dobj->|dobj
rel_221	Ent[ent_1263]	Ent[ent_420]	New York	Federal Bureau of Investigation	pobj|<-pobj<-in<-prep<-officer->prep->of->pobj->|pobj
rel_211	Ent[ent_843]	Ent[ent_420]	New York	Federal Bureau of Investigation	pobj|<-pobj<-in<-prep<-join->nsubj->|nsubj
rel_221	Ent[ent_1263]	Ent[ent_420]	New York	Federal Bureau of Investigation	pobj|<-pobj<-in<-prep<-arrive->prep->by->pobj->agent->prep->of->pobj->|pobj
rel_221	Ent[ent_1263]	Ent[ent_420]	New York	Federal Bureau of Investigation	pobj|<-pobj<-at<-prep<-move<-partmod<-gang->rcmod->be->prep->under->pobj->investigation->prep->by->pobj->|pobj
rel_144	Ent[ent_1244]	Ent[ent_662]	New York	Bartle Bogle Hegarty	nn|<-nn<-office->prep->of->pobj->|pobj
rel_144	Ent[ent_1244]	Ent[ent_662]	New York	Bartle Bogle Hegarty	pobj|<-pobj<-in<-prep<-name<-partmod<-retailer<-appos<-furniture.com->appos->unit->prep->of->pobj->|pobj
rel_385	Ent[ent_1002]	Ent[ent_661]	Washington	Consumers Union	nn|<-nn<-office->prep->of->pobj->|pobj
rel_385	Ent[ent_1002]	Ent[ent_661]	Washington	Consumers Union	nn|<-nn<-director->prep->of->pobj->|pobj
rel_385	Ent[ent_1002]	Ent[ent_661]	Washington	Consumers Union	nn|<-nn<-co-director->prep->for->pobj->|pobj
rel_385	Ent[ent_1002]	Ent[ent_661]	Washington	Consumers Union	pobj|<-pobj<-in<-prep<-specialist->prep->for->pobj->|pobj
rel_385	Ent[ent_1002]	Ent[ent_661]	Washington	Consumers Union	nsubj|<-nsubj<-president->prep->at->pobj->|pobj
rel_179	Ent[ent_930]	Ent[ent_661]	Washington	Consumers Union	nn|<-nn<-office->prep->of->pobj->group->nn->|nn
rel_385	Ent[ent_1002]	Ent[ent_661]	Washington	Consumers Union	nn|<-nn<-analyst->prep->with->pobj->|pobj
rel_325	Ent[ent_843]	Ent[ent_649]	New York	DDB Worldwide	nn|<-nn<-office->prep->of->pobj->|pobj
rel_325	Ent[ent_843]	Ent[ent_649]	New York	DDB Worldwide	appos|->appos->part->prep->of->pobj->unit->nn->|nn
rel_378	Ent[ent_1244]	Ent[ent_649]	New York	DDB Worldwide	pobj|<-pobj<-to<-prep<-narrow<-rcmod<-review->appos->|appos
rel_378	Ent[ent_1244]	Ent[ent_649]	New York	DDB Worldwide	pobj|<-pobj<-in<-prep<-presentation<-pobj<-at<-prep<-award->nsubjpass->|nsubjpass
rel_378	Ent[ent_1244]	Ent[ent_649]	New York	DDB Worldwide	pobj|<-pobj<-in<-prep<-name<-partmod<-cybersettle.com->appos->part->prep->of->pobj->unit->nn->|nn
rel_378	Ent[ent_1244]	Ent[ent_649]	New York	DDB Worldwide	pobj|<-pobj<-in<-prep<-moss/dragoti<-dobj<-combine->prep->with->pobj->office->prep->of->pobj->|pobj
rel_325	Ent[ent_843]	Ent[ent_649]	New York	DDB Worldwide	pobj|<-pobj<-in<-prep<-finalist->dep->|dep
rel_13	Ent[ent_162]	Ent[ent_649]	New York	DDB Worldwide	pobj|<-pobj<-in<-prep<-cybersettle.com->appos->part->prep->of->pobj->unit->nn->|nn
rel_378	Ent[ent_1244]	Ent[ent_649]	New York	DDB Worldwide	pobj|<-pobj<-in<-prep<-combine<-dep<-boutique->prep->with->pobj->office->prep->of->pobj->|pobj
rel_378	Ent[ent_1244]	Ent[ent_649]	New York	DDB Worldwide	pobj|<-pobj<-in<-prep<-agency->dep->part->prep->of->pobj->unit->nn->|nn
rel_325	Ent[ent_1244]	Ent[ent_422]	New York	Hill	nn|<-nn<-office->prep->of->pobj->|pobj
rel_325	Ent[ent_1244]	Ent[ent_422]	New York	Hill	poss|<-poss<-senator->appos->|appos
rel_325	Ent[ent_1244]	Ent[ent_422]	New York	Hill	pobj|<-pobj<-in<-prep<-race->prep->between->pobj->|pobj
rel_325	Ent[ent_1244]	Ent[ent_422]	New York	Hill	nn|<-nn<-lawyer->partmod->protect->dobj->back->poss->|poss
rel_330	Ent[ent_843]	Ent[ent_422]	New York	Hill	poss|<-poss<-senator<-pobj<-of<-prep<-star->dep->|dep
rel_91	Ent[ent_162]	Ent[ent_422]	New York	Hill	pobj|<-pobj<-from<-prep<-senator->appos->|appos
rel_91	Ent[ent_162]	Ent[ent_422]	New York	Hill	pobj|<-pobj<-to<-prep<-bar<-dep<-consider->nsubj->|nsubj
rel_91	Ent[ent_162]	Ent[ent_422]	New York	Hill	pobj|<-pobj<-in<-prep<-office<-nsubj<-operate->prep->under->pobj->name->prep->of->pobj->|pobj
rel_330	Ent[ent_843]	Ent[ent_422]	New York	Hill	pobj|<-pobj<-in<-prep<-broadcast->prep->in->pobj->support->prep->of->pobj->campaign->poss->|poss
rel_325	Ent[ent_1244]	Ent[ent_422]	New York	Hill	nn|<-nn<-unit->prep->of->pobj->|pobj
rel_144	Ent[ent_1002]	Ent[ent_664]	Washington	American Civil Liberties Union	nn|<-nn<-office->prep->of->pobj->|pobj
rel_144	Ent[ent_1002]	Ent[ent_664]	Washington	American Civil Liberties Union	nn|<-nn<-director->prep->of->pobj->|pobj
rel_30	Ent[ent_33]	Ent[ent_664]	Washington	American Civil Liberties Union	nn|<-nn<-chapter->prep->of->pobj->|pobj
rel_30	Ent[ent_33]	Ent[ent_664]	Washington	American Civil Liberties Union	pobj|<-pobj<-to<-prep<-opposition->dep->|dep
rel_144	Ent[ent_1002]	Ent[ent_664]	Washington	American Civil Liberties Union	pobj|<-pobj<-in<-prep<-man<-dobj<-interview->prep->as->pobj->part->prep->of->pobj->project->nn->|nn
rel_144	Ent[ent_1002]	Ent[ent_664]	Washington	American Civil Liberties Union	pobj|<-pobj<-in<-dep<-here<-advmod<-ask->nsubj->lawyer->prep->for->pobj->|pobj
rel_144	Ent[ent_1002]	Ent[ent_664]	Washington	American Civil Liberties Union	partmod|->partmod->arrange->prep->by->pobj->|pobj
rel_144	Ent[ent_1002]	Ent[ent_664]	Washington	American Civil Liberties Union	nsubj|<-nsubj<-director->prep->of->pobj->office->prep->of->pobj->|pobj
rel_144	Ent[ent_1002]	Ent[ent_664]	Washington	American Civil Liberties Union	nsubj|<-nsubj<-director->appos->|appos
rel_67	Ent[ent_930]	Ent[ent_664]	Washington	American Civil Liberties Union	nsubj|<-nsubj<-attorney->appos->|appos
rel_144	Ent[ent_162]	Ent[ent_421]	New York	Fallon Worldwide	nn|<-nn<-office->prep->of->pobj->|pobj
rel_144	Ent[ent_162]	Ent[ent_421]	New York	Fallon Worldwide	pobj|<-pobj<-in<-prep<-magazine<-nsubj<-expand->dobj->relationship->prep->with->pobj->|pobj
rel_330	Ent[ent_1244]	Ent[ent_421]	New York	Fallon Worldwide	pobj|<-pobj<-in<-prep<-base<-partmod<-analyst->prep->for->pobj->|pobj
rel_144	Ent[ent_162]	Ent[ent_421]	New York	Fallon Worldwide	pobj|<-pobj<-by<-prep<-create<-partmod<-campaign->appos->part->prep->of->pobj->|pobj
rel_80	Ent[ent_843]	Ent[ent_421]	New York	Fallon Worldwide	nn|<-nn<-office->rcmod->take->nsubj->|nsubj
rel_144	Ent[ent_162]	Ent[ent_421]	New York	Fallon Worldwide	nn|<-nn<-office<-pobj<-with<-dep<-along<-prep<-take->dobj->|dobj
rel_144	Ent[ent_162]	Ent[ent_421]	New York	Fallon Worldwide	appos|->appos->part->prep->of->pobj->unit->nn->|nn
rel_80	Ent[ent_843]	Ent[ent_421]	New York	Fallon Worldwide	appos|->appos->division->prep->of->pobj->|pobj
rel_355	Ent[ent_1237]	Ent[ent_856]	United States	Israel	nn|<-nn<-support->prep->for->pobj->|pobj
rel_355	Ent[ent_537]	Ent[ent_820]	United States	Israel	nsubj|<-nsubj<-urge->dobj->|dobj
rel_355	Ent[ent_1237]	Ent[ent_856]	United States	Israel	nn|<-nn<-ambassador->prep->to->pobj->|pobj
rel_355	Ent[ent_537]	Ent[ent_820]	United States	Israel	nsubj|<-nsubj<-ask->dobj->|dobj
rel_355	Ent[ent_1280]	Ent[ent_820]	United States	Israel	nsubj|<-nsubj<-give->iobj->|iobj
rel_355	Ent[ent_1277]	Ent[ent_856]	United States	Israel	poss|<-poss<-support->prep->of->pobj->|pobj
rel_355	Ent[ent_537]	Ent[ent_820]	United States	Israel	nsubj|<-nsubj<-send->prep->to->pobj->|pobj
rel_43	Ent[ent_537]	Ent[ent_820]	United States	Israel	nsubj|<-nsubj<-press->dobj->|dobj
rel_43	Ent[ent_537]	Ent[ent_820]	United States	Israel	dobj|<-dobj<-punish->prep->for->pobj->support->prep->of->pobj->|pobj
rel_43	Ent[ent_537]	Ent[ent_820]	United States	Israel	nsubj|<-nsubj<-support->dobj->|dobj
rel_134	Ent[ent_356]	Ent[ent_308]	Ewing	Knicks	nsubj|<-nsubj<-lead->dobj->|dobj
rel_134	Ent[ent_356]	Ent[ent_308]	Ewing	Knicks	appos|->appos->center->poss->|poss
rel_134	Ent[ent_356]	Ent[ent_308]	Ewing	Knicks	rcmod|->rcmod->lead->dobj->|dobj
rel_134	Ent[ent_356]	Ent[ent_308]	Ewing	Knicks	nsubj|<-nsubj<-give->iobj->|iobj
rel_134	Ent[ent_356]	Ent[ent_308]	Ewing	Knicks	nsubj|<-nsubj<-carry->dobj->|dobj
rel_134	Ent[ent_356]	Ent[ent_308]	Ewing	Knicks	appos|->appos->center->nn->|nn
rel_134	Ent[ent_356]	Ent[ent_308]	Ewing	Knicks	nsubj|<-nsubj<-put->dobj->|dobj
rel_134	Ent[ent_356]	Ent[ent_308]	Ewing	Knicks	nsubj|<-nsubj<-take->dobj->|dobj
rel_92	Ent[ent_356]	Ent[ent_308]	Ewing	Knicks	nsubj|<-nsubj<-return->prep->to->pobj->|pobj
rel_92	Ent[ent_356]	Ent[ent_308]	Ewing	Knicks	nsubj|<-nsubj<-leader->poss->|poss
rel_142	Ent[ent_663]	Ent[ent_1197]	Constitution	Senate	nsubj|<-nsubj<-give->iobj->|iobj
rel_2	Ent[ent_663]	Ent[ent_1246]	Constitution	Senate	pobj|<-pobj<-under<-prep<-have->nsubj->|nsubj
rel_14	Ent[ent_663]	Ent[ent_1271]	Constitution	Senate	pobj|<-pobj<-of<-prep<-part->prep->require->dobj->majority->prep->in->pobj->|pobj
rel_213	Ent[ent_663]	Ent[ent_1243]	Constitution	Senate	pobj|<-pobj<-into<-prep<-write<-partmod<-formulum<-nsubj<-set->dobj->number->prep->of->pobj->seat->nn->|nn
rel_211	Ent[ent_663]	Ent[ent_1124]	Constitution	Senate	rcmod|->rcmod->support->prep->by->pobj->leader->nn->|nn
rel_213	Ent[ent_663]	Ent[ent_1243]	Constitution	Senate	rcmod|->rcmod->set->prep->for->pobj->membership->prep->in->pobj->|pobj
rel_142	Ent[ent_663]	Ent[ent_1197]	Constitution	Senate	rcmod|->rcmod->give->dobj->seat->prep->in->pobj->|pobj
rel_211	Ent[ent_663]	Ent[ent_1124]	Constitution	Senate	rcmod|->rcmod->approve->prep->in->pobj->|pobj
rel_213	Ent[ent_663]	Ent[ent_1243]	Constitution	Senate	poss|<-poss<-provision<-rcmod<-state<-pobj<-under<-prep<-serve->nsubj->president->nn->|nn
rel_142	Ent[ent_663]	Ent[ent_1197]	Constitution	Senate	poss|<-poss<-provision->dep->advise->nsubj->|nsubj
rel_185	Ent[ent_663]	Ent[ent_189]	Constitution	Congress	nsubj|<-nsubj<-give->iobj->|iobj
rel_185	Ent[ent_663]	Ent[ent_189]	Constitution	Congress	rcmod|->rcmod->give->iobj->|iobj
rel_343	Ent[ent_663]	Ent[ent_601]	Constitution	Congress	pobj|<-pobj<-under<-prep<-have->nsubj->|nsubj
rel_185	Ent[ent_663]	Ent[ent_189]	Constitution	Congress	poss|<-poss<-grant->prep->to->pobj->|pobj
rel_185	Ent[ent_663]	Ent[ent_189]	Constitution	Congress	pobj|<-pobj<-of<-prep<-provision->partmod->give->prep->to->pobj->|pobj
rel_343	Ent[ent_663]	Ent[ent_601]	Constitution	Congress	poss|<-poss<-amendment<-pobj<-as<-prep<-law<-nsubj<-raise->csubj->restrict->dobj->authority->prep->of->pobj->|pobj
rel_185	Ent[ent_663]	Ent[ent_189]	Constitution	Congress	pobj|<-pobj<-to<-dep<-accord<-prep<-have->nsubj->|nsubj
rel_185	Ent[ent_663]	Ent[ent_189]	Constitution	Congress	pobj|<-pobj<-of->dep->clause->partmod->grant->prep->to->pobj->|pobj
rel_185	Ent[ent_663]	Ent[ent_189]	Constitution	Congress	pobj|<-pobj<-in<-prep<-provide->prep->by->pobj->|pobj
rel_185	Ent[ent_663]	Ent[ent_189]	Constitution	Congress	nsubj|<-nsubj<-protect->dobj->flag-burning->dep->defile->nsubj->member->prep->of->pobj->|pobj
rel_134	Ent[ent_1116]	Ent[ent_1256]	MacLean	Devils	nsubj|<-nsubj<-give->iobj->|iobj
rel_134	Ent[ent_1116]	Ent[ent_1256]	MacLean	Devils	nsubj|<-nsubj<-score->prep->for->pobj->|pobj
rel_134	Ent[ent_1116]	Ent[ent_1256]	MacLean	Devils	nsubj|<-nsubj<-lead->dobj->|dobj
rel_134	Ent[ent_1116]	Ent[ent_1256]	MacLean	Devils	rcmod|->rcmod->lead->dobj->|dobj
rel_134	Ent[ent_1116]	Ent[ent_1256]	MacLean	Devils	nsubj|<-nsubj<-score->dobj->goal->prep->for->pobj->|pobj
rel_134	Ent[ent_1116]	Ent[ent_1256]	MacLean	Devils	nsubj|<-nsubj<-put->dobj->|dobj
rel_134	Ent[ent_1116]	Ent[ent_110]	MacLean	Devils	nsubj|<-nsubj<-have->dobj->goal->prep->for->pobj->|pobj
rel_134	Ent[ent_1116]	Ent[ent_110]	MacLean	Devils	appos|->appos->wing->poss->|poss
rel_134	Ent[ent_1116]	Ent[ent_1256]	MacLean	Devils	poss|<-poss<-goal<-nsubj<-give->iobj->|iobj
rel_134	Ent[ent_1116]	Ent[ent_1256]	MacLean	Devils	nsubj|<-nsubj<-hero->poss->|poss
rel_355	Ent[ent_1117]	Ent[ent_1249]	Kovalev	Rangers	nsubj|<-nsubj<-give->iobj->|iobj
rel_134	Ent[ent_1117]	Ent[ent_347]	Kovalev	Rangers	nsubj|<-nsubj<-score->prep->for->pobj->|pobj
rel_134	Ent[ent_1117]	Ent[ent_347]	Kovalev	Rangers	nsubj|<-nsubj<-lead->dobj->|dobj
rel_107	Ent[ent_1117]	Ent[ent_16]	Kovalev	Rangers	appos|->appos->pick->poss->|poss
rel_134	Ent[ent_1117]	Ent[ent_347]	Kovalev	Rangers	appos|->appos->wing->poss->|poss
rel_28	Ent[ent_1117]	Ent[ent_709]	Kovalev	Rangers	nsubj|<-nsubj<-set->dobj->goal->poss->|poss
rel_134	Ent[ent_1117]	Ent[ent_347]	Kovalev	Rangers	nsubj|<-nsubj<-put->dobj->|dobj
rel_134	Ent[ent_1117]	Ent[ent_347]	Kovalev	Rangers	nsubj|<-nsubj<-have->dobj->goal->prep->through->pobj->game->poss->|poss
rel_134	Ent[ent_1117]	Ent[ent_347]	Kovalev	Rangers	rcmod|->rcmod->visit->dobj->camp->poss->|poss
rel_107	Ent[ent_1117]	Ent[ent_16]	Kovalev	Rangers	rcmod|->rcmod->trade->prep->from->pobj->|pobj
rel_168	Ent[ent_1201]	Ent[ent_740]	Bush	Saddam Hussein	nsubj|<-nsubj<-give->iobj->|iobj
rel_329	Ent[ent_1201]	Ent[ent_1118]	Bush	Saddam Hussein	poss|<-poss<-ultimatum->prep->to->pobj->|pobj
rel_329	Ent[ent_1201]	Ent[ent_1118]	Bush	Saddam Hussein	nsubj|<-nsubj<-warn->dobj->|dobj
rel_355	Ent[ent_1212]	Ent[ent_1118]	Bush	Saddam Hussein	dep|->dep->during->pobj->flight->prep->from->pobj->wrath->prep->of->pobj->|pobj
rel_355	Ent[ent_1212]	Ent[ent_1118]	Bush	Saddam Hussein	nsubj|<-nsubj<-tell->dobj->|dobj
rel_168	Ent[ent_1201]	Ent[ent_740]	Bush	Saddam Hussein	nsubj|<-nsubj<-give->dobj->|dobj
rel_355	Ent[ent_1212]	Ent[ent_1118]	Bush	Saddam Hussein	nsubj|<-nsubj<-fence->prep->from->pobj->|pobj
rel_185	Ent[ent_1212]	Ent[ent_1118]	Bush	Saddam Hussein	nsubj|<-nsubj<-accuse->dobj->|dobj
rel_192	Ent[ent_1210]	Ent[ent_1118]	Bush	Saddam Hussein	poss|<-poss<-ultimatum<-pobj<-to<-prep<-reaction->prep->to->pobj->|pobj
rel_355	Ent[ent_1212]	Ent[ent_1118]	Bush	Saddam Hussein	poss|<-poss<-statement->prep->about->pobj->|pobj
rel_256	Ent[ent_1119]	Ent[ent_1259]	Bobby Holik	Devils	nsubj|<-nsubj<-give->iobj->|iobj
rel_134	Ent[ent_1119]	Ent[ent_110]	Bobby Holik	Devils	appos|->appos->center->poss->|poss
rel_134	Ent[ent_1119]	Ent[ent_110]	Bobby Holik	Devils	nsubj|<-nsubj<-score->dobj->goal->prep->for->pobj->|pobj
rel_148	Ent[ent_1119]	Ent[ent_1282]	Bobby Holik	Devils	appos|->appos->scorer->poss->|poss
rel_134	Ent[ent_1119]	Ent[ent_110]	Bobby Holik	Devils	rcmod|->rcmod->play->prep->with->pobj->|pobj
rel_330	Ent[ent_1119]	Ent[ent_1256]	Bobby Holik	Devils	rcmod|->rcmod->lead->dobj->|dobj
rel_148	Ent[ent_1119]	Ent[ent_1282]	Bobby Holik	Devils	appos|->appos->center->nn->|nn
rel_256	Ent[ent_1119]	Ent[ent_1259]	Bobby Holik	Devils	nsubjpass|<-nsubjpass<-award->prep->after->pobj->|pobj
rel_256	Ent[ent_1119]	Ent[ent_1259]	Bobby Holik	Devils	nsubj|<-nsubj<-score->dobj->tonight->poss->|poss
rel_256	Ent[ent_1119]	Ent[ent_1259]	Bobby Holik	Devils	nsubj|<-nsubj<-say->prep->after->pobj->loss->prep->to->pobj->|pobj
rel_20	Ent[ent_820]	Ent[ent_826]	Israel	Palestinians	poss|<-poss<-treatment->prep->of->pobj->|pobj
rel_250	Ent[ent_856]	Ent[ent_826]	Israel	Palestinians	nsubj|<-nsubj<-expel->dobj->|dobj
rel_319	Ent[ent_856]	Ent[ent_1228]	Israel	Palestinians	poss|<-poss<-deportation->prep->of->pobj->|pobj
rel_20	Ent[ent_820]	Ent[ent_826]	Israel	Palestinians	poss|<-poss<-policy->prep->toward->pobj->|pobj
rel_319	Ent[ent_856]	Ent[ent_1228]	Israel	Palestinians	nsubj|<-nsubj<-deport->dobj->|dobj
rel_319	Ent[ent_856]	Ent[ent_1228]	Israel	Palestinians	nsubj|<-nsubj<-bar->dobj->|dobj
rel_250	Ent[ent_856]	Ent[ent_826]	Israel	Palestinians	poss|<-poss<-negotiation->prep->with->pobj->|pobj
rel_250	Ent[ent_856]	Ent[ent_826]	Israel	Palestinians	poss|<-poss<-action->prep->against->pobj->|pobj
rel_319	Ent[ent_856]	Ent[ent_1228]	Israel	Palestinians	nsubj|<-nsubj<-negotiate->prep->with->pobj->|pobj
rel_250	Ent[ent_856]	Ent[ent_826]	Israel	Palestinians	nsubj|<-nsubj<-kill->dobj->|dobj
rel_134	Ent[ent_413]	Ent[ent_110]	Holik	Devils	nsubj|<-nsubj<-give->iobj->|iobj
rel_185	Ent[ent_413]	Ent[ent_1259]	Holik	Devils	appos|->appos->center->poss->|poss
rel_134	Ent[ent_413]	Ent[ent_110]	Holik	Devils	nsubj|<-nsubj<-score->dobj->goal->prep->for->pobj->|pobj
rel_134	Ent[ent_413]	Ent[ent_110]	Holik	Devils	rcmod|->rcmod->play->prep->with->pobj->|pobj
rel_134	Ent[ent_413]	Ent[ent_110]	Holik	Devils	nsubj|<-nsubj<-lead->dobj->|dobj
rel_168	Ent[ent_413]	Ent[ent_1282]	Holik	Devils	appos|->appos->scorer->poss->|poss
rel_185	Ent[ent_413]	Ent[ent_1259]	Holik	Devils	rcmod|->rcmod->lead->dobj->|dobj
rel_134	Ent[ent_413]	Ent[ent_110]	Holik	Devils	poss|<-poss<-goal<-nsubj<-give->iobj->|iobj
rel_185	Ent[ent_413]	Ent[ent_1259]	Holik	Devils	nsubj|<-nsubj<-score->dobj->goal->poss->|poss
rel_134	Ent[ent_413]	Ent[ent_110]	Holik	Devils	nsubj|<-nsubj<-put->dobj->|dobj
rel_299	Ent[ent_546]	Ent[ent_788]	Motorola	Schaumburg	partmod|->partmod->base->prep->in->pobj->|pobj
rel_299	Ent[ent_546]	Ent[ent_788]	Motorola	Schaumburg	rcmod|->rcmod->base->prep->in->pobj->|pobj
rel_299	Ent[ent_546]	Ent[ent_788]	Motorola	Schaumburg	appos|->appos->semiconductor->partmod->base->prep->in->pobj->|pobj
rel_133	Ent[ent_546]	Ent[ent_788]	Motorola	Schaumburg	rcmod|->rcmod->base->prep->in->pobj->suburb->prep->of->pobj->|pobj
rel_133	Ent[ent_546]	Ent[ent_788]	Motorola	Schaumburg	poss|<-poss<-center->nn->|nn
rel_133	Ent[ent_546]	Ent[ent_788]	Motorola	Schaumburg	pobj|<-pobj<-for<-prep<-engineer->rcmod->live->prep->in->pobj->|pobj
rel_299	Ent[ent_546]	Ent[ent_788]	Motorola	Schaumburg	nsubj|<-nsubj<-begin->prep->in->pobj->|pobj
rel_133	Ent[ent_546]	Ent[ent_788]	Motorola	Schaumburg	nn|<-nn<-executive->prep->in->pobj->|pobj
rel_299	Ent[ent_546]	Ent[ent_788]	Motorola	Schaumburg	nn|<-nn<-conference<-dobj<-tell->prep->in->pobj->|pobj
rel_133	Ent[ent_546]	Ent[ent_788]	Motorola	Schaumburg	appos|->appos->semiconductor->dep->|dep
rel_110	Ent[ent_545]	Ent[ent_787]	Intel	Santa Clara	partmod|->partmod->base->prep->in->pobj->|pobj
rel_110	Ent[ent_545]	Ent[ent_787]	Intel	Santa Clara	rcmod|->rcmod->base->prep->in->pobj->|pobj
rel_110	Ent[ent_545]	Ent[ent_787]	Intel	Santa Clara	poss|<-poss<-headquarters->prep->in->pobj->|pobj
rel_110	Ent[ent_545]	Ent[ent_787]	Intel	Santa Clara	poss|<-poss<-headquarters->nn->|nn
rel_315	Ent[ent_545]	Ent[ent_283]	Intel	Santa Clara	pobj|<-pobj<-of<-prep<-worker->partmod->base->prep->in->pobj->|pobj
rel_110	Ent[ent_545]	Ent[ent_787]	Intel	Santa Clara	poss|<-poss<-campus->prep->in->pobj->|pobj
rel_122	Ent[ent_545]	Ent[ent_787]	Intel	Santa Clara	pobj|<-pobj<-like<-prep<-base->prep->in->pobj->|pobj
rel_122	Ent[ent_545]	Ent[ent_787]	Intel	Santa Clara	pobj|<-pobj<-for<-prep<-spokeswoman->prep->at->pobj->headquarters->dep->|dep
rel_122	Ent[ent_545]	Ent[ent_787]	Intel	Santa Clara	pobj|<-pobj<-by<-prep<-request->partmod->base->prep->in->pobj->|pobj
rel_122	Ent[ent_545]	Ent[ent_787]	Intel	Santa Clara	pobj|<-pobj<-by<-prep<-develop<-rcmod<-microprocessor->partmod->base->prep->in->pobj->|pobj
rel_110	Ent[ent_655]	Ent[ent_897]	Guidant	Indianapolis	rcmod|->rcmod->base->prep->in->pobj->|pobj
rel_110	Ent[ent_655]	Ent[ent_897]	Guidant	Indianapolis	partmod|->partmod->base->prep->in->pobj->|pobj
rel_110	Ent[ent_655]	Ent[ent_897]	Guidant	Indianapolis	nsubjpass|<-nsubjpass<-base->prep->in->pobj->|pobj
rel_110	Ent[ent_655]	Ent[ent_897]	Guidant	Indianapolis	pobj|<-pobj<-against<-prep<-file->prep->in->pobj->|pobj
rel_110	Ent[ent_655]	Ent[ent_897]	Guidant	Indianapolis	appos|->appos->maker->partmod->base->prep->in->pobj->|pobj
rel_110	Ent[ent_655]	Ent[ent_897]	Guidant	Indianapolis	appos|->appos->company->partmod->base->prep->in->pobj->|pobj
rel_110	Ent[ent_302]	Ent[ent_544]	Microsoft	Redmond	partmod|->partmod->base->prep->in->pobj->|pobj
rel_180	Ent[ent_1232]	Ent[ent_544]	Microsoft	Redmond	poss|<-poss<-headquarters->prep->in->pobj->|pobj
rel_180	Ent[ent_1232]	Ent[ent_544]	Microsoft	Redmond	rcmod|->rcmod->base->prep->in->pobj->|pobj
rel_180	Ent[ent_1232]	Ent[ent_544]	Microsoft	Redmond	nn|<-nn<-headquarters->prep->in->pobj->|pobj
rel_182	Ent[ent_1230]	Ent[ent_544]	Microsoft	Redmond	poss|<-poss<-campus->prep->in->pobj->|pobj
rel_180	Ent[ent_1232]	Ent[ent_544]	Microsoft	Redmond	nn|<-nn<-campus->prep->in->pobj->|pobj
rel_180	Ent[ent_1232]	Ent[ent_544]	Microsoft	Redmond	pobj|<-pobj<-at<-prep<-manager->prep->in->pobj->|pobj
rel_110	Ent[ent_302]	Ent[ent_544]	Microsoft	Redmond	nn|<-nn<-way->appos->|appos
rel_180	Ent[ent_1232]	Ent[ent_544]	Microsoft	Redmond	poss|<-poss<-campus->nn->|nn
rel_182	Ent[ent_1230]	Ent[ent_544]	Microsoft	Redmond	pobj|<-pobj<-at<-prep<-director->prep->in->pobj->|pobj
rel_110	Ent[ent_786]	Ent[ent_305]	Apple	Cupertino	partmod|->partmod->base->prep->in->pobj->|pobj
rel_110	Ent[ent_786]	Ent[ent_305]	Apple	Cupertino	rcmod|->rcmod->base->prep->in->pobj->|pobj
rel_180	Ent[ent_786]	Ent[ent_305]	Apple	Cupertino	poss|<-poss<-headquarters->prep->in->pobj->|pobj
rel_110	Ent[ent_786]	Ent[ent_305]	Apple	Cupertino	nsubjpass|<-nsubjpass<-base->prep->in->pobj->|pobj
rel_110	Ent[ent_786]	Ent[ent_305]	Apple	Cupertino	nn|<-nn<-headquarters->prep->in->pobj->|pobj
rel_110	Ent[ent_786]	Ent[ent_305]	Apple	Cupertino	poss|<-poss<-campus->prep->in->pobj->|pobj
rel_110	Ent[ent_786]	Ent[ent_305]	Apple	Cupertino	poss|<-poss<-campus->nn->|nn
rel_180	Ent[ent_786]	Ent[ent_305]	Apple	Cupertino	nn|<-nn<-headquarters<-dobj<-visit->prep->in->pobj->|pobj
rel_110	Ent[ent_786]	Ent[ent_305]	Apple	Cupertino	poss|<-poss<-research->prep->in->pobj->|pobj
rel_110	Ent[ent_786]	Ent[ent_305]	Apple	Cupertino	poss|<-poss<-office->prep->in->pobj->|pobj
rel_110	Ent[ent_1000]	Ent[ent_304]	Wal-Mart	Bentonville	partmod|->partmod->base->prep->in->pobj->|pobj
rel_110	Ent[ent_1000]	Ent[ent_304]	Wal-Mart	Bentonville	rcmod|->rcmod->base->prep->in->pobj->|pobj
rel_110	Ent[ent_1000]	Ent[ent_304]	Wal-Mart	Bentonville	poss|<-poss<-headquarters->prep->in->pobj->|pobj
rel_110	Ent[ent_1000]	Ent[ent_304]	Wal-Mart	Bentonville	nn|<-nn<-headquarters->prep->in->pobj->|pobj
rel_136	Ent[ent_1000]	Ent[ent_304]	Wal-Mart	Bentonville	appos|->appos->discounter->partmod->base->prep->in->pobj->|pobj
rel_110	Ent[ent_1000]	Ent[ent_304]	Wal-Mart	Bentonville	appos|->appos->giant->partmod->base->prep->in->pobj->|pobj
rel_136	Ent[ent_1000]	Ent[ent_304]	Wal-Mart	Bentonville	rcmod|->rcmod->know->prep->with->pobj->headquarters->prep->in->pobj->town->prep->of->pobj->|pobj
rel_110	Ent[ent_1000]	Ent[ent_304]	Wal-Mart	Bentonville	rcmod|->rcmod->have->dobj->headquarters->prep->in->pobj->|pobj
rel_110	Ent[ent_1000]	Ent[ent_304]	Wal-Mart	Bentonville	poss|<-poss<-town->prep->of->pobj->|pobj
rel_110	Ent[ent_1000]	Ent[ent_304]	Wal-Mart	Bentonville	poss|<-poss<-store->nn->|nn
rel_110	Ent[ent_412]	Ent[ent_654]	Qwest	Denver	rcmod|->rcmod->base->prep->in->pobj->|pobj
rel_110	Ent[ent_412]	Ent[ent_654]	Qwest	Denver	partmod|->partmod->base->prep->in->pobj->|pobj
rel_110	Ent[ent_412]	Ent[ent_654]	Qwest	Denver	appos|->appos->company->partmod->base->prep->in->pobj->|pobj
rel_316	Ent[ent_412]	Ent[ent_654]	Qwest	Denver	appos|->appos->provider->amod->|amod
rel_110	Ent[ent_412]	Ent[ent_654]	Qwest	Denver	rcmod|->rcmod->have->prep->in->pobj->|pobj
rel_110	Ent[ent_412]	Ent[ent_654]	Qwest	Denver	rcmod|->rcmod->fact->partmod->base->prep->in->pobj->|pobj
rel_110	Ent[ent_412]	Ent[ent_654]	Qwest	Denver	poss|<-poss<-headquarters->prep->in->pobj->|pobj
rel_316	Ent[ent_412]	Ent[ent_654]	Qwest	Denver	pobj|<-pobj<-to<-prep<-make<-rcmod<-overture->partmod->base->prep->in->pobj->|pobj
rel_316	Ent[ent_412]	Ent[ent_654]	Qwest	Denver	pobj|<-pobj<-of<-prep<-executive->rcmod->try->prep->on->pobj->charge->prep->in->pobj->|pobj
rel_316	Ent[ent_412]	Ent[ent_654]	Qwest	Denver	pobj|<-pobj<-of<-prep<-executive->partmod->base->prep->in->pobj->|pobj
rel_110	Ent[ent_896]	Ent[ent_415]	Monsanto	St. Louis	rcmod|->rcmod->base->prep->in->pobj->|pobj
rel_110	Ent[ent_896]	Ent[ent_415]	Monsanto	St. Louis	partmod|->partmod->base->prep->in->pobj->|pobj
rel_110	Ent[ent_896]	Ent[ent_415]	Monsanto	St. Louis	poss|<-poss<-headquarters->prep->in->pobj->|pobj
rel_110	Ent[ent_896]	Ent[ent_415]	Monsanto	St. Louis	rcmod|->rcmod->base->prep->outside->pobj->|pobj
rel_110	Ent[ent_896]	Ent[ent_415]	Monsanto	St. Louis	poss|<-poss<-operation<-pobj<-of<-prep<-much<-nsubjpass<-transfer->prep->from->pobj->|pobj
rel_330	Ent[ent_896]	Ent[ent_415]	Monsanto	St. Louis	poss|<-poss<-city->prep->of->pobj->|pobj
rel_110	Ent[ent_896]	Ent[ent_415]	Monsanto	St. Louis	poss|<-poss<-city->appos->|appos
rel_110	Ent[ent_896]	Ent[ent_415]	Monsanto	St. Louis	poss|<-poss<-campus->prep->in->pobj->|pobj
rel_110	Ent[ent_896]	Ent[ent_415]	Monsanto	St. Louis	nsubj|<-nsubj<-manufacture->prep->in->pobj->|pobj
rel_110	Ent[ent_896]	Ent[ent_415]	Monsanto	St. Louis	nsubj|<-nsubj<-learn<-dep<-sue->prep->in->pobj->court->prep->in->pobj->|pobj
rel_110	Ent[ent_548]	Ent[ent_1003]	Johnson & Johnson	New Brunswick	partmod|->partmod->base->prep->in->pobj->|pobj
rel_110	Ent[ent_548]	Ent[ent_1003]	Johnson & Johnson	New Brunswick	rcmod|->rcmod->base->prep->in->pobj->|pobj
rel_110	Ent[ent_548]	Ent[ent_1003]	Johnson & Johnson	New Brunswick	poss|<-poss<-headquarters->prep->in->pobj->|pobj
rel_110	Ent[ent_548]	Ent[ent_1003]	Johnson & Johnson	New Brunswick	rcmod|->rcmod->have->dobj->headquarters->prep->in->pobj->|pobj
rel_395	Ent[ent_548]	Ent[ent_1003]	Johnson & Johnson	New Brunswick	pobj|<-pobj<-of<-prep<-division->partmod->base->prep->in->pobj->|pobj
rel_395	Ent[ent_548]	Ent[ent_1003]	Johnson & Johnson	New Brunswick	nn|<-nn<-spokesman->prep->in->pobj->|pobj
rel_395	Ent[ent_548]	Ent[ent_1003]	Johnson & Johnson	New Brunswick	appos|->appos->giant->prep->in->pobj->|pobj
rel_110	Ent[ent_548]	Ent[ent_1003]	Johnson & Johnson	New Brunswick	appos|->appos->company->partmod->base->prep->in->pobj->|pobj
rel_395	Ent[ent_548]	Ent[ent_1003]	Johnson & Johnson	New Brunswick	rcmod|->rcmod->base->purpcl->announce->nsubj->|nsubj
rel_395	Ent[ent_548]	Ent[ent_1003]	Johnson & Johnson	New Brunswick	rcmod|->rcmod->base->prep->in->pobj->element->nn->|nn
rel_110	Ent[ent_547]	Ent[ent_789]	I.B.M.	Armonk	partmod|->partmod->base->prep->in->pobj->|pobj
rel_110	Ent[ent_547]	Ent[ent_789]	I.B.M.	Armonk	poss|<-poss<-headquarters->prep->in->pobj->|pobj
rel_110	Ent[ent_547]	Ent[ent_789]	I.B.M.	Armonk	rcmod|->rcmod->base->prep->in->pobj->|pobj
rel_110	Ent[ent_547]	Ent[ent_789]	I.B.M.	Armonk	nn|<-nn<-headquarters->prep->in->pobj->|pobj
rel_110	Ent[ent_547]	Ent[ent_789]	I.B.M.	Armonk	rcmod|->rcmod->have->prep->in->pobj->|pobj
rel_306	Ent[ent_547]	Ent[ent_789]	I.B.M.	Armonk	poss|<-poss<-headquarters->dep->|dep
rel_306	Ent[ent_547]	Ent[ent_789]	I.B.M.	Armonk	nn|<-nn<-spokesman->prep->at->pobj->headquarters->prep->in->pobj->|pobj
rel_306	Ent[ent_547]	Ent[ent_789]	I.B.M.	Armonk	dep|->dep->say->nsubj->|nsubj
rel_306	Ent[ent_547]	Ent[ent_789]	I.B.M.	Armonk	rcmod|->rcmod->have->dobj->working->prep->in->pobj->|pobj
rel_110	Ent[ent_547]	Ent[ent_789]	I.B.M.	Armonk	rcmod|->rcmod->have->dobj->headquarters->prep->in->pobj->|pobj
rel_144	Ent[ent_657]	Ent[ent_899]	Gene Russianoff	Straphangers Campaign	appos|->appos->lawyer->prep->for->pobj->|pobj
rel_144	Ent[ent_657]	Ent[ent_899]	Gene Russianoff	Straphangers Campaign	appos|->appos->attorney->prep->for->pobj->|pobj
rel_144	Ent[ent_657]	Ent[ent_899]	Gene Russianoff	Straphangers Campaign	appos|->appos->lawyer->prep->with->pobj->|pobj
rel_144	Ent[ent_657]	Ent[ent_899]	Gene Russianoff	Straphangers Campaign	appos|->appos->attorney->prep->with->pobj->|pobj
rel_144	Ent[ent_657]	Ent[ent_899]	Gene Russianoff	Straphangers Campaign	appos|->appos->attorney->prep->of->pobj->|pobj
rel_330	Ent[ent_657]	Ent[ent_899]	Gene Russianoff	Straphangers Campaign	appos|->appos->leader->prep->of->pobj->|pobj
rel_192	Ent[ent_657]	Ent[ent_237]	Gene Russianoff	Straphangers Campaign	appos|->appos->spokesman->prep->for->pobj->|pobj
rel_144	Ent[ent_657]	Ent[ent_899]	Gene Russianoff	Straphangers Campaign	appos|->appos->attorney->prep->at->pobj->|pobj
rel_144	Ent[ent_657]	Ent[ent_899]	Gene Russianoff	Straphangers Campaign	nsubj|<-nsubj<-lawyer->prep->for->pobj->|pobj
rel_144	Ent[ent_657]	Ent[ent_899]	Gene Russianoff	Straphangers Campaign	appos|->appos->lawyer->prep->at->pobj->|pobj
rel_144	Ent[ent_1110]	Ent[ent_899]	Russianoff	Straphangers Campaign	appos|->appos->lawyer->prep->for->pobj->|pobj
rel_20	Ent[ent_1110]	Ent[ent_237]	Russianoff	Straphangers Campaign	appos|->appos->attorney->prep->for->pobj->|pobj
rel_144	Ent[ent_1110]	Ent[ent_899]	Russianoff	Straphangers Campaign	appos|->appos->lawyer->prep->with->pobj->|pobj
rel_144	Ent[ent_1110]	Ent[ent_899]	Russianoff	Straphangers Campaign	appos|->appos->spokesman->prep->for->pobj->|pobj
rel_144	Ent[ent_1110]	Ent[ent_899]	Russianoff	Straphangers Campaign	nsubj|<-nsubj<-lawyer->prep->for->pobj->|pobj
rel_144	Ent[ent_1110]	Ent[ent_899]	Russianoff	Straphangers Campaign	appos|->appos->attorney->prep->with->pobj->|pobj
rel_144	Ent[ent_1110]	Ent[ent_899]	Russianoff	Straphangers Campaign	appos|->appos->attorney->prep->of->pobj->|pobj
rel_144	Ent[ent_1110]	Ent[ent_899]	Russianoff	Straphangers Campaign	appos|->appos->attorney->prep->at->pobj->|pobj
rel_399	Ent[ent_1110]	Ent[ent_899]	Russianoff	Straphangers Campaign	appos|->appos->leader->prep->of->pobj->|pobj
rel_399	Ent[ent_1110]	Ent[ent_899]	Russianoff	Straphangers Campaign	appos|->appos->lawyer->prep->of->pobj->|pobj
rel_144	Ent[ent_657]	Ent[ent_140]	Gene Russianoff	New York Public Interest Research Group	appos|->appos->lawyer->prep->for->pobj->|pobj
rel_144	Ent[ent_657]	Ent[ent_1220]	Gene Russianoff	New York Public Interest Research Group	appos|->appos->lawyer->prep->with->pobj->|pobj
rel_144	Ent[ent_657]	Ent[ent_1220]	Gene Russianoff	New York Public Interest Research Group	appos|->appos->attorney->prep->for->pobj->|pobj
rel_144	Ent[ent_657]	Ent[ent_1220]	Gene Russianoff	New York Public Interest Research Group	appos|->appos->lawyer->prep->at->pobj->|pobj
rel_144	Ent[ent_657]	Ent[ent_140]	Gene Russianoff	New York Public Interest Research Group	appos|->appos->attorney->prep->with->pobj->|pobj
rel_144	Ent[ent_657]	Ent[ent_1220]	Gene Russianoff	New York Public Interest Research Group	appos|->appos->attorney->prep->at->pobj->|pobj
rel_144	Ent[ent_657]	Ent[ent_1220]	Gene Russianoff	New York Public Interest Research Group	appos|->appos->director->prep->of->pobj->|pobj
rel_144	Ent[ent_657]	Ent[ent_1220]	Gene Russianoff	New York Public Interest Research Group	appos|->appos->attorney->prep->of->pobj->|pobj
rel_144	Ent[ent_657]	Ent[ent_140]	Gene Russianoff	New York Public Interest Research Group	appos|->appos->counsel->prep->to->pobj->|pobj
rel_144	Ent[ent_657]	Ent[ent_140]	Gene Russianoff	New York Public Interest Research Group	appos|->appos->president->prep->of->pobj->|pobj
rel_144	Ent[ent_414]	Ent[ent_656]	Eric A. Goldstein	Natural Resources Defense Council	appos|->appos->lawyer->prep->for->pobj->|pobj
rel_144	Ent[ent_414]	Ent[ent_656]	Eric A. Goldstein	Natural Resources Defense Council	appos|->appos->lawyer->prep->with->pobj->|pobj
rel_144	Ent[ent_414]	Ent[ent_656]	Eric A. Goldstein	Natural Resources Defense Council	appos|->appos->attorney->prep->for->pobj->|pobj
rel_144	Ent[ent_414]	Ent[ent_656]	Eric A. Goldstein	Natural Resources Defense Council	appos|->appos->lawyer->prep->at->pobj->|pobj
rel_144	Ent[ent_414]	Ent[ent_656]	Eric A. Goldstein	Natural Resources Defense Council	appos|->appos->attorney->prep->with->pobj->|pobj
rel_144	Ent[ent_414]	Ent[ent_656]	Eric A. Goldstein	Natural Resources Defense Council	appos|->appos->attorney->prep->at->pobj->|pobj
rel_144	Ent[ent_414]	Ent[ent_656]	Eric A. Goldstein	Natural Resources Defense Council	appos|->appos->spokesman->prep->for->pobj->|pobj
rel_144	Ent[ent_414]	Ent[ent_656]	Eric A. Goldstein	Natural Resources Defense Council	appos|->appos->specialist->prep->at->pobj->|pobj
rel_144	Ent[ent_414]	Ent[ent_656]	Eric A. Goldstein	Natural Resources Defense Council	appos|->appos->lawyer->rcmod->monitor->prep->at->pobj->|pobj
rel_144	Ent[ent_414]	Ent[ent_656]	Eric A. Goldstein	Natural Resources Defense Council	appos|->appos->lawyer->rcmod->director->prep->of->pobj->program->prep->of->pobj->|pobj
rel_144	Ent[ent_1110]	Ent[ent_140]	Russianoff	New York Public Interest Research Group	appos|->appos->lawyer->prep->for->pobj->|pobj
rel_144	Ent[ent_1110]	Ent[ent_140]	Russianoff	New York Public Interest Research Group	appos|->appos->lawyer->prep->with->pobj->|pobj
rel_144	Ent[ent_1110]	Ent[ent_140]	Russianoff	New York Public Interest Research Group	appos|->appos->attorney->prep->for->pobj->|pobj
rel_144	Ent[ent_1110]	Ent[ent_1220]	Russianoff	New York Public Interest Research Group	appos|->appos->lawyer->prep->at->pobj->|pobj
rel_144	Ent[ent_1110]	Ent[ent_1220]	Russianoff	New York Public Interest Research Group	appos|->appos->attorney->prep->with->pobj->|pobj
rel_144	Ent[ent_1110]	Ent[ent_1220]	Russianoff	New York Public Interest Research Group	appos|->appos->attorney->prep->at->pobj->|pobj
rel_144	Ent[ent_1110]	Ent[ent_140]	Russianoff	New York Public Interest Research Group	appos|->appos->attorney->prep->of->pobj->|pobj
rel_144	Ent[ent_1110]	Ent[ent_140]	Russianoff	New York Public Interest Research Group	appos|->appos->director->prep->of->pobj->|pobj
rel_144	Ent[ent_1110]	Ent[ent_1220]	Russianoff	New York Public Interest Research Group	appos|->appos->counsel->prep->to->pobj->|pobj
rel_144	Ent[ent_1110]	Ent[ent_140]	Russianoff	New York Public Interest Research Group	rcmod|->rcmod->project->prep->of->pobj->|pobj
rel_144	Ent[ent_898]	Ent[ent_1220]	Larry Shapiro	New York Public Interest Research Group	appos|->appos->lawyer->prep->for->pobj->|pobj
rel_144	Ent[ent_898]	Ent[ent_1220]	Larry Shapiro	New York Public Interest Research Group	appos|->appos->lawyer->prep->with->pobj->|pobj
rel_144	Ent[ent_898]	Ent[ent_1220]	Larry Shapiro	New York Public Interest Research Group	appos|->appos->attorney->prep->for->pobj->|pobj
rel_144	Ent[ent_898]	Ent[ent_140]	Larry Shapiro	New York Public Interest Research Group	appos|->appos->lawyer->prep->at->pobj->|pobj
rel_144	Ent[ent_898]	Ent[ent_1220]	Larry Shapiro	New York Public Interest Research Group	appos|->appos->attorney->prep->with->pobj->|pobj
rel_144	Ent[ent_898]	Ent[ent_1220]	Larry Shapiro	New York Public Interest Research Group	appos|->appos->attorney->prep->at->pobj->|pobj
rel_144	Ent[ent_898]	Ent[ent_1220]	Larry Shapiro	New York Public Interest Research Group	appos|->appos->specialist->prep->with->pobj->|pobj
rel_144	Ent[ent_898]	Ent[ent_140]	Larry Shapiro	New York Public Interest Research Group	appos|->appos->representative->prep->with->pobj->|pobj
rel_144	Ent[ent_898]	Ent[ent_1220]	Larry Shapiro	New York Public Interest Research Group	appos|<-appos<-critic->appos->lawyer->prep->for->pobj->|pobj
rel_144	Ent[ent_898]	Ent[ent_140]	Larry Shapiro	New York Public Interest Research Group	appos|->appos->coordinator->prep->for->pobj->|pobj
rel_108	Ent[ent_1111]	Ent[ent_417]	Michael E. Tigar	Mr. Nichols	appos|->appos->lawyer->prep->for->pobj->|pobj
rel_108	Ent[ent_1111]	Ent[ent_417]	Michael E. Tigar	Mr. Nichols	appos|->appos->lawyer->poss->|poss
rel_108	Ent[ent_1111]	Ent[ent_417]	Michael E. Tigar	Mr. Nichols	rcmod|->rcmod->represent->dobj->|dobj
rel_108	Ent[ent_1111]	Ent[ent_417]	Michael E. Tigar	Mr. Nichols	pobj|<-pobj<-by<-prep<-cross-examined<-dep<-say->nsubj->lawyer->poss->|poss
rel_108	Ent[ent_1111]	Ent[ent_417]	Michael E. Tigar	Mr. Nichols	appos|<-appos<-today->appos->lawyer->prep->for->pobj->|pobj
rel_86	Ent[ent_503]	Ent[ent_417]	Michael E. Tigar	Mr. Nichols	appos|<-appos<-lawyer->appos->lawyer->prep->for->pobj->|pobj
rel_66	Ent[ent_659]	Ent[ent_1112]	Stephen Jones	Mr. McVeigh	appos|->appos->lawyer->prep->for->pobj->|pobj
rel_66	Ent[ent_659]	Ent[ent_1112]	Stephen Jones	Mr. McVeigh	appos|->appos->lawyer->poss->|poss
rel_66	Ent[ent_659]	Ent[ent_1112]	Stephen Jones	Mr. McVeigh	rcmod|->rcmod->lawyer->prep->for->pobj->|pobj
rel_66	Ent[ent_659]	Ent[ent_1112]	Stephen Jones	Mr. McVeigh	rcmod|->rcmod->represent->dobj->|dobj
rel_66	Ent[ent_659]	Ent[ent_1112]	Stephen Jones	Mr. McVeigh	rcmod|->rcmod->lead->dobj->team->poss->|poss
rel_66	Ent[ent_659]	Ent[ent_1112]	Stephen Jones	Mr. McVeigh	rcmod|->rcmod->head->dobj->team->poss->|poss
rel_66	Ent[ent_659]	Ent[ent_1112]	Stephen Jones	Mr. McVeigh	pobj|<-pobj<-unlike<-prep<-promise->nsubj->lawyer->poss->|poss
rel_66	Ent[ent_659]	Ent[ent_1112]	Stephen Jones	Mr. McVeigh	nsubj|<-nsubj<-attack->dobj->credibility->prep->of->pobj->witness->rcmod->identify->dobj->|dobj
rel_66	Ent[ent_659]	Ent[ent_1112]	Stephen Jones	Mr. McVeigh	appos|->appos->lawyer->rcmod->head->dobj->team->poss->|poss
rel_66	Ent[ent_659]	Ent[ent_1112]	Stephen Jones	Mr. McVeigh	appos|->appos->lawyer->prep->in->pobj->case->rcmod->sentence->nsubjpass->|nsubjpass
rel_144	Ent[ent_416]	Ent[ent_658]	Steven Banks	Legal Aid Society 's Homeless Family Rights Project	appos|->appos->lawyer->prep->for->pobj->|pobj
rel_144	Ent[ent_416]	Ent[ent_658]	Steven Banks	Legal Aid Society 's Homeless Family Rights Project	appos|->appos->attorney->prep->for->pobj->|pobj
rel_144	Ent[ent_416]	Ent[ent_658]	Steven Banks	Legal Aid Society 's Homeless Family Rights Project	appos|->appos->lawyer->rcmod->head->dobj->|dobj
rel_144	Ent[ent_416]	Ent[ent_658]	Steven Banks	Legal Aid Society 's Homeless Family Rights Project	appos|->appos->lawyer->prep->with->pobj->|pobj
rel_399	Ent[ent_416]	Ent[ent_658]	Steven Banks	Legal Aid Society 's Homeless Family Rights Project	rcmod|->rcmod->head->dobj->|dobj
rel_399	Ent[ent_416]	Ent[ent_658]	Steven Banks	Legal Aid Society 's Homeless Family Rights Project	appos|->appos->head->prep->of->pobj->|pobj
rel_144	Ent[ent_416]	Ent[ent_658]	Steven Banks	Legal Aid Society 's Homeless Family Rights Project	pobj|<-pobj<-to<-prep<-response->appos->lawyer->prep->of->pobj->|pobj
rel_144	Ent[ent_416]	Ent[ent_658]	Steven Banks	Legal Aid Society 's Homeless Family Rights Project	nsubj|<-nsubj<-say->partmod->coordinate->dobj->attorney->prep->for->pobj->|pobj
rel_144	Ent[ent_978]	Ent[ent_129]	Christopher Dunn	New York Civil Liberties Union	appos|->appos->director->prep->of->pobj->|pobj
rel_144	Ent[ent_978]	Ent[ent_129]	Christopher Dunn	New York Civil Liberties Union	appos|->appos->lawyer->prep->for->pobj->|pobj
rel_144	Ent[ent_978]	Ent[ent_129]	Christopher Dunn	New York Civil Liberties Union	appos|->appos->lawyer->prep->with->pobj->|pobj
rel_144	Ent[ent_978]	Ent[ent_129]	Christopher Dunn	New York Civil Liberties Union	appos|->appos->director->prep->for->pobj->|pobj
rel_144	Ent[ent_978]	Ent[ent_129]	Christopher Dunn	New York Civil Liberties Union	appos|->appos->lawyer->prep->at->pobj->|pobj
rel_250	Ent[ent_827]	Ent[ent_419]	Mr. Clinton	Hillary	poss|<-poss<-wife->appos->|appos
rel_250	Ent[ent_827]	Ent[ent_419]	Mr. Clinton	Hillary	appos|->appos->wife->appos->|appos
rel_250	Ent[ent_827]	Ent[ent_419]	Mr. Clinton	Hillary	partmod|->partmod->accompany->prep->by->pobj->wife->appos->|appos
rel_72	Ent[ent_651]	Ent[ent_419]	Mr. Clinton	Hillary	rcmod|->rcmod->spend->prep->with->pobj->wife->appos->|appos
rel_250	Ent[ent_827]	Ent[ent_419]	Mr. Clinton	Hillary	rcmod|->rcmod->join->prep->by->pobj->wife->appos->|appos
rel_313	Ent[ent_827]	Ent[ent_653]	Mr. Clinton	Hillary	rcmod|->rcmod->issue->prep->with->pobj->|pobj
rel_250	Ent[ent_827]	Ent[ent_419]	Mr. Clinton	Hillary	rcmod|->rcmod->have->prep->with->pobj->wife->appos->|appos
rel_250	Ent[ent_827]	Ent[ent_419]	Mr. Clinton	Hillary	rcmod|->rcmod->flank->prep->by->pobj->wife->appos->|appos
rel_250	Ent[ent_827]	Ent[ent_419]	Mr. Clinton	Hillary	rcmod|->rcmod->be->nsubj->wife->appos->|appos
rel_250	Ent[ent_827]	Ent[ent_419]	Mr. Clinton	Hillary	rcmod|->rcmod->accompany->prep->by->pobj->wife->appos->|appos
rel_355	Ent[ent_1114]	Ent[ent_418]	Mr. Ammon	Generosa	poss|<-poss<-wife->appos->|appos
rel_355	Ent[ent_1114]	Ent[ent_418]	Mr. Ammon	Generosa	poss|<-poss<-widow->appos->|appos
rel_355	Ent[ent_1114]	Ent[ent_418]	Mr. Ammon	Generosa	poss|<-poss<-wife<-dobj<-romance<-rcmod<-spendthrift->appos->|appos
rel_355	Ent[ent_1114]	Ent[ent_418]	Mr. Ammon	Generosa	poss|<-poss<-wife<-dobj<-romance->appos->|appos
rel_355	Ent[ent_1114]	Ent[ent_418]	Mr. Ammon	Generosa	poss|<-poss<-wife<-dobj<-marry->dobj->|dobj
rel_355	Ent[ent_1114]	Ent[ent_418]	Mr. Ammon	Generosa	poss|<-poss<-wife<-dobj<-accuse->appos->|appos
rel_355	Ent[ent_1114]	Ent[ent_418]	Mr. Ammon	Generosa	poss|<-poss<-slaying<-pobj<-of<-dep<-yet<-advmod<-offer->prep->for->pobj->time->partmod->implicate->dobj->|dobj
rel_8	Ent[ent_488]	Ent[ent_418]	Mr. Ammon	Generosa	nsubjpass|<-nsubjpass<-kill->tmod->day->dep->be->nsubj->he->appos->|appos
rel_30	Ent[ent_987]	Ent[ent_671]	Mr. Weaver	Vicki	poss|<-poss<-wife->appos->|appos
rel_7	Ent[ent_165]	Ent[ent_671]	Mr. Weaver	Vicki	poss|<-poss<-wife<-dobj<-strike->dep->|dep
rel_7	Ent[ent_165]	Ent[ent_671]	Mr. Weaver	Vicki	poss|<-poss<-cabin<-nsubj<-kill->dobj->wife->appos->|appos
rel_250	Ent[ent_670]	Ent[ent_431]	Mr. Dole	Elizabeth	poss|<-poss<-wife->appos->|appos
rel_250	Ent[ent_670]	Ent[ent_431]	Mr. Dole	Elizabeth	rcmod|->rcmod->flank->prep->by->pobj->wife->appos->|appos
rel_250	Ent[ent_670]	Ent[ent_431]	Mr. Dole	Elizabeth	poss|<-poss<-appearance<-nsubj<-include->dobj->|dobj
rel_250	Ent[ent_670]	Ent[ent_431]	Mr. Dole	Elizabeth	poss|<-poss<-aide<-pobj<-by<-prep<-flag->prep->at->pobj->|pobj
rel_250	Ent[ent_670]	Ent[ent_431]	Mr. Dole	Elizabeth	poss|<-poss<-adviser->appos->|appos
rel_250	Ent[ent_670]	Ent[ent_431]	Mr. Dole	Elizabeth	partmod|->partmod->flank->prep->by->pobj->wife->appos->|appos
rel_250	Ent[ent_670]	Ent[ent_431]	Mr. Dole	Elizabeth	partmod|->partmod->accompany->prep->by->pobj->wife->appos->|appos
rel_250	Ent[ent_670]	Ent[ent_431]	Mr. Dole	Elizabeth	nsubjpass|<-nsubjpass<-introduce->prep->by->pobj->wife->appos->|appos
rel_250	Ent[ent_670]	Ent[ent_431]	Mr. Dole	Elizabeth	nsubjpass|<-nsubjpass<-introduce->prep->by->pobj->|pobj
rel_250	Ent[ent_670]	Ent[ent_431]	Mr. Dole	Elizabeth	nsubjpass|<-nsubjpass<-accompany->prep->by->pobj->wife->appos->|appos
rel_27	Ent[ent_491]	Ent[ent_430]	Mr. Mandela	Winnie	poss|<-poss<-wife->appos->|appos
rel_27	Ent[ent_491]	Ent[ent_430]	Mr. Mandela	Winnie	rcmod|->rcmod->divorce->prep->from->pobj->|pobj
rel_3	Ent[ent_673]	Ent[ent_430]	Mr. Mandela	Winnie	rcmod|->rcmod->accompany->prep->at->pobj->conference->prep->by->pobj->wife->appos->|appos
rel_3	Ent[ent_673]	Ent[ent_430]	Mr. Mandela	Winnie	poss|<-poss<-work->appos->wife->dep->activism->poss->|poss
rel_27	Ent[ent_491]	Ent[ent_430]	Mr. Mandela	Winnie	poss|<-poss<-return->appos->|appos
rel_3	Ent[ent_673]	Ent[ent_430]	Mr. Mandela	Winnie	pobj|<-pobj<-within<-prep<-dissent<-nsubj<-defend->dobj->concession->dep->|dep
rel_3	Ent[ent_673]	Ent[ent_430]	Mr. Mandela	Winnie	partmod|->partmod->accompany->prep->by->pobj->wife->appos->|appos
rel_3	Ent[ent_673]	Ent[ent_430]	Mr. Mandela	Winnie	nsubj|<-nsubj<-tour->prep->with->pobj->wife->dep->|dep
rel_3	Ent[ent_673]	Ent[ent_430]	Mr. Mandela	Winnie	nsubj|<-nsubj<-start->prep->with->pobj->wife->appos->|appos
rel_3	Ent[ent_673]	Ent[ent_430]	Mr. Mandela	Winnie	nsubj|<-nsubj<-share->prep->with->pobj->wife->dep->|dep
rel_250	Ent[ent_1216]	Ent[ent_672]	Mr. Gorbachev	Raisa	poss|<-poss<-wife->appos->|appos
rel_250	Ent[ent_1216]	Ent[ent_672]	Mr. Gorbachev	Raisa	rcmod|->rcmod->accompany->prep->by->pobj->wife->appos->|appos
rel_144	Ent[ent_1216]	Ent[ent_523]	Mr. Gorbachev	Raisa	rcmod|->rcmod->arrive->prep->with->pobj->wife->appos->|appos
rel_185	Ent[ent_198]	Ent[ent_672]	Mr. Gorbachev	Raisa	poss|<-poss<-roommate->prep->for->pobj->|pobj
rel_250	Ent[ent_1216]	Ent[ent_672]	Mr. Gorbachev	Raisa	poss|<-poss<-relationship->prep->to->pobj->wife->appos->|appos
rel_185	Ent[ent_198]	Ent[ent_672]	Mr. Gorbachev	Raisa	pobj|<-pobj<-with<-prep<-be->nsubj->wife->appos->|appos
rel_185	Ent[ent_198]	Ent[ent_672]	Mr. Gorbachev	Raisa	partmod|->partmod->accompany->prep->by->pobj->wife->appos->|appos
rel_250	Ent[ent_1216]	Ent[ent_672]	Mr. Gorbachev	Raisa	nsubjpass|<-nsubjpass<-accompany->prep->by->pobj->wife->appos->|appos
rel_185	Ent[ent_198]	Ent[ent_672]	Mr. Gorbachev	Raisa	nsubj|<-nsubj<-step->advmod->down->dep->ramp->prep->with->pobj->wife->appos->|appos
rel_185	Ent[ent_198]	Ent[ent_672]	Mr. Gorbachev	Raisa	nsubj|<-nsubj<-stand->prep->with->pobj->wife->appos->|appos
rel_250	Ent[ent_182]	Ent[ent_433]	Mr. Bush	Barbara	poss|<-poss<-wife->appos->|appos
rel_192	Ent[ent_1253]	Ent[ent_433]	Mr. Bush	Barbara	nsubjpass|<-nsubjpass<-join->prep->by->pobj->wife->appos->|appos
rel_192	Ent[ent_1253]	Ent[ent_433]	Mr. Bush	Barbara	poss|<-poss<-mother->appos->|appos
rel_250	Ent[ent_182]	Ent[ent_433]	Mr. Bush	Barbara	partmod|->partmod->accompany->prep->by->pobj->wife->appos->|appos
rel_192	Ent[ent_1253]	Ent[ent_433]	Mr. Bush	Barbara	nsubjpass|<-nsubjpass<-accompany->prep->by->pobj->wife->appos->|appos
rel_250	Ent[ent_182]	Ent[ent_433]	Mr. Bush	Barbara	rcmod|->rcmod->come->prep->with->pobj->wife->appos->|appos
rel_192	Ent[ent_1253]	Ent[ent_433]	Mr. Bush	Barbara	prep|->prep->with->pobj->wife->appos->|appos
rel_192	Ent[ent_1253]	Ent[ent_433]	Mr. Bush	Barbara	prep|->prep->include->pobj->|pobj
rel_166	Ent[ent_145]	Ent[ent_433]	Mr. Bush	Barbara	poss|<-poss<-staff<-nsubj<-have->dobj->|dobj
rel_192	Ent[ent_1253]	Ent[ent_433]	Mr. Bush	Barbara	poss|<-poss<-daughter->appos->|appos
rel_188	Ent[ent_675]	Ent[ent_432]	Mao	Jiang Qing	poss|<-poss<-wife->appos->|appos
rel_188	Ent[ent_675]	Ent[ent_432]	Mao	Jiang Qing	poss|<-poss<-widow->appos->|appos
rel_188	Ent[ent_675]	Ent[ent_432]	Mao	Jiang Qing	poss|<-poss<-wife<-pobj<-of<-prep<-biography<-pobj<-in<-prep<-publish->nsubjpass->|nsubjpass
rel_188	Ent[ent_675]	Ent[ent_432]	Mao	Jiang Qing	poss|<-poss<-widow<-pobj<-of<-prep<-trial<-dobj<-cover->appos->|appos
rel_188	Ent[ent_675]	Ent[ent_432]	Mao	Jiang Qing	pobj|<-pobj<-of<-prep<-teaching<-pobj<-on<-prep<-rear->dobj->|dobj
rel_188	Ent[ent_675]	Ent[ent_432]	Mao	Jiang Qing	nsubjpass|<-nsubjpass<-lose->prep->like->pobj->|pobj
rel_188	Ent[ent_675]	Ent[ent_432]	Mao	Jiang Qing	dobj|<-dobj<-marry->prep->as->pobj->|pobj
rel_355	Ent[ent_113]	Ent[ent_674]	Mr. Kerry	Teresa Heinz Kerry	poss|<-poss<-wife->appos->|appos
rel_181	Ent[ent_113]	Ent[ent_674]	Mr. Kerry	Teresa Heinz Kerry	nsubjpass|<-nsubjpass<-marry->prep->to->pobj->|pobj
rel_181	Ent[ent_113]	Ent[ent_674]	Mr. Kerry	Teresa Heinz Kerry	poss|<-poss<-wife<-pobj<-to<-prep<-belong<-rcmod<-farm->appos->|appos
rel_181	Ent[ent_113]	Ent[ent_674]	Mr. Kerry	Teresa Heinz Kerry	poss|<-poss<-wife<-pobj<-of<-prep<-face<-pobj<-on<-prep<-expression->appos->|appos
rel_181	Ent[ent_113]	Ent[ent_674]	Mr. Kerry	Teresa Heinz Kerry	poss|<-poss<-wife<-pobj<-by<-prep<-overshadow->dobj->|dobj
rel_181	Ent[ent_113]	Ent[ent_674]	Mr. Kerry	Teresa Heinz Kerry	poss|<-poss<-wife<-dobj<-introduce<-rcmod<-wife<-dobj<-introduce<-dep<-daughter->appos->|appos
rel_181	Ent[ent_113]	Ent[ent_674]	Mr. Kerry	Teresa Heinz Kerry	poss|<-poss<-daughter->appos->|appos
rel_355	Ent[ent_113]	Ent[ent_674]	Mr. Kerry	Teresa Heinz Kerry	nsubj|<-nsubj<-thank->appos->|appos
rel_355	Ent[ent_113]	Ent[ent_674]	Mr. Kerry	Teresa Heinz Kerry	nsubj|<-nsubj<-tell->dobj->|dobj
rel_181	Ent[ent_113]	Ent[ent_674]	Mr. Kerry	Teresa Heinz Kerry	nsubj|<-nsubj<-send->dep->hold->nsubj->|nsubj
rel_20	Ent[ent_163]	Ent[ent_1127]	Mr. Bush	Laura	poss|<-poss<-wife->appos->|appos
rel_252	Ent[ent_1253]	Ent[ent_1127]	Mr. Bush	Laura	appos|->appos->wife->appos->|appos
rel_252	Ent[ent_1253]	Ent[ent_1127]	Mr. Bush	Laura	nsubj|<-nsubj<-live->prep->in->pobj->neighborhood->prep->with->pobj->wife->appos->|appos
rel_365	Ent[ent_182]	Ent[ent_1127]	Mr. Bush	Laura	rcmod|->rcmod->accompany->prep->by->pobj->wife->appos->|appos
rel_252	Ent[ent_1253]	Ent[ent_1127]	Mr. Bush	Laura	poss|<-poss<-son->prep->with->pobj->wife->appos->|appos
rel_365	Ent[ent_182]	Ent[ent_1127]	Mr. Bush	Laura	poss|<-poss<-remark<-pobj<-before<-prep<-sit->prep->with->pobj->wife->appos->|appos
rel_365	Ent[ent_182]	Ent[ent_1127]	Mr. Bush	Laura	pobj|<-pobj<-with<-prep<-work->dobj->|dobj
rel_20	Ent[ent_163]	Ent[ent_1127]	Mr. Bush	Laura	pobj|<-pobj<-of<-prep<-shot->partmod->pose->prep->in->pobj->sunshine->prep->with->pobj->wife->appos->|appos
rel_365	Ent[ent_182]	Ent[ent_1127]	Mr. Bush	Laura	pobj|<-pobj<-of<-prep<-shot<-dep<-redecorate->nsubj->|nsubj
rel_252	Ent[ent_1253]	Ent[ent_1127]	Mr. Bush	Laura	pobj|<-pobj<-of<-prep<-image->prep->with->pobj->wife->appos->|appos
rel_80	Ent[ent_1128]	Ent[ent_1129]	J. Walter Thompson	WPP Group	appos|->appos->part->prep->of->pobj->|pobj
rel_325	Ent[ent_1128]	Ent[ent_1224]	J. Walter Thompson	WPP Group	nn|<-nn<-unit->prep->of->pobj->|pobj
rel_325	Ent[ent_1128]	Ent[ent_1224]	J. Walter Thompson	WPP Group	appos|->appos->unit->prep->of->pobj->|pobj
rel_325	Ent[ent_1128]	Ent[ent_1224]	J. Walter Thompson	WPP Group	partmod|->partmod->own->prep->by->pobj->|pobj
rel_80	Ent[ent_1128]	Ent[ent_1129]	J. Walter Thompson	WPP Group	nn|<-nn<-division->prep->of->pobj->|pobj
rel_325	Ent[ent_1128]	Ent[ent_1224]	J. Walter Thompson	WPP Group	rcmod|->rcmod->own->prep->by->pobj->|pobj
rel_80	Ent[ent_1128]	Ent[ent_1224]	J. Walter Thompson	WPP Group	nn|<-nn<-unit->prep->of->pobj->p.l.c.->nn->|nn
rel_80	Ent[ent_1128]	Ent[ent_1224]	J. Walter Thompson	WPP Group	rcmod|->rcmod->part->prep->of->pobj->|pobj
rel_80	Ent[ent_1128]	Ent[ent_1129]	J. Walter Thompson	WPP Group	rcmod|->rcmod->acquire->nsubj->|nsubj
rel_325	Ent[ent_1128]	Ent[ent_1224]	J. Walter Thompson	WPP Group	nn|<-nn<-co.->appos->part->prep->of->pobj->|pobj
rel_325	Ent[ent_424]	Ent[ent_1224]	Ogilvy & Mather Worldwide	WPP Group	appos|->appos->part->prep->of->pobj->|pobj
rel_325	Ent[ent_424]	Ent[ent_1129]	Ogilvy & Mather Worldwide	WPP Group	appos|->appos->unit->prep->of->pobj->|pobj
rel_325	Ent[ent_424]	Ent[ent_1224]	Ogilvy & Mather Worldwide	WPP Group	appos|<-appos<-agency->appos->part->prep->of->pobj->|pobj
rel_325	Ent[ent_424]	Ent[ent_1224]	Ogilvy & Mather Worldwide	WPP Group	partmod|->partmod->own->prep->by->pobj->|pobj
rel_325	Ent[ent_424]	Ent[ent_1129]	Ogilvy & Mather Worldwide	WPP Group	nn|<-nn<-unit->prep->of->pobj->|pobj
rel_325	Ent[ent_424]	Ent[ent_1129]	Ogilvy & Mather Worldwide	WPP Group	rcmod|->rcmod->own->prep->by->pobj->|pobj
rel_325	Ent[ent_424]	Ent[ent_1129]	Ogilvy & Mather Worldwide	WPP Group	appos|->appos->division->prep->of->pobj->|pobj
rel_325	Ent[ent_424]	Ent[ent_1224]	Ogilvy & Mather Worldwide	WPP Group	pobj|<-pobj<-of<-prep<-office<-pobj<-at<-prep<-partner->appos->part->prep->of->pobj->|pobj
rel_325	Ent[ent_424]	Ent[ent_1129]	Ogilvy & Mather Worldwide	WPP Group	pobj|<-pobj<-by<-prep<-create<-partmod<-spot->appos->part->prep->of->pobj->|pobj
rel_325	Ent[ent_424]	Ent[ent_1129]	Ogilvy & Mather Worldwide	WPP Group	rcmod|->rcmod->part->prep->of->pobj->|pobj
rel_325	Ent[ent_1104]	Ent[ent_1241]	BBDO Worldwide	Omnicom Group	nn|<-nn<-unit->prep->of->pobj->|pobj
rel_80	Ent[ent_1104]	Ent[ent_1241]	BBDO Worldwide	Omnicom Group	appos|->appos->part->prep->of->pobj->|pobj
rel_325	Ent[ent_1104]	Ent[ent_1241]	BBDO Worldwide	Omnicom Group	appos|->appos->unit->prep->of->pobj->|pobj
rel_325	Ent[ent_1104]	Ent[ent_1241]	BBDO Worldwide	Omnicom Group	pobj|<-pobj<-of<-prep<-office->appos->part->prep->of->pobj->|pobj
rel_325	Ent[ent_1104]	Ent[ent_1241]	BBDO Worldwide	Omnicom Group	partmod|->partmod->own->prep->by->pobj->|pobj
rel_80	Ent[ent_1104]	Ent[ent_1241]	BBDO Worldwide	Omnicom Group	appos|->appos->agency->prep->in->pobj->|pobj
rel_68	Ent[ent_869]	Ent[ent_451]	BBDO Worldwide	Omnicom Group	rcmod|->rcmod->own->prep->by->pobj->|pobj
rel_325	Ent[ent_1104]	Ent[ent_1241]	BBDO Worldwide	Omnicom Group	pobj|<-pobj<-of<-prep<-unit->appos->part->prep->of->pobj->|pobj
rel_325	Ent[ent_1104]	Ent[ent_1241]	BBDO Worldwide	Omnicom Group	pobj|<-pobj<-of<-prep<-office<-dobj<-join->dobj->part->prep->of->pobj->|pobj
rel_80	Ent[ent_1104]	Ent[ent_1241]	BBDO Worldwide	Omnicom Group	pobj|<-pobj<-by<-prep<-commercial->appos->part->prep->of->pobj->|pobj
rel_325	Ent[ent_666]	Ent[ent_423]	Saatchi & Saatchi	Publicis Groupe	appos|->appos->part->prep->of->pobj->|pobj
rel_325	Ent[ent_666]	Ent[ent_423]	Saatchi & Saatchi	Publicis Groupe	nn|<-nn<-unit->prep->of->pobj->|pobj
rel_325	Ent[ent_666]	Ent[ent_423]	Saatchi & Saatchi	Publicis Groupe	nsubj|<-nsubj<-part->prep->of->pobj->|pobj
rel_325	Ent[ent_666]	Ent[ent_423]	Saatchi & Saatchi	Publicis Groupe	dep|<-dep<-part->prep->of->pobj->|pobj
rel_325	Ent[ent_666]	Ent[ent_423]	Saatchi & Saatchi	Publicis Groupe	pobj|<-pobj<-of<-prep<-office->appos->part->prep->of->pobj->|pobj
rel_325	Ent[ent_666]	Ent[ent_423]	Saatchi & Saatchi	Publicis Groupe	rcmod|->rcmod->part->prep->of->pobj->|pobj
rel_325	Ent[ent_666]	Ent[ent_423]	Saatchi & Saatchi	Publicis Groupe	rcmod|->rcmod->own->prep->by->pobj->|pobj
rel_325	Ent[ent_666]	Ent[ent_423]	Saatchi & Saatchi	Publicis Groupe	rcmod|->rcmod->acquire->prep->by->pobj->|pobj
rel_325	Ent[ent_666]	Ent[ent_423]	Saatchi & Saatchi	Publicis Groupe	prep|<-prep<-work->nsubj->part->prep->of->pobj->|pobj
rel_325	Ent[ent_666]	Ent[ent_423]	Saatchi & Saatchi	Publicis Groupe	poss|<-poss<-parent->appos->|appos
rel_325	Ent[ent_421]	Ent[ent_423]	Fallon Worldwide	Publicis Groupe	appos|->appos->part->prep->of->pobj->|pobj
rel_325	Ent[ent_421]	Ent[ent_423]	Fallon Worldwide	Publicis Groupe	pobj|<-pobj<-of<-prep<-office->appos->part->prep->of->pobj->|pobj
rel_325	Ent[ent_421]	Ent[ent_423]	Fallon Worldwide	Publicis Groupe	nn|<-nn<-unit->prep->of->pobj->|pobj
rel_325	Ent[ent_421]	Ent[ent_423]	Fallon Worldwide	Publicis Groupe	partmod|->partmod->own->prep->by->pobj->|pobj
rel_325	Ent[ent_421]	Ent[ent_423]	Fallon Worldwide	Publicis Groupe	pobj|<-pobj<-of<-prep<-office<-pobj<-at<-prep<-director->appos->part->prep->of->pobj->|pobj
rel_325	Ent[ent_421]	Ent[ent_423]	Fallon Worldwide	Publicis Groupe	pobj|<-pobj<-by<-prep<-handle<-rcmod<-account<-pobj<-on<-prep<-agency->appos->part->prep->of->pobj->|pobj
rel_325	Ent[ent_421]	Ent[ent_423]	Fallon Worldwide	Publicis Groupe	dep|<-dep<-agency->appos->part->prep->of->pobj->|pobj
rel_325	Ent[ent_421]	Ent[ent_423]	Fallon Worldwide	Publicis Groupe	appos|->appos->unit->prep->of->pobj->|pobj
rel_325	Ent[ent_421]	Ent[ent_423]	Fallon Worldwide	Publicis Groupe	appos|<-appos<-agency<-nsubj<-part->prep->of->pobj->|pobj
rel_325	Ent[ent_421]	Ent[ent_423]	Fallon Worldwide	Publicis Groupe	rcmod|->rcmod->part->prep->of->pobj->|pobj
rel_325	Ent[ent_649]	Ent[ent_1241]	DDB Worldwide	Omnicom Group	appos|->appos->part->prep->of->pobj->|pobj
rel_325	Ent[ent_649]	Ent[ent_1241]	DDB Worldwide	Omnicom Group	nn|<-nn<-unit->prep->of->pobj->|pobj
rel_325	Ent[ent_649]	Ent[ent_880]	DDB Worldwide	Omnicom Group	pobj|<-pobj<-of<-prep<-office->appos->part->prep->of->pobj->|pobj
rel_325	Ent[ent_649]	Ent[ent_880]	DDB Worldwide	Omnicom Group	pobj|<-pobj<-of<-prep<-office<-pobj<-at<-prep<-president->appos->part->prep->of->pobj->|pobj
rel_325	Ent[ent_649]	Ent[ent_1241]	DDB Worldwide	Omnicom Group	pobj|<-pobj<-of<-prep<-office<-pobj<-at<-prep<-director->appos->part->prep->of->pobj->|pobj
rel_325	Ent[ent_649]	Ent[ent_880]	DDB Worldwide	Omnicom Group	appos|->appos->unit->prep->of->pobj->|pobj
rel_325	Ent[ent_649]	Ent[ent_880]	DDB Worldwide	Omnicom Group	pobj|<-pobj<-of<-prep<-unit->appos->part->prep->of->pobj->|pobj
rel_325	Ent[ent_649]	Ent[ent_1241]	DDB Worldwide	Omnicom Group	pobj|<-pobj<-of<-prep<-office<-pobj<-to<-prep<-award->dobj->part->prep->of->pobj->|pobj
rel_325	Ent[ent_649]	Ent[ent_880]	DDB Worldwide	Omnicom Group	pobj|<-pobj<-of<-prep<-office<-dobj<-join->dobj->part->prep->of->pobj->|pobj
rel_325	Ent[ent_649]	Ent[ent_880]	DDB Worldwide	Omnicom Group	pobj|<-pobj<-at<-prep<-president->appos->part->prep->of->pobj->|pobj
rel_325	Ent[ent_869]	Ent[ent_880]	Goodby	Omnicom Group	appos|->appos->part->prep->of->pobj->|pobj
rel_325	Ent[ent_869]	Ent[ent_880]	Goodby	Omnicom Group	appos|->appos->unit->prep->of->pobj->|pobj
rel_325	Ent[ent_869]	Ent[ent_880]	Goodby	Omnicom Group	nn|<-nn<-unit->prep->of->pobj->|pobj
rel_325	Ent[ent_869]	Ent[ent_880]	Goodby	Omnicom Group	partmod|->partmod->own->prep->by->pobj->|pobj
rel_68	Ent[ent_869]	Ent[ent_1241]	Goodby	Omnicom Group	rcmod|->rcmod->own->prep->by->pobj->|pobj
rel_325	Ent[ent_869]	Ent[ent_880]	Goodby	Omnicom Group	appos|<-appos<-agency->appos->part->prep->of->pobj->|pobj
rel_325	Ent[ent_869]	Ent[ent_880]	Goodby	Omnicom Group	pobj|<-pobj<-like<-prep<-own->prep->by->pobj->|pobj
rel_91	Ent[ent_869]	Ent[ent_880]	Goodby	Omnicom Group	nn|<-nn<-agency->partmod->own->prep->by->pobj->|pobj
rel_91	Ent[ent_869]	Ent[ent_880]	Goodby	Omnicom Group	appos|->appos->shop->partmod->own->prep->by->pobj->|pobj
rel_91	Ent[ent_869]	Ent[ent_880]	Goodby	Omnicom Group	appos|->appos->agency->nn->|nn
rel_80	Ent[ent_665]	Ent[ent_1120]	Euro RSCG Worldwide	Havas	nn|<-nn<-unit->prep->of->pobj->|pobj
rel_80	Ent[ent_665]	Ent[ent_1120]	Euro RSCG Worldwide	Havas	appos|->appos->part->prep->of->pobj->|pobj
rel_80	Ent[ent_665]	Ent[ent_1120]	Euro RSCG Worldwide	Havas	nn|<-nn<-division->prep->of->pobj->|pobj
rel_80	Ent[ent_665]	Ent[ent_1120]	Euro RSCG Worldwide	Havas	appos|->appos->unit->prep->of->pobj->|pobj
rel_80	Ent[ent_665]	Ent[ent_1120]	Euro RSCG Worldwide	Havas	partmod|->partmod->own->prep->by->pobj->|pobj
rel_80	Ent[ent_665]	Ent[ent_1120]	Euro RSCG Worldwide	Havas	rcmod|->rcmod->part->prep->of->pobj->|pobj
rel_80	Ent[ent_665]	Ent[ent_1120]	Euro RSCG Worldwide	Havas	nn|<-nn<-network->prep->of->pobj->|pobj
rel_80	Ent[ent_665]	Ent[ent_1120]	Euro RSCG Worldwide	Havas	rcmod|->rcmod->own->prep->by->pobj->|pobj
rel_80	Ent[ent_665]	Ent[ent_1120]	Euro RSCG Worldwide	Havas	poss|<-poss<-unit<-pobj<-at<-prep<-chairman<-pobj<-to<-prep<-promote->dobj->speculation->nn->|nn
rel_80	Ent[ent_665]	Ent[ent_1120]	Euro RSCG Worldwide	Havas	poss|<-poss<-unit->nn->|nn
rel_325	Ent[ent_426]	Ent[ent_668]	Arnold Worldwide	Arnold Worldwide Partners division	appos|->appos->part->prep->of->pobj->|pobj
rel_325	Ent[ent_426]	Ent[ent_668]	Arnold Worldwide	Arnold Worldwide Partners division	pobj|<-pobj<-of<-prep<-office<-pobj<-at<-prep<-president->appos->part->prep->of->pobj->|pobj
rel_256	Ent[ent_426]	Ent[ent_813]	Arnold Worldwide	Arnold Worldwide Partners division	pobj|<-pobj<-of<-prep<-office->appos->part->prep->of->pobj->|pobj
rel_325	Ent[ent_426]	Ent[ent_668]	Arnold Worldwide	Arnold Worldwide Partners division	nsubj|<-nsubj<-part->prep->of->pobj->|pobj
rel_325	Ent[ent_426]	Ent[ent_668]	Arnold Worldwide	Arnold Worldwide Partners division	pobj|<-pobj<-of<-prep<-team->appos->part->prep->of->pobj->|pobj
rel_180	Ent[ent_426]	Ent[ent_25]	Arnold Worldwide	Arnold Worldwide Partners division	pobj|<-pobj<-of<-prep<-office<-pobj<-to<-prep<-be->attr->part->prep->of->pobj->|pobj
rel_325	Ent[ent_426]	Ent[ent_668]	Arnold Worldwide	Arnold Worldwide Partners division	pobj|<-pobj<-of<-prep<-office<-pobj<-at<-prep<-have->dep->part->prep->of->pobj->|pobj
rel_325	Ent[ent_426]	Ent[ent_668]	Arnold Worldwide	Arnold Worldwide Partners division	pobj|<-pobj<-of<-prep<-office<-pobj<-at<-prep<-director->appos->part->prep->of->pobj->|pobj
rel_325	Ent[ent_426]	Ent[ent_668]	Arnold Worldwide	Arnold Worldwide Partners division	pobj|<-pobj<-of<-prep<-office<-dobj<-narrow<-rcmod<-review->appos->part->prep->of->pobj->|pobj
rel_325	Ent[ent_426]	Ent[ent_668]	Arnold Worldwide	Arnold Worldwide Partners division	pobj|<-pobj<-of<-prep<-office<-appos<-agency<-nsubj<-part->prep->of->pobj->|pobj
rel_325	Ent[ent_1121]	Ent[ent_425]	Grey Worldwide	Grey Global Group	appos|->appos->part->prep->of->pobj->|pobj
rel_325	Ent[ent_1121]	Ent[ent_425]	Grey Worldwide	Grey Global Group	nn|<-nn<-unit->prep->of->pobj->|pobj
rel_325	Ent[ent_1121]	Ent[ent_425]	Grey Worldwide	Grey Global Group	pobj|<-pobj<-of<-prep<-office->appos->part->prep->of->pobj->|pobj
rel_325	Ent[ent_1121]	Ent[ent_425]	Grey Worldwide	Grey Global Group	appos|->appos->part->prep->of->pobj->unit->nn->|nn
rel_325	Ent[ent_1121]	Ent[ent_425]	Grey Worldwide	Grey Global Group	appos|->appos->division->prep->of->pobj->|pobj
rel_325	Ent[ent_1121]	Ent[ent_425]	Grey Worldwide	Grey Global Group	rcmod|->rcmod->part->prep->of->pobj->|pobj
rel_325	Ent[ent_1121]	Ent[ent_425]	Grey Worldwide	Grey Global Group	pobj|<-pobj<-with<-prep<-relationship<-dobj<-expand->dobj->part->prep->of->pobj->|pobj
rel_325	Ent[ent_1121]	Ent[ent_425]	Grey Worldwide	Grey Global Group	pobj|<-pobj<-of<-prep<-unit<-pobj<-at<-prep<-creative<-amod<-part->prep->of->pobj->|pobj
rel_325	Ent[ent_1121]	Ent[ent_425]	Grey Worldwide	Grey Global Group	pobj|<-pobj<-of<-prep<-office<-pobj<-to<-prep<-go->dobj->part->prep->of->pobj->|pobj
rel_325	Ent[ent_1121]	Ent[ent_425]	Grey Worldwide	Grey Global Group	pobj|<-pobj<-of<-prep<-office<-pobj<-of<-prep<-partner->appos->part->prep->of->pobj->|pobj
rel_20	Ent[ent_1231]	Ent[ent_1263]	Clinton	New York	nsubj|<-nsubj<-come->prep->to->pobj->|pobj
rel_20	Ent[ent_1231]	Ent[ent_1263]	Clinton	New York	poss|<-poss<-campaign->prep->in->pobj->|pobj
rel_20	Ent[ent_1231]	Ent[ent_1263]	Clinton	New York	appos|->appos->senator->prep->from->pobj->|pobj
rel_8	Ent[ent_828]	Ent[ent_843]	Clinton	New York	poss|<-poss<-campaign->nn->|nn
rel_179	Ent[ent_828]	Ent[ent_1263]	Clinton	New York	nsubj|<-nsubj<-be->prep->in->pobj->|pobj
rel_20	Ent[ent_1231]	Ent[ent_1263]	Clinton	New York	poss|<-poss<-visit->prep->to->pobj->|pobj
rel_8	Ent[ent_828]	Ent[ent_843]	Clinton	New York	poss|<-poss<-trip->prep->to->pobj->|pobj
rel_8	Ent[ent_828]	Ent[ent_843]	Clinton	New York	nsubj|<-nsubj<-fly->prep->to->pobj->|pobj
rel_8	Ent[ent_828]	Ent[ent_843]	Clinton	New York	nsubj|<-nsubj<-senator->prep->from->pobj->|pobj
rel_20	Ent[ent_1231]	Ent[ent_1263]	Clinton	New York	appos|->appos->senator->poss->|poss
rel_41	Ent[ent_1099]	Ent[ent_1280]	Born	United States	nsubj|<-nsubj<-come->prep->to->pobj->|pobj
rel_41	Ent[ent_1099]	Ent[ent_1280]	Born	United States	nsubj|<-nsubj<-live->prep->in->pobj->|pobj
rel_213	Ent[ent_667]	Ent[ent_537]	Born	United States	nsubj|<-nsubj<-move->prep->to->pobj->|pobj
rel_213	Ent[ent_667]	Ent[ent_537]	Born	United States	prep|->prep->in->pobj->town->dep->bring->prep->to->pobj->|pobj
rel_213	Ent[ent_667]	Ent[ent_537]	Born	United States	nsubj|<-nsubj<-emigrate->prep->to->pobj->|pobj
rel_213	Ent[ent_667]	Ent[ent_537]	Born	United States	dep|->dep->immigrate->prep->to->pobj->|pobj
rel_34	Ent[ent_1099]	Ent[ent_1237]	Born	United States	dep|->dep->come->prep->to->pobj->|pobj
rel_213	Ent[ent_667]	Ent[ent_537]	Born	United States	rcmod|->rcmod->immigrate->prep->to->pobj->|pobj
rel_80	Ent[ent_667]	Ent[ent_1205]	Born	United States	prep|<-prep<-follow->dobj->father->prep->to->pobj->|pobj
rel_338	Ent[ent_1099]	Ent[ent_1277]	Born	United States	prep|<-prep<-come->prep->to->pobj->|pobj
rel_283	Ent[ent_1122]	Ent[ent_1237]	Salvadorans	United States	partmod|->partmod->live->prep->in->pobj->|pobj
rel_317	Ent[ent_758]	Ent[ent_1205]	Salvadorans	United States	nsubj|<-nsubj<-come->prep->to->pobj->|pobj
rel_112	Ent[ent_1122]	Ent[ent_1205]	Salvadorans	United States	nsubj|<-nsubj<-remain->prep->in->pobj->|pobj
rel_77	Ent[ent_1122]	Ent[ent_1278]	Salvadorans	United States	nsubj|<-nsubj<-live->prep->in->pobj->|pobj
rel_192	Ent[ent_1122]	Ent[ent_1277]	Salvadorans	United States	rcmod|->rcmod->enter->dobj->|dobj
rel_192	Ent[ent_1122]	Ent[ent_1277]	Salvadorans	United States	rcmod|->rcmod->work->prep->in->pobj->|pobj
rel_77	Ent[ent_1122]	Ent[ent_1278]	Salvadorans	United States	rcmod|->rcmod->live->prep->in->pobj->|pobj
rel_283	Ent[ent_1122]	Ent[ent_1237]	Salvadorans	United States	partmod|->partmod->return->prep->from->pobj->|pobj
rel_192	Ent[ent_1122]	Ent[ent_1277]	Salvadorans	United States	partmod|->partmod->charge->prep->with->pobj->involvement->prep->in->pobj->killing->prep->of->pobj->marine->nn->|nn
rel_192	Ent[ent_1122]	Ent[ent_1277]	Salvadorans	United States	nsubj|<-nsubj<-go->prep->to->pobj->|pobj
rel_41	Ent[ent_827]	Ent[ent_162]	Mr. Clinton	New York	poss|<-poss<-campaign->nn->|nn
rel_298	Ent[ent_827]	Ent[ent_843]	Mr. Clinton	New York	nsubj|<-nsubj<-come->prep->to->pobj->|pobj
rel_41	Ent[ent_827]	Ent[ent_162]	Mr. Clinton	New York	poss|<-poss<-campaign->prep->in->pobj->|pobj
rel_298	Ent[ent_827]	Ent[ent_843]	Mr. Clinton	New York	nsubj|<-nsubj<-tell->dobj->audience->nn->|nn
rel_298	Ent[ent_827]	Ent[ent_843]	Mr. Clinton	New York	nsubj|<-nsubj<-speak->prep->at->pobj->|pobj
rel_298	Ent[ent_827]	Ent[ent_843]	Mr. Clinton	New York	nsubj|<-nsubj<-be->prep->in->pobj->|pobj
rel_41	Ent[ent_827]	Ent[ent_162]	Mr. Clinton	New York	poss|<-poss<-trip->prep->to->pobj->|pobj
rel_298	Ent[ent_827]	Ent[ent_843]	Mr. Clinton	New York	poss|<-poss<-office->nn->|nn
rel_298	Ent[ent_827]	Ent[ent_843]	Mr. Clinton	New York	poss|<-poss<-appearance->prep->in->pobj->|pobj
rel_298	Ent[ent_827]	Ent[ent_843]	Mr. Clinton	New York	nsubj|<-nsubj<-win->prep->in->pobj->|pobj
rel_185	Ent[ent_428]	Ent[ent_1205]	Cubans	United States	rcmod|->rcmod->come->prep->to->pobj->|pobj
rel_185	Ent[ent_428]	Ent[ent_1205]	Cubans	United States	dobj|<-dobj<-bring->prep->to->pobj->|pobj
rel_168	Ent[ent_428]	Ent[ent_537]	Cubans	United States	rcmod|->rcmod->arrive->prep->in->pobj->|pobj
rel_185	Ent[ent_428]	Ent[ent_1205]	Cubans	United States	nsubj|<-nsubj<-flee->prep->to->pobj->|pobj
rel_185	Ent[ent_428]	Ent[ent_1205]	Cubans	United States	partmod|->partmod->live->prep->in->pobj->|pobj
rel_55	Ent[ent_428]	Ent[ent_1278]	Cubans	United States	nsubj|<-nsubj<-come->prep->to->pobj->|pobj
rel_168	Ent[ent_428]	Ent[ent_537]	Cubans	United States	rcmod|->rcmod->flee->prep->to->pobj->|pobj
rel_185	Ent[ent_428]	Ent[ent_1205]	Cubans	United States	rcmod|->rcmod->enter->dobj->|dobj
rel_219	Ent[ent_428]	Ent[ent_1237]	Cubans	United States	nsubj|<-nsubj<-leave->prep->for->pobj->|pobj
rel_55	Ent[ent_428]	Ent[ent_1278]	Cubans	United States	nsubj|<-nsubj<-arrive->prep->in->pobj->|pobj
rel_298	Ent[ent_1284]	Ent[ent_1002]	Mikhail S. Gorbachev	Washington	nsubj|<-nsubj<-come->prep->to->pobj->|pobj
rel_298	Ent[ent_1284]	Ent[ent_1002]	Mikhail S. Gorbachev	Washington	nsubj|<-nsubj<-arrive->prep->in->pobj->|pobj
rel_298	Ent[ent_1284]	Ent[ent_1002]	Mikhail S. Gorbachev	Washington	poss|<-poss<-conference->prep->in->pobj->|pobj
rel_298	Ent[ent_1284]	Ent[ent_1002]	Mikhail S. Gorbachev	Washington	pobj|<-pobj<-with<-prep<-movement<-pobj<-to<-prep<-discuss->prep->at->pobj->meeting->prep->in->pobj->|pobj
rel_298	Ent[ent_1284]	Ent[ent_1002]	Mikhail S. Gorbachev	Washington	pobj|<-pobj<-with<-prep<-meet->prep->in->pobj->|pobj
rel_20	Ent[ent_1284]	Ent[ent_1002]	Mikhail S. Gorbachev	Washington	pobj|<-pobj<-with<-prep<-meeting<-pobj<-at<-prep<-sign->prep->in->pobj->|pobj
rel_20	Ent[ent_1284]	Ent[ent_1002]	Mikhail S. Gorbachev	Washington	pobj|<-pobj<-for<-prep<-itinerary<-nsubj<-turn->prep->to->pobj->summit->prep->in->pobj->|pobj
rel_20	Ent[ent_1284]	Ent[ent_1002]	Mikhail S. Gorbachev	Washington	nsubj|<-nsubj<-visit->dobj->|dobj
rel_20	Ent[ent_1284]	Ent[ent_1002]	Mikhail S. Gorbachev	Washington	nsubj|<-nsubj<-stop->prep->on->pobj->home->prep->from->pobj->meeting->nn->|nn
rel_298	Ent[ent_1284]	Ent[ent_1002]	Mikhail S. Gorbachev	Washington	nsubj|<-nsubj<-prepare->prep->for->pobj->visit->prep->to->pobj->|pobj
rel_298	Ent[ent_1123]	Ent[ent_427]	Jonathan Pryce	Broadway	nsubj|<-nsubj<-come->prep->to->pobj->|pobj
rel_290	Ent[ent_1123]	Ent[ent_427]	Jonathan Pryce	Broadway	nsubj|<-nsubj<-appear->prep->on->pobj->|pobj
rel_298	Ent[ent_1123]	Ent[ent_427]	Jonathan Pryce	Broadway	pobj|<-pobj<-of<-prep<-casting->prep->as->pobj->engineer->prep->in->pobj->production->nn->|nn
rel_298	Ent[ent_1123]	Ent[ent_427]	Jonathan Pryce	Broadway	nsubj|<-nsubj<-return->prep->to->pobj->|pobj
rel_298	Ent[ent_1123]	Ent[ent_427]	Jonathan Pryce	Broadway	nsubj|<-nsubj<-re-create->dobj->role->prep->on->pobj->|pobj
rel_298	Ent[ent_1123]	Ent[ent_427]	Jonathan Pryce	Broadway	nsubj|<-nsubj<-re-create->dobj->portrayal->prep->in->pobj->version->nn->|nn
rel_298	Ent[ent_1123]	Ent[ent_427]	Jonathan Pryce	Broadway	nsubj|<-nsubj<-go->prep->to->pobj->|pobj
rel_290	Ent[ent_1123]	Ent[ent_427]	Jonathan Pryce	Broadway	nn|<-nn<-move->prep->to->pobj->|pobj
rel_298	Ent[ent_1123]	Ent[ent_427]	Jonathan Pryce	Broadway	dobj|<-dobj<-bring->prep->to->pobj->|pobj
rel_361	Ent[ent_669]	Ent[ent_1124]	Americans	Europe	partmod|->partmod->travel->prep->in->pobj->|pobj
rel_380	Ent[ent_669]	Ent[ent_751]	Americans	Europe	nsubj|<-nsubj<-visit->dobj->|dobj
rel_361	Ent[ent_669]	Ent[ent_1124]	Americans	Europe	nsubj|<-nsubj<-come->prep->to->pobj->|pobj
rel_361	Ent[ent_669]	Ent[ent_1124]	Americans	Europe	prep|->prep->of->pobj->descent->amod->|amod
rel_380	Ent[ent_669]	Ent[ent_751]	Americans	Europe	nsubj|<-nsubj<-go->prep->to->pobj->|pobj
rel_361	Ent[ent_669]	Ent[ent_1124]	Americans	Europe	partmod|->partmod->travel->prep->to->pobj->|pobj
rel_84	Ent[ent_1234]	Ent[ent_751]	Americans	Europe	partmod|->partmod->live->prep->in->pobj->|pobj
rel_380	Ent[ent_669]	Ent[ent_751]	Americans	Europe	partmod|->partmod->visit->dobj->|dobj
rel_37	Ent[ent_1234]	Ent[ent_1124]	Americans	Europe	nsubj|<-nsubj<-travel->prep->to->pobj->|pobj
rel_122	Ent[ent_1234]	Ent[ent_989]	Americans	Europe	rcmod|->rcmod->travel->prep->to->pobj->|pobj
rel_20	Ent[ent_195]	Ent[ent_1002]	Reagan	Washington	nsubj|<-nsubj<-meet->prep->in->pobj->|pobj
rel_20	Ent[ent_195]	Ent[ent_1002]	Reagan	Washington	nsubj|<-nsubj<-come->prep->to->pobj->|pobj
rel_298	Ent[ent_195]	Ent[ent_930]	Reagan	Washington	poss|<-poss<-conference<-pobj<-of<-prep<-transcript->prep->in->pobj->|pobj
rel_232	Ent[ent_195]	Ent[ent_239]	Reagan	Washington	nsubj|<-nsubj<-arrive->prep->in->pobj->|pobj
rel_232	Ent[ent_195]	Ent[ent_239]	Reagan	Washington	nsubj|<-nsubj<-return->prep->to->pobj->|pobj
rel_379	Ent[ent_1221]	Ent[ent_1002]	Reagan	Washington	dobj|<-dobj<-meet->prep->in->pobj->|pobj
rel_379	Ent[ent_1221]	Ent[ent_1002]	Reagan	Washington	prep|->prep->outside->pobj->hotel->nn->|nn
rel_379	Ent[ent_1221]	Ent[ent_1002]	Reagan	Washington	poss|<-poss<-state->amod->funeral->prep->in->pobj->|pobj
rel_298	Ent[ent_195]	Ent[ent_930]	Reagan	Washington	nsubj|<-nsubj<-leave->dobj->|dobj
rel_379	Ent[ent_1221]	Ent[ent_1002]	Reagan	Washington	nsubj|<-nsubj<-bring->prep->to->pobj->|pobj
rel_55	Ent[ent_1125]	Ent[ent_843]	Olympics	New York	dobj|<-dobj<-bring->prep->to->pobj->|pobj
rel_55	Ent[ent_1125]	Ent[ent_843]	Olympics	New York	nsubj|<-nsubj<-come->prep->to->pobj->|pobj
rel_244	Ent[ent_1125]	Ent[ent_1244]	Olympics	New York	dobj|<-dobj<-lure->prep->to->pobj->|pobj
rel_55	Ent[ent_1125]	Ent[ent_843]	Olympics	New York	dobj|<-dobj<-have->prep->in->pobj->|pobj
rel_244	Ent[ent_1125]	Ent[ent_1244]	Olympics	New York	dobj|<-dobj<-hold->prep->in->pobj->|pobj
rel_347	Ent[ent_1125]	Ent[ent_843]	Olympics	New York	dobj|<-dobj<-entice->prep->to->pobj->|pobj
rel_347	Ent[ent_1125]	Ent[ent_843]	Olympics	New York	dobj|<-dobj<-win->prep->for->pobj->|pobj
rel_28	Ent[ent_1125]	Ent[ent_1263]	Olympics	New York	partmod|->partmod->come->prep->to->pobj->|pobj
rel_347	Ent[ent_1125]	Ent[ent_843]	Olympics	New York	nsubjpass|<-nsubjpass<-hold->prep->in->pobj->|pobj
rel_28	Ent[ent_1125]	Ent[ent_1263]	Olympics	New York	nsubj|<-nsubj<-mean->prep->for->pobj->|pobj
rel_298	Ent[ent_80]	Ent[ent_856]	Soviet Jews	Israel	nsubj|<-nsubj<-move->prep->to->pobj->|pobj
rel_298	Ent[ent_80]	Ent[ent_856]	Soviet Jews	Israel	nsubj|<-nsubj<-go->prep->to->pobj->|pobj
rel_298	Ent[ent_80]	Ent[ent_820]	Soviet Jews	Israel	nsubj|<-nsubj<-emigrate->prep->to->pobj->|pobj
rel_298	Ent[ent_80]	Ent[ent_856]	Soviet Jews	Israel	nsubj|<-nsubj<-arrive->prep->in->pobj->|pobj
rel_323	Ent[ent_80]	Ent[ent_856]	Soviet Jews	Israel	pobj|<-pobj<-of<-prep<-immigration->prep->to->pobj->|pobj
rel_298	Ent[ent_80]	Ent[ent_856]	Soviet Jews	Israel	partmod|->partmod->emigrate->prep->to->pobj->|pobj
rel_190	Ent[ent_80]	Ent[ent_820]	Soviet Jews	Israel	dobj|<-dobj<-resettle->prep->in->pobj->|pobj
rel_190	Ent[ent_80]	Ent[ent_820]	Soviet Jews	Israel	pobj|<-pobj<-of<-prep<-influx->prep->to->pobj->|pobj
rel_190	Ent[ent_80]	Ent[ent_820]	Soviet Jews	Israel	pobj|<-pobj<-of<-prep<-flow->prep->to->pobj->|pobj
rel_298	Ent[ent_80]	Ent[ent_856]	Soviet Jews	Israel	rcmod|->rcmod->arrive->prep->in->pobj->|pobj
rel_144	Ent[ent_1078]	Ent[ent_429]	Raiders	Los Angeles	nsubj|<-nsubj<-move->prep->to->pobj->|pobj
rel_298	Ent[ent_884]	Ent[ent_1213]	Raiders	Los Angeles	dobj|<-dobj<-move->prep->to->pobj->|pobj
rel_298	Ent[ent_884]	Ent[ent_1213]	Raiders	Los Angeles	poss|<-poss<-move->prep->to->pobj->|pobj
rel_298	Ent[ent_884]	Ent[ent_1213]	Raiders	Los Angeles	nsubj|<-nsubj<-move->prep->from->pobj->|pobj
rel_364	Ent[ent_1078]	Ent[ent_1213]	Raiders	Los Angeles	nsubj|<-nsubj<-leave->prep->for->pobj->|pobj
rel_270	Ent[ent_684]	Ent[ent_429]	Raiders	Los Angeles	nsubj|<-nsubj<-play->prep->in->pobj->|pobj
rel_298	Ent[ent_884]	Ent[ent_1213]	Raiders	Los Angeles	dobj|<-dobj<-play->prep->in->pobj->|pobj
rel_298	Ent[ent_884]	Ent[ent_1213]	Raiders	Los Angeles	dobj|<-dobj<-move->prep->from->pobj->|pobj
rel_298	Ent[ent_884]	Ent[ent_1213]	Raiders	Los Angeles	nsubj|<-nsubj<-remain->prep->in->pobj->|pobj
rel_298	Ent[ent_576]	Ent[ent_429]	Raiders	Los Angeles	dobj|<-dobj<-keep->prep->in->pobj->|pobj
rel_298	Ent[ent_647]	Ent[ent_1213]	Dodgers	Los Angeles	dobj|<-dobj<-move->prep->to->pobj->|pobj
rel_298	Ent[ent_647]	Ent[ent_1213]	Dodgers	Los Angeles	nsubj|<-nsubj<-move->prep->to->pobj->|pobj
rel_298	Ent[ent_647]	Ent[ent_1213]	Dodgers	Los Angeles	dobj|<-dobj<-take->prep->to->pobj->|pobj
rel_298	Ent[ent_647]	Ent[ent_1213]	Dodgers	Los Angeles	poss|<-poss<-move->prep->to->pobj->|pobj
rel_298	Ent[ent_647]	Ent[ent_1213]	Dodgers	Los Angeles	nsubj|<-nsubj<-leave->prep->for->pobj->|pobj
rel_298	Ent[ent_576]	Ent[ent_429]	Dodgers	Los Angeles	nsubj|<-nsubj<-depart->prep->for->pobj->|pobj
rel_298	Ent[ent_647]	Ent[ent_1213]	Dodgers	Los Angeles	dobj|<-dobj<-beat->prep->in->pobj->|pobj
rel_298	Ent[ent_647]	Ent[ent_1213]	Dodgers	Los Angeles	dobj|<-dobj<-play->prep->in->pobj->|pobj
rel_298	Ent[ent_647]	Ent[ent_1213]	Dodgers	Los Angeles	rcmod|->rcmod->pitch->prep->as->pobj->|pobj
rel_298	Ent[ent_647]	Ent[ent_1213]	Dodgers	Los Angeles	rcmod|->rcmod->break->prep->as->pobj->|pobj
rel_298	Ent[ent_1126]	Ent[ent_897]	Colts	Indianapolis	nsubj|<-nsubj<-move->prep->to->pobj->|pobj
rel_298	Ent[ent_1126]	Ent[ent_897]	Colts	Indianapolis	nsubj|<-nsubj<-leave->prep->for->pobj->|pobj
rel_298	Ent[ent_1126]	Ent[ent_897]	Colts	Indianapolis	dobj|<-dobj<-move->prep->to->pobj->|pobj
rel_298	Ent[ent_1126]	Ent[ent_897]	Colts	Indianapolis	rcmod|->rcmod->quiet->prep->in->pobj->|pobj
rel_298	Ent[ent_1126]	Ent[ent_897]	Colts	Indianapolis	pobj|<-pobj<-to<-prep<-loss->prep->in->pobj->|pobj
rel_298	Ent[ent_1126]	Ent[ent_897]	Colts	Indianapolis	dobj|<-dobj<-face->prep->in->pobj->|pobj
rel_298	Ent[ent_1126]	Ent[ent_897]	Colts	Indianapolis	pobj|<-pobj<-with<-prep<-meeting->prep->in->pobj->|pobj
rel_298	Ent[ent_1126]	Ent[ent_897]	Colts	Indianapolis	nsubj|<-nsubj<-play->prep->in->pobj->|pobj
rel_298	Ent[ent_1126]	Ent[ent_897]	Colts	Indianapolis	nsubj|<-nsubj<-bolt->prep->for->pobj->|pobj
rel_298	Ent[ent_1126]	Ent[ent_897]	Colts	Indianapolis	nsubj|<-nsubj<-beat->prep->in->pobj->|pobj
rel_298	Ent[ent_680]	Ent[ent_440]	Browns	Baltimore	dobj|<-dobj<-move->prep->to->pobj->|pobj
rel_298	Ent[ent_680]	Ent[ent_440]	Browns	Baltimore	nsubj|<-nsubj<-move->prep->to->pobj->|pobj
rel_298	Ent[ent_680]	Ent[ent_440]	Browns	Baltimore	poss|<-poss<-move->prep->to->pobj->|pobj
rel_298	Ent[ent_680]	Ent[ent_440]	Browns	Baltimore	pobj|<-pobj<-of<-prep<-move->prep->to->pobj->|pobj
rel_298	Ent[ent_680]	Ent[ent_440]	Browns	Baltimore	dobj|<-dobj<-take->prep->to->pobj->|pobj
rel_298	Ent[ent_680]	Ent[ent_440]	Browns	Baltimore	nsubj|<-nsubj<-leave->prep->for->pobj->|pobj
rel_298	Ent[ent_680]	Ent[ent_440]	Browns	Baltimore	rcmod|->rcmod->replace->dobj->team->rcmod->move->prep->to->pobj->|pobj
rel_298	Ent[ent_680]	Ent[ent_440]	Browns	Baltimore	rcmod|->rcmod->move->prep->to->pobj->|pobj
rel_298	Ent[ent_680]	Ent[ent_440]	Browns	Baltimore	nsubj|<-nsubj<-relocate->prep->to->pobj->|pobj
rel_298	Ent[ent_680]	Ent[ent_440]	Browns	Baltimore	dobj|<-dobj<-relocate->prep->to->pobj->|pobj
rel_298	Ent[ent_1004]	Ent[ent_682]	Yankees	New Jersey	dobj|<-dobj<-move->prep->to->pobj->|pobj
rel_298	Ent[ent_1004]	Ent[ent_682]	Yankees	New Jersey	nsubj|<-nsubj<-move->prep->to->pobj->|pobj
rel_107	Ent[ent_1239]	Ent[ent_682]	Yankees	New Jersey	dobj|<-dobj<-take->prep->to->pobj->|pobj
rel_107	Ent[ent_1239]	Ent[ent_682]	Yankees	New Jersey	nsubj|<-nsubj<-leave->prep->for->pobj->|pobj
rel_107	Ent[ent_1239]	Ent[ent_682]	Yankees	New Jersey	dobj|<-dobj<-lose->prep->to->pobj->|pobj
rel_298	Ent[ent_1004]	Ent[ent_682]	Yankees	New Jersey	dobj|<-dobj<-have->prep->in->pobj->|pobj
rel_107	Ent[ent_1239]	Ent[ent_682]	Yankees	New Jersey	poss|<-poss<-owner<-dobj<-give->dep->plan->prep->for->pobj->stadium->prep->in->pobj->|pobj
rel_298	Ent[ent_1004]	Ent[ent_682]	Yankees	New Jersey	poss|<-poss<-attendance<-pobj<-of<-prep<-percent<-nsubj<-come->prep->from->pobj->|pobj
rel_298	Ent[ent_1004]	Ent[ent_682]	Yankees	New Jersey	partmod|->partmod->move->prep->to->pobj->|pobj
rel_298	Ent[ent_1004]	Ent[ent_682]	Yankees	New Jersey	iobj|<-iobj<-designate->dobj->something->amod->ripe->prep->for->pobj->export->prep->to->pobj->|pobj
rel_254	Ent[ent_1251]	Ent[ent_681]	Jets	Giants Stadium	nsubj|<-nsubj<-play->prep->at->pobj->|pobj
rel_254	Ent[ent_1251]	Ent[ent_681]	Jets	Giants Stadium	nsubj|<-nsubj<-face->prep->at->pobj->|pobj
rel_254	Ent[ent_1251]	Ent[ent_681]	Jets	Giants Stadium	dobj|<-dobj<-play->prep->at->pobj->|pobj
rel_254	Ent[ent_1251]	Ent[ent_681]	Jets	Giants Stadium	poss|<-poss<-lease->prep->at->pobj->|pobj
rel_144	Ent[ent_400]	Ent[ent_681]	Jets	Giants Stadium	nsubj|<-nsubj<-move->prep->to->pobj->|pobj
rel_144	Ent[ent_400]	Ent[ent_681]	Jets	Giants Stadium	poss|<-poss<-victory->prep->at->pobj->|pobj
rel_144	Ent[ent_400]	Ent[ent_681]	Jets	Giants Stadium	dobj|<-dobj<-face->prep->at->pobj->|pobj
rel_277	Ent[ent_771]	Ent[ent_681]	Jets	Giants Stadium	poss|<-poss<-loss->prep->at->pobj->|pobj
rel_254	Ent[ent_1251]	Ent[ent_681]	Jets	Giants Stadium	dobj|<-dobj<-beat->prep->at->pobj->|pobj
rel_144	Ent[ent_400]	Ent[ent_681]	Jets	Giants Stadium	rcmod|->rcmod->play->prep->at->pobj->|pobj
rel_169	Ent[ent_200]	Ent[ent_442]	Barnes Foundation	Philadelphia	nsubj|<-nsubj<-move->prep->to->pobj->|pobj
rel_40	Ent[ent_200]	Ent[ent_442]	Barnes Foundation	Philadelphia	nsubj|<-nsubj<-move->prep->into->pobj->|pobj
rel_40	Ent[ent_200]	Ent[ent_442]	Barnes Foundation	Philadelphia	rcmod|->rcmod->team->prep->with->pobj->|pobj
rel_40	Ent[ent_200]	Ent[ent_442]	Barnes Foundation	Philadelphia	pobj|<-pobj<-over<-prep<-battle<-nsubj<-heat->prep->in->pobj->|pobj
rel_169	Ent[ent_200]	Ent[ent_442]	Barnes Foundation	Philadelphia	pobj|<-pobj<-of<-prep<-president<-nsubj<-lawyer->nn->|nn
rel_40	Ent[ent_200]	Ent[ent_442]	Barnes Foundation	Philadelphia	pobj|<-pobj<-of<-prep<-board<-nsubj<-move->prep->out->dep->of->pobj->location->nn->|nn
rel_40	Ent[ent_200]	Ent[ent_442]	Barnes Foundation	Philadelphia	pobj|<-pobj<-from<-prep<-work<-pobj<-of<-prep<-exhibition->prep->at->pobj->|pobj
rel_169	Ent[ent_200]	Ent[ent_442]	Barnes Foundation	Philadelphia	pobj|<-pobj<-at<-prep<-ask->prep->to->pobj->|pobj
rel_40	Ent[ent_200]	Ent[ent_442]	Barnes Foundation	Philadelphia	pobj|<-pobj<-as<-prep<-art->prep->in->pobj->|pobj
rel_169	Ent[ent_200]	Ent[ent_442]	Barnes Foundation	Philadelphia	nsubj|<-nsubj<-receive->prep->for->pobj->move->prep->to->pobj->museum->prep->in->pobj->|pobj
rel_321	Ent[ent_684]	Ent[ent_1213]	Walter O'Malley	Los Angeles	nsubj|<-nsubj<-move->prep->to->pobj->|pobj
rel_321	Ent[ent_684]	Ent[ent_1213]	Walter O'Malley	Los Angeles	nsubj|<-nsubj<-hijack->prep->to->pobj->|pobj
rel_321	Ent[ent_684]	Ent[ent_1213]	Walter O'Malley	Los Angeles	rcmod|->rcmod->take->prep->to->pobj->|pobj
rel_382	Ent[ent_684]	Ent[ent_1213]	Walter O'Malley	Los Angeles	nsubj|<-nsubj<-talk->prep->to->pobj->politician->nn->|nn
rel_382	Ent[ent_684]	Ent[ent_1213]	Walter O'Malley	Los Angeles	nsubj|<-nsubj<-take->prep->to->pobj->|pobj
rel_321	Ent[ent_684]	Ent[ent_1213]	Walter O'Malley	Los Angeles	appos|->appos->owner->prep->of->pobj->|pobj
rel_321	Ent[ent_684]	Ent[ent_1213]	Walter O'Malley	Los Angeles	rcmod|->rcmod->owner->prep->as->pobj->owner->prep->of->pobj->|pobj
rel_270	Ent[ent_684]	Ent[ent_429]	Walter O'Malley	Los Angeles	rcmod|->rcmod->court->prep->by->pobj->|pobj
rel_382	Ent[ent_684]	Ent[ent_1213]	Walter O'Malley	Los Angeles	poss|<-poss<-wagon->prep->for->pobj->|pobj
rel_270	Ent[ent_684]	Ent[ent_429]	Walter O'Malley	Los Angeles	nsubj|<-nsubj<-plot->prep->to->pobj->|pobj
rel_298	Ent[ent_246]	Ent[ent_683]	Washington Senators	Texas	nsubj|<-nsubj<-move->prep->to->pobj->|pobj
rel_298	Ent[ent_246]	Ent[ent_683]	Washington Senators	Texas	appos|<-appos<-team->partmod->relocate->prep->to->pobj->|pobj
rel_20	Ent[ent_669]	Ent[ent_202]	Americans	diabetes	nsubj|<-nsubj<-have->dobj->|dobj
rel_20	Ent[ent_669]	Ent[ent_202]	Americans	diabetes	nsubj|<-nsubj<-suffer->prep->from->pobj->|pobj
rel_18	Ent[ent_1234]	Ent[ent_202]	Americans	diabetes	rcmod|->rcmod->suffer->prep->from->pobj->|pobj
rel_20	Ent[ent_669]	Ent[ent_202]	Americans	diabetes	rcmod|->rcmod->suffer->prep->from->pobj->range->prep->of->pobj->illness->prep->include->pobj->|pobj
rel_18	Ent[ent_1234]	Ent[ent_202]	Americans	diabetes	pobj|<-pobj<-to<-prep<-significant->prep->with->pobj->|pobj
rel_18	Ent[ent_1234]	Ent[ent_202]	Americans	diabetes	pobj|<-pobj<-of<-prep<-weight<-nsubj<-rise<-dep<-have->dobj->incidence->prep->of->pobj->|pobj
rel_20	Ent[ent_669]	Ent[ent_202]	Americans	diabetes	pobj|<-pobj<-of<-prep<-percent->prep->with->pobj->|pobj
rel_18	Ent[ent_1234]	Ent[ent_202]	Americans	diabetes	pobj|<-pobj<-of<-prep<-number->rcmod->have->dobj->|dobj
rel_18	Ent[ent_1234]	Ent[ent_202]	Americans	diabetes	pobj|<-pobj<-of<-prep<-million->prep->with->pobj->condition->prep->like->pobj->|pobj
rel_20	Ent[ent_669]	Ent[ent_202]	Americans	diabetes	pobj|<-pobj<-of<-prep<-million<-nsubj<-develop->dobj->form->prep->of->pobj->|pobj
rel_134	Ent[ent_374]	Ent[ent_27]	Heather	Mommies	nsubj|<-nsubj<-have->dobj->|dobj
rel_134	Ent[ent_374]	Ent[ent_27]	Heather	Mommies	pobj|<-pobj<-like<-prep<-read->prep->have->dobj->|dobj
rel_292	Ent[ent_491]	Ent[ent_27]	Heather	Mommies	pobj|<-pobj<-like<-prep<-make->dep->have->dobj->|dobj
rel_292	Ent[ent_491]	Ent[ent_27]	Heather	Mommies	nsubj|<-nsubj<-have->dep->|dep
rel_188	Ent[ent_811]	Ent[ent_816]	House	Republicans	nn|<-nn<-plan->nn->|nn
rel_55	Ent[ent_678]	Ent[ent_816]	House	Republicans	rcmod|->rcmod->have->nsubj->|nsubj
rel_7	Ent[ent_1268]	Ent[ent_816]	House	Republicans	nsubj|<-nsubj<-have->dobj->|dobj
rel_7	Ent[ent_1268]	Ent[ent_816]	House	Republicans	rcmod|->rcmod->hold->nsubj->|nsubj
rel_330	Ent[ent_1275]	Ent[ent_1166]	House	Republicans	partmod|->partmod->control->prep->by->pobj->|pobj
rel_7	Ent[ent_1268]	Ent[ent_816]	House	Republicans	nsubjpass|<-nsubjpass<-control->prep->by->pobj->|pobj
rel_77	Ent[ent_1275]	Ent[ent_816]	House	Republicans	rcmod|->rcmod->control->prep->by->pobj->|pobj
rel_77	Ent[ent_1275]	Ent[ent_816]	House	Republicans	nn|<-nn<-member->appos->|appos
rel_77	Ent[ent_1275]	Ent[ent_816]	House	Republicans	nsubj|<-nsubj<-accuse->dobj->|dobj
rel_77	Ent[ent_1275]	Ent[ent_816]	House	Republicans	nn|<-nn<-seat->partmod->hold->prep->by->pobj->|pobj
rel_346	Ent[ent_1197]	Ent[ent_816]	Senate	Republicans	rcmod|->rcmod->hold->nsubj->|nsubj
rel_294	Ent[ent_1246]	Ent[ent_816]	Senate	Republicans	rcmod|->rcmod->have->nsubj->|nsubj
rel_329	Ent[ent_1197]	Ent[ent_767]	Senate	Republicans	rcmod|->rcmod->control->prep->by->pobj->|pobj
rel_346	Ent[ent_1197]	Ent[ent_816]	Senate	Republicans	pobj|<-pobj<-of<-prep<-control<-dobj<-wrest->prep->from->pobj->|pobj
rel_346	Ent[ent_1197]	Ent[ent_816]	Senate	Republicans	partmod|->partmod->control->prep->by->pobj->|pobj
rel_294	Ent[ent_1197]	Ent[ent_894]	Senate	Republicans	nsubjpass|<-nsubjpass<-control->prep->by->pobj->|pobj
rel_346	Ent[ent_1197]	Ent[ent_816]	Senate	Republicans	nn|<-nn<-leader->appos->|appos
rel_346	Ent[ent_1197]	Ent[ent_816]	Senate	Republicans	nsubj|<-nsubj<-have->dobj->|dobj
rel_346	Ent[ent_1197]	Ent[ent_816]	Senate	Republicans	pobj|<-pobj<-in<-prep<-hold->nsubj->|nsubj
rel_83	Ent[ent_1124]	Ent[ent_816]	Senate	Republicans	nn|<-nn<-plan->nn->|nn
rel_134	Ent[ent_201]	Ent[ent_443]	New Yorkers	AIDS	nsubj|<-nsubj<-have->dobj->|dobj
rel_134	Ent[ent_201]	Ent[ent_443]	New Yorkers	AIDS	partmod|->partmod->live->prep->with->pobj->|pobj
rel_134	Ent[ent_201]	Ent[ent_443]	New Yorkers	AIDS	nsubjpass|<-nsubjpass<-infect->prep->with->pobj->virus->nn->|nn
rel_83	Ent[ent_265]	Ent[ent_443]	New Yorkers	AIDS	nsubj|<-nsubj<-progress->prep->to->pobj->|pobj
rel_83	Ent[ent_265]	Ent[ent_443]	New Yorkers	AIDS	nsubj|<-nsubj<-have->dobj->complex->amod->|amod
rel_134	Ent[ent_201]	Ent[ent_443]	New Yorkers	AIDS	prep|<-prep<-catch->prep->in->pobj->epidemic->nn->|nn
rel_134	Ent[ent_201]	Ent[ent_443]	New Yorkers	AIDS	pobj|<-pobj<-of<-prep<-thousand<-nsubj<-suffer->prep->of->pobj->virus->nn->|nn
rel_110	Ent[ent_201]	Ent[ent_1140]	New Yorkers	AIDS	nsubj|<-nsubj<-talk->prep->about->pobj->everything->prep->from->pobj->|pobj
rel_134	Ent[ent_201]	Ent[ent_443]	New Yorkers	AIDS	nsubj|<-nsubj<-suffer->prep->from->pobj->|pobj
rel_83	Ent[ent_265]	Ent[ent_443]	New Yorkers	AIDS	nsubj|<-nsubj<-die->prep->of->pobj->|pobj
rel_134	Ent[ent_685]	Ent[ent_443]	Liberace	AIDS	nsubj|<-nsubj<-have->dobj->|dobj
rel_246	Ent[ent_685]	Ent[ent_443]	Liberace	AIDS	nsubj|<-nsubj<-die->prep->of->pobj->disease->partmod->cause->prep->by->pobj->|pobj
rel_134	Ent[ent_685]	Ent[ent_443]	Liberace	AIDS	poss|<-poss<-symptom<-nsubj<-fall->prep->into->pobj->pattern->rcmod->show->dobj->presence->prep->of->pobj->|pobj
rel_246	Ent[ent_685]	Ent[ent_443]	Liberace	AIDS	poss|<-poss<-symptom<-nsubj<-fall->prep->into->pobj->pattern->rcmod->reveal->dobj->presence->prep->of->pobj->|pobj
rel_246	Ent[ent_685]	Ent[ent_443]	Liberace	AIDS	pobj|<-pobj<-as<-prep<-cover->prep->as->pobj->pianist->prep->to->pobj->death->prep->from->pobj->|pobj
rel_134	Ent[ent_685]	Ent[ent_443]	Liberace	AIDS	partmod|->partmod->die->prep->of->pobj->|pobj
rel_246	Ent[ent_685]	Ent[ent_443]	Liberace	AIDS	nsubj|<-nsubj<-want->prep->like->pobj->other->rcmod->die->prep->of->pobj->|pobj
rel_246	Ent[ent_685]	Ent[ent_443]	Liberace	AIDS	nsubj|<-nsubj<-test->prep->for->pobj->exposure->prep->to->pobj->virus->nn->|nn
rel_134	Ent[ent_685]	Ent[ent_443]	Liberace	AIDS	nsubj|<-nsubj<-have->dobj->virus->rcmod->cause->dobj->|dobj
rel_246	Ent[ent_685]	Ent[ent_443]	Liberace	AIDS	nsubj|<-nsubj<-die->prep->of->pobj->|pobj
rel_134	Ent[ent_308]	Ent[ent_356]	Knicks	Ewing	nsubj|<-nsubj<-go->prep->to->pobj->|pobj
rel_134	Ent[ent_308]	Ent[ent_356]	Knicks	Ewing	nsubj|<-nsubj<-need->dobj->|dobj
rel_27	Ent[ent_52]	Ent[ent_356]	Knicks	Ewing	nsubj|<-nsubj<-play->prep->without->pobj->|pobj
rel_134	Ent[ent_308]	Ent[ent_356]	Knicks	Ewing	nsubj|<-nsubj<-have->dobj->|dobj
rel_20	Ent[ent_308]	Ent[ent_356]	Knicks	Ewing	nsubj|<-nsubj<-need->prep->from->pobj->|pobj
rel_134	Ent[ent_308]	Ent[ent_356]	Knicks	Ewing	nsubj|<-nsubj<-keep->dobj->|dobj
rel_134	Ent[ent_308]	Ent[ent_356]	Knicks	Ewing	nsubj|<-nsubj<-better->prep->without->pobj->|pobj
rel_134	Ent[ent_308]	Ent[ent_356]	Knicks	Ewing	nsubj|<-nsubj<-team->prep->without->pobj->|pobj
rel_20	Ent[ent_308]	Ent[ent_356]	Knicks	Ewing	nsubj|<-nsubj<-miss->dobj->|dobj
rel_192	Ent[ent_308]	Ent[ent_959]	Knicks	Ewing	prep|->prep->include->pobj->|pobj
rel_134	Ent[ent_1111]	Ent[ent_64]	Knicks	Patrick Ewing	nsubj|<-nsubj<-have->dobj->|dobj
rel_134	Ent[ent_1111]	Ent[ent_64]	Knicks	Patrick Ewing	nsubj|<-nsubj<-go->prep->to->pobj->|pobj
rel_15	Ent[ent_1137]	Ent[ent_64]	Knicks	Patrick Ewing	nsubj|<-nsubj<-lose->dobj->|dobj
rel_82	Ent[ent_308]	Ent[ent_64]	Knicks	Patrick Ewing	nsubj|<-nsubj<-reach->dobj->figure->partmod->lead->prep->by->pobj->|pobj
rel_82	Ent[ent_308]	Ent[ent_64]	Knicks	Patrick Ewing	nsubj|<-nsubj<-need->dobj->|dobj
rel_82	Ent[ent_308]	Ent[ent_64]	Knicks	Patrick Ewing	nsubj|<-nsubj<-trade->dobj->|dobj
rel_134	Ent[ent_1111]	Ent[ent_64]	Knicks	Patrick Ewing	nsubj|<-nsubj<-play->dobj->|dobj
rel_82	Ent[ent_308]	Ent[ent_64]	Knicks	Patrick Ewing	poss|<-poss<-semblance<-nsubjpass<-embody->prep->in->pobj->|pobj
rel_82	Ent[ent_308]	Ent[ent_64]	Knicks	Patrick Ewing	poss|<-poss<-player->appos->|appos
rel_82	Ent[ent_308]	Ent[ent_64]	Knicks	Patrick Ewing	poss|<-poss<-leader->dep->|dep
rel_192	Ent[ent_811]	Ent[ent_819]	House	Democrats	nn|<-nn<-member->appos->|appos
rel_208	Ent[ent_1268]	Ent[ent_819]	House	Democrats	rcmod|->rcmod->hold->nsubj->|nsubj
rel_208	Ent[ent_1268]	Ent[ent_819]	House	Democrats	partmod|->partmod->control->prep->by->pobj->|pobj
rel_79	Ent[ent_1268]	Ent[ent_320]	House	Democrats	nsubj|<-nsubj<-have->dobj->|dobj
rel_294	Ent[ent_678]	Ent[ent_819]	House	Democrats	nsubjpass|<-nsubjpass<-control->prep->by->pobj->|pobj
rel_83	Ent[ent_1275]	Ent[ent_1150]	House	Democrats	rcmod|->rcmod->have->nsubj->|nsubj
rel_83	Ent[ent_1275]	Ent[ent_1150]	House	Democrats	rcmod|->rcmod->control->prep->by->pobj->|pobj
rel_110	Ent[ent_811]	Ent[ent_1015]	House	Democrats	pobj|<-pobj<-in<-prep<-vote->nsubj->|nsubj
rel_208	Ent[ent_1268]	Ent[ent_819]	House	Democrats	nn|<-nn<-seat->partmod->hold->prep->by->pobj->|pobj
rel_192	Ent[ent_811]	Ent[ent_819]	House	Democrats	nn|<-nn<-member<-nsubj<-|nsubj
rel_376	Ent[ent_554]	Ent[ent_1229]	CBS	Super Bowl	nn|<-nn<-broadcast->prep->of->pobj->|pobj
rel_299	Ent[ent_554]	Ent[ent_1229]	CBS	Super Bowl	poss|<-poss<-telecast->prep->of->pobj->|pobj
rel_376	Ent[ent_554]	Ent[ent_1229]	CBS	Super Bowl	nsubj|<-nsubj<-have->dobj->|dobj
rel_299	Ent[ent_554]	Ent[ent_1229]	CBS	Super Bowl	poss|<-poss<-show->nn->|nn
rel_376	Ent[ent_554]	Ent[ent_1229]	CBS	Super Bowl	poss|<-poss<-rejection->prep->of->pobj->advertisement->nn->|nn
rel_376	Ent[ent_554]	Ent[ent_1229]	CBS	Super Bowl	poss|<-poss<-director->prep->of->pobj->|pobj
rel_299	Ent[ent_554]	Ent[ent_1229]	CBS	Super Bowl	nsubj|<-nsubj<-reject->dobj->advertisement->nn->|nn
rel_376	Ent[ent_554]	Ent[ent_1229]	CBS	Super Bowl	nsubj|<-nsubj<-have->dobj->rights->prep->for->pobj->|pobj
rel_376	Ent[ent_554]	Ent[ent_1229]	CBS	Super Bowl	rcmod|->rcmod->use->prep->during->pobj->|pobj
rel_299	Ent[ent_554]	Ent[ent_1229]	CBS	Super Bowl	rcmod|->rcmod->broadcast->prep->after->pobj->|pobjé_''_finale_was_beaten_in_that_18-to-49-year-old_category_only_by_several_of_Fox_'s_editions_of_''_American_Idol_''_and_the_first_episode_of_the_current_''_Survivor_''_on_CBS_,_which_was_broadcast_after_the_Super_Bowl_. lex#,_which_was_broadcast_after_the pos#,_WDT_VBD_VBN_IN_DT lc#''_on rc#.
rel_330	Ent[ent_247]	Ent[ent_489]	Louis Farrakhan	Nation of Islam	appos|->appos->leader->prep->of->pobj->|pobj
rel_144	Ent[ent_247]	Ent[ent_489]	Louis Farrakhan	Nation of Islam	appos|->appos->minister->prep->of->pobj->|pobj
rel_330	Ent[ent_247]	Ent[ent_489]	Louis Farrakhan	Nation of Islam	appos|->appos->head->prep->of->pobj->|pobj
rel_330	Ent[ent_247]	Ent[ent_489]	Louis Farrakhan	Nation of Islam	appos|<-appos<-sea->appos->leader->prep->of->pobj->|pobj
rel_330	Ent[ent_247]	Ent[ent_489]	Louis Farrakhan	Nation of Islam	rcmod|->rcmod->succeed->prep->as->pobj->head->prep->of->pobj->|pobj
rel_330	Ent[ent_247]	Ent[ent_489]	Louis Farrakhan	Nation of Islam	rcmod|->rcmod->lead->dobj->|dobj
rel_192	Ent[ent_247]	Ent[ent_489]	Louis Farrakhan	Nation of Islam	rcmod|->rcmod->champion->dobj->ideology->prep->of->pobj->|pobj
rel_192	Ent[ent_247]	Ent[ent_489]	Louis Farrakhan	Nation of Islam	pobj|<-pobj<-to<-prep<-response->appos->leader->prep->of->pobj->|pobj
rel_144	Ent[ent_247]	Ent[ent_489]	Louis Farrakhan	Nation of Islam	pobj|<-pobj<-of<-prep<-murder<-dobj<-plot->dobj->minister->prep->of->pobj->|pobj
rel_144	Ent[ent_247]	Ent[ent_489]	Louis Farrakhan	Nation of Islam	nsubj|<-nsubj<-take->prep->as->pobj->spokesman->prep->for->pobj->|pobj
rel_330	Ent[ent_67]	Ent[ent_1138]	Radovan Karadzic	Bosnian Serbs	appos|->appos->leader->prep->of->pobj->|pobj
rel_330	Ent[ent_67]	Ent[ent_1138]	Radovan Karadzic	Bosnian Serbs	appos|->appos->leader->poss->|poss
rel_330	Ent[ent_67]	Ent[ent_1138]	Radovan Karadzic	Bosnian Serbs	nsubj|<-nsubj<-leader->prep->of->pobj->|pobj
rel_330	Ent[ent_67]	Ent[ent_1138]	Radovan Karadzic	Bosnian Serbs	appos|->appos->president->prep->of->pobj->|pobj
rel_330	Ent[ent_67]	Ent[ent_1138]	Radovan Karadzic	Bosnian Serbs	rcmod|->rcmod->leader->poss->|poss
rel_330	Ent[ent_67]	Ent[ent_1138]	Radovan Karadzic	Bosnian Serbs	rcmod|->rcmod->lead->dobj->|dobj
rel_330	Ent[ent_67]	Ent[ent_1138]	Radovan Karadzic	Bosnian Serbs	rcmod|->rcmod->direct->prep->as->pobj->leader->prep->of->pobj->|pobj
rel_330	Ent[ent_67]	Ent[ent_1138]	Radovan Karadzic	Bosnian Serbs	pobj|<-pobj<-on<-prep<-say->nsubj->leader->prep->of->pobj->|pobj
rel_330	Ent[ent_67]	Ent[ent_1138]	Radovan Karadzic	Bosnian Serbs	pobj|<-pobj<-of<-prep<-party<-nsubj<-popular->prep->among->pobj->|pobj
rel_330	Ent[ent_67]	Ent[ent_1138]	Radovan Karadzic	Bosnian Serbs	pobj|<-pobj<-of<-prep<-ability->appos->leader->prep->of->pobj->|pobj
rel_330	Ent[ent_131]	Ent[ent_373]	Gerry Adams	Sinn Fein	appos|->appos->president->prep->of->pobj->|pobj
rel_330	Ent[ent_131]	Ent[ent_373]	Gerry Adams	Sinn Fein	appos|->appos->leader->prep->of->pobj->|pobj
rel_330	Ent[ent_131]	Ent[ent_373]	Gerry Adams	Sinn Fein	appos|->appos->president->nn->|nn
rel_330	Ent[ent_131]	Ent[ent_373]	Gerry Adams	Sinn Fein	appos|->appos->head->prep->of->pobj->|pobj
rel_330	Ent[ent_131]	Ent[ent_373]	Gerry Adams	Sinn Fein	appos|->appos->leader->nn->|nn
rel_330	Ent[ent_131]	Ent[ent_373]	Gerry Adams	Sinn Fein	appos|->appos->president->poss->|poss
rel_27	Ent[ent_131]	Ent[ent_373]	Gerry Adams	Sinn Fein	appos|->appos->president->prep->of->pobj->arm->appos->|appos
rel_330	Ent[ent_131]	Ent[ent_373]	Gerry Adams	Sinn Fein	appos|->appos->leader->prep->of->pobj->wing->nn->|nn
rel_330	Ent[ent_131]	Ent[ent_373]	Gerry Adams	Sinn Fein	appos|->appos->leader->poss->|poss
rel_330	Ent[ent_131]	Ent[ent_373]	Gerry Adams	Sinn Fein	rcmod|->rcmod->recognize->prep->as->pobj->head->prep->of->pobj->|pobj
rel_330	Ent[ent_1242]	Ent[ent_1139]	Joseph L. Bruno	State Senate	appos|->appos->leader->prep->of->pobj->|pobj
rel_330	Ent[ent_1242]	Ent[ent_1139]	Joseph L. Bruno	State Senate	appos|->appos->leader->nn->|nn
rel_330	Ent[ent_1242]	Ent[ent_1139]	Joseph L. Bruno	State Senate	appos|->appos->leader->prep->in->pobj->|pobj
rel_330	Ent[ent_1242]	Ent[ent_1139]	Joseph L. Bruno	State Senate	appos|->appos->leader->poss->|poss
rel_367	Ent[ent_268]	Ent[ent_1139]	Joseph L. Bruno	State Senate	appos|->appos->leader->prep->of->pobj->majority->prep->in->pobj->|pobj
rel_367	Ent[ent_268]	Ent[ent_1139]	Joseph L. Bruno	State Senate	pobj|<-pobj<-in<-prep<-hear->dep->leader->prep->of->pobj->|pobj
rel_330	Ent[ent_1242]	Ent[ent_1139]	Joseph L. Bruno	State Senate	appos|->appos->leader->prep->of->pobj->majority->poss->|poss
rel_330	Ent[ent_1242]	Ent[ent_1139]	Joseph L. Bruno	State Senate	rcmod|->rcmod->re-elected->prep->as->pobj->leader->prep->of->pobj->|pobj
rel_367	Ent[ent_268]	Ent[ent_1139]	Joseph L. Bruno	State Senate	rcmod|->rcmod->leader->prep->of->pobj->|pobj
rel_367	Ent[ent_268]	Ent[ent_1139]	Joseph L. Bruno	State Senate	rcmod|->rcmod->leader->prep->in->pobj->|pobj
rel_330	Ent[ent_435]	Ent[ent_677]	Nelson Mandela	African National Congress	appos|->appos->leader->prep->of->pobj->|pobj
rel_330	Ent[ent_435]	Ent[ent_677]	Nelson Mandela	African National Congress	appos|->appos->president->prep->of->pobj->|pobj
rel_330	Ent[ent_435]	Ent[ent_677]	Nelson Mandela	African National Congress	appos|->appos->leader->nn->|nn
rel_330	Ent[ent_435]	Ent[ent_677]	Nelson Mandela	African National Congress	appos|->appos->head->prep->of->pobj->|pobj
rel_330	Ent[ent_435]	Ent[ent_677]	Nelson Mandela	African National Congress	appos|->appos->president->nn->|nn
rel_330	Ent[ent_435]	Ent[ent_677]	Nelson Mandela	African National Congress	poss|<-poss<-party->nn->|nn
rel_330	Ent[ent_435]	Ent[ent_677]	Nelson Mandela	African National Congress	partmod|->partmod->govern->dobj->|dobj
rel_330	Ent[ent_435]	Ent[ent_677]	Nelson Mandela	African National Congress	rcmod|->rcmod->lead->dobj->|dobj
rel_330	Ent[ent_435]	Ent[ent_677]	Nelson Mandela	African National Congress	rcmod|->rcmod->representative->nsubj->|nsubj
rel_330	Ent[ent_435]	Ent[ent_677]	Nelson Mandela	African National Congress	rcmod|->rcmod->refuse->nsubj->|nsubj
rel_330	Ent[ent_1130]	Ent[ent_434]	Jean-Marie Le Pen	National Front	appos|->appos->leader->prep->of->pobj->|pobj
rel_330	Ent[ent_1130]	Ent[ent_434]	Jean-Marie Le Pen	National Front	appos|->appos->head->prep->of->pobj->|pobj
rel_330	Ent[ent_1130]	Ent[ent_434]	Jean-Marie Le Pen	National Front	poss|<-poss<-party->nn->|nn
rel_330	Ent[ent_1130]	Ent[ent_434]	Jean-Marie Le Pen	National Front	appos|->appos->leader->poss->|poss
rel_330	Ent[ent_1130]	Ent[ent_434]	Jean-Marie Le Pen	National Front	appos|->appos->leader->nn->|nn
rel_399	Ent[ent_1130]	Ent[ent_434]	Jean-Marie Le Pen	National Front	rcmod|->rcmod->head->dobj->|dobj
rel_399	Ent[ent_1130]	Ent[ent_434]	Jean-Marie Le Pen	National Front	appos|->appos->founder->prep->of->pobj->|pobj
rel_330	Ent[ent_1130]	Ent[ent_434]	Jean-Marie Le Pen	National Front	appos|->appos->founder->prep->of->pobj->party->nn->|nn
rel_399	Ent[ent_1130]	Ent[ent_434]	Jean-Marie Le Pen	National Front	rcmod|->rcmod->win->nsubjpass->|nsubjpass
rel_330	Ent[ent_1130]	Ent[ent_434]	Jean-Marie Le Pen	National Front	rcmod|->rcmod->threaten->nsubj->party->appos->|appos
rel_294	Ent[ent_4]	Ent[ent_1215]	Yasir Arafat	Palestine Liberation Organization	appos|->appos->chairman->prep->of->pobj->|pobj
rel_330	Ent[ent_4]	Ent[ent_3]	Yasir Arafat	Palestine Liberation Organization	appos|->appos->leader->prep->of->pobj->|pobj
rel_294	Ent[ent_4]	Ent[ent_1215]	Yasir Arafat	Palestine Liberation Organization	appos|->appos->chairman->nn->|nn
rel_330	Ent[ent_4]	Ent[ent_3]	Yasir Arafat	Palestine Liberation Organization	appos|->appos->head->prep->of->pobj->|pobj
rel_330	Ent[ent_1254]	Ent[ent_3]	Yasir Arafat	Palestine Liberation Organization	appos|->appos->leader->nn->|nn
rel_294	Ent[ent_4]	Ent[ent_1215]	Yasir Arafat	Palestine Liberation Organization	poss|<-poss<-wing->prep->of->pobj->|pobj
rel_330	Ent[ent_4]	Ent[ent_3]	Yasir Arafat	Palestine Liberation Organization	poss|<-poss<-faction->prep->of->pobj->|pobj
rel_330	Ent[ent_1254]	Ent[ent_3]	Yasir Arafat	Palestine Liberation Organization	poss|<-poss<-deputy->prep->in->pobj->|pobj
rel_294	Ent[ent_4]	Ent[ent_1215]	Yasir Arafat	Palestine Liberation Organization	appos|->appos->chairman->poss->|poss
rel_294	Ent[ent_4]	Ent[ent_3]	Yasir Arafat	Palestine Liberation Organization	dobj|<-dobj<-succeed->prep->as->pobj->chairman->prep->of->pobj->|pobj
rel_330	Ent[ent_676]	Ent[ent_1131]	Dalai Lama	Tibet	appos|->appos->leader->prep->of->pobj->|pobj
rel_330	Ent[ent_676]	Ent[ent_1131]	Dalai Lama	Tibet	appos|->appos->leader->nn->|nn
rel_330	Ent[ent_676]	Ent[ent_1131]	Dalai Lama	Tibet	appos|->appos->leader->poss->|poss
rel_330	Ent[ent_676]	Ent[ent_1131]	Dalai Lama	Tibet	nsubj|<-nsubj<-flee->dobj->|dobj
rel_330	Ent[ent_676]	Ent[ent_1131]	Dalai Lama	Tibet	rcmod|->rcmod->flee->dobj->|dobj
rel_303	Ent[ent_1173]	Ent[ent_684]	Dalai Lama	Tibet	pobj|<-pobj<-with<-prep<-discussion->prep->over->pobj->autonomy->prep->for->pobj->|pobj
rel_122	Ent[ent_676]	Ent[ent_684]	Dalai Lama	Tibet	nsubj|<-nsubj<-concede->dobj->sovereignty->prep->over->pobj->|pobj
rel_330	Ent[ent_676]	Ent[ent_1131]	Dalai Lama	Tibet	appos|->appos->leader->prep->of->pobj->people->amod->|amod
rel_330	Ent[ent_676]	Ent[ent_1131]	Dalai Lama	Tibet	rcmod|->rcmod->serve->prep->for->pobj->people->amod->|amod
rel_330	Ent[ent_676]	Ent[ent_1131]	Dalai Lama	Tibet	rcmod|->rcmod->flee->dep->quell->dobj->uprising->prep->by->pobj->nationalist->amod->|amod
rel_399	Ent[ent_437]	Ent[ent_679]	Raymond B. Harding	Liberal Party	appos|->appos->leader->nn->|nn
rel_399	Ent[ent_437]	Ent[ent_679]	Raymond B. Harding	Liberal Party	appos|->appos->leader->prep->of->pobj->|pobj
rel_399	Ent[ent_437]	Ent[ent_679]	Raymond B. Harding	Liberal Party	appos|->appos->chairman->prep->of->pobj->|pobj
rel_399	Ent[ent_437]	Ent[ent_679]	Raymond B. Harding	Liberal Party	appos|->appos->chairman->nn->|nn
rel_399	Ent[ent_437]	Ent[ent_679]	Raymond B. Harding	Liberal Party	appos|->appos->chief->nn->|nn
rel_399	Ent[ent_437]	Ent[ent_679]	Raymond B. Harding	Liberal Party	appos|->appos->head->prep->of->pobj->|pobj
rel_399	Ent[ent_437]	Ent[ent_679]	Raymond B. Harding	Liberal Party	appos|<-appos<-father->appos->leader->nn->|nn
rel_399	Ent[ent_437]	Ent[ent_679]	Raymond B. Harding	Liberal Party	rcmod|->rcmod->lead->dobj->|dobj
rel_399	Ent[ent_437]	Ent[ent_679]	Raymond B. Harding	Liberal Party	nsubj|<-nsubj<-win->dobj->ride->prep->as->pobj->reward->prep->for->pobj->endorsement->poss->|poss
rel_399	Ent[ent_437]	Ent[ent_679]	Raymond B. Harding	Liberal Party	nsubj|<-nsubj<-recount->partmod->appear->prep->as->pobj->leader->prep->of->pobj->|pobj
rel_330	Ent[ent_1132]	Ent[ent_436]	Shimon Peres	Labor Party	appos|->appos->leader->nn->|nn
rel_330	Ent[ent_1132]	Ent[ent_436]	Shimon Peres	Labor Party	appos|->appos->leader->prep->of->pobj->|pobj
rel_330	Ent[ent_1132]	Ent[ent_436]	Shimon Peres	Labor Party	appos|->appos->head->prep->of->pobj->|pobj
rel_80	Ent[ent_1132]	Ent[ent_436]	Shimon Peres	Labor Party	nsubjpass|<-nsubjpass<-elect->prep->as->pobj->leader->prep->of->pobj->|pobj
rel_330	Ent[ent_1132]	Ent[ent_436]	Shimon Peres	Labor Party	poss|<-poss<-deadline<-pobj<-with<-prep<-appear->nsubj->|nsubj
rel_80	Ent[ent_1132]	Ent[ent_436]	Shimon Peres	Labor Party	appos|<-appos<-rival->appos->leader->prep->of->pobj->|pobj
rel_80	Ent[ent_1132]	Ent[ent_436]	Shimon Peres	Labor Party	appos|<-appos<-minister->rcmod->head->prep->of->pobj->|pobj
rel_330	Ent[ent_1132]	Ent[ent_436]	Shimon Peres	Labor Party	appos|->appos->leader->poss->|poss
rel_330	Ent[ent_1132]	Ent[ent_436]	Shimon Peres	Labor Party	tmod|<-tmod<-leader->prep->of->pobj->|pobj
rel_80	Ent[ent_1132]	Ent[ent_436]	Shimon Peres	Labor Party	rcmod|->rcmod->rival->prep->in->pobj->|pobj
rel_294	Ent[ent_678]	Ent[ent_302]	William H. Gates	Microsoft	appos|->appos->chairman->prep->of->pobj->|pobj
rel_294	Ent[ent_678]	Ent[ent_302]	William H. Gates	Microsoft	appos|->appos->chairman->poss->|poss
rel_294	Ent[ent_678]	Ent[ent_302]	William H. Gates	Microsoft	appos|->appos->chairman->nn->|nn
rel_399	Ent[ent_678]	Ent[ent_1230]	William H. Gates	Microsoft	appos|->appos->founder->prep->of->pobj->|pobj
rel_294	Ent[ent_678]	Ent[ent_302]	William H. Gates	Microsoft	appos|->appos->co-founder->prep->of->pobj->|pobj
rel_399	Ent[ent_678]	Ent[ent_1230]	William H. Gates	Microsoft	appos|->appos->executive->prep->of->pobj->|pobj
rel_212	Ent[ent_678]	Ent[ent_302]	William H. Gates	Microsoft	appos|<-appos<-programmer<-nsubj<-own->prep->of->pobj->|pobj
rel_212	Ent[ent_678]	Ent[ent_302]	William H. Gates	Microsoft	appos|->appos->mogul->nn->|nn
rel_399	Ent[ent_678]	Ent[ent_1230]	William H. Gates	Microsoft	appos|->appos->head->prep->of->pobj->|pobj
rel_294	Ent[ent_678]	Ent[ent_302]	William H. Gates	Microsoft	appos|->appos->founder->poss->|poss
rel_294	Ent[ent_1279]	Ent[ent_1133]	Alan Greenspan	Fed	appos|->appos->chairman->prep->of->pobj->|pobj
rel_294	Ent[ent_1279]	Ent[ent_1133]	Alan Greenspan	Fed	appos|->appos->chairman->nn->|nn
rel_294	Ent[ent_1279]	Ent[ent_1133]	Alan Greenspan	Fed	appos|->appos->chairman->poss->|poss
rel_171	Ent[ent_380]	Ent[ent_1133]	Alan Greenspan	Fed	dobj|<-dobj<-succeed->prep->as->pobj->chairman->nn->|nn
rel_294	Ent[ent_1279]	Ent[ent_1133]	Alan Greenspan	Fed	dobj|<-dobj<-succeed->prep->as->pobj->chairman->prep->of->pobj->|pobj
rel_171	Ent[ent_380]	Ent[ent_1133]	Alan Greenspan	Fed	dobj|<-dobj<-nominate->prep->as->pobj->chairman->prep->of->pobj->|pobj
rel_330	Ent[ent_380]	Ent[ent_1133]	Alan Greenspan	Fed	appos|->appos->chief->nn->|nn
rel_171	Ent[ent_380]	Ent[ent_1133]	Alan Greenspan	Fed	poss|<-poss<-tenure<-dobj<-examine->prep->as->pobj->chairman->prep->of->pobj->|pobj
rel_171	Ent[ent_380]	Ent[ent_1133]	Alan Greenspan	Fed	nsubj|<-nsubj<-chairman->prep->of->pobj->|pobj
rel_330	Ent[ent_380]	Ent[ent_1133]	Alan Greenspan	Fed	dobj|<-dobj<-confirm->prep->as->pobj->chairman->prep->of->pobj->|pobj
rel_294	Ent[ent_439]	Ent[ent_1250]	Kenneth L. Lay	Enron	appos|->appos->chairman->prep->of->pobj->|pobj
rel_294	Ent[ent_439]	Ent[ent_1250]	Kenneth L. Lay	Enron	appos|->appos->chairman->poss->|poss
rel_294	Ent[ent_439]	Ent[ent_1250]	Kenneth L. Lay	Enron	appos|->appos->executive->prep->of->pobj->|pobj
rel_294	Ent[ent_439]	Ent[ent_1250]	Kenneth L. Lay	Enron	appos|->appos->chairman->nn->|nn
rel_294	Ent[ent_439]	Ent[ent_1250]	Kenneth L. Lay	Enron	appos|->appos->executive->poss->|poss
rel_294	Ent[ent_439]	Ent[ent_1250]	Kenneth L. Lay	Enron	appos|->appos->executive->nn->|nn
rel_294	Ent[ent_439]	Ent[ent_1250]	Kenneth L. Lay	Enron	appos|->appos->founder->poss->|poss
rel_294	Ent[ent_439]	Ent[ent_1250]	Kenneth L. Lay	Enron	rcmod|->rcmod->rise->prep->as->pobj->founder->prep->of->pobj->|pobj
rel_294	Ent[ent_439]	Ent[ent_1250]	Kenneth L. Lay	Enron	dep|->dep->chairman->poss->|poss
rel_294	Ent[ent_439]	Ent[ent_1250]	Kenneth L. Lay	Enron	appos|->appos->leader->prep->of->pobj->|pobj
rel_399	Ent[ent_886]	Ent[ent_302]	Bill Gates	Microsoft	appos|->appos->chairman->prep->of->pobj->|pobj
rel_197	Ent[ent_886]	Ent[ent_302]	Bill Gates	Microsoft	appos|->appos->chairman->poss->|poss
rel_399	Ent[ent_886]	Ent[ent_302]	Bill Gates	Microsoft	appos|->appos->chairman->nn->|nn
rel_399	Ent[ent_886]	Ent[ent_302]	Bill Gates	Microsoft	appos|->appos->founder->prep->of->pobj->|pobj
rel_197	Ent[ent_886]	Ent[ent_302]	Bill Gates	Microsoft	appos|->appos->co-founder->poss->|poss
rel_72	Ent[ent_886]	Ent[ent_1232]	Bill Gates	Microsoft	appos|->appos->co-founder->prep->of->pobj->|pobj
rel_18	Ent[ent_886]	Ent[ent_302]	Bill Gates	Microsoft	nsubj|<-nsubj<-found->dobj->|dobj
rel_20	Ent[ent_605]	Ent[ent_1230]	Bill Gates	Microsoft	appos|->appos->founder->poss->|poss
rel_379	Ent[ent_886]	Ent[ent_302]	Bill Gates	Microsoft	poss|<-poss<-turn<-nsubjpass<-link->prep->to->pobj->problem->rcmod->have->nsubj->|nsubj
rel_72	Ent[ent_886]	Ent[ent_1232]	Bill Gates	Microsoft	pobj|<-pobj<-with<-prep<-co-founded<-rcmod<-shareholder<-pobj<-as<-prep<-worth->prep->in->pobj->stock->nn->|nn
rel_294	Ent[ent_1134]	Ent[ent_786]	John Sculley	Apple	appos|->appos->chairman->poss->|poss
rel_294	Ent[ent_1134]	Ent[ent_786]	John Sculley	Apple	appos|->appos->chairman->prep->of->pobj->|pobj
rel_294	Ent[ent_1134]	Ent[ent_786]	John Sculley	Apple	appos|->appos->executive->prep->of->pobj->|pobj
rel_294	Ent[ent_1134]	Ent[ent_786]	John Sculley	Apple	appos|->appos->executive->poss->|poss
rel_294	Ent[ent_1134]	Ent[ent_786]	John Sculley	Apple	rcmod|->rcmod->resign->prep->as->pobj->chairman->prep->of->pobj->|pobj
rel_294	Ent[ent_1134]	Ent[ent_786]	John Sculley	Apple	nsubj|<-nsubj<-resign->prep->as->pobj->chairman->poss->|poss
rel_294	Ent[ent_1134]	Ent[ent_786]	John Sculley	Apple	appos|->appos->president->poss->|poss
rel_294	Ent[ent_1134]	Ent[ent_786]	John Sculley	Apple	appos|->appos->head->prep->of->pobj->|pobj
rel_294	Ent[ent_1134]	Ent[ent_786]	John Sculley	Apple	appos|->appos->fascination->prep->with->pobj->vicissitude->poss->|poss
rel_294	Ent[ent_1134]	Ent[ent_786]	John Sculley	Apple	appos|->appos->chairman->nn->|nn
rel_294	Ent[ent_438]	Ent[ent_1135]	Robert J. Eaton	Chrysler	appos|->appos->chairman->poss->|poss
rel_294	Ent[ent_438]	Ent[ent_1135]	Robert J. Eaton	Chrysler	appos|->appos->chairman->prep->of->pobj->|pobj
rel_294	Ent[ent_438]	Ent[ent_1135]	Robert J. Eaton	Chrysler	appos|->appos->executive->prep->of->pobj->|pobj
rel_294	Ent[ent_438]	Ent[ent_1135]	Robert J. Eaton	Chrysler	appos|->appos->executive->poss->|poss
rel_55	Ent[ent_438]	Ent[ent_1135]	Robert J. Eaton	Chrysler	appos|->appos->executive->rcmod->executive->poss->|poss
rel_55	Ent[ent_438]	Ent[ent_1135]	Robert J. Eaton	Chrysler	appos|->appos->counterpart->prep->at->pobj->|pobj
rel_294	Ent[ent_438]	Ent[ent_1135]	Robert J. Eaton	Chrysler	appos|->appos->chairman->nn->|nn
rel_55	Ent[ent_438]	Ent[ent_1135]	Robert J. Eaton	Chrysler	rcmod|->rcmod->run->dobj->|dobjürgen_E._Schrempp_,_the_former_chief_executive_at_Daimler-Benz_,_and_Robert_J._Eaton_,_who_ran_Chrysler_,_envisioned_a_company_that_married_the_mass-market_success_of_Chrysler_and_the_luxury_appeal_of_Mercedes_. lex#,_who_ran pos#,_WP_VBD lc#,_and rc#,_envisioned
rel_55	Ent[ent_438]	Ent[ent_1135]	Robert J. Eaton	Chrysler	rcmod|->rcmod->go->prep->to->pobj->|pobj
rel_55	Ent[ent_438]	Ent[ent_1135]	Robert J. Eaton	Chrysler	nsubj|<-nsubj<-take->prep->at->pobj->|pobj
rel_294	Ent[ent_582]	Ent[ent_1136]	Michael D. Eisner	Disney	appos|->appos->chairman->poss->|poss
rel_294	Ent[ent_582]	Ent[ent_1136]	Michael D. Eisner	Disney	appos|->appos->executive->poss->|poss
rel_294	Ent[ent_582]	Ent[ent_1136]	Michael D. Eisner	Disney	appos|->appos->chairman->nn->|nn
rel_294	Ent[ent_582]	Ent[ent_1136]	Michael D. Eisner	Disney	appos|->appos->chairman->prep->of->pobj->|pobj
rel_294	Ent[ent_582]	Ent[ent_1136]	Michael D. Eisner	Disney	appos|->appos->executive->prep->of->pobj->|pobj
rel_294	Ent[ent_582]	Ent[ent_1136]	Michael D. Eisner	Disney	appos|->appos->executive->nn->|nn
rel_294	Ent[ent_582]	Ent[ent_1136]	Michael D. Eisner	Disney	appos|->appos->chairman->prep->of->pobj->empire->nn->|nn
rel_138	Ent[ent_582]	Ent[ent_1136]	Michael D. Eisner	Disney	appos|<-appos<-boss->appos->chairman->prep->of->pobj->|pobj
rel_138	Ent[ent_582]	Ent[ent_1136]	Michael D. Eisner	Disney	rcmod|->rcmod->step->prep->as->pobj->executive->poss->|poss
rel_294	Ent[ent_582]	Ent[ent_1136]	Michael D. Eisner	Disney	poss|<-poss<-meeting->prep->as->pobj->executive->poss->|poss
rel_294	Ent[ent_583]	Ent[ent_1135]	Lee A. Iacocca	Chrysler	appos|->appos->chairman->prep->of->pobj->|pobj
rel_294	Ent[ent_583]	Ent[ent_1135]	Lee A. Iacocca	Chrysler	appos|->appos->chairman->poss->|poss
rel_294	Ent[ent_583]	Ent[ent_1135]	Lee A. Iacocca	Chrysler	appos|->appos->chairman->nn->|nn
rel_192	Ent[ent_626]	Ent[ent_1135]	Lee A. Iacocca	Chrysler	nsubj|<-nsubj<-earn->prep->as->pobj->chairman->prep->of->pobj->|pobj
rel_294	Ent[ent_583]	Ent[ent_1135]	Lee A. Iacocca	Chrysler	rcmod|->rcmod->lead->dobj->|dobj
rel_379	Ent[ent_1137]	Ent[ent_1135]	Lee A. Iacocca	Chrysler	pobj|<-pobj<-to<-prep<-successor->prep->as->pobj->executive->poss->|poss
rel_192	Ent[ent_626]	Ent[ent_1135]	Lee A. Iacocca	Chrysler	nsubj|<-nsubj<-do->prep->for->pobj->|pobj
rel_294	Ent[ent_583]	Ent[ent_1135]	Lee A. Iacocca	Chrysler	nsubj|<-nsubj<-commit->dobj->|dobj
rel_294	Ent[ent_583]	Ent[ent_1135]	Lee A. Iacocca	Chrysler	appos|->appos->executive->prep->of->pobj->|pobj
rel_379	Ent[ent_1137]	Ent[ent_1135]	Lee A. Iacocca	Chrysler	appos|->appos->executive->poss->|poss
rel_399	Ent[ent_691]	Ent[ent_690]	John S. Reed	Citicorp	appos|->appos->chairman->prep->of->pobj->|pobj
rel_399	Ent[ent_691]	Ent[ent_690]	John S. Reed	Citicorp	appos|->appos->chairman->poss->|poss
rel_399	Ent[ent_691]	Ent[ent_690]	John S. Reed	Citicorp	appos|->appos->executive->prep->of->pobj->|pobj
rel_294	Ent[ent_691]	Ent[ent_381]	John S. Reed	Citicorp	appos|->appos->chairman->nn->|nn
rel_399	Ent[ent_691]	Ent[ent_690]	John S. Reed	Citicorp	tmod|<-tmod<-chairman->appos->|appos
rel_399	Ent[ent_691]	Ent[ent_690]	John S. Reed	Citicorp	rcmod|->rcmod->run->dobj->|dobj
rel_399	Ent[ent_691]	Ent[ent_690]	John S. Reed	Citicorp	poss|<-poss<-trouble->prep->at->pobj->|pobj
rel_294	Ent[ent_691]	Ent[ent_381]	John S. Reed	Citicorp	poss|<-poss<-action->appos->|appos
rel_399	Ent[ent_691]	Ent[ent_690]	John S. Reed	Citicorp	pobj|<-pobj<-in<-prep<-jump->appos->chairman->prep->of->pobj->|pobj
rel_399	Ent[ent_691]	Ent[ent_690]	John S. Reed	Citicorp	nsubj|<-nsubj<-chairman->prep->of->pobj->|pobj
rel_294	Ent[ent_48]	Ent[ent_0]	Alan Greenspan	Federal Reserve	appos|->appos->chairman->prep->of->pobj->|pobj
rel_294	Ent[ent_380]	Ent[ent_0]	Alan Greenspan	Federal Reserve	appos|->appos->chairman->nn->|nn
rel_294	Ent[ent_380]	Ent[ent_0]	Alan Greenspan	Federal Reserve	appos|->appos->chairman->poss->|poss
rel_294	Ent[ent_1279]	Ent[ent_0]	Alan Greenspan	Federal Reserve	dobj|<-dobj<-succeed->prep->as->pobj->chairman->prep->of->pobj->|pobj
rel_330	Ent[ent_380]	Ent[ent_0]	Alan Greenspan	Federal Reserve	dobj|<-dobj<-nominate->prep->as->pobj->chairman->prep->of->pobj->|pobj
rel_330	Ent[ent_380]	Ent[ent_0]	Alan Greenspan	Federal Reserve	appos|->appos->chief->nn->|nn
rel_171	Ent[ent_380]	Ent[ent_1207]	Alan Greenspan	Federal Reserve	dobj|<-dobj<-succeed->prep->as->pobj->chairman->nn->|nn
rel_171	Ent[ent_380]	Ent[ent_1207]	Alan Greenspan	Federal Reserve	poss|<-poss<-tenure<-dobj<-examine->prep->as->pobj->chairman->prep->of->pobj->|pobj
rel_294	Ent[ent_48]	Ent[ent_0]	Alan Greenspan	Federal Reserve	nsubj|<-nsubj<-chairman->prep->of->pobj->|pobj
rel_171	Ent[ent_380]	Ent[ent_1207]	Alan Greenspan	Federal Reserve	dobj|<-dobj<-confirm->prep->as->pobj->chairman->prep->of->pobj->|pobj
rel_41	Ent[ent_1211]	Ent[ent_1225]	Britain	China	nsubj|<-nsubj<-return->prep->to->pobj->|pobj
rel_252	Ent[ent_1211]	Ent[ent_1219]	Britain	China	nsubj|<-nsubj<-hand->prep->to->pobj->|pobj
rel_267	Ent[ent_813]	Ent[ent_818]	Britain	China	nsubj|<-nsubj<-hand->prep->over->dep->to->pobj->|pobj
rel_267	Ent[ent_813]	Ent[ent_818]	Britain	China	pobj|<-pobj<-from<-prep<-transfer->prep->to->pobj->|pobj
rel_41	Ent[ent_1211]	Ent[ent_1225]	Britain	China	poss|<-poss<-transfer->prep->to->pobj->|pobj
rel_41	Ent[ent_1211]	Ent[ent_1225]	Britain	China	poss|<-poss<-handover->prep->to->pobj->|pobj
rel_41	Ent[ent_1211]	Ent[ent_1225]	Britain	China	nsubj|<-nsubj<-turn->prep->over->dep->to->pobj->|pobj
rel_252	Ent[ent_1211]	Ent[ent_1219]	Britain	China	nsubj|<-nsubj<-return->dobj->territory->prep->to->pobj->|pobj
rel_252	Ent[ent_1211]	Ent[ent_1219]	Britain	China	rcmod|->rcmod->promise->nsubj->|nsubj
rel_267	Ent[ent_813]	Ent[ent_818]	Britain	China	poss|<-poss<-hand-over->prep->to->pobj->|pobj
rel_346	Ent[ent_189]	Ent[ent_1002]	Congress	Washington	nsubj|<-nsubj<-return->prep->to->pobj->|pobj
rel_142	Ent[ent_189]	Ent[ent_1002]	Congress	Washington	nsubj|<-nsubj<-leave->dobj->|dobj
rel_142	Ent[ent_189]	Ent[ent_1002]	Congress	Washington	pobj|<-pobj<-of<-prep<-member->prep->from->pobj->|pobj
rel_346	Ent[ent_189]	Ent[ent_1002]	Congress	Washington	pobj|<-pobj<-of<-prep<-member<-nsubj<-leave->dobj->|dobj
rel_142	Ent[ent_189]	Ent[ent_1002]	Congress	Washington	poss|<-poss<-office->nn->|nn
rel_142	Ent[ent_189]	Ent[ent_1002]	Congress	Washington	pobj|<-pobj<-to<-prep<-deliver->prep->in->pobj->|pobj
rel_142	Ent[ent_189]	Ent[ent_1002]	Congress	Washington	nsubj|<-nsubj<-send->prep->from->pobj->|pobj
rel_142	Ent[ent_189]	Ent[ent_1002]	Congress	Washington	pobj|<-pobj<-with<-prep<-confrontation->rcmod->bring->dobj->|dobj
rel_142	Ent[ent_189]	Ent[ent_1002]	Congress	Washington	pobj|<-pobj<-with<-prep<-change->nsubj->mood->prep->in->pobj->|pobj
rel_346	Ent[ent_189]	Ent[ent_1002]	Congress	Washington	pobj|<-pobj<-to<-prep<-give->prep->in->pobj->|pobj
rel_232	Ent[ent_856]	Ent[ent_451]	Israel	Egypt	nsubj|<-nsubj<-return->prep->to->pobj->|pobj
rel_232	Ent[ent_856]	Ent[ent_451]	Israel	Egypt	poss|<-poss<-treaty->prep->with->pobj->|pobj
rel_232	Ent[ent_856]	Ent[ent_451]	Israel	Egypt	poss|<-poss<-ambassador->prep->to->pobj->|pobj
rel_92	Ent[ent_820]	Ent[ent_451]	Israel	Egypt	nsubj|<-nsubj<-capture->prep->from->pobj->|pobj
rel_92	Ent[ent_820]	Ent[ent_451]	Israel	Egypt	pobj|<-pobj<-into<-prep<-cross->prep->from->pobj->|pobj
rel_232	Ent[ent_856]	Ent[ent_451]	Israel	Egypt	nsubj|<-nsubj<-sign->prep->with->pobj->|pobj
rel_232	Ent[ent_856]	Ent[ent_451]	Israel	Egypt	poss|<-poss<-relation->prep->with->pobj->|pobj
rel_232	Ent[ent_856]	Ent[ent_451]	Israel	Egypt	nsubj|<-nsubj<-ask->dobj->|dobj
rel_232	Ent[ent_856]	Ent[ent_451]	Israel	Egypt	poss|<-poss<-occupation->prep->of->pobj->territory->partmod->belong->prep->to->pobj->|pobj
rel_92	Ent[ent_820]	Ent[ent_451]	Israel	Egypt	poss|<-poss<-border->prep->with->pobj->|pobj
rel_298	Ent[ent_408]	Ent[ent_1244]	Yankees	New York	dobj|<-dobj<-keep->prep->in->pobj->|pobj
rel_185	Ent[ent_1239]	Ent[ent_1244]	Yankees	New York	nsubj|<-nsubj<-defeat->dobj->|dobj
rel_144	Ent[ent_1239]	Ent[ent_1263]	Yankees	New York	nsubj|<-nsubj<-return->prep->to->pobj->|pobj
rel_298	Ent[ent_1239]	Ent[ent_843]	Yankees	New York	nsubj|<-nsubj<-leave->dobj->|dobj
rel_185	Ent[ent_1239]	Ent[ent_1244]	Yankees	New York	poss|<-poss<-team->nn->|nn
rel_182	Ent[ent_1239]	Ent[ent_162]	Yankees	New York	nsubj|<-nsubj<-team->poss->|poss
rel_185	Ent[ent_1239]	Ent[ent_1244]	Yankees	New York	dobj|<-dobj<-move->prep->out->dep->of->pobj->|pobj
rel_298	Ent[ent_1239]	Ent[ent_843]	Yankees	New York	dobj|<-dobj<-move->prep->from->pobj->|pobj
rel_164	Ent[ent_1004]	Ent[ent_1263]	Yankees	New York	poss|<-poss<-scout->amod->|amod
rel_298	Ent[ent_1239]	Ent[ent_843]	Yankees	New York	nsubj|<-nsubj<-recuperate<-rcmod<-time<-pobj<-by<-prep<-use->nsubj->|nsubj
rel_321	Ent[ent_321]	Ent[ent_693]	Mets	Shea Stadium	nsubj|<-nsubj<-play->prep->at->pobj->|pobj
rel_92	Ent[ent_1252]	Ent[ent_693]	Mets	Shea Stadium	nsubj|<-nsubj<-return->prep->to->pobj->|pobj
rel_321	Ent[ent_321]	Ent[ent_693]	Mets	Shea Stadium	poss|<-poss<-victory->prep->at->pobj->|pobj
rel_92	Ent[ent_1264]	Ent[ent_693]	Mets	Shea Stadium	pobj|<-pobj<-over<-prep<-victory->prep->at->pobj->|pobj
rel_321	Ent[ent_321]	Ent[ent_693]	Mets	Shea Stadium	nn|<-nn<-game->prep->at->pobj->|pobj
rel_92	Ent[ent_1264]	Ent[ent_693]	Mets	Shea Stadium	dobj|<-dobj<-play->prep->at->pobj->|pobj
rel_92	Ent[ent_1264]	Ent[ent_693]	Mets	Shea Stadium	nsubj|<-nsubj<-defeat->prep->at->pobj->|pobj
rel_92	Ent[ent_1264]	Ent[ent_693]	Mets	Shea Stadium	dobj|<-dobj<-defeat->prep->at->pobj->|pobj
rel_197	Ent[ent_785]	Ent[ent_567]	Mets	Shea Stadium	nsubj|<-nsubj<-open->prep->at->pobj->|pobj
rel_92	Ent[ent_1252]	Ent[ent_693]	Mets	Shea Stadium	dobj|<-dobj<-beat->prep->at->pobj->|pobj
rel_298	Ent[ent_198]	Ent[ent_450]	Mr. Gorbachev	Moscow	nsubj|<-nsubj<-return->prep->to->pobj->|pobj
rel_298	Ent[ent_198]	Ent[ent_450]	Mr. Gorbachev	Moscow	pobj|<-pobj<-with<-prep<-meet->prep->in->pobj->|pobj
rel_298	Ent[ent_198]	Ent[ent_450]	Mr. Gorbachev	Moscow	pobj|<-pobj<-with<-prep<-meeting->prep->in->pobj->|pobj
rel_265	Ent[ent_1216]	Ent[ent_450]	Mr. Gorbachev	Moscow	nsubj|<-nsubj<-meet->prep->in->pobj->|pobj
rel_298	Ent[ent_198]	Ent[ent_450]	Mr. Gorbachev	Moscow	nsubj|<-nsubj<-tell->prep->in->pobj->|pobj
rel_298	Ent[ent_198]	Ent[ent_450]	Mr. Gorbachev	Moscow	nsubj|<-nsubj<-leave->prep->for->pobj->|pobj
rel_265	Ent[ent_1216]	Ent[ent_450]	Mr. Gorbachev	Moscow	dobj|<-dobj<-see->prep->in->pobj->|pobj
rel_298	Ent[ent_198]	Ent[ent_450]	Mr. Gorbachev	Moscow	nsubj|<-nsubj<-summon->prep->to->pobj->|pobj
rel_298	Ent[ent_198]	Ent[ent_450]	Mr. Gorbachev	Moscow	nsubj|<-nsubj<-leave->dobj->|dobj
rel_265	Ent[ent_1216]	Ent[ent_450]	Mr. Gorbachev	Moscow	nsubj|<-nsubj<-invite->prep->to->pobj->|pobj
rel_298	Ent[ent_884]	Ent[ent_83]	Raiders	Oakland	nsubj|<-nsubj<-return->prep->to->pobj->|pobj
rel_298	Ent[ent_884]	Ent[ent_83]	Raiders	Oakland	dobj|<-dobj<-move->prep->from->pobj->|pobj
rel_144	Ent[ent_884]	Ent[ent_93]	Raiders	Oakland	nsubj|<-nsubj<-move->prep->from->pobj->|pobj
rel_298	Ent[ent_884]	Ent[ent_83]	Raiders	Oakland	dobj|<-dobj<-move->advmod->back->dep->to->pobj->|pobj
rel_298	Ent[ent_884]	Ent[ent_83]	Raiders	Oakland	poss|<-poss<-move->prep->from->pobj->|pobj
rel_298	Ent[ent_884]	Ent[ent_83]	Raiders	Oakland	nsubj|<-nsubj<-move->prep->to->pobj->|pobj
rel_298	Ent[ent_884]	Ent[ent_83]	Raiders	Oakland	nsubj|<-nsubj<-leave->dobj->|dobj
rel_298	Ent[ent_884]	Ent[ent_83]	Raiders	Oakland	dobj|<-dobj<-play->prep->in->pobj->|pobj
rel_192	Ent[ent_884]	Ent[ent_83]	Raiders	Oakland	poss|<-poss<-return->prep->to->pobj->|pobj
rel_192	Ent[ent_884]	Ent[ent_83]	Raiders	Oakland	pobj|<-pobj<-to<-prep<-lose->prep->in->pobj->|pobj
rel_298	Ent[ent_1253]	Ent[ent_1002]	Mr. Bush	Washington	nsubj|<-nsubj<-return->prep->to->pobj->|pobj
rel_298	Ent[ent_182]	Ent[ent_33]	Mr. Bush	Washington	nsubj|<-nsubj<-leave->dobj->|dobj
rel_298	Ent[ent_1253]	Ent[ent_1002]	Mr. Bush	Washington	nsubj|<-nsubj<-say->prep->in->pobj->|pobj
rel_298	Ent[ent_182]	Ent[ent_1002]	Mr. Bush	Washington	nsubj|<-nsubj<-tell->prep->in->pobj->|pobj
rel_298	Ent[ent_1253]	Ent[ent_1002]	Mr. Bush	Washington	nsubj|<-nsubj<-leave->prep->for->pobj->|pobj
rel_298	Ent[ent_1253]	Ent[ent_1002]	Mr. Bush	Washington	rcmod|->rcmod->return->prep->to->pobj->|pobj
rel_298	Ent[ent_1253]	Ent[ent_1002]	Mr. Bush	Washington	nsubj|<-nsubj<-move->prep->to->pobj->|pobj
rel_298	Ent[ent_182]	Ent[ent_1002]	Mr. Bush	Washington	nsubj|<-nsubj<-be->prep->in->pobj->|pobj
rel_298	Ent[ent_182]	Ent[ent_33]	Mr. Bush	Washington	nsubj|<-nsubj<-arrive->prep->in->pobj->|pobj
rel_58	Ent[ent_15]	Ent[ent_930]	Mr. Bush	Washington	poss|<-poss<-office->prep->in->pobj->|pobj
rel_294	Ent[ent_1212]	Ent[ent_1002]	Bush	Washington	nsubj|<-nsubj<-return->prep->to->pobj->|pobj
rel_302	Ent[ent_53]	Ent[ent_97]	Bush	Washington	dobj|<-dobj<-meet->prep->in->pobj->|pobj
rel_298	Ent[ent_1210]	Ent[ent_1002]	Bush	Washington	nsubj|<-nsubj<-leave->dobj->|dobj
rel_92	Ent[ent_1210]	Ent[ent_33]	Bush	Washington	nn|<-nn<-official->prep->in->pobj->|pobj
rel_298	Ent[ent_1210]	Ent[ent_1002]	Bush	Washington	poss|<-poss<-conference->prep->in->pobj->|pobj
rel_298	Ent[ent_1210]	Ent[ent_1002]	Bush	Washington	nsubj|<-nsubj<-say->prep->in->pobj->|pobj
rel_294	Ent[ent_1212]	Ent[ent_1002]	Bush	Washington	nsubj|<-nsubj<-meet->prep->in->pobj->|pobj
rel_298	Ent[ent_1210]	Ent[ent_1002]	Bush	Washington	poss|<-poss<-conference<-pobj<-of<-prep<-transcript->prep->in->pobj->|pobj
rel_92	Ent[ent_1210]	Ent[ent_33]	Bush	Washington	pobj|<-pobj<-with<-prep<-meet->prep->in->pobj->|pobj
rel_298	Ent[ent_1210]	Ent[ent_1002]	Bush	Washington	nsubj|<-nsubj<-leave->prep->for->pobj->|pobj
rel_330	Ent[ent_692]	Ent[ent_211]	Aristide	Haiti	appos|->appos->president->poss->|poss
rel_330	Ent[ent_692]	Ent[ent_211]	Aristide	Haiti	appos|->appos->president->prep->of->pobj->|pobj
rel_330	Ent[ent_692]	Ent[ent_211]	Aristide	Haiti	nsubj|<-nsubj<-return->prep->to->pobj->|pobj
rel_330	Ent[ent_692]	Ent[ent_211]	Aristide	Haiti	appos|->appos->leader->poss->|poss
rel_330	Ent[ent_692]	Ent[ent_211]	Aristide	Haiti	poss|<-poss<-return->prep->to->pobj->|pobj
rel_330	Ent[ent_692]	Ent[ent_211]	Aristide	Haiti	appos|->appos->president->nn->|nn
rel_330	Ent[ent_692]	Ent[ent_211]	Aristide	Haiti	dobj|<-dobj<-return->prep->to->pobj->|pobj
rel_330	Ent[ent_692]	Ent[ent_211]	Aristide	Haiti	dobj|<-dobj<-restore->prep->in->pobj->|pobj
rel_330	Ent[ent_692]	Ent[ent_211]	Aristide	Haiti	rcmod|->rcmod->president->poss->|poss
rel_330	Ent[ent_692]	Ent[ent_211]	Aristide	Haiti	nsubj|<-nsubj<-win->dobj->election->poss->|poss
rel_136	Ent[ent_453]	Ent[ent_1283]	Serbia	Slobodan Milosevic	poss|<-poss<-president->appos->|appos
rel_136	Ent[ent_453]	Ent[ent_1283]	Serbia	Slobodan Milosevic	pobj|<-pobj<-of<-prep<-president->appos->|appos
rel_72	Ent[ent_453]	Ent[ent_1217]	Serbia	Slobodan Milosevic	poss|<-poss<-leader->appos->|appos
rel_136	Ent[ent_453]	Ent[ent_1283]	Serbia	Slobodan Milosevic	poss|<-poss<-strongman->appos->|appos
rel_136	Ent[ent_453]	Ent[ent_1283]	Serbia	Slobodan Milosevic	poss|<-poss<-dictator->appos->|appos
rel_136	Ent[ent_453]	Ent[ent_1283]	Serbia	Slobodan Milosevic	partmod|->partmod->run->prep->by->pobj->|pobj
rel_72	Ent[ent_453]	Ent[ent_1217]	Serbia	Slobodan Milosevic	partmod|->partmod->control->prep->by->pobj->|pobj
rel_136	Ent[ent_453]	Ent[ent_1283]	Serbia	Slobodan Milosevic	rcmod|->rcmod->suffer->nsubj->reformer->rcmod->oust->dobj->|dobj
rel_72	Ent[ent_453]	Ent[ent_1217]	Serbia	Slobodan Milosevic	rcmod|->rcmod->show->prep->on->pobj->|pobj
rel_72	Ent[ent_453]	Ent[ent_1217]	Serbia	Slobodan Milosevic	rcmod|->rcmod->run->prep->by->pobj->president->appos->|appos
rel_136	Ent[ent_695]	Ent[ent_210]	Pakistan	Gen. Pervez Musharraf	poss|<-poss<-president->appos->|appos
rel_136	Ent[ent_695]	Ent[ent_210]	Pakistan	Gen. Pervez Musharraf	poss|<-poss<-ruler->appos->|appos
rel_136	Ent[ent_695]	Ent[ent_210]	Pakistan	Gen. Pervez Musharraf	poss|<-poss<-leader->appos->|appos
rel_126	Ent[ent_695]	Ent[ent_312]	Pakistan	Gen. Pervez Musharraf	pobj|<-pobj<-of<-prep<-president->appos->|appos
rel_136	Ent[ent_695]	Ent[ent_210]	Pakistan	Gen. Pervez Musharraf	poss|<-poss<-dictator->appos->|appos
rel_136	Ent[ent_695]	Ent[ent_210]	Pakistan	Gen. Pervez Musharraf	poss|<-poss<-president<-pobj<-with<-prep<-meet->dobj->|dobj
rel_112	Ent[ent_695]	Ent[ent_210]	Pakistan	Gen. Pervez Musharraf	poss|<-poss<-president<-pobj<-with<-prep<-interaction->appos->|appos
rel_112	Ent[ent_695]	Ent[ent_210]	Pakistan	Gen. Pervez Musharraf	poss|<-poss<-president<-dobj<-urge->dobj->|dobj
rel_112	Ent[ent_695]	Ent[ent_210]	Pakistan	Gen. Pervez Musharraf	poss|<-poss<-president<-dobj<-turn->dobj->|dobj
rel_112	Ent[ent_695]	Ent[ent_210]	Pakistan	Gen. Pervez Musharraf	poss|<-poss<-executive->appos->|appos
rel_136	Ent[ent_211]	Ent[ent_452]	Haiti	Jean-Bertrand Aristide	poss|<-poss<-president->appos->|appos
rel_136	Ent[ent_211]	Ent[ent_452]	Haiti	Jean-Bertrand Aristide	nsubj|<-nsubj<-exile->dobj->president->appos->|appos
rel_136	Ent[ent_211]	Ent[ent_452]	Haiti	Jean-Bertrand Aristide	nsubj|<-nsubj<-depose->dobj->president->appos->|appos
rel_136	Ent[ent_211]	Ent[ent_452]	Haiti	Jean-Bertrand Aristide	pobj|<-pobj<-of<-prep<-president->appos->|appos
rel_136	Ent[ent_211]	Ent[ent_452]	Haiti	Jean-Bertrand Aristide	poss|<-poss<-president<-pobj<-of<-prep<-supporter<-pobj<-of<-prep<-hundred->appos->|appos
rel_136	Ent[ent_211]	Ent[ent_452]	Haiti	Jean-Bertrand Aristide	poss|<-poss<-leader<-dobj<-oust->dobj->president->appos->|appos
rel_15	Ent[ent_211]	Ent[ent_452]	Haiti	Jean-Bertrand Aristide	nn|<-nn<-party->prep->of->pobj->|pobj
rel_15	Ent[ent_211]	Ent[ent_452]	Haiti	Jean-Bertrand Aristide	rcmod|->rcmod->voice->prep->at->pobj->failure->prep->of->pobj->|pobj
rel_15	Ent[ent_211]	Ent[ent_452]	Haiti	Jean-Bertrand Aristide	rcmod|->rcmod->trample->nsubjpass->|nsubjpass
rel_15	Ent[ent_211]	Ent[ent_452]	Haiti	Jean-Bertrand Aristide	rcmod|->rcmod->return->dobj->|dobj
rel_136	Ent[ent_818]	Ent[ent_694]	China	Jiang Zemin	poss|<-poss<-president->appos->|appos
rel_136	Ent[ent_818]	Ent[ent_694]	China	Jiang Zemin	poss|<-poss<-leader->appos->|appos
rel_136	Ent[ent_818]	Ent[ent_694]	China	Jiang Zemin	poss|<-poss<-leader->prep->include->pobj->|pobj
rel_292	Ent[ent_970]	Ent[ent_730]	China	Jiang Zemin	poss|<-poss<-president<-pobj<-with<-prep<-meet->dobj->|dobj
rel_16	Ent[ent_1225]	Ent[ent_694]	China	Jiang Zemin	poss|<-poss<-leader<-pobj<-of<-prep<-retirement->appos->|appos
rel_136	Ent[ent_818]	Ent[ent_694]	China	Jiang Zemin	rcmod|->rcmod->receive->nsubj->|nsubj
rel_16	Ent[ent_1225]	Ent[ent_694]	China	Jiang Zemin	rcmod|->rcmod->link->prep->to->pobj->meeting->prep->with->pobj->|pobj
rel_136	Ent[ent_818]	Ent[ent_694]	China	Jiang Zemin	rcmod|->rcmod->broaden->nsubj->|nsubj
rel_136	Ent[ent_818]	Ent[ent_694]	China	Jiang Zemin	prep|->prep->of->pobj->conference->prep->with->pobj->|pobj
rel_16	Ent[ent_1225]	Ent[ent_694]	China	Jiang Zemin	poss|<-poss<-succession<-nsubj<-complete->prep->with->pobj->elevation->prep->of->pobj->|pobj
rel_136	Ent[ent_1235]	Ent[ent_590]	Nets	Rod Thorn	poss|<-poss<-president->appos->|appos
rel_136	Ent[ent_1235]	Ent[ent_590]	Nets	Rod Thorn	poss|<-poss<-president<-pobj<-with<-prep<-meet->dobj->|dobj
rel_36	Ent[ent_1222]	Ent[ent_590]	Nets	Rod Thorn	nsubj|<-nsubj<-have->dobj->discussion->prep->with->pobj->|pobj
rel_136	Ent[ent_1235]	Ent[ent_590]	Nets	Rod Thorn	rcmod|->rcmod->say->nsubj->|nsubj
rel_68	Ent[ent_543]	Ent[ent_913]	Nets	Rod Thorn	rcmod|->rcmod->announce->nsubj->|nsubj
rel_136	Ent[ent_1235]	Ent[ent_590]	Nets	Rod Thorn	poss|<-poss<-victory->prep->over->pobj->76er->rcmod->tell->nsubj->|nsubj
rel_36	Ent[ent_1222]	Ent[ent_590]	Nets	Rod Thorn	poss|<-poss<-victory<-pobj<-after<-prep<-meet->dobj->time->nn->|nn
rel_40	Ent[ent_998]	Ent[ent_913]	Nets	Rod Thorn	poss|<-poss<-victory->appos->|appos
rel_185	Ent[ent_543]	Ent[ent_590]	Nets	Rod Thorn	poss|<-poss<-season<-pobj<-of<-prep<-best<-appos<-bearer<-nsubj<-president->appos->|appos
rel_185	Ent[ent_543]	Ent[ent_590]	Nets	Rod Thorn	poss|<-poss<-president<-pobj<-of<-prep<-consent<-pobj<-with<-prep<-pick->nsubj->|nsubj
rel_136	Ent[ent_831]	Ent[ent_213]	Croatia	Franjo Tudjman	poss|<-poss<-president->appos->|appos
rel_136	Ent[ent_831]	Ent[ent_213]	Croatia	Franjo Tudjman	pobj|<-pobj<-of<-prep<-president->appos->|appos
rel_136	Ent[ent_831]	Ent[ent_213]	Croatia	Franjo Tudjman	poss|<-poss<-leader->appos->|appos
rel_185	Ent[ent_831]	Ent[ent_213]	Croatia	Franjo Tudjman	rcmod|->rcmod->meet->prep->with->pobj->president->appos->|appos
rel_136	Ent[ent_831]	Ent[ent_213]	Croatia	Franjo Tudjman	rcmod|->rcmod->hang->prep->in->pobj->balance->dep->threaten->nsubj->president->appos->|appos
rel_41	Ent[ent_932]	Ent[ent_213]	Croatia	Franjo Tudjman	rcmod|->rcmod->form->nsubj->party->appos->|appos
rel_136	Ent[ent_831]	Ent[ent_213]	Croatia	Franjo Tudjman	rcmod|->rcmod->flourish->nsubj->|nsubj
rel_185	Ent[ent_831]	Ent[ent_213]	Croatia	Franjo Tudjman	poss|<-poss<-troops<-nsubj<-include->dobj->president->appos->|appos
rel_136	Ent[ent_831]	Ent[ent_213]	Croatia	Franjo Tudjman	poss|<-poss<-president<-pobj<-by<-prep<-found<-partmod<-party->appos->|appos
rel_164	Ent[ent_389]	Ent[ent_213]	Croatia	Franjo Tudjman	poss|<-poss<-president<-appos<-today->appos->|appos
rel_136	Ent[ent_798]	Ent[ent_455]	Taiwan	Lee Teng-hui	poss|<-poss<-president->appos->|appos
rel_136	Ent[ent_798]	Ent[ent_455]	Taiwan	Lee Teng-hui	pobj|<-pobj<-of<-prep<-president->appos->|appos
rel_92	Ent[ent_655]	Ent[ent_455]	Taiwan	Lee Teng-hui	poss|<-poss<-drive<-dobj<-bolster<-rcmod<-move<-pobj<-in<-prep<-win->nsubj->|nsubj
rel_136	Ent[ent_798]	Ent[ent_455]	Taiwan	Lee Teng-hui	nsubj|<-nsubj<-expel->dobj->chairman->appos->|appos
rel_92	Ent[ent_655]	Ent[ent_455]	Taiwan	Lee Teng-hui	rcmod|->rcmod->win->nsubj->|nsubj
rel_136	Ent[ent_798]	Ent[ent_455]	Taiwan	Lee Teng-hui	poss|<-poss<-president<-pobj<-to<-prep<-rebuke->appos->|appos
rel_136	Ent[ent_798]	Ent[ent_455]	Taiwan	Lee Teng-hui	poss|<-poss<-president<-pobj<-of<-prep<-scheming<-amod<-separatist->appos->|appos
rel_136	Ent[ent_798]	Ent[ent_455]	Taiwan	Lee Teng-hui	poss|<-poss<-president<-pobj<-for<-prep<-visa<-dobj<-grant<-dep<-visit->nsubj->|nsubj
rel_136	Ent[ent_798]	Ent[ent_455]	Taiwan	Lee Teng-hui	poss|<-poss<-president<-pobj<-by<-prep<-run<-dep<-cause->nsubj->|nsubj
rel_136	Ent[ent_798]	Ent[ent_455]	Taiwan	Lee Teng-hui	poss|<-poss<-president<-dobj<-accuse<-partmod<-commentary->appos->|appos
rel_136	Ent[ent_492]	Ent[ent_1118]	Iraq	Saddam Hussein	poss|<-poss<-president->appos->|appos
rel_136	Ent[ent_492]	Ent[ent_1118]	Iraq	Saddam Hussein	pobj|<-pobj<-of<-prep<-president->appos->|appos
rel_136	Ent[ent_492]	Ent[ent_1118]	Iraq	Saddam Hussein	pobj|<-pobj<-into<-prep<-cross->prep->since->pobj->fall->prep->of->pobj->|pobj
rel_136	Ent[ent_492]	Ent[ent_1118]	Iraq	Saddam Hussein	partmod|->partmod->control->prep->by->pobj->|pobj
rel_321	Ent[ent_492]	Ent[ent_1125]	Iraq	Saddam Hussein	poss|<-poss<-strongman->appos->|appos
rel_136	Ent[ent_492]	Ent[ent_1118]	Iraq	Saddam Hussein	poss|<-poss<-leader->appos->|appos
rel_144	Ent[ent_1157]	Ent[ent_1118]	Iraq	Saddam Hussein	poss|<-poss<-government<-pobj<-of<-prep<-leader->prep->since->pobj->fall->prep->of->pobj->|pobj
rel_136	Ent[ent_492]	Ent[ent_1118]	Iraq	Saddam Hussein	nsubj|<-nsubj<-better->prep->without->pobj->|pobj
rel_136	Ent[ent_492]	Ent[ent_1118]	Iraq	Saddam Hussein	dobj|<-dobj<-rule->prep->under->pobj->|pobj
rel_136	Ent[ent_492]	Ent[ent_1118]	Iraq	Saddam Hussein	dobj|<-dobj<-dominate->prep->under->pobj->|pobj
rel_136	Ent[ent_697]	Ent[ent_212]	Syria	Hafez al-Assad	poss|<-poss<-president->appos->|appos
rel_136	Ent[ent_697]	Ent[ent_212]	Syria	Hafez al-Assad	poss|<-poss<-leader->appos->|appos
rel_136	Ent[ent_697]	Ent[ent_212]	Syria	Hafez al-Assad	poss|<-poss<-dictator->appos->|appos
rel_112	Ent[ent_697]	Ent[ent_212]	Syria	Hafez al-Assad	pobj|<-pobj<-in<-prep<-meet->prep->with->pobj->|pobj
rel_136	Ent[ent_697]	Ent[ent_212]	Syria	Hafez al-Assad	pobj|<-pobj<-in<-prep<-gathering->prep->for->pobj->|pobj
rel_112	Ent[ent_697]	Ent[ent_212]	Syria	Hafez al-Assad	nsubj|<-nsubj<-reject->prep->to->pobj->|pobj
rel_112	Ent[ent_697]	Ent[ent_212]	Syria	Hafez al-Assad	rcmod|->rcmod->rival->nsubj->president->appos->|appos
rel_112	Ent[ent_697]	Ent[ent_212]	Syria	Hafez al-Assad	rcmod|->rcmod->develop->dobj->relationship->prep->with->pobj->|pobj
rel_112	Ent[ent_697]	Ent[ent_212]	Syria	Hafez al-Assad	poss|<-poss<-shift->prep->from->pobj->state->partmod->create->prep->by->pobj->president->dep->|dep
rel_136	Ent[ent_697]	Ent[ent_212]	Syria	Hafez al-Assad	poss|<-poss<-ruler<-pobj<-of<-prep<-death<-appos<-withdrawal->appos->|appos
rel_136	Ent[ent_815]	Ent[ent_454]	Russia	Vladimir V. Putin	poss|<-poss<-president->appos->|appos
rel_136	Ent[ent_815]	Ent[ent_454]	Russia	Vladimir V. Putin	pobj|<-pobj<-in<-prep<-call->nsubj->|nsubj
rel_136	Ent[ent_815]	Ent[ent_454]	Russia	Vladimir V. Putin	poss|<-poss<-leader->appos->|appos
rel_136	Ent[ent_815]	Ent[ent_454]	Russia	Vladimir V. Putin	poss|<-poss<-crackdown<-dobj<-raise->prep->with->pobj->|pobj
rel_136	Ent[ent_815]	Ent[ent_454]	Russia	Vladimir V. Putin	poss|<-poss<-commitment->prep->in->pobj->encounter->prep->with->pobj->|pobj
rel_136	Ent[ent_815]	Ent[ent_454]	Russia	Vladimir V. Putin	nn|<-nn<-expert<-nsubj<-issue->prep->under->pobj->|pobj
rel_136	Ent[ent_815]	Ent[ent_454]	Russia	Vladimir V. Putin	appos|->appos->party->amod->loyal->prep->to->pobj->|pobj
rel_136	Ent[ent_815]	Ent[ent_454]	Russia	Vladimir V. Putin	trigger#president,issue,communiqué Russia Vladimir_V._Putin source#Russia/NNP/LOCATION dest#Vladimir/NNP/PERSON_V./NNP/PERSON_Putin/NNP/PERSON path#pobj|<-pobj<-of<-prep<-president<-pobj<-with<-prep<-issue<-partmod<-communiqué->appos->|appos sen#A_joint_communiqué_issued_by_President_Kim_Dae_Jung_with_the_visiting_president_of_Russia_,_Vladimir_V._Putin_,_declared_that_the_1972_Antiballistic_Missile_Treaty_,_which_would_be_threatened_by_Washington_'s_project_,_was_a_''_cornerstone_of_strategic_stability_._'' lex#, pos#, lc#president_of rc#,_declared
rel_136	Ent[ent_815]	Ent[ent_454]	Russia	Vladimir V. Putin	rcmod|->rcmod->win->dep->loyal->prep->to->pobj->|pobj
rel_136	Ent[ent_815]	Ent[ent_454]	Russia	Vladimir V. Putin	rcmod|->rcmod->tighten->nsubj->|nsubj
rel_250	Ent[ent_229]	Ent[ent_344]	White House	Marlin Fitzwater	nn|<-nn<-spokesman->appos->|appos
rel_30	Ent[ent_586]	Ent[ent_344]	White House	Marlin Fitzwater	nn|<-nn<-secretary->appos->|appos
rel_30	Ent[ent_586]	Ent[ent_344]	White House	Marlin Fitzwater	pobj|<-pobj<-at<-prep<-say->nsubj->|nsubj
rel_30	Ent[ent_586]	Ent[ent_344]	White House	Marlin Fitzwater	pobj|<-pobj<-at<-prep<-say->nsubj->spokesman->appos->|appos
rel_30	Ent[ent_586]	Ent[ent_344]	White House	Marlin Fitzwater	nn|<-nn<-spokesman<-pobj<-by<-prep<-statement->appos->|appos
rel_30	Ent[ent_586]	Ent[ent_344]	White House	Marlin Fitzwater	poss|<-poss<-spokesman->appos->|appos
rel_296	Ent[ent_586]	Ent[ent_344]	White House	Marlin Fitzwater	pobj|<-pobj<-at<-prep<-release<-partmod<-statement<-pobj<-of<-prep<-text->appos->|appos
rel_30	Ent[ent_586]	Ent[ent_344]	White House	Marlin Fitzwater	pobj|<-pobj<-at<-prep<-read->dobj->|dobj
rel_296	Ent[ent_586]	Ent[ent_344]	White House	Marlin Fitzwater	pobj|<-pobj<-at<-prep<-concern->appos->|appos
rel_296	Ent[ent_586]	Ent[ent_344]	White House	Marlin Fitzwater	nn|<-nn<-spokesman<-pobj<-to<-prep<-'->appos->|appos
rel_30	Ent[ent_1227]	Ent[ent_336]	State Department	Richard A. Boucher	nn|<-nn<-spokesman->appos->|appos
rel_30	Ent[ent_536]	Ent[ent_336]	State Department	Richard A. Boucher	poss|<-poss<-spokesman->appos->|appos
rel_30	Ent[ent_1248]	Ent[ent_336]	State Department	Richard A. Boucher	pobj|<-pobj<-at<-prep<-say->nsubj->|nsubj
rel_30	Ent[ent_536]	Ent[ent_336]	State Department	Richard A. Boucher	pobj|<-pobj<-at->dep->today->appos->|appos
rel_30	Ent[ent_1248]	Ent[ent_336]	State Department	Richard A. Boucher	rcmod|->rcmod->say->nsubj->|nsubj
rel_30	Ent[ent_1227]	Ent[ent_336]	State Department	Richard A. Boucher	pobj|<-pobj<-for<-prep<-spokesman->appos->|appos
rel_30	Ent[ent_1248]	Ent[ent_336]	State Department	Richard A. Boucher	pobj|<-pobj<-at<-prep<-tell->nsubj->|nsubj
rel_30	Ent[ent_536]	Ent[ent_336]	State Department	Richard A. Boucher	pobj|<-pobj<-at<-prep<-say->nsubj->spokesman->appos->|appos
rel_30	Ent[ent_1227]	Ent[ent_336]	State Department	Richard A. Boucher	pobj|<-pobj<-at<-prep<-repeat->nsubj->|nsubj
rel_30	Ent[ent_536]	Ent[ent_336]	State Department	Richard A. Boucher	nsubj|<-nsubj<-decline<-rcmod<-silent->appos->|appos
rel_118	Ent[ent_536]	Ent[ent_335]	State Department	Charles E. Redman	nn|<-nn<-spokesman->appos->|appos
rel_30	Ent[ent_555]	Ent[ent_335]	State Department	Charles E. Redman	poss|<-poss<-spokesman->appos->|appos
rel_164	Ent[ent_1248]	Ent[ent_335]	State Department	Charles E. Redman	nn|<-nn<-spokesman<-tmod<-implicate<-partmod<-specialist->appos->|appos
rel_30	Ent[ent_555]	Ent[ent_335]	State Department	Charles E. Redman	nn|<-nn<-spokesman<-pobj<-to<-dep<-accord<-prep<-discuss->dobj->|dobj
rel_91	Ent[ent_1233]	Ent[ent_335]	State Department	Charles E. Redman	nn|<-nn<-spokesman<-pobj<-to<-dep<-accord<-prep<-decline->dobj->|dobj
rel_164	Ent[ent_1248]	Ent[ent_335]	State Department	Charles E. Redman	nn|<-nn<-spokesman<-pobj<-from<-prep<-criticism->appos->|appos
rel_30	Ent[ent_555]	Ent[ent_335]	State Department	Charles E. Redman	nn|<-nn<-spokesman<-pobj<-from<-prep<-come->tmod->monday->dep->|dep
rel_30	Ent[ent_555]	Ent[ent_335]	State Department	Charles E. Redman	nn|<-nn<-spokesman<-nsubj<-say->nsubj->|nsubj
rel_91	Ent[ent_1233]	Ent[ent_335]	State Department	Charles E. Redman	nn|<-nn<-spokesman<-dep<-today->appos->|appos
rel_164	Ent[ent_1248]	Ent[ent_335]	State Department	Charles E. Redman	nn|<-nn<-spokesman<-dep<-direction->appos->|appos
rel_30	Ent[ent_873]	Ent[ent_578]	White House	Michael D. McCurry	nn|<-nn<-spokesman->appos->|appos
rel_30	Ent[ent_586]	Ent[ent_578]	White House	Michael D. McCurry	nn|<-nn<-secretary->appos->|appos
rel_30	Ent[ent_873]	Ent[ent_578]	White House	Michael D. McCurry	nn|<-nn<-spokesman<-nsubj<-say->nsubj->|nsubj
rel_30	Ent[ent_586]	Ent[ent_578]	White House	Michael D. McCurry	nn|<-nn<-spokesman<-nsubj<-|nsubj
rel_30	Ent[ent_586]	Ent[ent_578]	White House	Michael D. McCurry	pobj|<-pobj<-at<-prep<-say->nsubj->|nsubj
rel_30	Ent[ent_586]	Ent[ent_578]	White House	Michael D. McCurry	nsubjpass|<-nsubjpass<-trouble->prep->by->pobj->comment->appos->secretary->appos->|appos
rel_30	Ent[ent_586]	Ent[ent_578]	White House	Michael D. McCurry	nn|<-nn<-spokesman<-nsubj<-make->nsubj->|nsubj
rel_30	Ent[ent_586]	Ent[ent_578]	White House	Michael D. McCurry	rcmod|->rcmod->say->nsubj->|nsubj
rel_30	Ent[ent_873]	Ent[ent_578]	White House	Michael D. McCurry	rcmod|->rcmod->force->nsubj->secretary->appos->|appos
rel_30	Ent[ent_873]	Ent[ent_578]	White House	Michael D. McCurry	poss|<-poss<-account<-pobj<-by<-dep<-in<-prep<-say->nsubj->secretary->appos->|appos
rel_30	Ent[ent_873]	Ent[ent_1039]	White House	Scott McClellan	nn|<-nn<-spokesman->appos->|appos
rel_30	Ent[ent_873]	Ent[ent_1039]	White House	Scott McClellan	nn|<-nn<-secretary->appos->|appos
rel_30	Ent[ent_873]	Ent[ent_1039]	White House	Scott McClellan	pobj|<-pobj<-at<-prep<-say->nsubj->|nsubj
rel_30	Ent[ent_873]	Ent[ent_1039]	White House	Scott McClellan	nn|<-nn<-secretary<-pobj<-of<-prep<-brother->appos->|appos
rel_294	Ent[ent_586]	Ent[ent_1039]	White House	Scott McClellan	rcmod|->rcmod->say->nsubj->spokesman->appos->|appos
rel_30	Ent[ent_873]	Ent[ent_1039]	White House	Scott McClellan	pobj|<-pobj<-at<-prep<-try->nsubj->|nsubj
rel_30	Ent[ent_873]	Ent[ent_1039]	White House	Scott McClellan	pobj|<-pobj<-at<-prep<-tell->nsubj->|nsubj
rel_30	Ent[ent_873]	Ent[ent_1039]	White House	Scott McClellan	pobj|<-pobj<-at<-prep<-say->nsubj->spokesman->appos->|appos
rel_30	Ent[ent_873]	Ent[ent_1039]	White House	Scott McClellan	pobj|<-pobj<-at<-prep<-say->nsubj->secretary->appos->|appos
rel_294	Ent[ent_586]	Ent[ent_1039]	White House	Scott McClellan	pobj|<-pobj<-at<-prep<-press->nsubjpass->|nsubjpass
rel_30	Ent[ent_227]	Ent[ent_1030]	White House	Ari Fleischer	nn|<-nn<-spokesman->appos->|appos
rel_30	Ent[ent_586]	Ent[ent_1030]	White House	Ari Fleischer	nn|<-nn<-secretary->appos->|appos
rel_30	Ent[ent_227]	Ent[ent_1030]	White House	Ari Fleischer	pobj|<-pobj<-at->dep->today->appos->|appos
rel_30	Ent[ent_227]	Ent[ent_1030]	White House	Ari Fleischer	pobj|<-pobj<-at<-prep<-say->nsubj->|nsubj
rel_30	Ent[ent_586]	Ent[ent_1030]	White House	Ari Fleischer	pobj|<-pobj<-at<-prep<-say->nsubj->spokesman->appos->|appos
rel_30	Ent[ent_227]	Ent[ent_1030]	White House	Ari Fleischer	poss|<-poss<-spokesman->appos->|appos
rel_30	Ent[ent_227]	Ent[ent_1030]	White House	Ari Fleischer	pobj|<-pobj<-in<-prep<-year->prep->by->pobj->|pobj
rel_30	Ent[ent_227]	Ent[ent_1030]	White House	Ari Fleischer	pobj|<-pobj<-by<-prep<-shift->rcmod->say->nsubj->spokesman->appos->|appos
rel_30	Ent[ent_586]	Ent[ent_1030]	White House	Ari Fleischer	pobj|<-pobj<-by<-prep<-attempt->appos->|appos
rel_30	Ent[ent_586]	Ent[ent_1030]	White House	Ari Fleischer	pobj|<-pobj<-at<-prep<-hint->nsubj->spokesman->appos->|appos
rel_30	Ent[ent_536]	Ent[ent_577]	State Department	Nicholas Burns	nn|<-nn<-spokesman->appos->|appos
rel_92	Ent[ent_1227]	Ent[ent_577]	State Department	Nicholas Burns	poss|<-poss<-spokesman->appos->|appos
rel_299	Ent[ent_1233]	Ent[ent_577]	State Department	Nicholas Burns	pobj|<-pobj<-at<-prep<-make->nsubj->spokesman->appos->|appos
rel_299	Ent[ent_1233]	Ent[ent_577]	State Department	Nicholas Burns	rcmod|->rcmod->accuse->nsubj->spokesman->appos->|appos
rel_92	Ent[ent_1227]	Ent[ent_577]	State Department	Nicholas Burns	poss|<-poss<-voice->appos->|appos
rel_30	Ent[ent_536]	Ent[ent_577]	State Department	Nicholas Burns	pobj|<-pobj<-at<-prep<-say->nsubj->spokesman->appos->|appos
rel_316	Ent[ent_555]	Ent[ent_310]	State Department	Nicholas Burns	nn|<-nn<-spokesman<-pobj<-in<-prep<-describe->nsubj->|nsubj
rel_30	Ent[ent_536]	Ent[ent_577]	State Department	Nicholas Burns	nn|<-nn<-meeting<-pobj<-of<-prep<-speak<-dep<-say->nsubj->|nsubj
rel_28	Ent[ent_716]	Ent[ent_310]	State Department	Nicholas Burns	nn|<-nn<-briefing<-pobj<-at<-prep<-say->nsubj->|nsubj
rel_379	Ent[ent_716]	Ent[ent_577]	State Department	Nicholas Burns	nn|<-nn<-briefing<-pobj<-at<-prep<-find->nsubj->spokesman->appos->|appos
rel_30	Ent[ent_1227]	Ent[ent_696]	State Department	Richard Boucher	nn|<-nn<-spokesman->appos->|appos
rel_30	Ent[ent_1227]	Ent[ent_696]	State Department	Richard Boucher	poss|<-poss<-spokesman->appos->|appos
rel_30	Ent[ent_536]	Ent[ent_696]	State Department	Richard Boucher	pobj|<-pobj<-at<-prep<-say->nsubj->|nsubj
rel_30	Ent[ent_1227]	Ent[ent_696]	State Department	Richard Boucher	pobj|<-pobj<-at<-prep<-say->nsubj->spokesman->appos->|appos
rel_30	Ent[ent_536]	Ent[ent_696]	State Department	Richard Boucher	nn|<-nn<-briefing<-pobj<-at<-prep<-say->nsubj->|nsubj
rel_30	Ent[ent_536]	Ent[ent_696]	State Department	Richard Boucher	pobj|<-pobj<-by<-prep<-disclosure<-nsubj<-represent->dobj->reversal->prep->for->pobj->|pobj
rel_335	Ent[ent_1227]	Ent[ent_612]	State Department	Richard Boucher	pobj|<-pobj<-at<-prep<-do->nsubj->spokesman->appos->|appos
rel_261	Ent[ent_555]	Ent[ent_696]	State Department	Richard Boucher	pobj|<-pobj<-at->dep->today->appos->|appos
rel_30	Ent[ent_536]	Ent[ent_696]	State Department	Richard Boucher	nn|<-nn<-spokesman<-pobj<-through<-prep<-make->dobj->|dobj
rel_30	Ent[ent_536]	Ent[ent_696]	State Department	Richard Boucher	nn|<-nn<-spokesman<-pobj<-by<-prep<-give<-prep<-describe->dobj->|dobj
rel_30	Ent[ent_1140]	Ent[ent_97]	Pentagon	Pete Williams	nn|<-nn<-spokesman->appos->|appos
rel_30	Ent[ent_1140]	Ent[ent_97]	Pentagon	Pete Williams	poss|<-poss<-spokesman->appos->|appos
rel_30	Ent[ent_1140]	Ent[ent_97]	Pentagon	Pete Williams	pobj|<-pobj<-at<-prep<-say->nsubj->spokesman->appos->|appos
rel_30	Ent[ent_1140]	Ent[ent_97]	Pentagon	Pete Williams	pobj|<-pobj<-at<-prep<-disavow->nsubj->spokesman->appos->|appos
rel_30	Ent[ent_1140]	Ent[ent_97]	Pentagon	Pete Williams	nn|<-nn<-spokesman<-pobj<-by<-prep<-confirm<-dep<-|dep
rel_30	Ent[ent_1140]	Ent[ent_97]	Pentagon	Pete Williams	nn|<-nn<-spokesman<-pobj<-by<-prep<-be->dep->|dep
rel_30	Ent[ent_1140]	Ent[ent_97]	Pentagon	Pete Williams	nn|<-nn<-spokesman<-nsubj<-say->nsubj->|nsubj
rel_30	Ent[ent_1140]	Ent[ent_97]	Pentagon	Pete Williams	nn|<-nn<-spokesman<-appos<-clue->appos->|appos
rel_30	Ent[ent_1140]	Ent[ent_97]	Pentagon	Pete Williams	nn|<-nn<-briefing<-pobj<-at<-prep<-evidence<-nsubj<-today->appos->spokesman->appos->|appos
rel_142	Ent[ent_555]	Ent[ent_1031]	State Department	James P. Rubin	nn|<-nn<-spokesman->appos->|appos
rel_30	Ent[ent_536]	Ent[ent_1031]	State Department	James P. Rubin	nn|<-nn<-spokesman<-nsubj<-say->nsubj->|nsubj
rel_30	Ent[ent_536]	Ent[ent_1031]	State Department	James P. Rubin	poss|<-poss<-spokesman->appos->|appos
rel_30	Ent[ent_536]	Ent[ent_1031]	State Department	James P. Rubin	nn|<-nn<-spokesman->rcmod->say->nsubj->|nsubj
rel_142	Ent[ent_555]	Ent[ent_1031]	State Department	James P. Rubin	poss|<-poss<-spokesman->rcmod->say->nsubj->|nsubj
rel_65	Ent[ent_1233]	Ent[ent_1031]	State Department	James P. Rubin	poss|<-poss<-spokesman<-nsubj<-say->nsubj->|nsubj
rel_30	Ent[ent_536]	Ent[ent_1031]	State Department	James P. Rubin	pobj|<-pobj<-at<-prep<-say->nsubj->|nsubj
rel_30	Ent[ent_536]	Ent[ent_1031]	State Department	James P. Rubin	nn|<-nn<-spokesman<-nsubj<-welcome->nsubj->|nsubj
rel_30	Ent[ent_536]	Ent[ent_1031]	State Department	James P. Rubin	nn|<-nn<-spokesman<-nsubj<-tell->nsubj->|nsubj
rel_142	Ent[ent_555]	Ent[ent_1031]	State Department	James P. Rubin	poss|<-poss<-spokesman<-nsubj<-|nsubj
rel_9	Ent[ent_819]	Ent[ent_816]	Democrats	Republicans	nsubj|<-nsubj<-outnumber->dobj->|dobj
rel_112	Ent[ent_819]	Ent[ent_816]	Democrats	Republicans	nsubj|<-nsubj<-join->dobj->|dobj
rel_9	Ent[ent_819]	Ent[ent_816]	Democrats	Republicans	nsubj|<-nsubj<-accuse->dobj->|dobj
rel_9	Ent[ent_819]	Ent[ent_816]	Democrats	Republicans	pobj|<-pobj<-of<-prep<-ratio->prep->to->pobj->|pobj
rel_9	Ent[ent_1015]	Ent[ent_816]	Democrats	Republicans	nsubj|<-nsubj<-vote->prep->with->pobj->|pobj
rel_9	Ent[ent_819]	Ent[ent_816]	Democrats	Republicans	nsubj|<-nsubj<-join->prep->with->pobj->|pobj
rel_9	Ent[ent_819]	Ent[ent_816]	Democrats	Republicans	nsubj|<-nsubj<-criticize->dobj->|dobj
rel_9	Ent[ent_819]	Ent[ent_816]	Democrats	Republicans	amod|->amod->more->prep->than->pobj->|pobj
rel_9	Ent[ent_819]	Ent[ent_816]	Democrats	Republicans	nsubj|<-nsubj<-outnumber->prep->|prep
rel_9	Ent[ent_819]	Ent[ent_816]	Democrats	Republicans	nsubj|<-nsubj<-register->dobj->|dobj
rel_185	Ent[ent_816]	Ent[ent_819]	Republicans	Democrats	nsubj|<-nsubj<-join->dobj->|dobj
rel_9	Ent[ent_816]	Ent[ent_1015]	Republicans	Democrats	nsubj|<-nsubj<-outnumber->dobj->|dobj
rel_9	Ent[ent_816]	Ent[ent_1015]	Republicans	Democrats	nsubj|<-nsubj<-accuse->dobj->|dobj
rel_82	Ent[ent_894]	Ent[ent_320]	Republicans	Democrats	nsubj|<-nsubj<-join->prep->with->pobj->|pobj
rel_9	Ent[ent_816]	Ent[ent_1015]	Republicans	Democrats	nsubj|<-nsubj<-vote->prep->with->pobj->|pobj
rel_9	Ent[ent_816]	Ent[ent_1015]	Republicans	Democrats	partmod|->partmod->join->dobj->|dobj
rel_185	Ent[ent_816]	Ent[ent_819]	Republicans	Democrats	nsubj|<-nsubj<-blame->dobj->|dobj
rel_9	Ent[ent_816]	Ent[ent_1015]	Republicans	Democrats	rcmod|->rcmod->join->dobj->|dobj
rel_9	Ent[ent_816]	Ent[ent_1015]	Republicans	Democrats	nsubj|<-nsubj<-criticize->dobj->|dobj
rel_9	Ent[ent_816]	Ent[ent_819]	Republicans	Democrats	nsubj|<-nsubj<-side->prep->with->pobj->|pobj
rel_185	Ent[ent_96]	Ent[ent_695]	India	Pakistan	nsubj|<-nsubj<-accuse->dobj->|dobj
rel_185	Ent[ent_96]	Ent[ent_695]	India	Pakistan	nsubj|<-nsubj<-blame->dobj->|dobj
rel_250	Ent[ent_1202]	Ent[ent_695]	India	Pakistan	poss|<-poss<-rival->appos->|appos
rel_185	Ent[ent_96]	Ent[ent_695]	India	Pakistan	poss|<-poss<-border->prep->with->pobj->|pobj
rel_185	Ent[ent_96]	Ent[ent_695]	India	Pakistan	nsubj|<-nsubj<-recall->prep->to->pobj->|pobj
rel_185	Ent[ent_96]	Ent[ent_695]	India	Pakistan	nsubj|<-nsubj<-fight->prep->with->pobj->|pobj
rel_250	Ent[ent_1202]	Ent[ent_695]	India	Pakistan	appos|->appos->rival->poss->|poss
rel_185	Ent[ent_96]	Ent[ent_695]	India	Pakistan	nsubj|<-nsubj<-join->dobj->|dobj
rel_185	Ent[ent_96]	Ent[ent_695]	India	Pakistan	nsubj|<-nsubj<-attack->dobj->|dobj
rel_185	Ent[ent_96]	Ent[ent_695]	India	Pakistan	poss|<-poss<-war->prep->with->pobj->|pobj
rel_20	Ent[ent_826]	Ent[ent_820]	Palestinians	Israel	nsubj|<-nsubj<-accuse->dobj->|dobj
rel_20	Ent[ent_826]	Ent[ent_820]	Palestinians	Israel	partmod|->partmod->deport->prep->by->pobj->|pobj
rel_319	Ent[ent_1228]	Ent[ent_820]	Palestinians	Israel	nsubjpass|<-nsubjpass<-kill->prep->by->pobj->troops->amod->|amod
rel_20	Ent[ent_826]	Ent[ent_820]	Palestinians	Israel	nsubjpass|<-nsubjpass<-kill->prep->by->pobj->|pobj
rel_319	Ent[ent_1228]	Ent[ent_820]	Palestinians	Israel	partmod|->partmod->kill->prep->by->pobj->|pobj
rel_319	Ent[ent_1228]	Ent[ent_820]	Palestinians	Israel	nsubjpass|<-nsubjpass<-kill->prep->by->pobj->soldier->amod->|amod
rel_20	Ent[ent_826]	Ent[ent_820]	Palestinians	Israel	prep|->prep->in->pobj->territory->amod->|amod
rel_319	Ent[ent_1228]	Ent[ent_820]	Palestinians	Israel	nsubjpass|<-nsubjpass<-shoot->prep->by->pobj->soldier->amod->|amod
rel_20	Ent[ent_826]	Ent[ent_820]	Palestinians	Israel	nsubj|<-nsubj<-live->prep->under->pobj->occupation->amod->|amod
rel_319	Ent[ent_1228]	Ent[ent_820]	Palestinians	Israel	partmod|->partmod->live->prep->under->pobj->occupation->amod->|amod
rel_294	Ent[ent_1277]	Ent[ent_99]	United States	Iran	nsubj|<-nsubj<-sell->prep->to->pobj->|pobj
rel_9	Ent[ent_537]	Ent[ent_99]	United States	Iran	nn|<-nn<-arm<-pobj<-of<-prep<-sale->prep->to->pobj->|pobj
rel_9	Ent[ent_537]	Ent[ent_99]	United States	Iran	nsubj|<-nsubj<-accuse->dobj->|dobj
rel_355	Ent[ent_1237]	Ent[ent_99]	United States	Iran	nsubj|<-nsubj<-send->prep->to->pobj->|pobj
rel_294	Ent[ent_1277]	Ent[ent_99]	United States	Iran	nn|<-nn<-weapon<-pobj<-of<-prep<-sale->prep->to->pobj->|pobj
rel_355	Ent[ent_1237]	Ent[ent_99]	United States	Iran	nsubj|<-nsubj<-have->prep->with->pobj->|pobj
rel_294	Ent[ent_1277]	Ent[ent_99]	United States	Iran	nn|<-nn<-policy->prep->toward->pobj->|pobj
rel_9	Ent[ent_537]	Ent[ent_99]	United States	Iran	nsubj|<-nsubj<-warn->dobj->|dobj
rel_355	Ent[ent_1237]	Ent[ent_99]	United States	Iran	nn|<-nn<-sale->prep->to->pobj->|pobj
rel_9	Ent[ent_537]	Ent[ent_99]	United States	Iran	nsubj|<-nsubj<-sever->prep->with->pobj->|pobj
rel_9	Ent[ent_816]	Ent[ent_827]	Republicans	Mr. Clinton	nsubj|<-nsubj<-accuse->dobj->|dobj
rel_9	Ent[ent_816]	Ent[ent_827]	Republicans	Mr. Clinton	nsubj|<-nsubj<-criticize->dobj->|dobj
rel_355	Ent[ent_816]	Ent[ent_827]	Republicans	Mr. Clinton	nsubj|<-nsubj<-urge->dobj->|dobj
rel_355	Ent[ent_816]	Ent[ent_827]	Republicans	Mr. Clinton	nsubj|<-nsubj<-send->iobj->|iobj
rel_9	Ent[ent_816]	Ent[ent_827]	Republicans	Mr. Clinton	pobj|<-pobj<-by<-prep<-response<-dep<-|dep
rel_9	Ent[ent_816]	Ent[ent_827]	Republicans	Mr. Clinton	nsubj|<-nsubj<-support->dobj->position->poss->|poss
rel_355	Ent[ent_816]	Ent[ent_827]	Republicans	Mr. Clinton	nsubj|<-nsubj<-offer->dobj->case->prep->against->pobj->|pobj
rel_9	Ent[ent_816]	Ent[ent_827]	Republicans	Mr. Clinton	nsubj|<-nsubj<-go->prep->after->pobj->|pobj
rel_9	Ent[ent_816]	Ent[ent_827]	Republicans	Mr. Clinton	nsubj|<-nsubj<-criticize->dobj->proposal->poss->|poss
rel_355	Ent[ent_816]	Ent[ent_827]	Republicans	Mr. Clinton	nsubj|<-nsubj<-attack->dobj->|dobj
rel_29	Ent[ent_99]	Ent[ent_492]	Iran	Iraq	poss|<-poss<-war->prep->with->pobj->|pobj
rel_185	Ent[ent_99]	Ent[ent_1157]	Iran	Iraq	nsubj|<-nsubj<-accuse->dobj->|dobj
rel_29	Ent[ent_99]	Ent[ent_492]	Iran	Iraq	poss|<-poss<-role->prep->in->pobj->|pobj
rel_29	Ent[ent_99]	Ent[ent_492]	Iran	Iraq	dobj|<-dobj<-support->prep->in->pobj->war->prep->with->pobj->|pobj
rel_29	Ent[ent_99]	Ent[ent_492]	Iran	Iraq	poss|<-poss<-influence->prep->in->pobj->|pobj
rel_185	Ent[ent_99]	Ent[ent_1157]	Iran	Iraq	poss|<-poss<-border->prep->with->pobj->|pobj
rel_185	Ent[ent_99]	Ent[ent_1157]	Iran	Iraq	nsubj|<-nsubj<-hold->dobj->|dobj
rel_29	Ent[ent_99]	Ent[ent_492]	Iran	Iraq	poss|<-poss<-position->prep->in->pobj->war->prep->with->pobj->|pobj
rel_29	Ent[ent_99]	Ent[ent_492]	Iran	Iraq	nsubj|<-nsubj<-fight->prep->with->pobj->|pobj
rel_29	Ent[ent_99]	Ent[ent_492]	Iran	Iraq	poss|<-poss<-war<-dobj<-end->prep->with->pobj->|pobj
rel_9	Ent[ent_819]	Ent[ent_1253]	Democrats	Mr. Bush	nsubj|<-nsubj<-accuse->dobj->|dobj
rel_9	Ent[ent_819]	Ent[ent_1253]	Democrats	Mr. Bush	nsubj|<-nsubj<-criticize->dobj->|dobj
rel_206	Ent[ent_819]	Ent[ent_182]	Democrats	Mr. Bush	rcmod|->rcmod->vote->prep->for->pobj->|pobj
rel_206	Ent[ent_819]	Ent[ent_182]	Democrats	Mr. Bush	nsubj|<-nsubj<-attack->dobj->|dobj
rel_80	Ent[ent_819]	Ent[ent_15]	Democrats	Mr. Bush	nsubj|<-nsubj<-support->dobj->|dobj
rel_9	Ent[ent_819]	Ent[ent_1253]	Democrats	Mr. Bush	nsubj|<-nsubj<-give->iobj->|iobj
rel_206	Ent[ent_819]	Ent[ent_182]	Democrats	Mr. Bush	nsubjpass|<-nsubjpass<-call->prep->on->pobj->|pobj
rel_206	Ent[ent_819]	Ent[ent_182]	Democrats	Mr. Bush	nsubj|<-nsubj<-vote->prep->for->pobj->|pobj
rel_9	Ent[ent_819]	Ent[ent_1253]	Democrats	Mr. Bush	nsubj|<-nsubj<-press->dobj->|dobj
rel_206	Ent[ent_819]	Ent[ent_182]	Democrats	Mr. Bush	nsubj|<-nsubj<-criticize->dobj->proposal->poss->|poss
rel_185	Ent[ent_651]	Ent[ent_894]	Mr. Clinton	Republicans	nsubj|<-nsubj<-accuse->dobj->|dobj
rel_355	Ent[ent_651]	Ent[ent_1166]	Mr. Clinton	Republicans	nsubj|<-nsubj<-say->prep->of->pobj->|pobj
rel_247	Ent[ent_651]	Ent[ent_816]	Mr. Clinton	Republicans	nsubj|<-nsubj<-urge->dobj->|dobj
rel_77	Ent[ent_827]	Ent[ent_767]	Mr. Clinton	Republicans	nsubj|<-nsubj<-tell->dobj->|dobj
rel_96	Ent[ent_154]	Ent[ent_894]	Mr. Clinton	Republicans	nsubj|<-nsubj<-reach->prep->to->pobj->|pobj
rel_77	Ent[ent_827]	Ent[ent_767]	Mr. Clinton	Republicans	nsubj|<-nsubj<-assail->dobj->|dobj
rel_365	Ent[ent_827]	Ent[ent_816]	Mr. Clinton	Republicans	rcmod|->rcmod->go->nsubj->|nsubj
rel_185	Ent[ent_651]	Ent[ent_894]	Mr. Clinton	Republicans	poss|<-poss<-trouble<-pobj<-about<-prep<-speak->dep->increase->dobj->likelihood->rcmod->call->nsubj->|nsubj
rel_365	Ent[ent_827]	Ent[ent_816]	Mr. Clinton	Republicans	poss|<-poss<-offer->prep->to->pobj->|pobj
rel_365	Ent[ent_827]	Ent[ent_816]	Mr. Clinton	Republicans	poss|<-poss<-election->appos->|appos
rel_185	Ent[ent_163]	Ent[ent_819]	Mr. Bush	Democrats	nsubj|<-nsubj<-accuse->dobj->|dobj
rel_380	Ent[ent_1253]	Ent[ent_1015]	Mr. Bush	Democrats	poss|<-poss<-term<-pobj<-during<-prep<-oppose->nsubj->|nsubj
rel_18	Ent[ent_182]	Ent[ent_819]	Mr. Bush	Democrats	nsubjpass|<-nsubjpass<-criticize->prep->by->pobj->|pobj
rel_355	Ent[ent_1253]	Ent[ent_819]	Mr. Bush	Democrats	nsubj|<-nsubj<-work->prep->with->pobj->|pobj
rel_355	Ent[ent_1253]	Ent[ent_819]	Mr. Bush	Democrats	nsubj|<-nsubj<-tell->dobj->|dobj
rel_355	Ent[ent_1253]	Ent[ent_819]	Mr. Bush	Democrats	nsubj|<-nsubj<-make->prep->to->pobj->|pobj
rel_355	Ent[ent_1253]	Ent[ent_819]	Mr. Bush	Democrats	rcmod|->rcmod->attack->nsubj->|nsubj
rel_380	Ent[ent_1253]	Ent[ent_1015]	Mr. Bush	Democrats	poss|<-poss<-tax<-nsubj<-draw->dobj->attack->prep->from->pobj->|pobj
rel_18	Ent[ent_182]	Ent[ent_819]	Mr. Bush	Democrats	nsubj|<-nsubj<-vulnerable->prep->to->pobj->|pobj
rel_185	Ent[ent_163]	Ent[ent_819]	Mr. Bush	Democrats	nsubj|<-nsubj<-use->prep->against->pobj->|pobj
rel_15	Ent[ent_98]	Ent[ent_93]	Federal National Mortgage Association	Fannie Mae	partmod|->partmod->know->prep->as->pobj->|pobj
rel_15	Ent[ent_98]	Ent[ent_93]	Federal National Mortgage Association	Fannie Mae	nsubjpass|<-nsubjpass<-know->prep->as->pobj->|pobj
rel_15	Ent[ent_98]	Ent[ent_93]	Federal National Mortgage Association	Fannie Mae	rcmod|->rcmod->know->prep->as->pobj->|pobj
rel_15	Ent[ent_98]	Ent[ent_93]	Federal National Mortgage Association	Fannie Mae	pobj|<-pobj<-at<-prep<-president->appos->|appos
rel_15	Ent[ent_98]	Ent[ent_93]	Federal National Mortgage Association	Fannie Mae	nsubj|<-nsubj<-offer->prep->in->pobj->security->rcmod->back->prep->by->pobj->security->nn->|nn
rel_15	Ent[ent_98]	Ent[ent_93]	Federal National Mortgage Association	Fannie Mae	appos|->appos->corporation->partmod->know->prep->as->pobj->|pobj
rel_15	Ent[ent_98]	Ent[ent_93]	Federal National Mortgage Association	Fannie Mae	appos|->appos->company->partmod->know->prep->as->pobj->|pobj
rel_15	Ent[ent_98]	Ent[ent_93]	Federal National Mortgage Association	Fannie Mae	pobj|<-pobj<-by<-prep<-lead<-partmod<-institution->partmod->know->prep->as->pobj->|pobj
rel_15	Ent[ent_98]	Ent[ent_93]	Federal National Mortgage Association	Fannie Mae	pobj|<-pobj<-by<-prep<-issue<-partmod<-security->partmod->know->prep->as->pobj->|pobj
rel_15	Ent[ent_98]	Ent[ent_93]	Federal National Mortgage Association	Fannie Mae	pobj|<-pobj<-as<-prep<-investor->partmod->know->prep->as->pobj->|pobj
rel_15	Ent[ent_1149]	Ent[ent_92]	Student Loan Marketing Association	Sallie Mae	partmod|->partmod->know->prep->as->pobj->|pobj
rel_15	Ent[ent_1149]	Ent[ent_92]	Student Loan Marketing Association	Sallie Mae	nsubjpass|<-nsubjpass<-know->prep->as->pobj->|pobj
rel_93	Ent[ent_1031]	Ent[ent_92]	Student Loan Marketing Association	Sallie Mae	rcmod|->rcmod->know->prep->as->pobj->|pobj
rel_93	Ent[ent_1031]	Ent[ent_92]	Student Loan Marketing Association	Sallie Mae	partmod|->partmod->call->dep->|dep
rel_15	Ent[ent_1149]	Ent[ent_92]	Student Loan Marketing Association	Sallie Mae	pobj|<-pobj<-of<-prep<-share<-pobj<-at<-prep<-look<-partmod<-know->prep->as->pobj->|pobj
rel_15	Ent[ent_1149]	Ent[ent_92]	Student Loan Marketing Association	Sallie Mae	pobj|<-pobj<-against<-prep<-file<-partmod<-lawsuit<-nsubjpass<-know->prep->as->pobj->|pobj
rel_15	Ent[ent_1149]	Ent[ent_92]	Student Loan Marketing Association	Sallie Mae	appos|->appos->entity->partmod->know->prep->as->pobj->|pobj
rel_15	Ent[ent_1149]	Ent[ent_92]	Student Loan Marketing Association	Sallie Mae	appos|->appos->corporation->partmod->know->prep->as->pobj->|pobj
rel_15	Ent[ent_95]	Ent[ent_94]	Federal Home Loan Mortgage Corporation	Freddie Mac	partmod|->partmod->know->prep->as->pobj->|pobj
rel_15	Ent[ent_95]	Ent[ent_94]	Federal Home Loan Mortgage Corporation	Freddie Mac	nsubjpass|<-nsubjpass<-know->prep->as->pobj->|pobj
rel_15	Ent[ent_95]	Ent[ent_94]	Federal Home Loan Mortgage Corporation	Freddie Mac	rcmod|->rcmod->know->prep->as->pobj->|pobj
rel_15	Ent[ent_95]	Ent[ent_94]	Federal Home Loan Mortgage Corporation	Freddie Mac	dep|->dep->know->prep->as->pobj->|pobj
rel_292	Ent[ent_95]	Ent[ent_528]	Federal Home Loan Mortgage Corporation	Freddie Mac	appos|->appos->organization->partmod->know->prep->as->pobj->|pobj
rel_15	Ent[ent_95]	Ent[ent_94]	Federal Home Loan Mortgage Corporation	Freddie Mac	pobj|<-pobj<-with<-prep<-official<-nsubjpass<-know->prep->as->pobj->|pobj
rel_399	Ent[ent_556]	Ent[ent_655]	Federal Home Loan Mortgage Corporation	Freddie Mac	pobj|<-pobj<-of<-prep<-president<-pobj<-as<-prep<-serve->dep->know->prep->as->pobj->|pobj
rel_15	Ent[ent_95]	Ent[ent_94]	Federal Home Loan Mortgage Corporation	Freddie Mac	pobj|<-pobj<-for<-prep<-rental<-dobj<-manage<-rcmod<-market->partmod->know->prep->as->pobj->|pobj
rel_15	Ent[ent_95]	Ent[ent_94]	Federal Home Loan Mortgage Corporation	Freddie Mac	pobj|<-pobj<-for<-prep<-range<-rcmod<-value->partmod->know->prep->as->pobj->|pobj
rel_83	Ent[ent_95]	Ent[ent_655]	Federal Home Loan Mortgage Corporation	Freddie Mac	pobj|<-pobj<-by<-prep<-compile<-partmod<-figure<-nsubjpass<-know->prep->as->pobj->|pobj
rel_277	Ent[ent_771]	Ent[ent_681]	Federal Home Loan Mortgage Corp.	Freddie Mac	partmod|->partmod->know->prep->as->pobj->|pobj
rel_15	Ent[ent_90]	Ent[ent_204]	Institutional Revolutionary Party	PRI	partmod|->partmod->know->prep->as->pobj->|pobj
rel_15	Ent[ent_90]	Ent[ent_204]	Institutional Revolutionary Party	PRI	partmod|->partmod->know->prep->by->pobj->acronym->dep->|dep
rel_10	Ent[ent_90]	Ent[ent_1056]	Institutional Revolutionary Party	PRI	pobj|<-pobj<-of<-prep<-nomination->partmod->know->prep->as->pobj->|pobj
rel_15	Ent[ent_90]	Ent[ent_204]	Institutional Revolutionary Party	PRI	pobj|<-pobj<-of<-prep<-leader->partmod->know->prep->as->pobj->|pobj
rel_15	Ent[ent_90]	Ent[ent_204]	Institutional Revolutionary Party	PRI	partmod|->partmod->know->prep->by->pobj->initial->prep->as->pobj->|pobj
rel_10	Ent[ent_90]	Ent[ent_1056]	Institutional Revolutionary Party	PRI	pobj|<-pobj<-under<-prep<-know->prep->as->pobj->water->dep->|dep
rel_15	Ent[ent_90]	Ent[ent_204]	Institutional Revolutionary Party	PRI	pobj|<-pobj<-of<-prep<-run->dep->know->prep->as->pobj->|pobjúl_Ojeda_,_of_the_Democratic_Revolution_Party_,_running_close_behind_Mr._Andrade_,_of_the_Institutional_Revolutionary_Party_,_known_as_the_PRI_. lex#,_known_as_the pos#,_VBN_IN_DT lc#of_the rc#.
rel_15	Ent[ent_90]	Ent[ent_204]	Institutional Revolutionary Party	PRI	pobj|<-pobj<-of<-prep<-rule<-pobj<-under<-prep<-decade->partmod->know->prep->as->pobj->|pobj
rel_15	Ent[ent_90]	Ent[ent_204]	Institutional Revolutionary Party	PRI	pobj|<-pobj<-of<-prep<-politician->partmod->know->prep->as->pobj->|pobj
rel_15	Ent[ent_90]	Ent[ent_204]	Institutional Revolutionary Party	PRI	pobj|<-pobj<-of<-prep<-general->partmod->know->prep->as->pobj->|pobj
rel_15	Ent[ent_446]	Ent[ent_688]	Mr. Abbas	Abu Mazen	partmod|->partmod->know->prep->as->pobj->|pobj
rel_15	Ent[ent_446]	Ent[ent_688]	Mr. Abbas	Abu Mazen	rcmod|->rcmod->know->prep->as->pobj->|pobj
rel_15	Ent[ent_446]	Ent[ent_688]	Mr. Abbas	Abu Mazen	nsubjpass|<-nsubjpass<-know->prep->as->pobj->|pobj
rel_15	Ent[ent_446]	Ent[ent_688]	Mr. Abbas	Abu Mazen	pobj|<-pobj<-with<-prep<-talk->partmod->know->prep->as->pobj->|pobj
rel_15	Ent[ent_446]	Ent[ent_688]	Mr. Abbas	Abu Mazen	pobj|<-pobj<-to<-prep<-refer->prep->as->pobj->|pobj
rel_68	Ent[ent_446]	Ent[ent_688]	Mr. Abbas	Abu Mazen	pobj|<-pobj<-to<-prep<-gesture<-pobj<-as<-prep<-free->dep->know->prep->as->pobj->|pobj
rel_15	Ent[ent_446]	Ent[ent_688]	Mr. Abbas	Abu Mazen	pobj|<-pobj<-of<-prep<-standing->partmod->know->prep->as->pobj->|pobj
rel_68	Ent[ent_446]	Ent[ent_688]	Mr. Abbas	Abu Mazen	pobj|<-pobj<-of<-prep<-say->dep->know->prep->as->pobj->|pobj
rel_68	Ent[ent_446]	Ent[ent_688]	Mr. Abbas	Abu Mazen	pobj|<-pobj<-of<-prep<-critical->partmod->know->prep->as->pobj->|pobj
rel_68	Ent[ent_446]	Ent[ent_688]	Mr. Abbas	Abu Mazen	pobj|<-pobj<-behind<-prep<-leader<-pobj<-of<-prep<-support->partmod->know->prep->as->pobj->|pobj
rel_15	Ent[ent_1141]	Ent[ent_203]	National Action Party	PAN	partmod|->partmod->know->prep->as->pobj->|pobj
rel_15	Ent[ent_1141]	Ent[ent_203]	National Action Party	PAN	partmod|->partmod->know->prep->by->pobj->|pobj
rel_15	Ent[ent_1141]	Ent[ent_203]	National Action Party	PAN	pobj|<-pobj<-of<-prep<-president<-appos<-candidate->partmod->know->prep->as->pobj->|pobj
rel_15	Ent[ent_1141]	Ent[ent_203]	National Action Party	PAN	pobj|<-pobj<-of<-prep<-member->appos->|appos
rel_15	Ent[ent_1141]	Ent[ent_203]	National Action Party	PAN	partmod|->partmod->know->prep->by->pobj->acronym->dep->|dep
rel_15	Ent[ent_1141]	Ent[ent_203]	National Action Party	PAN	partmod|->partmod->know->prep->as->pobj->|pobjópez_presidency_would_be_an_economic_disaster_._'' lex#,_known_as pos#,_VBN_IN lc#'s_conservative rc#,_made
rel_15	Ent[ent_445]	Ent[ent_687]	United Nations Special Commission	Unscom	partmod|->partmod->know->prep->as->pobj->|pobj
rel_15	Ent[ent_445]	Ent[ent_687]	United Nations Special Commission	Unscom	rcmod|->rcmod->know->prep->as->pobj->|pobj
rel_15	Ent[ent_445]	Ent[ent_687]	United Nations Special Commission	Unscom	prep|->prep->of->pobj->inspector->partmod->know->prep->as->pobj->|pobj
rel_343	Ent[ent_51]	Ent[ent_687]	United Nations Special Commission	Unscom	pobj|<-pobj<-with<-prep<-difference->appos->|appos
rel_15	Ent[ent_445]	Ent[ent_687]	United Nations Special Commission	Unscom	pobj|<-pobj<-of<-prep<-mandate->partmod->know->prep->as->pobj->|pobj
rel_343	Ent[ent_51]	Ent[ent_687]	United Nations Special Commission	Unscom	pobj|<-pobj<-from<-prep<-request->partmod->know->prep->as->pobj->|pobj
rel_15	Ent[ent_445]	Ent[ent_687]	United Nations Special Commission	Unscom	pobj|<-pobj<-from<-prep<-expert->partmod->know->prep->as->pobj->|pobj
rel_15	Ent[ent_445]	Ent[ent_687]	United Nations Special Commission	Unscom	pobj|<-pobj<-for<-prep<-death->partmod->know->prep->as->pobj->|pobj
rel_343	Ent[ent_51]	Ent[ent_687]	United Nations Special Commission	Unscom	nsubjpass|<-nsubjpass<-know->prep->as->pobj->|pobj
rel_15	Ent[ent_1142]	Ent[ent_206]	California Public Employees ' Retirement System	Calpers	partmod|->partmod->know->prep->as->pobj->|pobj
rel_296	Ent[ent_1142]	Ent[ent_206]	California Public Employees ' Retirement System	Calpers	appos|->appos->fund->partmod->know->prep->as->pobj->|pobj
rel_15	Ent[ent_1142]	Ent[ent_206]	California Public Employees ' Retirement System	Calpers	rcmod|->rcmod->know->prep->as->pobj->|pobj
rel_296	Ent[ent_1142]	Ent[ent_206]	California Public Employees ' Retirement System	Calpers	pobj|<-pobj<-of<-prep<-executive->partmod->know->prep->as->pobj->|pobj
rel_296	Ent[ent_1142]	Ent[ent_206]	California Public Employees ' Retirement System	Calpers	pobj|<-pobj<-of<-prep<-board<-pobj<-of<-prep<-member->dep->plan->partmod->call->dep->|dep
rel_15	Ent[ent_1142]	Ent[ent_206]	California Public Employees ' Retirement System	Calpers	appos|<-appos<-organization->partmod->know->prep->as->pobj->|pobj
rel_296	Ent[ent_1142]	Ent[ent_206]	California Public Employees ' Retirement System	Calpers	appos|<-appos<-fund->partmod->know->prep->as->pobj->|pobj
rel_15	Ent[ent_448]	Ent[ent_1143]	Total Independence of Angola	Unita	partmod|->partmod->know->prep->as->pobj->|pobj
rel_15	Ent[ent_448]	Ent[ent_1143]	Total Independence of Angola	Unita	partmod|->partmod->know->prep->by->pobj->acronym->dep->|dep
rel_15	Ent[ent_448]	Ent[ent_1143]	Total Independence of Angola	Unita	appos|->appos->group->partmod->know->prep->as->pobj->|pobj
rel_15	Ent[ent_448]	Ent[ent_1143]	Total Independence of Angola	Unita	pobj|<-pobj<-for<-prep<-war<-pobj<-in<-prep<-offensive->partmod->know->prep->by->pobj->acronym->appos->|appos
rel_15	Ent[ent_448]	Ent[ent_1143]	Total Independence of Angola	Unita	pobj|<-pobj<-for<-prep<-struggle->partmod->know->prep->by->pobj->acronym->appos->|appos
rel_15	Ent[ent_448]	Ent[ent_1143]	Total Independence of Angola	Unita	pobj|<-pobj<-for<-prep<-negotiator->partmod->know->prep->as->pobj->|pobj
rel_15	Ent[ent_448]	Ent[ent_1143]	Total Independence of Angola	Unita	pobj|<-pobj<-for<-prep<-group<-nsubjpass<-know->prep->as->pobj->|pobj
rel_15	Ent[ent_448]	Ent[ent_1143]	Total Independence of Angola	Unita	partmod|->partmod->know->prep->by->pobj->|pobj
rel_15	Ent[ent_448]	Ent[ent_1143]	Total Independence of Angola	Unita	partmod|->partmod->know->prep->by->pobj->acronymn->appos->|appos
rel_15	Ent[ent_448]	Ent[ent_1143]	Total Independence of Angola	Unita	dep|->dep->know->prep->as->pobj->|pobj
rel_294	Ent[ent_380]	Ent[ent_0]	Alan Greenspan	Federal Reserve	appos|->appos->chairman->prep->of->pobj->|pobj
rel_294	Ent[ent_380]	Ent[ent_0]	Alan Greenspan	Federal Reserve	appos|->appos->chairman->nn->|nn
rel_294	Ent[ent_48]	Ent[ent_0]	Alan Greenspan	Federal Reserve	appos|->appos->chairman->poss->|poss
rel_294	Ent[ent_380]	Ent[ent_0]	Alan Greenspan	Federal Reserve	dobj|<-dobj<-succeed->prep->as->pobj->chairman->prep->of->pobj->|pobj
rel_171	Ent[ent_380]	Ent[ent_1207]	Alan Greenspan	Federal Reserve	dobj|<-dobj<-nominate->prep->as->pobj->chairman->prep->of->pobj->|pobj
rel_330	Ent[ent_380]	Ent[ent_0]	Alan Greenspan	Federal Reserve	appos|->appos->chief->nn->|nn
rel_294	Ent[ent_380]	Ent[ent_0]	Alan Greenspan	Federal Reserve	dobj|<-dobj<-succeed->prep->as->pobj->chairman->nn->|nn
rel_171	Ent[ent_380]	Ent[ent_1207]	Alan Greenspan	Federal Reserve	poss|<-poss<-tenure<-dobj<-examine->prep->as->pobj->chairman->prep->of->pobj->|pobj
rel_294	Ent[ent_48]	Ent[ent_0]	Alan Greenspan	Federal Reserve	nsubj|<-nsubj<-chairman->prep->of->pobj->|pobj
rel_330	Ent[ent_380]	Ent[ent_0]	Alan Greenspan	Federal Reserve	dobj|<-dobj<-confirm->prep->as->pobj->chairman->prep->of->pobj->|pobj
rel_294	Ent[ent_1279]	Ent[ent_1133]	Alan Greenspan	Fed	appos|->appos->chairman->prep->of->pobj->|pobj
rel_294	Ent[ent_1279]	Ent[ent_1133]	Alan Greenspan	Fed	appos|->appos->chairman->nn->|nn
rel_294	Ent[ent_1279]	Ent[ent_1133]	Alan Greenspan	Fed	appos|->appos->chairman->poss->|poss
rel_171	Ent[ent_380]	Ent[ent_1133]	Alan Greenspan	Fed	dobj|<-dobj<-succeed->prep->as->pobj->chairman->nn->|nn
rel_171	Ent[ent_380]	Ent[ent_1133]	Alan Greenspan	Fed	dobj|<-dobj<-succeed->prep->as->pobj->chairman->prep->of->pobj->|pobj
rel_171	Ent[ent_380]	Ent[ent_1133]	Alan Greenspan	Fed	dobj|<-dobj<-nominate->prep->as->pobj->chairman->prep->of->pobj->|pobj
rel_330	Ent[ent_380]	Ent[ent_1133]	Alan Greenspan	Fed	appos|->appos->chief->nn->|nn
rel_171	Ent[ent_380]	Ent[ent_1133]	Alan Greenspan	Fed	poss|<-poss<-tenure<-dobj<-examine->prep->as->pobj->chairman->prep->of->pobj->|pobj
rel_171	Ent[ent_380]	Ent[ent_1133]	Alan Greenspan	Fed	nsubj|<-nsubj<-chairman->prep->of->pobj->|pobj
rel_330	Ent[ent_380]	Ent[ent_1133]	Alan Greenspan	Fed	dobj|<-dobj<-confirm->prep->as->pobj->chairman->prep->of->pobj->|pobj
rel_294	Ent[ent_205]	Ent[ent_1207]	Paul A. Volcker	Federal Reserve	appos|->appos->chairman->prep->of->pobj->|pobj
rel_294	Ent[ent_205]	Ent[ent_1207]	Paul A. Volcker	Federal Reserve	appos|->appos->chairman->nn->|nn
rel_294	Ent[ent_205]	Ent[ent_1207]	Paul A. Volcker	Federal Reserve	appos|->appos->chairman->poss->|poss
rel_211	Ent[ent_205]	Ent[ent_0]	Paul A. Volcker	Federal Reserve	dobj|<-dobj<-replace->prep->as->pobj->chairman->prep->of->pobj->|pobj
rel_294	Ent[ent_205]	Ent[ent_1207]	Paul A. Volcker	Federal Reserve	nsubj|<-nsubj<-chairman->prep->of->pobj->|pobj
rel_211	Ent[ent_205]	Ent[ent_0]	Paul A. Volcker	Federal Reserve	nsubj|<-nsubj<-resign->prep->as->pobj->chairman->prep->of->pobj->|pobj
rel_294	Ent[ent_205]	Ent[ent_1207]	Paul A. Volcker	Federal Reserve	nsubj|<-nsubj<-seek->prep->as->pobj->chairman->prep->of->pobj->|pobj
rel_211	Ent[ent_205]	Ent[ent_0]	Paul A. Volcker	Federal Reserve	dobj|<-dobj<-succeed->prep->as->pobj->chairman->prep->of->pobj->|pobj
rel_47	Ent[ent_278]	Ent[ent_1207]	Paul A. Volcker	Federal Reserve	dobj|<-dobj<-reappoint->prep->as->pobj->chairman->prep->of->pobj->|pobj
rel_294	Ent[ent_205]	Ent[ent_1207]	Paul A. Volcker	Federal Reserve	rcmod|->rcmod->retire->prep->as->pobj->chairman->prep->of->pobj->|pobj
rel_294	Ent[ent_1279]	Ent[ent_138]	Alan Greenspan	Federal Reserve Board	appos|->appos->chairman->prep->of->pobj->|pobj
rel_294	Ent[ent_1279]	Ent[ent_138]	Alan Greenspan	Federal Reserve Board	appos|->appos->chairman->nn->|nn
rel_294	Ent[ent_1279]	Ent[ent_138]	Alan Greenspan	Federal Reserve Board	appos|->appos->chairman->poss->|poss
rel_295	Ent[ent_1279]	Ent[ent_138]	Alan Greenspan	Federal Reserve Board	pobj|<-pobj<-of<-prep<-nomination<-dobj<-approve->prep->as->pobj->chairman->prep->of->pobj->|pobj
rel_182	Ent[ent_48]	Ent[ent_138]	Alan Greenspan	Federal Reserve Board	nsubj|<-nsubj<-replace->prep->as->pobj->chairman->prep->of->pobj->|pobj
rel_182	Ent[ent_48]	Ent[ent_138]	Alan Greenspan	Federal Reserve Board	dobj|<-dobj<-renominate->prep->as->pobj->chairman->prep->of->pobj->|pobj
rel_166	Ent[ent_380]	Ent[ent_138]	Alan Greenspan	Federal Reserve Board	prep|->prep->as->pobj->chairman->prep->of->pobj->|pobj
rel_295	Ent[ent_1279]	Ent[ent_138]	Alan Greenspan	Federal Reserve Board	poss|<-poss<-experience<-nsubj<-shape->prep->as->pobj->chairman->prep->of->pobj->|pobj
rel_295	Ent[ent_1279]	Ent[ent_138]	Alan Greenspan	Federal Reserve Board	pobj|<-pobj<-with<-prep<-replace->prep->as->pobj->chairman->prep->of->pobj->|pobj
rel_166	Ent[ent_380]	Ent[ent_138]	Alan Greenspan	Federal Reserve Board	pobj|<-pobj<-of<-prep<-nomination<-pobj<-on<-prep<-hearing->prep->as->pobj->chairman->prep->of->pobj->|pobj
rel_399	Ent[ent_886]	Ent[ent_302]	Bill Gates	Microsoft	appos|->appos->chairman->prep->of->pobj->|pobj
rel_294	Ent[ent_886]	Ent[ent_1230]	Bill Gates	Microsoft	appos|->appos->chairman->poss->|poss
rel_399	Ent[ent_886]	Ent[ent_302]	Bill Gates	Microsoft	appos|->appos->chairman->nn->|nn
rel_399	Ent[ent_886]	Ent[ent_302]	Bill Gates	Microsoft	appos|->appos->founder->prep->of->pobj->|pobj
rel_197	Ent[ent_886]	Ent[ent_302]	Bill Gates	Microsoft	appos|->appos->co-founder->poss->|poss
rel_72	Ent[ent_886]	Ent[ent_1232]	Bill Gates	Microsoft	appos|->appos->co-founder->prep->of->pobj->|pobj
rel_18	Ent[ent_886]	Ent[ent_302]	Bill Gates	Microsoft	nsubj|<-nsubj<-found->dobj->|dobj
rel_399	Ent[ent_886]	Ent[ent_302]	Bill Gates	Microsoft	appos|->appos->founder->poss->|poss
rel_18	Ent[ent_886]	Ent[ent_302]	Bill Gates	Microsoft	poss|<-poss<-turn<-nsubjpass<-link->prep->to->pobj->problem->rcmod->have->nsubj->|nsubj
rel_72	Ent[ent_886]	Ent[ent_1232]	Bill Gates	Microsoft	pobj|<-pobj<-with<-prep<-co-founded<-rcmod<-shareholder<-pobj<-as<-prep<-worth->prep->in->pobj->stock->nn->|nn
rel_294	Ent[ent_678]	Ent[ent_302]	William H. Gates	Microsoft	appos|->appos->chairman->prep->of->pobj->|pobj
rel_294	Ent[ent_678]	Ent[ent_302]	William H. Gates	Microsoft	appos|->appos->chairman->poss->|poss
rel_399	Ent[ent_678]	Ent[ent_1230]	William H. Gates	Microsoft	appos|->appos->chairman->nn->|nn
rel_399	Ent[ent_678]	Ent[ent_1230]	William H. Gates	Microsoft	appos|->appos->founder->prep->of->pobj->|pobj
rel_212	Ent[ent_678]	Ent[ent_302]	William H. Gates	Microsoft	appos|->appos->co-founder->prep->of->pobj->|pobj
rel_399	Ent[ent_678]	Ent[ent_1230]	William H. Gates	Microsoft	appos|->appos->executive->prep->of->pobj->|pobj
rel_212	Ent[ent_678]	Ent[ent_302]	William H. Gates	Microsoft	appos|<-appos<-programmer<-nsubj<-own->prep->of->pobj->|pobj
rel_212	Ent[ent_678]	Ent[ent_302]	William H. Gates	Microsoft	appos|->appos->mogul->nn->|nn
rel_399	Ent[ent_678]	Ent[ent_1230]	William H. Gates	Microsoft	appos|->appos->head->prep->of->pobj->|pobj
rel_399	Ent[ent_678]	Ent[ent_1230]	William H. Gates	Microsoft	appos|->appos->founder->poss->|poss
rel_294	Ent[ent_447]	Ent[ent_0]	Ben S. Bernanke	Federal Reserve	appos|->appos->chairman->nn->|nn
rel_294	Ent[ent_447]	Ent[ent_0]	Ben S. Bernanke	Federal Reserve	appos|->appos->chairman->prep->of->pobj->|pobj
rel_294	Ent[ent_447]	Ent[ent_0]	Ben S. Bernanke	Federal Reserve	appos|->appos->governor->nn->|nn
rel_294	Ent[ent_447]	Ent[ent_0]	Ben S. Bernanke	Federal Reserve	appos|->appos->governor->prep->of->pobj->|pobj
rel_346	Ent[ent_447]	Ent[ent_1207]	Ben S. Bernanke	Federal Reserve	rcmod|->rcmod->chairman->prep->before->pobj->appointment->prep->to->pobj->|pobj
rel_346	Ent[ent_447]	Ent[ent_1207]	Ben S. Bernanke	Federal Reserve	prep|->prep->for->pobj->chairman->prep->of->pobj->|pobj
rel_294	Ent[ent_447]	Ent[ent_0]	Ben S. Bernanke	Federal Reserve	poss|<-poss<-meeting<-pobj<-at->dep->as->pobj->head->prep->of->pobj->committee->poss->|poss
rel_294	Ent[ent_447]	Ent[ent_0]	Ben S. Bernanke	Federal Reserve	pobj|<-pobj<-about<-prep<-concern->appos->chairman->prep->of->pobj->|pobj
rel_294	Ent[ent_447]	Ent[ent_0]	Ben S. Bernanke	Federal Reserve	nsubj|<-nsubj<-succeed->prep->as->pobj->chairman->nn->|nn
rel_294	Ent[ent_447]	Ent[ent_0]	Ben S. Bernanke	Federal Reserve	nsubj|<-nsubj<-say->prep->at->pobj->conference->prep->at->pobj->|pobj
rel_294	Ent[ent_689]	Ent[ent_1144]	James L. Dolan	Madison Square Garden	appos|->appos->chairman->prep->of->pobj->|pobj
rel_294	Ent[ent_689]	Ent[ent_1144]	James L. Dolan	Madison Square Garden	appos|->appos->chairman->nn->|nn
rel_294	Ent[ent_689]	Ent[ent_1144]	James L. Dolan	Madison Square Garden	rcmod|->rcmod->run->dobj->|dobj
rel_294	Ent[ent_689]	Ent[ent_1144]	James L. Dolan	Madison Square Garden	rcmod|->rcmod->own->dobj->|dobj
rel_294	Ent[ent_689]	Ent[ent_1144]	James L. Dolan	Madison Square Garden	rcmod|->rcmod->control->dobj->|dobj
rel_294	Ent[ent_689]	Ent[ent_1144]	James L. Dolan	Madison Square Garden	pobj|<-pobj<-of<-prep<-reign->prep->at->pobj->|pobj
rel_294	Ent[ent_689]	Ent[ent_1144]	James L. Dolan	Madison Square Garden	nsubj|<-nsubj<-stir->prep->as->pobj->chairman->prep->by->pobj->jostler->prep->at->pobj->|pobj
rel_294	Ent[ent_689]	Ent[ent_1144]	James L. Dolan	Madison Square Garden	nsubj|<-nsubj<-chairman->prep->of->pobj->|pobj
rel_294	Ent[ent_689]	Ent[ent_1144]	James L. Dolan	Madison Square Garden	appos|->appos->strongman->nn->|nn
rel_294	Ent[ent_689]	Ent[ent_1144]	James L. Dolan	Madison Square Garden	appos|->appos->son->rcmod->responsible->prep->for->pobj->|pobj
rel_399	Ent[ent_758]	Ent[ent_1145]	E. Virgil Conway	M.T.A.	appos|->appos->chairman->nn->|nn
rel_294	Ent[ent_208]	Ent[ent_1145]	E. Virgil Conway	M.T.A.	appos|->appos->chairman->prep->of->pobj->|pobj
rel_294	Ent[ent_208]	Ent[ent_1145]	E. Virgil Conway	M.T.A.	appos|->appos->chairman->poss->|poss
rel_294	Ent[ent_208]	Ent[ent_1145]	E. Virgil Conway	M.T.A.	pobj|<-pobj<-to<-prep<-letter<-pobj<-in<-prep<-say->nsubj->chairman->prep->of->pobj->|pobj
rel_294	Ent[ent_208]	Ent[ent_1145]	E. Virgil Conway	M.T.A.	pobj|<-pobj<-to<-prep<-letter<-pobj<-in<-prep<-assail->nsubj->chairman->nn->|nn
rel_294	Ent[ent_208]	Ent[ent_1145]	E. Virgil Conway	M.T.A.	pobj|<-pobj<-to<-prep<-date<-nsubj<-bill->nsubj->chairman->nn->|nn
rel_399	Ent[ent_758]	Ent[ent_1145]	E. Virgil Conway	M.T.A.	appos|<-appos<-boss->appos->chairman->nn->|nn
rel_294	Ent[ent_4]	Ent[ent_3]	Yasir Arafat	Palestine Liberation Organization	appos|->appos->chairman->prep->of->pobj->|pobj
rel_330	Ent[ent_4]	Ent[ent_1215]	Yasir Arafat	Palestine Liberation Organization	appos|->appos->leader->prep->of->pobj->|pobj
rel_294	Ent[ent_4]	Ent[ent_1215]	Yasir Arafat	Palestine Liberation Organization	appos|->appos->chairman->nn->|nn
rel_330	Ent[ent_4]	Ent[ent_3]	Yasir Arafat	Palestine Liberation Organization	appos|->appos->head->prep->of->pobj->|pobj
rel_330	Ent[ent_1254]	Ent[ent_3]	Yasir Arafat	Palestine Liberation Organization	appos|->appos->leader->nn->|nn
rel_294	Ent[ent_4]	Ent[ent_1215]	Yasir Arafat	Palestine Liberation Organization	poss|<-poss<-wing->prep->of->pobj->|pobj
rel_330	Ent[ent_4]	Ent[ent_3]	Yasir Arafat	Palestine Liberation Organization	poss|<-poss<-faction->prep->of->pobj->|pobj
rel_330	Ent[ent_4]	Ent[ent_3]	Yasir Arafat	Palestine Liberation Organization	poss|<-poss<-deputy->prep->in->pobj->|pobj
rel_294	Ent[ent_4]	Ent[ent_1215]	Yasir Arafat	Palestine Liberation Organization	appos|->appos->chairman->poss->|poss
rel_294	Ent[ent_4]	Ent[ent_1215]	Yasir Arafat	Palestine Liberation Organization	dobj|<-dobj<-succeed->prep->as->pobj->chairman->prep->of->pobj->|pobj
rel_110	Ent[ent_207]	Ent[ent_407]	Morningstar Inc.	Chicago	appos|->appos->publisher->nn->|nn
rel_299	Ent[ent_207]	Ent[ent_407]	Morningstar Inc.	Chicago	appos|->appos->researcher->prep->in->pobj->|pobj
rel_110	Ent[ent_207]	Ent[ent_407]	Morningstar Inc.	Chicago	appos|->appos->publisher->prep->in->pobj->|pobj
rel_110	Ent[ent_207]	Ent[ent_407]	Morningstar Inc.	Chicago	appos|->appos->firm->prep->in->pobj->|pobj
rel_299	Ent[ent_207]	Ent[ent_407]	Morningstar Inc.	Chicago	appos|->appos->company->prep->in->pobj->|pobj
rel_110	Ent[ent_207]	Ent[ent_407]	Morningstar Inc.	Chicago	appos|->appos->group->prep->in->pobj->|pobj
rel_299	Ent[ent_207]	Ent[ent_407]	Morningstar Inc.	Chicago	appos|->appos->tracker->prep->in->pobj->|pobj
rel_299	Ent[ent_207]	Ent[ent_407]	Morningstar Inc.	Chicago	appos|->appos->firm->nn->|nn
rel_110	Ent[ent_207]	Ent[ent_407]	Morningstar Inc.	Chicago	appos|->appos->researcher->nn->|nn
rel_299	Ent[ent_207]	Ent[ent_407]	Morningstar Inc.	Chicago	appos|->appos->service->prep->in->pobj->|pobj
rel_396	Ent[ent_1159]	Ent[ent_1146]	HSH Associates	Butler	appos|->appos->company->prep->in->pobj->|pobj
rel_195	Ent[ent_449]	Ent[ent_925]	HSH Associates	Butler	appos|->appos->publisher->prep->in->pobj->|pobj
rel_299	Ent[ent_449]	Ent[ent_1146]	HSH Associates	Butler	appos|->appos->firm->prep->in->pobj->|pobj
rel_299	Ent[ent_449]	Ent[ent_1146]	HSH Associates	Butler	appos|->appos->service->prep->in->pobj->|pobj
rel_195	Ent[ent_449]	Ent[ent_925]	HSH Associates	Butler	appos|->appos->firm->dep->|dep
rel_195	Ent[ent_449]	Ent[ent_925]	HSH Associates	Butler	appos|->appos->analyst->prep->in->pobj->|pobj
rel_195	Ent[ent_449]	Ent[ent_925]	HSH Associates	Butler	appos|->appos->route->appos->|appos
rel_299	Ent[ent_449]	Ent[ent_1146]	HSH Associates	Butler	appos|->appos->publisher->partmod->base->prep->in->pobj->|pobj
rel_299	Ent[ent_449]	Ent[ent_1146]	HSH Associates	Butler	appos|->appos->firm->nn->|nn
rel_299	Ent[ent_449]	Ent[ent_1146]	HSH Associates	Butler	appos|->appos->company->dep->|dep
rel_110	Ent[ent_1147]	Ent[ent_209]	Yankee Group	Boston	appos|->appos->firm->prep->in->pobj->|pobj
rel_110	Ent[ent_1147]	Ent[ent_209]	Yankee Group	Boston	appos|->appos->company->prep->in->pobj->|pobj
rel_298	Ent[ent_1147]	Ent[ent_209]	Yankee Group	Boston	appos|->appos->technology->dep->firm->prep->in->pobj->|pobj
rel_110	Ent[ent_1147]	Ent[ent_209]	Yankee Group	Boston	appos|->appos->firm->nn->|nn
rel_110	Ent[ent_1147]	Ent[ent_209]	Yankee Group	Boston	appos|->appos->firm->partmod->base->prep->in->pobj->|pobj
rel_110	Ent[ent_1147]	Ent[ent_209]	Yankee Group	Boston	appos|->appos->research->prep->in->pobj->|pobj
rel_110	Ent[ent_1147]	Ent[ent_209]	Yankee Group	Boston	appos|->appos->firm->amod->|amod
rel_298	Ent[ent_1147]	Ent[ent_209]	Yankee Group	Boston	appos|->appos->research->partmod->base->prep->in->pobj->|pobj
rel_110	Ent[ent_1147]	Ent[ent_209]	Yankee Group	Boston	appos|->appos->consultant->prep->in->pobj->|pobj
rel_110	Ent[ent_1147]	Ent[ent_209]	Yankee Group	Boston	appos|->appos->company->nn->|nn
rel_110	Ent[ent_1148]	Ent[ent_460]	NPD Group	Port Washington	appos|->appos->firm->prep->in->pobj->|pobj
rel_110	Ent[ent_1148]	Ent[ent_460]	NPD Group	Port Washington	appos|->appos->company->prep->in->pobj->|pobj
rel_110	Ent[ent_1148]	Ent[ent_460]	NPD Group	Port Washington	appos|->appos->firm->partmod->base->prep->in->pobj->|pobj
rel_110	Ent[ent_1148]	Ent[ent_460]	NPD Group	Port Washington	appos|->appos->company->partmod->base->prep->in->pobj->|pobj
rel_110	Ent[ent_1148]	Ent[ent_460]	NPD Group	Port Washington	appos|->appos->firm->dep->|dep
rel_110	Ent[ent_1148]	Ent[ent_460]	NPD Group	Port Washington	partmod|->partmod->base->prep->in->pobj->|pobj
rel_110	Ent[ent_1148]	Ent[ent_460]	NPD Group	Port Washington	appos|->appos->consultant->prep->in->pobj->|pobj
rel_110	Ent[ent_1148]	Ent[ent_460]	NPD Group	Port Washington	appos|->appos->company->prep->with->pobj->headquarters->prep->in->pobj->|pobj
rel_110	Ent[ent_1148]	Ent[ent_460]	NPD Group	Port Washington	appos|->appos->company->dep->|dep
rel_110	Ent[ent_1148]	Ent[ent_460]	NPD Group	Port Washington	rcmod|->rcmod->be->nsubj->|nsubj
rel_299	Ent[ent_220]	Ent[ent_432]	Morningstar	Chicago	appos|->appos->company->prep->in->pobj->|pobj
rel_110	Ent[ent_220]	Ent[ent_407]	Morningstar	Chicago	appos|->appos->publisher->nn->|nn
rel_110	Ent[ent_220]	Ent[ent_407]	Morningstar	Chicago	appos|->appos->firm->prep->in->pobj->|pobj
rel_110	Ent[ent_220]	Ent[ent_407]	Morningstar	Chicago	appos|->appos->firm->nn->|nn
rel_110	Ent[ent_220]	Ent[ent_407]	Morningstar	Chicago	appos|->appos->publisher->prep->in->pobj->|pobj
rel_110	Ent[ent_220]	Ent[ent_407]	Morningstar	Chicago	appos|->appos->tracker->prep->in->pobj->|pobj
rel_299	Ent[ent_220]	Ent[ent_432]	Morningstar	Chicago	partmod|->partmod->base->prep->in->pobj->|pobj
rel_110	Ent[ent_220]	Ent[ent_407]	Morningstar	Chicago	appos|->appos->tracker->nn->|nn
rel_110	Ent[ent_220]	Ent[ent_407]	Morningstar	Chicago	appos|->appos->researcher->nn->|nn
rel_110	Ent[ent_220]	Ent[ent_407]	Morningstar	Chicago	appos|->appos->company->nn->|nn
rel_110	Ent[ent_462]	Ent[ent_683]	Mcorp	Texas	appos|->appos->company->prep->in->pobj->|pobj
rel_110	Ent[ent_462]	Ent[ent_683]	Mcorp	Texas	appos|->appos->company->nn->|nn
rel_110	Ent[ent_462]	Ent[ent_683]	Mcorp	Texas	nsubj|<-nsubj<-company->prep->in->pobj->|pobj
rel_110	Ent[ent_462]	Ent[ent_683]	Mcorp	Texas	appos|->appos->bank->nn->|nn
rel_110	Ent[ent_462]	Ent[ent_683]	Mcorp	Texas	appos|->appos->group->prep->in->pobj->|pobj
rel_110	Ent[ent_462]	Ent[ent_683]	Mcorp	Texas	appos|->appos->group->poss->|poss
rel_110	Ent[ent_462]	Ent[ent_683]	Mcorp	Texas	appos|->appos->concern->prep->in->pobj->|pobj
rel_110	Ent[ent_462]	Ent[ent_683]	Mcorp	Texas	rcmod|->rcmod->institution->nn->|nn
rel_110	Ent[ent_462]	Ent[ent_683]	Mcorp	Texas	rcmod|->rcmod->company->prep->in->pobj->|pobj
rel_110	Ent[ent_462]	Ent[ent_683]	Mcorp	Texas	poss|<-poss<-bank->prep->across->pobj->|pobj
rel_110	Ent[ent_461]	Ent[ent_222]	Dataquest	San Jose	appos|->appos->firm->prep->in->pobj->|pobj
rel_110	Ent[ent_461]	Ent[ent_222]	Dataquest	San Jose	appos|->appos->firm->dep->|dep
rel_110	Ent[ent_461]	Ent[ent_222]	Dataquest	San Jose	appos|->appos->company->prep->in->pobj->|pobj
rel_110	Ent[ent_461]	Ent[ent_222]	Dataquest	San Jose	appos|->appos->firm->partmod->base->prep->in->pobj->|pobj
rel_110	Ent[ent_461]	Ent[ent_222]	Dataquest	San Jose	appos|->appos->company->dep->|dep
rel_110	Ent[ent_461]	Ent[ent_222]	Dataquest	San Jose	appos|->appos->company->partmod->base->prep->in->pobj->|pobj
rel_110	Ent[ent_461]	Ent[ent_222]	Dataquest	San Jose	partmod|->partmod->base->prep->in->pobj->|pobj
rel_110	Ent[ent_461]	Ent[ent_222]	Dataquest	San Jose	rcmod|->rcmod->base->prep->in->pobj->|pobj
rel_110	Ent[ent_461]	Ent[ent_222]	Dataquest	San Jose	appos|<-appos<-firm->rcmod->base->prep->in->pobj->|pobj
rel_110	Ent[ent_461]	Ent[ent_222]	Dataquest	San Jose	nsubjpass|<-nsubjpass<-base->prep->in->pobj->|pobj
rel_110	Ent[ent_464]	Ent[ent_221]	International Data Corporation	Framingham	appos|->appos->firm->prep->in->pobj->|pobj
rel_110	Ent[ent_464]	Ent[ent_221]	International Data Corporation	Framingham	appos|->appos->company->prep->in->pobj->|pobj
rel_168	Ent[ent_464]	Ent[ent_221]	International Data Corporation	Framingham	appos|->appos->firm->partmod->base->prep->in->pobj->|pobj
rel_110	Ent[ent_464]	Ent[ent_221]	International Data Corporation	Framingham	appos|->appos->concern->prep->in->pobj->|pobj
rel_110	Ent[ent_464]	Ent[ent_221]	International Data Corporation	Framingham	appos|->appos->company->partmod->base->prep->in->pobj->|pobj
rel_110	Ent[ent_464]	Ent[ent_221]	International Data Corporation	Framingham	appos|->appos->firm->dep->|dep
rel_110	Ent[ent_464]	Ent[ent_221]	International Data Corporation	Framingham	partmod|->partmod->base->prep->in->pobj->|pobj
rel_110	Ent[ent_464]	Ent[ent_221]	International Data Corporation	Framingham	appos|->appos->organization->partmod->base->prep->in->pobj->|pobj
rel_168	Ent[ent_464]	Ent[ent_221]	International Data Corporation	Framingham	appos|->appos->house->prep->in->pobj->|pobj
rel_168	Ent[ent_464]	Ent[ent_221]	International Data Corporation	Framingham	rcmod|->rcmod->be->nsubj->company->prep->in->pobj->|pobj
rel_110	Ent[ent_463]	Ent[ent_440]	T. Rowe Price	Baltimore	appos|->appos->company->prep->in->pobj->|pobj
rel_110	Ent[ent_463]	Ent[ent_440]	T. Rowe Price	Baltimore	appos|->appos->company->nn->|nn
rel_325	Ent[ent_463]	Ent[ent_440]	T. Rowe Price	Baltimore	appos|->appos->company->amod->|amod
rel_110	Ent[ent_463]	Ent[ent_440]	T. Rowe Price	Baltimore	appos|->appos->manager->amod->|amod
rel_110	Ent[ent_463]	Ent[ent_440]	T. Rowe Price	Baltimore	appos|->appos->firm->nn->|nn
rel_110	Ent[ent_463]	Ent[ent_440]	T. Rowe Price	Baltimore	rcmod|->rcmod->base->prep->in->pobj->|pobj
rel_110	Ent[ent_463]	Ent[ent_440]	T. Rowe Price	Baltimore	partmod|->partmod->base->prep->in->pobj->|pobj
rel_110	Ent[ent_463]	Ent[ent_440]	T. Rowe Price	Baltimore	appos|->appos->fund->amod->|amod
rel_110	Ent[ent_463]	Ent[ent_440]	T. Rowe Price	Baltimore	appos|->appos->firm->partmod->base->prep->in->pobj->|pobj
rel_325	Ent[ent_463]	Ent[ent_440]	T. Rowe Price	Baltimore	pobj|<-pobj<-at<-prep<-question->prep->in->pobj->|pobj
rel_299	Ent[ent_224]	Ent[ent_466]	Soundscan	Hartsdale	appos|->appos->company->prep->in->pobj->|pobj
rel_299	Ent[ent_224]	Ent[ent_466]	Soundscan	Hartsdale	dep|<-dep<-company->prep->in->pobj->|pobj
rel_299	Ent[ent_224]	Ent[ent_466]	Soundscan	Hartsdale	appos|->appos->company->dep->|dep
rel_299	Ent[ent_224]	Ent[ent_466]	Soundscan	Hartsdale	rcmod|->rcmod->base->prep->in->pobj->|pobj
rel_299	Ent[ent_224]	Ent[ent_466]	Soundscan	Hartsdale	pobj|<-pobj<-to<-dep<-accord<-prep<-company->prep->in->pobj->|pobj
rel_299	Ent[ent_224]	Ent[ent_466]	Soundscan	Hartsdale	pobj|<-pobj<-by<-prep<-release<-partmod<-information<-pobj<-to<-dep<-accord<-prep<-company->prep->in->pobj->|pobj
rel_299	Ent[ent_224]	Ent[ent_466]	Soundscan	Hartsdale	pobj|<-pobj<-by<-prep<-release<-partmod<-figure<-pobj<-to<-dep<-accord<-prep<-company->prep->in->pobj->|pobj
rel_327	Ent[ent_224]	Ent[ent_168]	Soundscan	Hartsdale	appos|->appos->film->prep->in->pobj->|pobj
rel_102	Ent[ent_1150]	Ent[ent_223]	Sather	Bryan Trottier	nsubj|<-nsubj<-replace->dobj->|dobj
rel_102	Ent[ent_1150]	Ent[ent_223]	Sather	Bryan Trottier	rcmod|->rcmod->replace->dobj->|dobj
rel_102	Ent[ent_1150]	Ent[ent_223]	Sather	Bryan Trottier	nsubj|<-nsubj<-fire->dobj->|dobj
rel_134	Ent[ent_1150]	Ent[ent_200]	Sather	Bryan Trottier	rcmod|->rcmod->fire->dobj->|dobj
rel_102	Ent[ent_1150]	Ent[ent_223]	Sather	Bryan Trottier	nsubj|<-nsubj<-dismiss->dobj->|dobj
rel_102	Ent[ent_1150]	Ent[ent_223]	Sather	Bryan Trottier	appos|<-appos<-president<-nsubj<-replace->dobj->|dobj
rel_102	Ent[ent_1150]	Ent[ent_223]	Sather	Bryan Trottier	nsubj|<-nsubj<-make->dobj->choice->prep->of->pobj->|pobj
rel_102	Ent[ent_1150]	Ent[ent_223]	Sather	Bryan Trottier	nsubj|<-nsubj<-choose->dobj->|dobj
rel_102	Ent[ent_1150]	Ent[ent_223]	Sather	Bryan Trottier	nsubj|<-nsubj<-blame->dobj->|dobj
rel_102	Ent[ent_1150]	Ent[ent_223]	Sather	Bryan Trottier	appos|->appos->president->rcmod->replace->dobj->|dobj
rel_102	Ent[ent_105]	Ent[ent_223]	Glen Sather	Bryan Trottier	nsubj|<-nsubj<-replace->dobj->|dobj
rel_102	Ent[ent_105]	Ent[ent_223]	Glen Sather	Bryan Trottier	appos|<-appos<-president<-nsubj<-replace->dobj->|dobj
rel_102	Ent[ent_105]	Ent[ent_223]	Glen Sather	Bryan Trottier	rcmod|->rcmod->replace->dobj->|dobj
rel_102	Ent[ent_105]	Ent[ent_223]	Glen Sather	Bryan Trottier	rcmod|->rcmod->fire->dobj->|dobj
rel_92	Ent[ent_913]	Ent[ent_223]	Glen Sather	Bryan Trottier	nsubj|<-nsubj<-make->dobj->choice->prep->of->pobj->|pobj
rel_102	Ent[ent_105]	Ent[ent_223]	Glen Sather	Bryan Trottier	nsubj|<-nsubj<-fire->dobj->|dobj
rel_102	Ent[ent_105]	Ent[ent_223]	Glen Sather	Bryan Trottier	nsubj|<-nsubj<-blame->dobj->|dobj
rel_92	Ent[ent_913]	Ent[ent_223]	Glen Sather	Bryan Trottier	appos|->appos->president->rcmod->replace->dobj->|dobj
rel_102	Ent[ent_286]	Ent[ent_465]	Bud Harrelson	Davey Johnson	nsubj|<-nsubj<-replace->dobj->|dobj
rel_102	Ent[ent_286]	Ent[ent_465]	Bud Harrelson	Davey Johnson	rcmod|->rcmod->replace->dobj->|dobj
rel_102	Ent[ent_286]	Ent[ent_465]	Bud Harrelson	Davey Johnson	nsubj|<-nsubj<-succeed->dobj->|dobj
rel_102	Ent[ent_286]	Ent[ent_465]	Bud Harrelson	Davey Johnson	pobj|<-pobj<-to<-prep<-give->dep->hour->dep->take->advmod->away->dep->from->pobj->|pobj
rel_102	Ent[ent_286]	Ent[ent_465]	Bud Harrelson	Davey Johnson	nsubj|<-nsubj<-say->partmod->mark->dobj->birthday->prep->as->pobj->successor->prep->to->pobj->|pobj
rel_102	Ent[ent_286]	Ent[ent_465]	Bud Harrelson	Davey Johnson	iobj|<-iobj<-give->dobj->record->dep->take->prep->from->pobj->|pobj
rel_102	Ent[ent_1151]	Ent[ent_215]	Frank R. Lautenberg	Robert G. Torricelli	nsubj|<-nsubj<-replace->dobj->|dobj
rel_102	Ent[ent_1151]	Ent[ent_215]	Frank R. Lautenberg	Robert G. Torricelli	nsubj|<-nsubj<-take->dobj->place->poss->|poss
rel_102	Ent[ent_1151]	Ent[ent_215]	Frank R. Lautenberg	Robert G. Torricelli	nsubj|<-nsubj<-call->dep->end->nsubj->|nsubj
rel_102	Ent[ent_1151]	Ent[ent_215]	Frank R. Lautenberg	Robert G. Torricelli	dobj|<-dobj<-substitute->prep->for->pobj->|pobj
rel_102	Ent[ent_1151]	Ent[ent_215]	Frank R. Lautenberg	Robert G. Torricelli	appos|->appos->senator->rcmod->reappear->prep->after->pobj->|pobj
rel_102	Ent[ent_1151]	Ent[ent_215]	Frank R. Lautenberg	Robert G. Torricelli	appos|<-appos<-co-founder<-nsubj<-be->prep->as->pobj->replacement->prep->for->pobj->|pobj
rel_144	Ent[ent_1219]	Ent[ent_1277]	China	United States	poss|<-poss<-surplus->prep->with->pobj->|pobj
rel_133	Ent[ent_1225]	Ent[ent_721]	China	United States	poss|<-poss<-export->prep->to->pobj->|pobj
rel_316	Ent[ent_818]	Ent[ent_1237]	China	United States	poss|<-poss<-ambassador->prep->to->pobj->|pobj
rel_112	Ent[ent_818]	Ent[ent_537]	China	United States	nsubj|<-nsubj<-export->prep->to->pobj->|pobj
rel_323	Ent[ent_970]	Ent[ent_1237]	China	United States	poss|<-poss<-status->prep->with->pobj->|pobj
rel_316	Ent[ent_818]	Ent[ent_1237]	China	United States	nsubj|<-nsubj<-surpass->dobj->|dobj
rel_316	Ent[ent_818]	Ent[ent_1237]	China	United States	nsubj|<-nsubj<-accuse->dobj->|dobj
rel_323	Ent[ent_970]	Ent[ent_1237]	China	United States	nsubj|<-nsubj<-steal->prep->from->pobj->|pobj
rel_192	Ent[ent_1225]	Ent[ent_537]	China	United States	dobj|<-dobj<-leave->prep->for->pobj->|pobj
rel_112	Ent[ent_818]	Ent[ent_537]	China	United States	poss|<-poss<-relationship->prep->with->pobj->|pobj
rel_112	Ent[ent_380]	Ent[ent_205]	Alan Greenspan	Paul A. Volcker	nsubj|<-nsubj<-replace->dobj->|dobj
rel_112	Ent[ent_380]	Ent[ent_205]	Alan Greenspan	Paul A. Volcker	poss|<-poss<-nomination->partmod->replace->dobj->|dobj
rel_150	Ent[ent_1279]	Ent[ent_205]	Alan Greenspan	Paul A. Volcker	poss|<-poss<-man->appos->|appos
rel_150	Ent[ent_1279]	Ent[ent_205]	Alan Greenspan	Paul A. Volcker	pobj|<-pobj<-of<-prep<-nomination<-pobj<-to<-prep<-response->prep->as->pobj->successor->prep->to->pobj->|pobj
rel_112	Ent[ent_380]	Ent[ent_205]	Alan Greenspan	Paul A. Volcker	nsubj|<-nsubj<-share->dobj->view->dep->unlike->pobj->predecessor->appos->|appos
rel_171	Ent[ent_380]	Ent[ent_1133]	Alan Greenspan	Paul A. Volcker	nsubj|<-nsubj<-pledge->dobj->|dobj
rel_112	Ent[ent_380]	Ent[ent_205]	Alan Greenspan	Paul A. Volcker	dep|<-dep<-far<-advmod<-quiet->prep->unlike->pobj->predecessor->appos->|appos
rel_20	Ent[ent_457]	Ent[ent_699]	Mr. de Klerk	Mr. Botha	nsubj|<-nsubj<-replace->dobj->|dobj
rel_161	Ent[ent_457]	Ent[ent_699]	Mr. de Klerk	Mr. Botha	rcmod|->rcmod->succeed->dobj->|dobj
rel_161	Ent[ent_457]	Ent[ent_699]	Mr. de Klerk	Mr. Botha	rcmod|->rcmod->leader->prep->after->pobj->resignation->poss->|poss
rel_161	Ent[ent_457]	Ent[ent_699]	Mr. de Klerk	Mr. Botha	rcmod|->rcmod->choice->poss->|poss
rel_390	Ent[ent_457]	Ent[ent_1041]	Mr. de Klerk	Mr. Botha	rcmod|->rcmod->act->prep->in->pobj->absence->poss->|poss
rel_161	Ent[ent_457]	Ent[ent_699]	Mr. de Klerk	Mr. Botha	pobj|<-pobj<-include<-prep<-province<-pobj<-of<-prep<-leader<-nsubj<-take->prep->to->pobj->|pobj
rel_20	Ent[ent_457]	Ent[ent_699]	Mr. de Klerk	Mr. Botha	nsubj|<-nsubj<-younger->prep->than->pobj->|pobj
rel_20	Ent[ent_457]	Ent[ent_699]	Mr. de Klerk	Mr. Botha	nsubj|<-nsubj<-win->dobj->loyalty->prep->of->pobj->member->rcmod->chafe->prep->under->pobj->leadership->poss->|poss
rel_161	Ent[ent_457]	Ent[ent_699]	Mr. de Klerk	Mr. Botha	nsubj|<-nsubj<-stand->prep->to->pobj->|pobj
rel_161	Ent[ent_457]	Ent[ent_699]	Mr. de Klerk	Mr. Botha	nsubj|<-nsubj<-responsible->prep->for->pobj->speech->poss->|poss
rel_102	Ent[ent_951]	Ent[ent_328]	Joe Morgan	John McNamara	nsubj|<-nsubj<-replace->dobj->|dobj
rel_102	Ent[ent_951]	Ent[ent_328]	Joe Morgan	John McNamara	nsubj|<-nsubj<-succeed->dobj->|dobj
rel_102	Ent[ent_951]	Ent[ent_328]	Joe Morgan	John McNamara	appos|<-appos<-manager->rcmod->replace->dobj->|dobj
rel_102	Ent[ent_456]	Ent[ent_698]	Egon Krenz	Erich Honecker	nsubj|<-nsubj<-replace->dobj->|dobj
rel_102	Ent[ent_456]	Ent[ent_698]	Egon Krenz	Erich Honecker	nsubj|<-nsubj<-cancel->dobj->order->poss->|poss
rel_102	Ent[ent_456]	Ent[ent_698]	Egon Krenz	Erich Honecker	appos|<-appos<-defendant->rcmod->succeed->dobj->|dobj
rel_102	Ent[ent_456]	Ent[ent_698]	Egon Krenz	Erich Honecker	rcmod|->rcmod->take->prep->from->pobj->|pobj
rel_102	Ent[ent_456]	Ent[ent_698]	Egon Krenz	Erich Honecker	rcmod|->rcmod->take->prep->after->pobj->|pobj
rel_102	Ent[ent_456]	Ent[ent_698]	Egon Krenz	Erich Honecker	rcmod|->rcmod->replace->dobj->|dobj
rel_102	Ent[ent_456]	Ent[ent_698]	Egon Krenz	Erich Honecker	nsubj|<-nsubj<-ease->dobj->|dobj
rel_102	Ent[ent_456]	Ent[ent_698]	Egon Krenz	Erich Honecker	appos|<-appos<-leader<-nsubj<-arrive->prep->on->pobj->trip->dep->replace->dobj->|dobj
rel_102	Ent[ent_456]	Ent[ent_698]	Egon Krenz	Erich Honecker	appos|<-appos<-leader->dep->take->prep->from->pobj->|pobj
rel_9	Ent[ent_1015]	Ent[ent_816]	Democrats	Republicans	nsubj|<-nsubj<-outnumber->dobj->|dobj
rel_112	Ent[ent_819]	Ent[ent_816]	Democrats	Republicans	nsubj|<-nsubj<-join->dobj->|dobj
rel_9	Ent[ent_819]	Ent[ent_816]	Democrats	Republicans	nsubj|<-nsubj<-accuse->dobj->|dobj
rel_112	Ent[ent_819]	Ent[ent_816]	Democrats	Republicans	pobj|<-pobj<-of<-prep<-ratio->prep->to->pobj->|pobj
rel_9	Ent[ent_1015]	Ent[ent_816]	Democrats	Republicans	nsubj|<-nsubj<-vote->prep->with->pobj->|pobj
rel_9	Ent[ent_1015]	Ent[ent_816]	Democrats	Republicans	nsubj|<-nsubj<-join->prep->with->pobj->|pobj
rel_9	Ent[ent_1015]	Ent[ent_816]	Democrats	Republicans	nsubj|<-nsubj<-criticize->dobj->|dobj
rel_9	Ent[ent_819]	Ent[ent_816]	Democrats	Republicans	amod|->amod->more->prep->than->pobj->|pobj
rel_112	Ent[ent_819]	Ent[ent_816]	Democrats	Republicans	nsubj|<-nsubj<-outnumber->prep->|prep
rel_9	Ent[ent_819]	Ent[ent_816]	Democrats	Republicans	nsubj|<-nsubj<-register->dobj->|dobj
rel_294	Ent[ent_1153]	Ent[ent_1144]	Cablevision	Madison Square Garden	rcmod|->rcmod->own->dobj->|dobj
rel_294	Ent[ent_1153]	Ent[ent_1144]	Cablevision	Madison Square Garden	appos|->appos->owner->prep->of->pobj->|pobj
rel_294	Ent[ent_1153]	Ent[ent_1144]	Cablevision	Madison Square Garden	appos|->appos->company->rcmod->own->dobj->|dobj
rel_294	Ent[ent_1153]	Ent[ent_1144]	Cablevision	Madison Square Garden	appos|->appos->company->prep->of->pobj->|pobj
rel_294	Ent[ent_1153]	Ent[ent_1144]	Cablevision	Madison Square Garden	nsubj|<-nsubj<-own->dobj->|dobj
rel_294	Ent[ent_1153]	Ent[ent_1144]	Cablevision	Madison Square Garden	nsubj|<-nsubj<-buy->dobj->|dobj
rel_294	Ent[ent_1153]	Ent[ent_1144]	Cablevision	Madison Square Garden	poss|<-poss<-ownership->prep->of->pobj->|pobj
rel_294	Ent[ent_1153]	Ent[ent_1144]	Cablevision	Madison Square Garden	nsubj|<-nsubj<-acquire->dobj->|dobj
rel_294	Ent[ent_1153]	Ent[ent_1144]	Cablevision	Madison Square Garden	poss|<-poss<-purchase->prep->of->pobj->property->nn->|nn
rel_294	Ent[ent_1153]	Ent[ent_1144]	Cablevision	Madison Square Garden	poss|<-poss<-purchase->prep->of->pobj->|pobj
rel_321	Ent[ent_101]	Ent[ent_881]	Walt Disney Company	ABC	rcmod|->rcmod->own->dobj->|dobj
rel_321	Ent[ent_101]	Ent[ent_881]	Walt Disney Company	ABC	appos|->appos->parent->prep->of->pobj->|pobj
rel_321	Ent[ent_101]	Ent[ent_881]	Walt Disney Company	ABC	appos|->appos->parent->poss->|poss
rel_321	Ent[ent_101]	Ent[ent_881]	Walt Disney Company	ABC	appos|->appos->owner->prep->of->pobj->|pobj
rel_321	Ent[ent_101]	Ent[ent_881]	Walt Disney Company	ABC	appos|->appos->owner->poss->|poss
rel_321	Ent[ent_101]	Ent[ent_881]	Walt Disney Company	ABC	poss|<-poss<-unit->nn->|nn
rel_321	Ent[ent_101]	Ent[ent_881]	Walt Disney Company	ABC	poss|<-poss<-network->nn->|nn
rel_321	Ent[ent_101]	Ent[ent_881]	Walt Disney Company	ABC	poss|<-poss<-acquisition->prep->of->pobj->|pobj
rel_321	Ent[ent_101]	Ent[ent_881]	Walt Disney Company	ABC	appos|->appos->company->prep->of->pobj->|pobj
rel_321	Ent[ent_101]	Ent[ent_881]	Walt Disney Company	ABC	appos|->appos->company->poss->|poss
rel_321	Ent[ent_217]	Ent[ent_554]	Viacom	CBS	rcmod|->rcmod->own->dobj->|dobj
rel_321	Ent[ent_217]	Ent[ent_554]	Viacom	CBS	poss|<-poss<-acquisition->prep->of->pobj->|pobj
rel_321	Ent[ent_217]	Ent[ent_554]	Viacom	CBS	nsubj|<-nsubj<-own->dobj->|dobj
rel_321	Ent[ent_217]	Ent[ent_554]	Viacom	CBS	nsubj|<-nsubj<-acquire->dobj->|dobj
rel_321	Ent[ent_217]	Ent[ent_554]	Viacom	CBS	appos|->appos->owner->prep->of->pobj->|pobj
rel_321	Ent[ent_217]	Ent[ent_554]	Viacom	CBS	rcmod|->rcmod->own->dobj->network->nn->|nn
rel_321	Ent[ent_217]	Ent[ent_554]	Viacom	CBS	nsubj|<-nsubj<-merge->prep->with->pobj->|pobj
rel_321	Ent[ent_217]	Ent[ent_554]	Viacom	CBS	dep|->dep->own->dobj->|dobj
rel_321	Ent[ent_217]	Ent[ent_554]	Viacom	CBS	appos|->appos->parent->prep->of->pobj->|pobj
rel_321	Ent[ent_217]	Ent[ent_554]	Viacom	CBS	appos|->appos->parent->poss->|poss
rel_321	Ent[ent_393]	Ent[ent_625]	News Corporation	Fox	rcmod|->rcmod->own->dobj->|dobj
rel_321	Ent[ent_393]	Ent[ent_625]	News Corporation	Fox	rcmod|->rcmod->own->dobj->network->nn->|nn
rel_321	Ent[ent_393]	Ent[ent_625]	News Corporation	Fox	nsubj|<-nsubj<-own->dobj->|dobj
rel_321	Ent[ent_393]	Ent[ent_625]	News Corporation	Fox	appos|->appos->company->poss->|poss
rel_321	Ent[ent_393]	Ent[ent_625]	News Corporation	Fox	poss|<-poss<-network->nn->|nn
rel_321	Ent[ent_393]	Ent[ent_625]	News Corporation	Fox	appos|->appos->parent->prep->of->pobj->|pobj
rel_321	Ent[ent_393]	Ent[ent_625]	News Corporation	Fox	appos|->appos->parent->poss->|poss
rel_321	Ent[ent_393]	Ent[ent_625]	News Corporation	Fox	appos|->appos->company->prep->of->pobj->|pobj
rel_321	Ent[ent_393]	Ent[ent_625]	News Corporation	Fox	nsubj|<-nsubj<-own->dobj->network->nn->|nn
rel_321	Ent[ent_393]	Ent[ent_625]	News Corporation	Fox	poss|<-poss<-studio->nn->|nn
rel_321	Ent[ent_628]	Ent[ent_1238]	General Electric Company	NBC	rcmod|->rcmod->own->dobj->|dobj
rel_321	Ent[ent_628]	Ent[ent_1238]	General Electric Company	NBC	appos|->appos->parent->prep->of->pobj->|pobj
rel_321	Ent[ent_628]	Ent[ent_1238]	General Electric Company	NBC	appos|->appos->parent->poss->|poss
rel_321	Ent[ent_628]	Ent[ent_867]	General Electric Company	NBC	poss|<-poss<-unit->nn->|nn
rel_321	Ent[ent_628]	Ent[ent_867]	General Electric Company	NBC	poss|<-poss<-subsidiary->nn->|nn
rel_321	Ent[ent_628]	Ent[ent_1238]	General Electric Company	NBC	poss|<-poss<-ownership->prep->of->pobj->|pobj
rel_321	Ent[ent_628]	Ent[ent_867]	General Electric Company	NBC	pobj|<-pobj<-of<-prep<-chairman<-nsubj<-tell->dobj->meeting->prep->of->pobj->executive->nn->|nn
rel_321	Ent[ent_628]	Ent[ent_1238]	General Electric Company	NBC	appos|->appos->owner->prep->of->pobj->|pobj
rel_321	Ent[ent_628]	Ent[ent_867]	General Electric Company	NBC	appos|->appos->company->prep->of->pobj->|pobj
rel_321	Ent[ent_628]	Ent[ent_867]	General Electric Company	NBC	rcmod|->rcmod->own->dobj->network->nn->|nn
rel_321	Ent[ent_459]	Ent[ent_1154]	Texas Air Corporation	Eastern	rcmod|->rcmod->own->dobj->|dobj
rel_321	Ent[ent_459]	Ent[ent_1154]	Texas Air Corporation	Eastern	appos|->appos->parent->prep->of->pobj->|pobj
rel_321	Ent[ent_459]	Ent[ent_1154]	Texas Air Corporation	Eastern	appos|->appos->parent->poss->|poss
rel_20	Ent[ent_459]	Ent[ent_1154]	Texas Air Corporation	Eastern	poss|<-poss<-marriage->prep->with->pobj->|pobj
rel_321	Ent[ent_459]	Ent[ent_1154]	Texas Air Corporation	Eastern	pobj|<-pobj<-of<-prep<-representative<-pobj<-with<-prep<-negotiate->prep->for->pobj->purchase->prep->of->pobj->|pobj
rel_20	Ent[ent_459]	Ent[ent_1154]	Texas Air Corporation	Eastern	nsubj|<-nsubj<-reject->dobj->deal->rcmod->acquire->dobj->|dobj
rel_20	Ent[ent_459]	Ent[ent_1154]	Texas Air Corporation	Eastern	nsubj|<-nsubj<-announce->prep->as->pobj->|pobj
rel_20	Ent[ent_459]	Ent[ent_1154]	Texas Air Corporation	Eastern	appos|->appos->company->rcmod->own->dobj->|dobj
rel_321	Ent[ent_459]	Ent[ent_1154]	Texas Air Corporation	Eastern	appos|->appos->company->prep->of->pobj->|pobj
rel_321	Ent[ent_459]	Ent[ent_1154]	Texas Air Corporation	Eastern	appos|->appos->company->poss->|poss
rel_321	Ent[ent_216]	Ent[ent_867]	General Electric	NBC	rcmod|->rcmod->own->dobj->|dobj
rel_321	Ent[ent_216]	Ent[ent_867]	General Electric	NBC	poss|<-poss<-unit->nn->|nn
rel_325	Ent[ent_745]	Ent[ent_867]	General Electric	NBC	poss|<-poss<-division->nn->|nn
rel_321	Ent[ent_216]	Ent[ent_867]	General Electric	NBC	poss|<-poss<-network->nn->|nn
rel_321	Ent[ent_216]	Ent[ent_867]	General Electric	NBC	nsubj|<-nsubj<-own->dobj->|dobj
rel_321	Ent[ent_216]	Ent[ent_867]	General Electric	NBC	appos|->appos->owner->prep->of->pobj->|pobj
rel_321	Ent[ent_216]	Ent[ent_867]	General Electric	NBC	appos|->appos->company->prep->of->pobj->|pobj
rel_321	Ent[ent_216]	Ent[ent_867]	General Electric	NBC	nsubj|<-nsubj<-devise->dobj->strategy->prep->for->pobj->future->poss->|poss
rel_321	Ent[ent_216]	Ent[ent_867]	General Electric	NBC	appos|->appos->parent->prep->of->pobj->|pobj
rel_321	Ent[ent_216]	Ent[ent_867]	General Electric	NBC	appos|->appos->parent->poss->|poss
rel_294	Ent[ent_1153]	Ent[ent_458]	Cablevision	Garden	rcmod|->rcmod->own->dobj->|dobj
rel_37	Ent[ent_1153]	Ent[ent_458]	Cablevision	Garden	appos|->appos->company->poss->|poss
rel_294	Ent[ent_1153]	Ent[ent_458]	Cablevision	Garden	nsubj|<-nsubj<-acquire->dobj->|dobj
rel_37	Ent[ent_1153]	Ent[ent_458]	Cablevision	Garden	appos|->appos->owner->poss->|poss
rel_294	Ent[ent_1153]	Ent[ent_458]	Cablevision	Garden	rcmod|->rcmod->owner->prep->of->pobj->|pobj
rel_37	Ent[ent_1153]	Ent[ent_458]	Cablevision	Garden	rcmod|->rcmod->own->dobj->percent->prep->of->pobj->|pobj
rel_37	Ent[ent_1153]	Ent[ent_458]	Cablevision	Garden	rcmod|->rcmod->co-owner->prep->of->pobj->|pobj
rel_294	Ent[ent_1153]	Ent[ent_458]	Cablevision	Garden	rcmod|->rcmod->consider->prep->to->pobj->|pobj
rel_294	Ent[ent_1153]	Ent[ent_458]	Cablevision	Garden	poss|<-poss<-takeover->prep->of->pobj->|pobj
rel_294	Ent[ent_1153]	Ent[ent_458]	Cablevision	Garden	poss|<-poss<-purchase->prep->of->pobj->|pobj
rel_321	Ent[ent_1155]	Ent[ent_219]	Federated Department Stores	Macy	rcmod|->rcmod->own->dobj->|dobj
rel_321	Ent[ent_1155]	Ent[ent_219]	Federated Department Stores	Macy	appos|->appos->company->prep->of->pobj->|pobj
rel_321	Ent[ent_1155]	Ent[ent_219]	Federated Department Stores	Macy	appos|->appos->owner->prep->of->pobj->|pobj
rel_321	Ent[ent_1155]	Ent[ent_219]	Federated Department Stores	Macy	appos|->appos->parent->prep->of->pobj->|pobj
rel_321	Ent[ent_1155]	Ent[ent_219]	Federated Department Stores	Macy	nsubj|<-nsubj<-convert->prep->to->pobj->|pobj
rel_182	Ent[ent_1155]	Ent[ent_219]	Federated Department Stores	Macy	pobj|<-pobj<-with<-prep<-merger->rcmod->get->dobj->|dobj
rel_321	Ent[ent_1155]	Ent[ent_219]	Federated Department Stores	Macy	nsubj|<-nsubj<-say->nsubj->|nsubj
rel_321	Ent[ent_1155]	Ent[ent_219]	Federated Department Stores	Macy	rcmod|->rcmod->take->dobj->|dobj
rel_321	Ent[ent_1155]	Ent[ent_219]	Federated Department Stores	Macy	rcmod|->rcmod->propose->dobj->merger->prep->with->pobj->|pobj
rel_321	Ent[ent_1155]	Ent[ent_219]	Federated Department Stores	Macy	rcmod|->rcmod->own->prep->|prep
rel_294	Ent[ent_151]	Ent[ent_839]	Rupert Murdoch	Fox	appos|->appos->chairman->prep->of->pobj->|pobj
rel_72	Ent[ent_151]	Ent[ent_625]	Rupert Murdoch	Fox	rcmod|->rcmod->own->dobj->|dobj
rel_143	Ent[ent_144]	Ent[ent_625]	Rupert Murdoch	Fox	poss|<-poss<-network->nn->|nn
rel_72	Ent[ent_151]	Ent[ent_625]	Rupert Murdoch	Fox	appos|->appos->chairman->prep->of->pobj->parent->poss->|poss
rel_72	Ent[ent_151]	Ent[ent_625]	Rupert Murdoch	Fox	poss|<-poss<-channel->nn->|nn
rel_294	Ent[ent_151]	Ent[ent_839]	Rupert Murdoch	Fox	appos|->appos->chairman->prep->of->pobj->company->poss->|poss
rel_294	Ent[ent_151]	Ent[ent_839]	Rupert Murdoch	Fox	rcmod|->rcmod->control->dobj->|dobj
rel_294	Ent[ent_151]	Ent[ent_839]	Rupert Murdoch	Fox	poss|<-poss<-empire->nn->|nn
rel_294	Ent[ent_151]	Ent[ent_839]	Rupert Murdoch	Fox	appos|->appos->owner->prep->of->pobj->|pobj
rel_72	Ent[ent_151]	Ent[ent_625]	Rupert Murdoch	Fox	pobj|<-pobj<-by<-prep<-control<-rcmod<-company<-nsubj<-report->dobj->profit->prep->for->pobj->network->nn->|nn
rel_185	Ent[ent_867]	Ent[ent_1156]	NBC	Press	nsubj|<-nsubj<-meet->dobj->|dobj
rel_185	Ent[ent_867]	Ent[ent_1156]	NBC	Press	nn|<-nn<-program->dep->meet->dobj->|dobj
rel_9	Ent[ent_867]	Ent[ent_1156]	NBC	Press	poss|<-poss<-meet->dep->|dep
rel_185	Ent[ent_867]	Ent[ent_1156]	NBC	Press	nn|<-nn<-program<-pobj<-on<-prep<-say->dep->meet->dobj->|dobj
rel_14	Ent[ent_1238]	Ent[ent_1156]	NBC	Press	nn|<-nn<-program<-pobj<-on<-prep<-meet->dobj->|dobj
rel_9	Ent[ent_867]	Ent[ent_1156]	NBC	Press	nn|<-nn<-program->dep->|dep
rel_14	Ent[ent_1238]	Ent[ent_1156]	NBC	Press	poss|<-poss<-program->dep->meet->dobj->|dobj
rel_9	Ent[ent_867]	Ent[ent_1156]	NBC	Press	nn|<-nn<-program<-pobj<-on<-prep<-speak<-dep<-meet->dobj->|dobj
rel_9	Ent[ent_867]	Ent[ent_1156]	NBC	Press	nn|<-nn<-program<-pobj<-on<-prep<-say->prep->meet->dobj->|dobj
rel_9	Ent[ent_867]	Ent[ent_1156]	NBC	Press	nn|<-nn<-program<-pobj<-on<-prep<-interview<-pobj<-in<-prep<-meet->dobj->|dobj
rel_185	Ent[ent_218]	Ent[ent_1156]	NBC News	Press	nn|<-nn<-program->dep->meet->dobj->|dobj
rel_185	Ent[ent_218]	Ent[ent_1156]	NBC News	Press	nn|<-nn<-program<-pobj<-on<-prep<-say->dep->meet->dobj->|dobj
rel_185	Ent[ent_218]	Ent[ent_1156]	NBC News	Press	nn|<-nn<-program<-pobj<-on<-prep<-meet->dobj->|dobj
rel_9	Ent[ent_218]	Ent[ent_1156]	NBC News	Press	nn|<-nn<-program->dep->|dep
rel_9	Ent[ent_218]	Ent[ent_1156]	NBC News	Press	nn|<-nn<-program<-pobj<-on<-prep<-say->prep->meet->dobj->|dobj
rel_185	Ent[ent_218]	Ent[ent_1156]	NBC News	Press	nsubj|<-nsubj<-meet->dobj->|dobj
rel_9	Ent[ent_218]	Ent[ent_1156]	NBC News	Press	nn|<-nn<-program<-pobj<-on<-prep<-appearance->dep->meet->dobj->|dobj
rel_9	Ent[ent_218]	Ent[ent_1156]	NBC News	Press	nn|<-nn<-program<-pobj<-on<-prep<-today->dep->meet->dobj->|dobj
rel_9	Ent[ent_218]	Ent[ent_1156]	NBC News	Press	nn|<-nn<-program<-pobj<-on<-prep<-comment<-nsubj<-meet->dobj->|dobj
rel_185	Ent[ent_218]	Ent[ent_1156]	NBC News	Press	poss|<-poss<-meet->dobj->|dobj
rel_353	Ent[ent_988]	Ent[ent_242]	Science fiction	Wild West	nsubj|<-nsubj<-meet->dobj->|dobj
rel_185	Ent[ent_308]	Ent[ent_1005]	Knicks	Bulls	nsubj|<-nsubj<-beat->dobj->|dobj
rel_185	Ent[ent_1137]	Ent[ent_1005]	Knicks	Bulls	nsubj|<-nsubj<-lose->prep->to->pobj->|pobj
rel_185	Ent[ent_308]	Ent[ent_1005]	Knicks	Bulls	nsubj|<-nsubj<-play->dobj->|dobj
rel_185	Ent[ent_308]	Ent[ent_1005]	Knicks	Bulls	nsubj|<-nsubj<-meet->dobj->|dobj
rel_185	Ent[ent_1137]	Ent[ent_1005]	Knicks	Bulls	nsubj|<-nsubj<-give->iobj->|iobj
rel_185	Ent[ent_1137]	Ent[ent_1005]	Knicks	Bulls	poss|<-poss<-loss->prep->to->pobj->|pobj
rel_336	Ent[ent_128]	Ent[ent_500]	Knicks	Bulls	poss|<-poss<-victory->prep->over->pobj->|pobj
rel_185	Ent[ent_1137]	Ent[ent_1005]	Knicks	Bulls	nsubj|<-nsubj<-take->dobj->|dobj
rel_185	Ent[ent_1137]	Ent[ent_1005]	Knicks	Bulls	nsubj|<-nsubj<-outlast->dobj->|dobj
rel_185	Ent[ent_1137]	Ent[ent_1005]	Knicks	Bulls	poss|<-poss<-information<-pobj<-for<-prep<-remove->nsubj->|nsubj
rel_353	Ent[ent_1159]	Ent[ent_471]	East	West	nsubj|<-nsubj<-meet->dobj->|dobj
rel_353	Ent[ent_1159]	Ent[ent_471]	East	West	dobj|<-dobj<-lead->prep->to->pobj->victory->prep->over->pobj->|pobj
rel_169	Ent[ent_1159]	Ent[ent_471]	East	West	pobj|<-pobj<-from<-prep<-move->prep->to->pobj->|pobj
rel_353	Ent[ent_1159]	Ent[ent_471]	East	West	nsubj|<-nsubj<-beat->dobj->|dobj
rel_169	Ent[ent_1159]	Ent[ent_471]	East	West	pobj|<-pobj<-in<-prep<-ally->prep->in->pobj->|pobj
rel_169	Ent[ent_1159]	Ent[ent_471]	East	West	nsubj|<-nsubj<-hold->prep->for->pobj->|pobj
rel_353	Ent[ent_1159]	Ent[ent_471]	East	West	nsubj|<-nsubj<-defeat->dobj->|dobj
rel_169	Ent[ent_1159]	Ent[ent_471]	East	West	pobj|<-pobj<-in<-prep<-world->rcmod->differ->prep->from->pobj->|pobj
rel_169	Ent[ent_1159]	Ent[ent_471]	East	West	pobj|<-pobj<-in<-prep<-value->prep->than->pobj->|pobj
rel_169	Ent[ent_1159]	Ent[ent_471]	East	West	pobj|<-pobj<-in<-prep<-start->prep->of->pobj->|pobj
rel_185	Ent[ent_470]	Ent[ent_1004]	Mariners	Yankees	nsubj|<-nsubj<-beat->dobj->|dobj
rel_185	Ent[ent_470]	Ent[ent_1004]	Mariners	Yankees	nsubj|<-nsubj<-meet->dobj->|dobj
rel_185	Ent[ent_470]	Ent[ent_1004]	Mariners	Yankees	nsubj|<-nsubj<-play->dobj->|dobj
rel_185	Ent[ent_470]	Ent[ent_1004]	Mariners	Yankees	poss|<-poss<-victory->prep->over->pobj->|pobj
rel_185	Ent[ent_470]	Ent[ent_1004]	Mariners	Yankees	nsubj|<-nsubj<-eliminate->dobj->|dobj
rel_144	Ent[ent_631]	Ent[ent_1004]	Mariners	Yankees	rcmod|->rcmod->hold->prep->with->pobj->|pobj
rel_185	Ent[ent_470]	Ent[ent_1004]	Mariners	Yankees	poss|<-poss<-starter->prep->in->pobj->game->prep->of->pobj->series->prep->with->pobj->|pobj
rel_185	Ent[ent_470]	Ent[ent_1004]	Mariners	Yankees	pobj|<-pobj<-after<-prep<-walk<-nsubj<-prevent->prep->with->pobj->|pobj
rel_399	Ent[ent_631]	Ent[ent_1239]	Mariners	Yankees	nsubjpass|<-nsubjpass<-note->prep->for->pobj->|pobj
rel_185	Ent[ent_470]	Ent[ent_1004]	Mariners	Yankees	nsubj|<-nsubj<-trade->prep->to->pobj->|pobj
rel_353	Ent[ent_231]	Ent[ent_473]	Connecticut River	Long Island Sound	nsubj|<-nsubj<-meet->dobj->|dobj
rel_353	Ent[ent_231]	Ent[ent_473]	Connecticut River	Long Island Sound	nsubj|<-nsubj<-meander->prep->from->pobj->lake->prep->to->pobj->|pobj
rel_353	Ent[ent_231]	Ent[ent_473]	Connecticut River	Long Island Sound	nsubj|<-nsubj<-flow->prep->into->pobj->|pobj
rel_353	Ent[ent_231]	Ent[ent_473]	Connecticut River	Long Island Sound	rcmod|->rcmod->meet->dobj->|dobj
rel_353	Ent[ent_231]	Ent[ent_473]	Connecticut River	Long Island Sound	rcmod|->rcmod->empty->prep->into->pobj->|pobj
rel_353	Ent[ent_231]	Ent[ent_473]	Connecticut River	Long Island Sound	pobj|<-pobj<-over<-prep<-bridge<-pobj<-of<-prep<-operation<-nsubj<-impede->dobj->traffic->prep->between->pobj->|pobj
rel_353	Ent[ent_231]	Ent[ent_473]	Connecticut River	Long Island Sound	pobj|<-pobj<-on<-prep<-smack->prep->near->pobj->|pobj
rel_353	Ent[ent_231]	Ent[ent_473]	Connecticut River	Long Island Sound	pobj|<-pobj<-of<-prep<-shore<-pobj<-on<-prep<-hold->advmod->north->dep->of->pobj->|pobj
rel_353	Ent[ent_231]	Ent[ent_473]	Connecticut River	Long Island Sound	pobj|<-pobj<-along->dep->from->pobj->beach->prep->on->pobj->|pobj
rel_353	Ent[ent_231]	Ent[ent_473]	Connecticut River	Long Island Sound	nsubj|<-nsubj<-flow->prep->to->pobj->|pobj
rel_299	Ent[ent_1089]	Ent[ent_703]	Stepinac	Holy Cross	nsubj|<-nsubj<-meet->dobj->|dobj
rel_221	Ent[ent_233]	Ent[ent_475]	Rondout Creek	Hudson	nsubj|<-nsubj<-meet->dobj->|dobj
rel_221	Ent[ent_233]	Ent[ent_475]	Rondout Creek	Hudson	rcmod|->rcmod->meet->dobj->|dobj
rel_221	Ent[ent_233]	Ent[ent_475]	Rondout Creek	Hudson	rcmod|->rcmod->flow->prep->into->pobj->|pobj
rel_221	Ent[ent_233]	Ent[ent_475]	Rondout Creek	Hudson	nsubj|<-nsubj<-join->dobj->|dobj
rel_221	Ent[ent_233]	Ent[ent_475]	Rondout Creek	Hudson	nn|<-nn<-waterfront<-nsubj<-gateway->prep->to->pobj->|pobj
rel_299	Ent[ent_292]	Ent[ent_990]	Rondout Creek	Hudson	dep|->dep->at->pobj->level->prep->on->pobj->|pobj
rel_221	Ent[ent_233]	Ent[ent_475]	Rondout Creek	Hudson	appos|<-appos<-mine->prep->to->pobj->|pobj
rel_185	Ent[ent_668]	Ent[ent_524]	Ms. Garrison	Georgia	nsubj|<-nsubj<-meet->dobj->|dobj
rel_232	Ent[ent_1184]	Ent[ent_1213]	David Mermelstein	Los Angeles	nsubj|<-nsubj<-live->prep->in->pobj->|pobj
rel_232	Ent[ent_1184]	Ent[ent_1213]	David Mermelstein	Los Angeles	poss|<-poss<-article->prep->on->pobj->revival->nn->|nn
rel_93	Ent[ent_530]	Ent[ent_1213]	David Mermelstein	Los Angeles	poss|<-poss<-article->prep->about->pobj->revival->nn->|nn
rel_49	Ent[ent_530]	Ent[ent_429]	David Mermelstein	Los Angeles	nn|<-nn<-company->prep->of->pobj->|pobj
rel_232	Ent[ent_1184]	Ent[ent_1213]	David Mermelstein	Los Angeles	appos|->appos->director->prep->at->pobj->kusc-fm->prep->in->pobj->|pobj
rel_77	Ent[ent_1101]	Ent[ent_1198]	Jews	Poland	nsubj|<-nsubj<-live->prep->in->pobj->|pobj
rel_41	Ent[ent_1119]	Ent[ent_1198]	Jews	Poland	nsubj|<-nsubj<-leave->prep->in->pobj->|pobj
rel_77	Ent[ent_1101]	Ent[ent_1198]	Jews	Poland	rcmod|->rcmod->immigrate->prep->from->pobj->|pobj
rel_77	Ent[ent_1101]	Ent[ent_1198]	Jews	Poland	pobj|<-pobj<-to<-prep<-life->prep->in->pobj->|pobj
rel_77	Ent[ent_1101]	Ent[ent_1198]	Jews	Poland	pobj|<-pobj<-of<-prep<-thousand->prep->from->pobj->|pobj
rel_77	Ent[ent_1101]	Ent[ent_1198]	Jews	Poland	partmod|->partmod->remain->prep->in->pobj->|pobj
rel_77	Ent[ent_1101]	Ent[ent_1198]	Jews	Poland	nsubj|<-nsubj<-die->prep->in->pobj->|pobj
rel_77	Ent[ent_1101]	Ent[ent_1198]	Jews	Poland	rcmod|->rcmod->live->prep->in->pobj->|pobj
rel_77	Ent[ent_1101]	Ent[ent_1198]	Jews	Poland	rcmod|->rcmod->emigrate->prep->from->pobj->|pobj
rel_77	Ent[ent_1101]	Ent[ent_1198]	Jews	Poland	pobj|<-pobj<-of<-prep<-roundup<-pobj<-in<-prep<-take->prep->in->pobj->|pobj
rel_142	Ent[ent_235]	Ent[ent_477]	Albanians	Kosovo	prep|->prep->in->pobj->region->nn->|nn
rel_142	Ent[ent_235]	Ent[ent_477]	Albanians	Kosovo	dobj|<-dobj<-drive->prep->out->dep->of->pobj->|pobj
rel_142	Ent[ent_235]	Ent[ent_477]	Albanians	Kosovo	rcmod|->rcmod->make->dobj->percent->prep->of->pobj->population->poss->|poss
rel_142	Ent[ent_235]	Ent[ent_477]	Albanians	Kosovo	prep|->prep->in->pobj->province->nn->|nn
rel_142	Ent[ent_235]	Ent[ent_477]	Albanians	Kosovo	prep|->prep->in->pobj->province->prep->of->pobj->|pobj
rel_142	Ent[ent_235]	Ent[ent_477]	Albanians	Kosovo	nsubj|<-nsubj<-live->prep->in->pobj->|pobj
rel_142	Ent[ent_235]	Ent[ent_477]	Albanians	Kosovo	dobj|<-dobj<-drive->prep->from->pobj->|pobj
rel_142	Ent[ent_235]	Ent[ent_477]	Albanians	Kosovo	rcmod|->rcmod->make->dobj->percent->prep->of->pobj->people->poss->|poss
rel_142	Ent[ent_235]	Ent[ent_477]	Albanians	Kosovo	dobj|<-dobj<-expel->prep->from->pobj->|pobj
rel_142	Ent[ent_235]	Ent[ent_477]	Albanians	Kosovo	rcmod|->rcmod->make->dobj->percent->prep->of->pobj->population->prep->of->pobj->|pobj
rel_77	Ent[ent_1161]	Ent[ent_5]	Turks	Germany	nsubj|<-nsubj<-live->prep->in->pobj->|pobj
rel_77	Ent[ent_1161]	Ent[ent_5]	Turks	Germany	partmod|->partmod->live->prep->in->pobj->|pobj
rel_346	Ent[ent_1161]	Ent[ent_5]	Turks	Germany	pobj|<-pobj<-on<-prep<-attack->prep->in->pobj->|pobj
rel_346	Ent[ent_1161]	Ent[ent_5]	Turks	Germany	dobj|<-dobj<-urge->prep->in->pobj->|pobj
rel_346	Ent[ent_1161]	Ent[ent_5]	Turks	Germany	rcmod|->rcmod->work->prep->in->pobj->|pobj
rel_346	Ent[ent_1161]	Ent[ent_5]	Turks	Germany	rcmod|->rcmod->make->dobj->community->poss->|poss
rel_77	Ent[ent_1161]	Ent[ent_5]	Turks	Germany	rcmod|->rcmod->live->prep->in->pobj->|pobj
rel_346	Ent[ent_1161]	Ent[ent_5]	Turks	Germany	rcmod|->rcmod->feel->prep->in->pobj->|pobj
rel_346	Ent[ent_1161]	Ent[ent_5]	Turks	Germany	rcmod|->rcmod->come->prep->to->pobj->|pobj
rel_346	Ent[ent_1161]	Ent[ent_5]	Turks	Germany	prep|->prep->among->pobj->people->poss->|poss
rel_364	Ent[ent_1228]	Ent[ent_234]	Palestinians	East Jerusalem	partmod|->partmod->live->prep->in->pobj->|pobj
rel_364	Ent[ent_1228]	Ent[ent_234]	Palestinians	East Jerusalem	nsubj|<-nsubj<-claim->dobj->|dobj
rel_182	Ent[ent_826]	Ent[ent_234]	Palestinians	East Jerusalem	nsubj|<-nsubj<-live->prep->in->pobj->|pobj
rel_182	Ent[ent_826]	Ent[ent_234]	Palestinians	East Jerusalem	rcmod|->rcmod->resident->prep->of->pobj->|pobj
rel_364	Ent[ent_1228]	Ent[ent_234]	Palestinians	East Jerusalem	nsubj|<-nsubj<-vote->prep->in->pobj->|pobj
rel_182	Ent[ent_826]	Ent[ent_234]	Palestinians	East Jerusalem	prep|->prep->with->pobj->residence->prep->in->pobj->|pobj
rel_364	Ent[ent_1228]	Ent[ent_234]	Palestinians	East Jerusalem	pobj|<-pobj<-with<-prep<-negotiate->prep->from->pobj->|pobj
rel_182	Ent[ent_826]	Ent[ent_234]	Palestinians	East Jerusalem	pobj|<-pobj<-of<-prep<-thousand<-dobj<-strip->prep->from->pobj->|pobj
rel_364	Ent[ent_1228]	Ent[ent_234]	Palestinians	East Jerusalem	pobj|<-pobj<-of<-prep<-representative->prep->in->pobj->|pobj
rel_182	Ent[ent_826]	Ent[ent_234]	Palestinians	East Jerusalem	nsubj|<-nsubj<-want->dobj->|dobj
rel_249	Ent[ent_476]	Ent[ent_818]	North Koreans	China	nsubj|<-nsubj<-live->prep->in->pobj->|pobj
rel_77	Ent[ent_476]	Ent[ent_1225]	North Koreans	China	rcmod|->rcmod->live->prep->in->pobj->|pobj
rel_77	Ent[ent_476]	Ent[ent_1225]	North Koreans	China	partmod|->partmod->live->prep->in->pobj->|pobj
rel_107	Ent[ent_476]	Ent[ent_1219]	North Koreans	China	rcmod|->rcmod->sneak->prep->into->pobj->|pobj
rel_249	Ent[ent_476]	Ent[ent_818]	North Koreans	China	rcmod|->rcmod->slip->prep->into->pobj->|pobj
rel_249	Ent[ent_476]	Ent[ent_818]	North Koreans	China	rcmod|->rcmod->remain->prep->in->pobj->|pobj
rel_249	Ent[ent_476]	Ent[ent_818]	North Koreans	China	rcmod|->rcmod->make->prep->into->pobj->|pobj
rel_203	Ent[ent_87]	Ent[ent_818]	North Koreans	China	rcmod|->rcmod->flee->prep->to->pobj->|pobj
rel_77	Ent[ent_476]	Ent[ent_1225]	North Koreans	China	rcmod|->rcmod->flee->prep->into->pobj->|pobj
rel_249	Ent[ent_476]	Ent[ent_818]	North Koreans	China	rcmod|->rcmod->cross->prep->into->pobj->|pobj
rel_337	Ent[ent_1162]	Ent[ent_226]	Mr. bin Laden	Sudan	nsubj|<-nsubj<-live->prep->in->pobj->|pobj
rel_337	Ent[ent_1162]	Ent[ent_226]	Mr. bin Laden	Sudan	poss|<-poss<-secretary->prep->in->pobj->|pobj
rel_298	Ent[ent_1162]	Ent[ent_226]	Mr. bin Laden	Sudan	nsubj|<-nsubj<-move->prep->to->pobj->|pobj
rel_298	Ent[ent_1162]	Ent[ent_226]	Mr. bin Laden	Sudan	nsubj|<-nsubj<-leave->dobj->|dobj
rel_298	Ent[ent_1162]	Ent[ent_226]	Mr. bin Laden	Sudan	poss|<-poss<-departure->prep->from->pobj->|pobj
rel_337	Ent[ent_1162]	Ent[ent_226]	Mr. bin Laden	Sudan	rcmod|->rcmod->relocate->prep->to->pobj->|pobj
rel_337	Ent[ent_1162]	Ent[ent_226]	Mr. bin Laden	Sudan	rcmod|->rcmod->press->dobj->|dobj
rel_298	Ent[ent_1162]	Ent[ent_226]	Mr. bin Laden	Sudan	rcmod|->rcmod->move->prep->from->pobj->|pobj
rel_337	Ent[ent_1162]	Ent[ent_226]	Mr. bin Laden	Sudan	prep|->prep->like->pobj->move->prep->from->dep->to->pobj->|pobj
rel_337	Ent[ent_1162]	Ent[ent_226]	Mr. bin Laden	Sudan	prep|->prep->include->pobj->factory->prep->in->pobj->|pobj
rel_142	Ent[ent_170]	Ent[ent_1176]	MARIALISA CALTA	Calais	nsubj|<-nsubj<-live->prep->in->pobj->|pobj
rel_142	Ent[ent_170]	Ent[ent_1176]	MARIALISA CALTA	Calais	nsubj|<-nsubj<-resident->prep->of->pobj->|pobj
rel_15	Ent[ent_1101]	Ent[ent_225]	Jews	Cracow	nsubj|<-nsubj<-live->prep->in->pobj->|pobj
rel_15	Ent[ent_1101]	Ent[ent_225]	Jews	Cracow	nsubj|<-nsubj<-live->dobj->town->dep->expel->prep->from->pobj->|pobj
rel_15	Ent[ent_1101]	Ent[ent_225]	Jews	Cracow	pobj|<-pobj<-for<-prep<-site<-pobj<-of<-prep<-significance<-dobj<-acknowledge->advmod->west->dep->of->pobj->|pobj
rel_77	Ent[ent_1101]	Ent[ent_1198]	Jews	Cracow	nsubjpass|<-nsubjpass<-relegate->prep->to->pobj->ghetto->nn->|nn
rel_15	Ent[ent_1101]	Ent[ent_225]	Jews	Cracow	nsubj|<-nsubj<-live->dobj->quarter->prep->of->pobj->population->poss->|poss
rel_15	Ent[ent_1101]	Ent[ent_225]	Jews	Cracow	nsubj|<-nsubj<-learn<-rcmod<-bookstore->rcmod->have->nsubj->|nsubj
rel_15	Ent[ent_1101]	Ent[ent_225]	Jews	Cracow	nsubj|<-nsubj<-be->prep->in->pobj->|pobj
rel_77	Ent[ent_467]	Ent[ent_234]	Israelis	East Jerusalem	nsubj|<-nsubj<-live->prep->in->pobj->|pobj
rel_77	Ent[ent_467]	Ent[ent_234]	Israelis	East Jerusalem	rcmod|->rcmod->live->prep->in->pobj->|pobj
rel_77	Ent[ent_467]	Ent[ent_234]	Israelis	East Jerusalem	rcmod|->rcmod->move->prep->into->pobj->|pobj
rel_77	Ent[ent_467]	Ent[ent_234]	Israelis	East Jerusalem	partmod|->partmod->live->prep->in->pobj->|pobj
rel_77	Ent[ent_467]	Ent[ent_234]	Israelis	East Jerusalem	nsubj|<-nsubj<-begin->dobj->work->prep->on->pobj->neighborhood->prep->in->pobj->|pobj
rel_77	Ent[ent_467]	Ent[ent_234]	Israelis	East Jerusalem	prep|->prep->include->pobj->land->prep->in->pobj->|pobj
rel_77	Ent[ent_467]	Ent[ent_234]	Israelis	East Jerusalem	poss|<-poss<-disrespect->prep->for->pobj->place->prep->over->pobj->|pobj
rel_77	Ent[ent_467]	Ent[ent_234]	Israelis	East Jerusalem	pobj|<-pobj<-of<-prep<-entry<-pobj<-on<-prep<-ban<-appos<-commitment->appos->participation->prep->in->pobj->|pobj
rel_77	Ent[ent_467]	Ent[ent_234]	Israelis	East Jerusalem	pobj|<-pobj<-by<-prep<-settle->prep->in->pobj->|pobj
rel_77	Ent[ent_467]	Ent[ent_234]	Israelis	East Jerusalem	pobj|<-pobj<-by<-prep<-build->prep->in->pobj->|pobj
rel_83	Ent[ent_1281]	Ent[ent_873]	Ms. Lewinsky	White House	appos|->appos->intern->nn->|nn
rel_20	Ent[ent_1281]	Ent[ent_586]	Ms. Lewinsky	White House	nsubj|<-nsubj<-visit->dobj->|dobj
rel_20	Ent[ent_1281]	Ent[ent_586]	Ms. Lewinsky	White House	nsubj|<-nsubj<-enter->dobj->|dobj
rel_20	Ent[ent_1281]	Ent[ent_586]	Ms. Lewinsky	White House	nsubj|<-nsubj<-be->prep->at->pobj->|pobj
rel_20	Ent[ent_1281]	Ent[ent_586]	Ms. Lewinsky	White House	poss|<-poss<-visit->nn->|nn
rel_83	Ent[ent_1281]	Ent[ent_873]	Ms. Lewinsky	White House	nsubj|<-nsubj<-work->prep->at->pobj->|pobj
rel_20	Ent[ent_197]	Ent[ent_586]	Ms. Lewinsky	White House	nsubj|<-nsubj<-arrive->prep->at->pobj->|pobj
rel_20	Ent[ent_1281]	Ent[ent_586]	Ms. Lewinsky	White House	poss|<-poss<-visit->prep->to->pobj->|pobj
rel_20	Ent[ent_1281]	Ent[ent_586]	Ms. Lewinsky	White House	nsubj|<-nsubj<-go->prep->to->pobj->|pobj
rel_399	Ent[ent_1281]	Ent[ent_227]	Ms. Lewinsky	White House	dobj|<-dobj<-move->prep->out->dep->of->pobj->|pobj
rel_118	Ent[ent_1164]	Ent[ent_228]	Wainwright House	Stuyvesant Avenue	nsubj|<-nsubj<-be->prep->at->pobj->|pobj
rel_28	Ent[ent_1164]	Ent[ent_228]	Wainwright House	Stuyvesant Avenue	pobj|<-pobj<-at<-prep<-take->prep->at->pobj->|pobj
rel_28	Ent[ent_1164]	Ent[ent_228]	Wainwright House	Stuyvesant Avenue	nsubj|<-nsubj<-center->prep->at->pobj->|pobj
rel_28	Ent[ent_1164]	Ent[ent_228]	Wainwright House	Stuyvesant Avenue	pobj|<-pobj<-of<-prep<-program<-pobj<-to<-prep<-donation->prep->at->pobj->|pobj
rel_28	Ent[ent_1164]	Ent[ent_228]	Wainwright House	Stuyvesant Avenue	pobj|<-pobj<-in<-prep<-schedule->prep->at->pobj->|pobj
rel_28	Ent[ent_1164]	Ent[ent_228]	Wainwright House	Stuyvesant Avenue	pobj|<-pobj<-by<-prep<-offer->prep->at->pobj->|pobj
rel_28	Ent[ent_1164]	Ent[ent_228]	Wainwright House	Stuyvesant Avenue	pobj|<-pobj<-at<-prep<-sunday->appos->|appos
rel_118	Ent[ent_1164]	Ent[ent_228]	Wainwright House	Stuyvesant Avenue	pobj|<-pobj<-at<-prep<-present->prep->at->pobj->|pobj
rel_112	Ent[ent_1164]	Ent[ent_97]	Wainwright House	Stuyvesant Avenue	pobj|<-pobj<-at<-prep<-p.m.<-pobj<-to<-prep<-a.m.<-pobj<-from<-prep<-take->prep->at->pobj->|pobj
rel_118	Ent[ent_1164]	Ent[ent_228]	Wainwright House	Stuyvesant Avenue	pobj|<-pobj<-at<-prep<-conduct->prep->at->pobj->|pobj
rel_192	Ent[ent_1165]	Ent[ent_227]	Snug Harbor	Richmond Terrace	nsubj|<-nsubj<-be->prep->at->pobj->|pobj
rel_304	Ent[ent_1165]	Ent[ent_227]	Snug Harbor	Richmond Terrace	dep|->dep->be->prep->at->pobj->|pobj
rel_304	Ent[ent_1165]	Ent[ent_227]	Snug Harbor	Richmond Terrace	trigger#-lrb-718-rrb- 273-2060 Staten_Island_Children_'s_Museum_Snug_Harbor Richmond_Terrace_Livingston source#Staten/NNP/ORGANIZATION_Island/NNP/ORGANIZATION_Children/NNP/ORGANIZATION_'s/POS/ORGANIZATION_Museum/NNP/ORGANIZATION_Snug/NNP/ORGANIZATION_Harbor/NNP/ORGANIZATION dest#Richmond/NNP/ORGANIZATION_Terrace/NNP/ORGANIZATION_Livingston/NNP/ORGANIZATION path#nn|<-nn<--lrb-718-rrb- 273-2060->nn->|nn sen#Staten_Island_Children_'s_Museum_Snug_Harbor_1000_Richmond_Terrace_Livingston_(718)_273-2060_Recommended_ages_:_All_ages_The_Staten_Island_Children_'s_Museum_has_the_honor_of_being_on_the_grounds_of_the_Snug_Harbor_Cultural_Center_,_an_80-acre_former_colony_for_weary_sailors_. rc#(718)_273-2060_Recommended
rel_192	Ent[ent_1165]	Ent[ent_227]	Snug Harbor	Richmond Terrace	trigger#-lrb-718-rrb- 273-2060 Museum_Snug_Harbor Richmond_Terrace_Livingston source#Museum/NNP/ORGANIZATION_Snug/NNP/ORGANIZATION_Harbor/NNP/ORGANIZATION dest#Richmond/NNP/ORGANIZATION_Terrace/NNP/ORGANIZATION_Livingston/NNP/ORGANIZATION path#nn|<-nn<--lrb-718-rrb- 273-2060->nn->|nn sen#'_Women_in_Art_III_'_Staten_Island_Children_'s_Museum_Snug_Harbor_1000_Richmond_Terrace_Livingston_(718)_273-2060_Recommended_ages_:_6_to_12_Tomorrow_Cynthia_Pannucci_is_in_the_middle_of_making_a_fiber-optic_lighted_Plexiglas_insect_,_which_will_float_in_a_cove_at_Battery_Park_City_in_the_summer_of_1995_. lc#'s rc#(718)_273-2060_Recommended
rel_304	Ent[ent_1165]	Ent[ent_227]	Snug Harbor	Richmond Terrace	prep|->prep->in->pobj->north->prep->off->pobj->|pobj
rel_192	Ent[ent_1165]	Ent[ent_227]	Snug Harbor	Richmond Terrace	poss|<-poss<-grounds<-pobj<-throughout<-prep<-performance<-pobj<-of<-prep<-series<-dobj<-present->prep->at->pobj->|pobj
rel_192	Ent[ent_1165]	Ent[ent_227]	Snug Harbor	Richmond Terrace	poss|<-poss<-garden<-nsubj<-mile->prep->at->pobj->|pobj
rel_304	Ent[ent_1165]	Ent[ent_227]	Snug Harbor	Richmond Terrace	pobj|<-pobj<-of<-prep<-gate<-pobj<-at<-prep<-a.m.<-pobj<-at<-prep<-meet->prep->off->pobj->|pobj
rel_192	Ent[ent_1165]	Ent[ent_227]	Snug Harbor	Richmond Terrace	pobj|<-pobj<-at<-prep<-p.m.<-pobj<-at<-prep<-perform->dobj->|dobj
rel_304	Ent[ent_1165]	Ent[ent_227]	Snug Harbor	Richmond Terrace	nn|<-nn<-recommended->nn->|nn
rel_54	Ent[ent_469]	Ent[ent_1166]	Newark Museum	Washington Street	nsubj|<-nsubj<-be->prep->at->pobj->|pobj
rel_54	Ent[ent_469]	Ent[ent_1166]	Newark Museum	Washington Street	trigger#-lrb-201-rrb- 596-6611 Weather_Machine_'_Dreyfuss_Planetarium_Newark_Museum Washington_Street source#Weather/NNP/ORGANIZATION_Machine/NNP/ORGANIZATION_'/POS/ORGANIZATION_Dreyfuss/NNP/ORGANIZATION_Planetarium/NNP/ORGANIZATION_Newark/NNP/ORGANIZATION_Museum/NNP/ORGANIZATION dest#Washington/NNP/LOCATION_Street/NNP/LOCATION path#nn|<-nn<--lrb-201-rrb- 596-6611->nn->|nn sen#'_Magic_Sky_'_'_The_Weather_Machine_'_Dreyfuss_Planetarium_Newark_Museum_49_Washington_Street_(201)_596-6611_Recommended_ages_:_3_and_up_In_this_intimate_sky_theater_,_designed_by_the_architect_Michael_Graves_,_children_get_to_blow_clouds_onto_the_dome_,_with_technological_assistance_provided_by_the_star_projector_. lc#'_The rc#(201)_596-6611_Recommended
rel_252	Ent[ent_469]	Ent[ent_1166]	Newark Museum	Washington Street	trigger#-lrb-201-rrb- 596-6550 Newark_Museum Washington_Street_University_Heights source#Newark/NNP/ORGANIZATION_Museum/NNP/ORGANIZATION dest#Washington/NNP/ORGANIZATION_Street/NNP/ORGANIZATION_University/NNP/ORGANIZATION_Heights/NNP/ORGANIZATION path#nn|<-nn<--lrb-201-rrb- 596-6550->nn->|nn sen#'_Explore_Korea_'_'_A_Visit_to_Grandfather_'s_House_'_Newark_Museum_49_Washington_Street_University_Heights_(201)_596-6550_Recommended_ages_:_4_to_12_Through_January_1997_Your_grandfather_'s_house_may_have_never_looked_this_calm_or_neat_. lc#' rc#(201)_596-6550_Recommended
rel_252	Ent[ent_469]	Ent[ent_1166]	Newark Museum	Washington Street	trigger#-lrb-201-rrb- 596-6550 Newark_Museum Washington_Street source#Newark/NNP/ORGANIZATION_Museum/NNP/ORGANIZATION dest#Washington/NNP/LOCATION_Street/NNP/LOCATION path#nn|<-nn<--lrb-201-rrb- 596-6550->nn->|nn sen#'_Through_Sisters_'_Eyes_'_'_Children_'s_Books_Illustrated_by_African-American_Women_Artists_'_Newark_Museum_49_Washington_Street_(201)_596-6550_Recommended_ages_:_7_and_up_Through_Feb._28_When_Jan_Spivey_Gilchrist_receives_a_manuscript_,_she_reads_it_several_times_before_deciding_which_medium_--_gouache_,_pencil_or_pastel_--_she_will_use_to_illustrate_the_book_. lc#' rc#(201)_596-6550
rel_54	Ent[ent_469]	Ent[ent_1166]	Newark Museum	Washington Street	trigger#-lrb-201-rrb- 596-6550 Gallery_Newark_Museum Washington_Street_Newark source#Gallery/NNP/ORGANIZATION_Newark/NNP/ORGANIZATION_Museum/NNP/ORGANIZATION dest#Washington/NNP/ORGANIZATION_Street/NNP/ORGANIZATION_Newark/NNP/ORGANIZATION path#nn|<-nn<--lrb-201-rrb- 596-6550->nn->|nn sen#Children_'s_Zoo_and_Gallery_Newark_Museum_49_Washington_Street_Newark_(201)_596-6550_Recommended_ages_:_3_and_up_Housed_inside_unprepossessing_red-brick_buildings_is_the_Newark_Museum_'s_modest_indoor_mini-zoo_and_junior_gallery_created_by_the_architect_Michael_Graves_. lc#and rc#(201)_596-6550
rel_252	Ent[ent_469]	Ent[ent_1166]	Newark Museum	Washington Street	trigger#-lrb-201-rrb- 596-6550 Art_Workshops_Newark_Museum Washington_Street_Newark source#Art/NNP/ORGANIZATION_Workshops/NNP/ORGANIZATION_Newark/NNP/ORGANIZATION_Museum/NNP/ORGANIZATION dest#Washington/NNP/ORGANIZATION_Street/NNP/ORGANIZATION_Newark/NNP/ORGANIZATION path#nn|<-nn<--lrb-201-rrb- 596-6550->nn->|nn sen#Art_Workshops_Newark_Museum_49_Washington_Street_Newark_(201)_596-6550_Recommended_ages_:_3_to_7_Weekends_through_December_The_Newark_Museum_is_the_classiest_place_in_town_,_not_only_because_its_addition_was_designed_by_Michael_Graves_,_but_also_because_it_has_a_miniature_indoor_zoo_and_a_wing_for_children_'s_exhibitions_. rc#(201)_596-6550_Recommended
rel_252	Ent[ent_469]	Ent[ent_1166]	Newark Museum	Washington Street	rcmod|->rcmod->be->prep->at->pobj->|pobj
rel_54	Ent[ent_469]	Ent[ent_1166]	Newark Museum	Washington Street	pobj|<-pobj<-to<-dep<-over<-prep<-head->prep->at->pobj->|pobj
rel_54	Ent[ent_469]	Ent[ent_1166]	Newark Museum	Washington Street	pobj|<-pobj<-at<-prep<-screening->prep->at->pobj->|pobj
rel_252	Ent[ent_469]	Ent[ent_1166]	Newark Museum	Washington Street	pobj|<-pobj<-at<-prep<-p.m.->appos->|appos
rel_323	Ent[ent_1167]	Ent[ent_229]	Film Forum	West Houston Street	nsubj|<-nsubj<-be->prep->at->pobj->|pobj
rel_323	Ent[ent_1167]	Ent[ent_229]	Film Forum	West Houston Street	pobj|<-pobj<-at<-prep<-resurrect->prep->at->pobj->|pobj
rel_323	Ent[ent_1167]	Ent[ent_229]	Film Forum	West Houston Street	pobj|<-pobj<-at<-prep<-open<-partmod<-concert->prep->at->pobj->|pobj
rel_323	Ent[ent_1167]	Ent[ent_229]	Film Forum	West Houston Street	pobj|<-pobj<-at<-prep<-feature<-pobj<-as<-prep<-today<-dep<-tension->prep->at->pobj->|pobj
rel_323	Ent[ent_1167]	Ent[ent_229]	Film Forum	West Houston Street	pobj|<-pobj<-at<-prep<-begin->prep->at->pobj->|pobj
rel_323	Ent[ent_1167]	Ent[ent_229]	Film Forum	West Houston Street	nsubj|<-nsubj<-sign->prep->at->pobj->|pobj
rel_323	Ent[ent_1167]	Ent[ent_229]	Film Forum	West Houston Street	nsubj|<-nsubj<-reopen->prep->at->pobj->|pobj
rel_323	Ent[ent_1167]	Ent[ent_229]	Film Forum	West Houston Street	nsubj|<-nsubj<-move->prep->to->pobj->|pobj
rel_323	Ent[ent_1167]	Ent[ent_229]	Film Forum	West Houston Street	nsubj|<-nsubj<-move->dobj->block->advmod->north->prep->to->pobj->|pobj
rel_323	Ent[ent_1167]	Ent[ent_229]	Film Forum	West Houston Street	nsubj|<-nsubj<-follow->advmod->|advmod
rel_54	Ent[ent_1168]	Ent[ent_1169]	Christie	Park Avenue	nsubj|<-nsubj<-be->prep->at->pobj->|pobj
rel_54	Ent[ent_1168]	Ent[ent_1169]	Christie	Park Avenue	poss|<-poss<-salesroom->nn->|nn
rel_294	Ent[ent_100]	Ent[ent_1001]	Christie	Park Avenue	appos|->appos->house->nn->|nn
rel_27	Ent[ent_236]	Ent[ent_1169]	Christie	Park Avenue	poss|<-poss<-gallery->nn->|nn
rel_54	Ent[ent_1168]	Ent[ent_1169]	Christie	Park Avenue	poss|<-poss<-sale<-pobj<-of<-prep<-session<-pobj<-in<-prep<-auction->prep->at->pobj->|pobj
rel_54	Ent[ent_1168]	Ent[ent_1169]	Christie	Park Avenue	poss|<-poss<-house->prep->on->pobj->|pobj
rel_54	Ent[ent_1168]	Ent[ent_1169]	Christie	Park Avenue	poss|<-poss<-house->nn->|nn
rel_54	Ent[ent_1168]	Ent[ent_1169]	Christie	Park Avenue	pobj|<-pobj<-at<-prep<-hold->prep->at->pobj->|pobj
rel_54	Ent[ent_1168]	Ent[ent_1169]	Christie	Park Avenue	rcmod|->rcmod->auction->prep->in->pobj->showroom->nn->|nn
rel_54	Ent[ent_1168]	Ent[ent_1169]	Christie	Park Avenue	poss|<-poss<-room->nn->|nn
rel_341	Ent[ent_240]	Ent[ent_482]	Joyce Theater	Eighth Avenue	nsubj|<-nsubj<-be->prep->at->pobj->|pobj
rel_341	Ent[ent_240]	Ent[ent_482]	Joyce Theater	Eighth Avenue	appos|<-appos<-tonight->appos->|appos
rel_341	Ent[ent_240]	Ent[ent_482]	Joyce Theater	Eighth Avenue	pobj|<-pobj<-of<-prep<-development<-pobj<-in<-prep<-instrumental->prep->at->pobj->|pobj
rel_41	Ent[ent_240]	Ent[ent_482]	Joyce Theater	Eighth Avenue	pobj|<-pobj<-at<-prep<-sunday->appos->|appos
rel_341	Ent[ent_240]	Ent[ent_482]	Joyce Theater	Eighth Avenue	dep|->dep->offer->tmod->|tmod
rel_41	Ent[ent_240]	Ent[ent_482]	Joyce Theater	Eighth Avenue	pobj|<-pobj<-of<-prep<-marquee<-pobj<-on<-prep<-take->prep->at->pobj->|pobj
rel_41	Ent[ent_240]	Ent[ent_482]	Joyce Theater	Eighth Avenue	pobj|<-pobj<-by<-prep<-present->prep->at->pobj->|pobj
rel_41	Ent[ent_240]	Ent[ent_482]	Joyce Theater	Eighth Avenue	pobj|<-pobj<-at<-prep<-theater->appos->|appos
rel_41	Ent[ent_240]	Ent[ent_482]	Joyce Theater	Eighth Avenue	pobj|<-pobj<-at<-prep<-sunday->appos->|apposâneo_performs_tonight_,_tomorrow_and_Sunday_at_the_Joyce_Theater_,_175_Eighth_Avenue_,_at_19th_Street_,_Chelsea_,_(212)_242-0800_,_joyce.org_. lex#, pos#, lc#at_the rc#,_at
rel_73	Ent[ent_240]	Ent[ent_505]	Joyce Theater	Eighth Avenue	pobj|<-pobj<-at<-prep<-p.m.->appos->|appos
rel_110	Ent[ent_481]	Ent[ent_242]	Sotheby	York Avenue	poss|<-poss<-headquarters->nn->|nn
rel_331	Ent[ent_481]	Ent[ent_484]	Sotheby	York Avenue	poss|<-poss<-salesroom->nn->|nn
rel_331	Ent[ent_481]	Ent[ent_484]	Sotheby	York Avenue	nsubj|<-nsubj<-be->prep->at->pobj->|pobj
rel_331	Ent[ent_481]	Ent[ent_484]	Sotheby	York Avenue	poss|<-poss<-headquarters->prep->on->pobj->|pobj
rel_7	Ent[ent_481]	Ent[ent_484]	Sotheby	York Avenue	poss|<-poss<-gallery->nn->|nn
rel_7	Ent[ent_481]	Ent[ent_484]	Sotheby	York Avenue	rcmod|->rcmod->buy->dep->be->prep->on->pobj->|pobj
rel_110	Ent[ent_481]	Ent[ent_242]	Sotheby	York Avenue	rcmod|->rcmod->be->prep->on->pobj->|pobj
rel_110	Ent[ent_481]	Ent[ent_242]	Sotheby	York Avenue	poss|<-poss<-showroom->nn->|nn
rel_110	Ent[ent_481]	Ent[ent_242]	Sotheby	York Avenue	poss|<-poss<-salesroom->nn->|nnó_were_seriously_fought_over_by_multiple_bidders_. lex#'s pos#POS rc#salesroom_in
rel_110	Ent[ent_481]	Ent[ent_242]	Sotheby	York Avenue	poss|<-poss<-sale<-pobj<-at<-prep<-tomorrow->nsubj->|nsubj
rel_331	Ent[ent_481]	Ent[ent_484]	Sotheby	72d Street	pobj|<-pobj<-at<-prep<-auction->prep->at->pobj->|pobj
rel_331	Ent[ent_481]	Ent[ent_484]	Sotheby	72d Street	nsubj|<-nsubj<-be->prep->at->pobj->|pobj
rel_192	Ent[ent_1150]	Ent[ent_484]	Sotheby	72d Street	pobj|<-pobj<-at<-prep<-p.m.->prep->at->pobj->|pobj
rel_331	Ent[ent_481]	Ent[ent_484]	Sotheby	72d Street	pobj|<-pobj<-at<-prep<-be->prep->at->pobj->|pobj
rel_7	Ent[ent_481]	Ent[ent_484]	Sotheby	72d Street	poss|<-poss<-headquarters<-pobj<-at<-prep<-hold->prep->at->pobj->|pobj
rel_7	Ent[ent_481]	Ent[ent_484]	Sotheby	72d Street	poss|<-poss<-gallery<-pobj<-by<-prep<-absorb->prep->at->pobj->|pobj
rel_331	Ent[ent_481]	Ent[ent_484]	Sotheby	72d Street	poss|<-poss<-door<-pobj<-through<-prep<-pass->prep->at->pobj->|pobj
rel_7	Ent[ent_481]	Ent[ent_484]	Sotheby	72d Street	poss|<-poss<-building<-dobj<-own->prep->at->pobj->|pobj
rel_331	Ent[ent_481]	Ent[ent_484]	Sotheby	72d Street	pobj|<-pobj<-to<-prep<-move->prep->at->pobj->|pobj
rel_7	Ent[ent_481]	Ent[ent_484]	Sotheby	72d Street	pobj|<-pobj<-to<-prep<-consign->prep->at->pobj->|pobj
rel_118	Ent[ent_241]	Ent[ent_483]	Montclair Art Museum	South Mountain Avenue	nsubj|<-nsubj<-be->prep->at->pobj->|pobj
rel_118	Ent[ent_241]	Ent[ent_483]	Montclair Art Museum	South Mountain Avenue	pobj|<-pobj<-at<-prep<-print->prep->at->pobj->|pobj
rel_118	Ent[ent_241]	Ent[ent_483]	Montclair Art Museum	South Mountain Avenue	pobj|<-pobj<-at<-prep<-continue->prep->at->pobj->|pobj
rel_118	Ent[ent_241]	Ent[ent_483]	Montclair Art Museum	South Mountain Avenue	nn|<-nn<-p.m.->nn->|nn
rel_118	Ent[ent_241]	Ent[ent_483]	Montclair Art Museum	South Mountain Avenue	appos|<-appos<-gallery->appos->information->nn->|nn
rel_335	Ent[ent_263]	Ent[ent_244]	Republican	Judiciary Committee	rcmod|->rcmod->chairman->prep->of->pobj->|pobj
rel_335	Ent[ent_263]	Ent[ent_244]	Republican	Judiciary Committee	rcmod|->rcmod->head->dobj->|dobj
rel_335	Ent[ent_263]	Ent[ent_244]	Republican	Judiciary Committee	amod|<-amod<-member->prep->of->pobj->|pobj
rel_335	Ent[ent_263]	Ent[ent_244]	Republican	Judiciary Committee	rcmod|->rcmod->member->prep->of->pobj->|pobj
rel_335	Ent[ent_263]	Ent[ent_244]	Republican	Judiciary Committee	nn|<-nn<-chairman->prep->of->pobj->|pobj
rel_335	Ent[ent_263]	Ent[ent_244]	Republican	Judiciary Committee	rcmod|->rcmod->lead->dobj->|dobj
rel_180	Ent[ent_835]	Ent[ent_244]	Republican	Judiciary Committee	rcmod|->rcmod->sit->prep->on->pobj->|pobj
rel_335	Ent[ent_263]	Ent[ent_244]	Republican	Judiciary Committee	rcmod|->rcmod->serve->prep->on->pobj->|pobj
rel_335	Ent[ent_263]	Ent[ent_244]	Republican	Judiciary Committee	rcmod|->rcmod->be->prep->on->pobj->|pobj
rel_335	Ent[ent_263]	Ent[ent_244]	Republican	Judiciary Committee	appos|->appos->chairman->prep->of->pobj->|pobj
rel_335	Ent[ent_263]	Ent[ent_486]	Republican	Finance Committee	rcmod|->rcmod->chairman->prep->of->pobj->|pobj
rel_335	Ent[ent_263]	Ent[ent_486]	Republican	Finance Committee	rcmod|->rcmod->head->dobj->|dobj
rel_335	Ent[ent_263]	Ent[ent_486]	Republican	Finance Committee	amod|<-amod<-member->prep->of->pobj->|pobj
rel_335	Ent[ent_263]	Ent[ent_486]	Republican	Finance Committee	rcmod|->rcmod->member->prep->of->pobj->|pobj
rel_335	Ent[ent_263]	Ent[ent_486]	Republican	Finance Committee	rcmod|->rcmod->sit->prep->on->pobj->|pobj
rel_294	Ent[ent_745]	Ent[ent_486]	Republican	Finance Committee	rcmod|->rcmod->lead->dobj->|dobj
rel_335	Ent[ent_263]	Ent[ent_486]	Republican	Finance Committee	nn|<-nn<-nomination->rcmod->join->dobj->|dobj
rel_335	Ent[ent_263]	Ent[ent_486]	Republican	Finance Committee	nn|<-nn<-chairman->prep->of->pobj->|pobj
rel_335	Ent[ent_263]	Ent[ent_486]	Republican	Finance Committee	rcmod|->rcmod->steer->prep->as->pobj->chairman->nn->|nn
rel_335	Ent[ent_263]	Ent[ent_486]	Republican	Finance Committee	rcmod|->rcmod->sponsor->prep->of->pobj->bill->nn->|nn
rel_335	Ent[ent_263]	Ent[ent_1170]	Republican	Ways and Means Committee	rcmod|->rcmod->chairman->prep->of->pobj->|pobj
rel_335	Ent[ent_263]	Ent[ent_1170]	Republican	Ways and Means Committee	rcmod|->rcmod->head->dobj->|dobj
rel_335	Ent[ent_263]	Ent[ent_1170]	Republican	Ways and Means Committee	nn|<-nn<-chairman->prep->of->pobj->|pobj
rel_335	Ent[ent_263]	Ent[ent_1170]	Republican	Ways and Means Committee	amod|<-amod<-member->prep->of->pobj->|pobj
rel_335	Ent[ent_263]	Ent[ent_1170]	Republican	Ways and Means Committee	rcmod|->rcmod->serve->prep->on->pobj->|pobj
rel_335	Ent[ent_263]	Ent[ent_1170]	Republican	Ways and Means Committee	rcmod|->rcmod->member->prep->of->pobj->|pobj
rel_335	Ent[ent_263]	Ent[ent_1170]	Republican	Ways and Means Committee	prep|->prep->on->pobj->subcommittee->prep->of->pobj->|pobj
rel_191	Ent[ent_534]	Ent[ent_1170]	Republican	Ways and Means Committee	rcmod|->rcmod->member->prep->on->pobj->|pobj
rel_335	Ent[ent_263]	Ent[ent_1170]	Republican	Ways and Means Committee	rcmod|->rcmod->supervise->prep->as->pobj->chairman->prep->of->pobj->|pobj
rel_335	Ent[ent_263]	Ent[ent_1170]	Republican	Ways and Means Committee	rcmod|->rcmod->oversee->prep->as->pobj->chairman->prep->of->pobj->|pobj
rel_335	Ent[ent_1273]	Ent[ent_243]	Democrat	Armed Services Committee	rcmod|->rcmod->head->dobj->|dobj
rel_335	Ent[ent_1273]	Ent[ent_243]	Democrat	Armed Services Committee	rcmod|->rcmod->chairman->prep->of->pobj->|pobj
rel_335	Ent[ent_1273]	Ent[ent_243]	Democrat	Armed Services Committee	rcmod|->rcmod->member->prep->of->pobj->|pobj
rel_335	Ent[ent_1273]	Ent[ent_243]	Democrat	Armed Services Committee	rcmod|->rcmod->serve->prep->on->pobj->|pobj
rel_399	Ent[ent_1]	Ent[ent_243]	Democrat	Armed Services Committee	rcmod|->rcmod->sit->prep->on->pobj->|pobj
rel_335	Ent[ent_1273]	Ent[ent_243]	Democrat	Armed Services Committee	rcmod|->rcmod->chair->dobj->|dobj
rel_134	Ent[ent_1037]	Ent[ent_243]	Democrat	Armed Services Committee	rcmod|->rcmod->lead->dobj->|dobj
rel_335	Ent[ent_1273]	Ent[ent_243]	Democrat	Armed Services Committee	rcmod|->rcmod->be->prep->on->pobj->|pobj
rel_335	Ent[ent_1273]	Ent[ent_243]	Democrat	Armed Services Committee	rcmod|->rcmod->succeed->prep->as->pobj->chairman->prep->of->pobj->|pobj
rel_335	Ent[ent_1273]	Ent[ent_243]	Democrat	Armed Services Committee	rcmod|->rcmod->serve->prep->as->pobj->chairman->prep->of->pobj->|pobj
rel_335	Ent[ent_1273]	Ent[ent_485]	Democrat	Senate Armed Services Committee	rcmod|->rcmod->chairman->prep->of->pobj->|pobj
rel_335	Ent[ent_1273]	Ent[ent_485]	Democrat	Senate Armed Services Committee	rcmod|->rcmod->head->dobj->|dobj
rel_335	Ent[ent_1273]	Ent[ent_485]	Democrat	Senate Armed Services Committee	rcmod|->rcmod->chair->dobj->|dobj
rel_335	Ent[ent_1273]	Ent[ent_485]	Democrat	Senate Armed Services Committee	rcmod|->rcmod->member->prep->of->pobj->|pobj
rel_335	Ent[ent_1273]	Ent[ent_485]	Democrat	Senate Armed Services Committee	rcmod|->rcmod->serve->prep->on->pobj->|pobj
rel_335	Ent[ent_1273]	Ent[ent_485]	Democrat	Senate Armed Services Committee	rcmod|->rcmod->head->prep->of->pobj->|pobj
rel_335	Ent[ent_1273]	Ent[ent_485]	Democrat	Senate Armed Services Committee	rcmod|->rcmod->be->prep->on->pobj->|pobj
rel_335	Ent[ent_1273]	Ent[ent_485]	Democrat	Senate Armed Services Committee	rcmod|->rcmod->serve->prep->as->pobj->chairman->prep->of->pobj->|pobj
rel_335	Ent[ent_1273]	Ent[ent_485]	Democrat	Senate Armed Services Committee	rcmod|->rcmod->chairman->prep->of->pobj->panel->poss->|poss
rel_335	Ent[ent_1273]	Ent[ent_485]	Democrat	Senate Armed Services Committee	rcmod|->rcmod->chairman->prep->of->pobj->panel->nn->|nn
rel_335	Ent[ent_263]	Ent[ent_1171]	Republican	House Ways and Means Committee	rcmod|->rcmod->chairman->prep->of->pobj->|pobj
rel_335	Ent[ent_263]	Ent[ent_1171]	Republican	House Ways and Means Committee	rcmod|->rcmod->head->dobj->|dobj
rel_335	Ent[ent_263]	Ent[ent_1171]	Republican	House Ways and Means Committee	nn|<-nn<-chairman->prep->of->pobj->|pobj
rel_335	Ent[ent_263]	Ent[ent_1171]	Republican	House Ways and Means Committee	amod|<-amod<-chairman->prep->of->pobj->|pobj
rel_335	Ent[ent_534]	Ent[ent_1086]	Republican	House Ways and Means Committee	amod|<-amod<-member->prep->of->pobj->|pobj
rel_335	Ent[ent_263]	Ent[ent_1171]	Republican	House Ways and Means Committee	rcmod|->rcmod->lead->dobj->|dobj
rel_335	Ent[ent_263]	Ent[ent_1171]	Republican	House Ways and Means Committee	rcmod|->rcmod->retire->prep->as->pobj->chairman->prep->of->pobj->|pobj
rel_335	Ent[ent_263]	Ent[ent_1171]	Republican	House Ways and Means Committee	rcmod|->rcmod->head->dobj->subcommittee->prep->of->pobj->|pobj
rel_335	Ent[ent_263]	Ent[ent_1171]	Republican	House Ways and Means Committee	rcmod|->rcmod->chair->dobj->|dobj
rel_335	Ent[ent_263]	Ent[ent_1171]	Republican	House Ways and Means Committee	nn|<-nn<-member->prep->of->pobj->|pobj
rel_335	Ent[ent_246]	Ent[ent_1171]	Illinois Democrat	House Ways and Means Committee	rcmod|->rcmod->chairman->prep->of->pobj->|pobj
rel_335	Ent[ent_246]	Ent[ent_1171]	Illinois Democrat	House Ways and Means Committee	rcmod|->rcmod->head->dobj->|dobj
rel_335	Ent[ent_246]	Ent[ent_1171]	Illinois Democrat	House Ways and Means Committee	rcmod|->rcmod->step->prep->as->pobj->chairman->prep->of->pobj->|pobj
rel_192	Ent[ent_246]	Ent[ent_1086]	Illinois Democrat	House Ways and Means Committee	rcmod|->rcmod->run->dobj->|dobj
rel_335	Ent[ent_246]	Ent[ent_1171]	Illinois Democrat	House Ways and Means Committee	rcmod|->rcmod->chairman->prep->of->pobj->say->nsubj->|nsubj
rel_335	Ent[ent_1273]	Ent[ent_488]	Democrat	House Armed Services Committee	rcmod|->rcmod->chairman->prep->of->pobj->|pobj
rel_335	Ent[ent_1273]	Ent[ent_488]	Democrat	House Armed Services Committee	rcmod|->rcmod->head->dobj->|dobj
rel_335	Ent[ent_1273]	Ent[ent_488]	Democrat	House Armed Services Committee	rcmod|->rcmod->member->prep->of->pobj->|pobj
rel_335	Ent[ent_1273]	Ent[ent_488]	Democrat	House Armed Services Committee	rcmod|->rcmod->chair->dobj->|dobj
rel_335	Ent[ent_1273]	Ent[ent_488]	Democrat	House Armed Services Committee	rcmod|->rcmod->be->prep->on->pobj->|pobj
rel_335	Ent[ent_1273]	Ent[ent_488]	Democrat	House Armed Services Committee	rcmod|->rcmod->succeed->prep->as->pobj->head->prep->of->pobj->|pobj
rel_335	Ent[ent_1273]	Ent[ent_488]	Democrat	House Armed Services Committee	rcmod|->rcmod->sit->prep->on->pobj->|pobj
rel_335	Ent[ent_1273]	Ent[ent_488]	Democrat	House Armed Services Committee	rcmod|->rcmod->serve->prep->on->pobj->|pobj
rel_263	Ent[ent_1037]	Ent[ent_488]	Democrat	House Armed Services Committee	rcmod|->rcmod->serve->prep->as->pobj->chairman->prep->of->pobj->|pobj
rel_335	Ent[ent_1273]	Ent[ent_488]	Democrat	House Armed Services Committee	rcmod|->rcmod->travel->prep->for->pobj->|pobj
rel_335	Ent[ent_534]	Ent[ent_1172]	Republican	Senate Finance Committee	rcmod|->rcmod->chairman->prep->of->pobj->|pobj
rel_93	Ent[ent_263]	Ent[ent_1172]	Republican	Senate Finance Committee	rcmod|->rcmod->head->dobj->|dobj
rel_335	Ent[ent_534]	Ent[ent_1172]	Republican	Senate Finance Committee	nn|<-nn<-chairman->prep->of->pobj->|pobj
rel_335	Ent[ent_534]	Ent[ent_1172]	Republican	Senate Finance Committee	rcmod|->rcmod->member->prep->of->pobj->|pobj
rel_335	Ent[ent_534]	Ent[ent_1172]	Republican	Senate Finance Committee	amod|<-amod<-member->prep->of->pobj->|pobj
rel_335	Ent[ent_534]	Ent[ent_1172]	Republican	Senate Finance Committee	rcmod|->rcmod->lead->dobj->|dobj
rel_335	Ent[ent_534]	Ent[ent_1172]	Republican	Senate Finance Committee	rcmod|->rcmod->chair->dobj->|dobj
rel_93	Ent[ent_263]	Ent[ent_1172]	Republican	Senate Finance Committee	prep|->prep->on->pobj->subcommittee->poss->|poss
rel_93	Ent[ent_263]	Ent[ent_1172]	Republican	Senate Finance Committee	dep|<-dep<-respectively->dep->on->pobj->|pobj
rel_399	Ent[ent_835]	Ent[ent_1172]	Republican	Senate Finance Committee	appos|->appos->chairman->prep->of->pobj->|pobj
rel_335	Ent[ent_263]	Ent[ent_245]	Republican	Senate Foreign Relations Committee	rcmod|->rcmod->chairman->prep->of->pobj->|pobj
rel_335	Ent[ent_263]	Ent[ent_245]	Republican	Senate Foreign Relations Committee	amod|<-amod<-member->prep->of->pobj->|pobj
rel_335	Ent[ent_263]	Ent[ent_245]	Republican	Senate Foreign Relations Committee	rcmod|->rcmod->head->dobj->|dobj
rel_335	Ent[ent_263]	Ent[ent_245]	Republican	Senate Foreign Relations Committee	amod|<-amod<-chairman->prep->of->pobj->|pobj
rel_335	Ent[ent_263]	Ent[ent_245]	Republican	Senate Foreign Relations Committee	nn|<-nn<-chairman->prep->of->pobj->|pobj
rel_335	Ent[ent_263]	Ent[ent_245]	Republican	Senate Foreign Relations Committee	amod|<-amod<-staff->prep->of->pobj->|pobj
rel_335	Ent[ent_263]	Ent[ent_245]	Republican	Senate Foreign Relations Committee	amod|<-amod<-counsel->prep->to->pobj->|pobj
rel_15	Ent[ent_626]	Ent[ent_245]	Republican	Senate Foreign Relations Committee	pobj|<-pobj<-of<-prep<-seat->prep->on->pobj->|pobj
rel_15	Ent[ent_626]	Ent[ent_245]	Republican	Senate Foreign Relations Committee	pobj|<-pobj<-by<-prep<-maneuver->prep->accord->dep->to->pobj->member->prep->of->pobj->|pobj
rel_335	Ent[ent_263]	Ent[ent_245]	Republican	Senate Foreign Relations Committee	amod|<-amod<-member->prep->on->pobj->|pobj
rel_353	Ent[ent_819]	Ent[ent_1275]	Democrats	House	nsubj|<-nsubj<-control->dobj->|dobj
rel_15	Ent[ent_1015]	Ent[ent_1268]	Democrats	House	nsubj|<-nsubj<-take->dobj->|dobj
rel_192	Ent[ent_819]	Ent[ent_1268]	Democrats	House	nsubj|<-nsubj<-win->dobj->|dobj
rel_15	Ent[ent_1015]	Ent[ent_1268]	Democrats	House	nsubj|<-nsubj<-take->dobj->control->prep->of->pobj->|pobj
rel_192	Ent[ent_819]	Ent[ent_1268]	Democrats	House	rcmod|->rcmod->control->dobj->|dobj
rel_353	Ent[ent_819]	Ent[ent_1275]	Democrats	House	prep|->prep->on->pobj->committee->nn->|nn
rel_192	Ent[ent_819]	Ent[ent_1268]	Democrats	House	nsubj|<-nsubj<-regain->dobj->control->prep->of->pobj->|pobj
rel_110	Ent[ent_1150]	Ent[ent_1268]	Democrats	House	nsubj|<-nsubj<-lose->dobj->control->prep->of->pobj->|pobj
rel_192	Ent[ent_819]	Ent[ent_1268]	Democrats	House	dobj|<-dobj<-elect->prep->to->pobj->|pobj
rel_353	Ent[ent_819]	Ent[ent_1275]	Democrats	House	nsubj|<-nsubj<-win->dobj->control->prep->of->pobj->|pobj
rel_353	Ent[ent_404]	Ent[ent_1240]	Muppets	Manhattan	nsubj|<-nsubj<-take->dobj->|dobj
rel_185	Ent[ent_404]	Ent[ent_333]	Muppets	Manhattan	dep|->dep->take->dobj->|dobj
rel_353	Ent[ent_819]	Ent[ent_1197]	Democrats	Senate	nsubj|<-nsubj<-control->dobj->|dobj
rel_142	Ent[ent_1015]	Ent[ent_1203]	Democrats	Senate	nsubj|<-nsubj<-take->dobj->control->prep->of->pobj->|pobj
rel_395	Ent[ent_819]	Ent[ent_1124]	Democrats	Senate	nsubj|<-nsubj<-regain->dobj->control->prep->of->pobj->|pobj
rel_353	Ent[ent_819]	Ent[ent_1197]	Democrats	Senate	rcmod|->rcmod->control->dobj->|dobj
rel_353	Ent[ent_819]	Ent[ent_1197]	Democrats	Senate	nsubj|<-nsubj<-hold->prep->in->pobj->|pobj
rel_5	Ent[ent_1150]	Ent[ent_1197]	Democrats	Senate	nn|<-nn<-control->prep->of->pobj->|pobj
rel_192	Ent[ent_1015]	Ent[ent_1271]	Democrats	Senate	dobj|<-dobj<-elect->prep->to->pobj->|pobj
rel_353	Ent[ent_819]	Ent[ent_1197]	Democrats	Senate	nsubj|<-nsubj<-retain->dobj->control->prep->of->pobj->|pobj
rel_353	Ent[ent_819]	Ent[ent_1197]	Democrats	Senate	prep|->prep->on->pobj->committee->nn->|nn
rel_353	Ent[ent_819]	Ent[ent_1197]	Democrats	Senate	nsubj|<-nsubj<-win->dobj->|dobj
rel_154	Ent[ent_816]	Ent[ent_189]	Republicans	Congress	nsubj|<-nsubj<-take->dobj->control->prep->of->pobj->|pobj
rel_353	Ent[ent_816]	Ent[ent_872]	Republicans	Congress	nsubj|<-nsubj<-win->dobj->control->prep->of->pobj->|pobj
rel_192	Ent[ent_767]	Ent[ent_189]	Republicans	Congress	rcmod|->rcmod->control->dobj->|dobj
rel_192	Ent[ent_767]	Ent[ent_189]	Republicans	Congress	nsubj|<-nsubj<-take->prep->over->pobj->|pobj
rel_353	Ent[ent_816]	Ent[ent_872]	Republicans	Congress	nsubj|<-nsubj<-gain->dobj->control->prep->of->pobj->|pobj
rel_353	Ent[ent_312]	Ent[ent_189]	Republicans	Congress	nsubj|<-nsubj<-control->dobj->|dobj
rel_353	Ent[ent_816]	Ent[ent_872]	Republicans	Congress	nsubj|<-nsubj<-retain->dobj->control->prep->of->pobj->|pobj
rel_353	Ent[ent_816]	Ent[ent_872]	Republicans	Congress	prep|->prep->in->pobj->control->prep->of->pobj->|pobj
rel_353	Ent[ent_816]	Ent[ent_872]	Republicans	Congress	nsubj|<-nsubj<-control->dobj->house->prep->of->pobj->|pobj
rel_154	Ent[ent_816]	Ent[ent_189]	Republicans	Congress	nsubj|<-nsubj<-push->prep->through->pobj->|pobj
rel_330	Ent[ent_816]	Ent[ent_1268]	Republicans	House	nsubj|<-nsubj<-take->dobj->control->prep->of->pobj->|pobj
rel_330	Ent[ent_816]	Ent[ent_1268]	Republicans	House	nsubj|<-nsubj<-control->dobj->|dobj
rel_353	Ent[ent_816]	Ent[ent_811]	Republicans	House	nsubj|<-nsubj<-win->dobj->control->prep->of->pobj->|pobj
rel_353	Ent[ent_816]	Ent[ent_811]	Republicans	House	rcmod|->rcmod->control->dobj->|dobj
rel_353	Ent[ent_816]	Ent[ent_811]	Republicans	House	prep|->prep->on->pobj->committee->nn->|nn
rel_353	Ent[ent_816]	Ent[ent_811]	Republicans	House	nsubj|<-nsubj<-retain->dobj->control->prep->of->pobj->|pobj
rel_192	Ent[ent_816]	Ent[ent_1275]	Republicans	House	nsubj|<-nsubj<-win->dobj->|dobj
rel_330	Ent[ent_816]	Ent[ent_1268]	Republicans	House	nn|<-nn<-control->prep->of->pobj->|pobj
rel_134	Ent[ent_312]	Ent[ent_1268]	Republicans	House	nsubj|<-nsubj<-keep->dobj->control->prep->of->pobj->|pobj
rel_192	Ent[ent_816]	Ent[ent_1275]	Republicans	House	nsubj|<-nsubj<-hold->prep->in->pobj->|pobj
rel_192	Ent[ent_1173]	Ent[ent_480]	Taliban	Kabul	nn|<-nn<-north->prep->of->pobj->|pobj
rel_192	Ent[ent_1173]	Ent[ent_480]	Taliban	Kabul	nsubj|<-nsubj<-seize->dobj->|dobj
rel_192	Ent[ent_1173]	Ent[ent_480]	Taliban	Kabul	nsubj|<-nsubj<-take->dobj->|dobj
rel_192	Ent[ent_1173]	Ent[ent_480]	Taliban	Kabul	nsubj|<-nsubj<-flee->dobj->|dobj
rel_192	Ent[ent_1173]	Ent[ent_480]	Taliban	Kabul	nsubj|<-nsubj<-capture->dobj->|dobj
rel_9	Ent[ent_1173]	Ent[ent_480]	Taliban	Kabul	nsubj|<-nsubj<-march->prep->into->pobj->|pobj
rel_192	Ent[ent_1173]	Ent[ent_480]	Taliban	Kabul	nsubj|<-nsubj<-abandon->dobj->|dobj
rel_192	Ent[ent_1173]	Ent[ent_480]	Taliban	Kabul	nn|<-nn<-seizure->prep->of->pobj->|pobj
rel_192	Ent[ent_1173]	Ent[ent_480]	Taliban	Kabul	nsubj|<-nsubj<-withdraw->prep->from->pobj->|pobj
rel_192	Ent[ent_1173]	Ent[ent_480]	Taliban	Kabul	nsubj|<-nsubj<-take->prep->in->pobj->|pobj
rel_142	Ent[ent_1157]	Ent[ent_648]	Iraq	Kuwait	poss|<-poss<-invasion->prep->of->pobj->|pobj
rel_142	Ent[ent_492]	Ent[ent_648]	Iraq	Kuwait	nsubj|<-nsubj<-invade->dobj->|dobj
rel_142	Ent[ent_492]	Ent[ent_648]	Iraq	Kuwait	nsubj|<-nsubj<-withdraw->prep->from->pobj->|pobj
rel_142	Ent[ent_492]	Ent[ent_648]	Iraq	Kuwait	poss|<-poss<-occupation->prep->of->pobj->|pobj
rel_142	Ent[ent_1157]	Ent[ent_648]	Iraq	Kuwait	poss|<-poss<-withdrawal->prep->from->pobj->|pobj
rel_142	Ent[ent_492]	Ent[ent_648]	Iraq	Kuwait	dobj|<-dobj<-drive->prep->out->dep->of->pobj->|pobj
rel_142	Ent[ent_492]	Ent[ent_648]	Iraq	Kuwait	dobj|<-dobj<-force->prep->out->dep->of->pobj->|pobj
rel_142	Ent[ent_492]	Ent[ent_648]	Iraq	Kuwait	nsubj|<-nsubj<-leave->dobj->|dobj
rel_142	Ent[ent_492]	Ent[ent_648]	Iraq	Kuwait	dobj|<-dobj<-drive->prep->from->pobj->|pobj
rel_142	Ent[ent_1157]	Ent[ent_648]	Iraq	Kuwait	pobj|<-pobj<-on<-prep<-impose->prep->after->pobj->invasion->prep->of->pobj->|pobj
rel_192	Ent[ent_819]	Ent[ent_1268]	Democrats	White House	nsubj|<-nsubj<-win->dobj->|dobj
rel_353	Ent[ent_819]	Ent[ent_586]	Democrats	White House	nsubj|<-nsubj<-control->dobj->|dobj
rel_185	Ent[ent_819]	Ent[ent_227]	Democrats	White House	nsubj|<-nsubj<-accuse->dobj->|dobj
rel_353	Ent[ent_819]	Ent[ent_586]	Democrats	White House	nsubj|<-nsubj<-hold->dobj->|dobj
rel_353	Ent[ent_819]	Ent[ent_586]	Democrats	White House	nsubj|<-nsubj<-take->dobj->|dobj
rel_353	Ent[ent_819]	Ent[ent_586]	Democrats	White House	nsubj|<-nsubj<-lose->dobj->|dobj
rel_353	Ent[ent_819]	Ent[ent_586]	Democrats	White House	nsubj|<-nsubj<-criticize->dobj->|dobj
rel_353	Ent[ent_819]	Ent[ent_586]	Democrats	White House	nsubj|<-nsubj<-be->prep->in->pobj->|pobj
rel_353	Ent[ent_819]	Ent[ent_586]	Democrats	White House	partmod|->partmod->accuse->dobj->|dobj
rel_353	Ent[ent_819]	Ent[ent_586]	Democrats	White House	nsubj|<-nsubj<-urge->dobj->|dobj
rel_379	Ent[ent_646]	Ent[ent_237]	David	Goliath	dobj|<-dobj<-play->prep->to->pobj->|pobj
rel_379	Ent[ent_646]	Ent[ent_237]	David	Goliath	nsubj|<-nsubj<-fight->dobj->|dobj
rel_134	Ent[ent_646]	Ent[ent_237]	David	Goliath	nsubj|<-nsubj<-take->dobj->|dobj
rel_134	Ent[ent_646]	Ent[ent_237]	David	Goliath	nsubj|<-nsubj<-battle->dobj->|dobj
rel_379	Ent[ent_646]	Ent[ent_237]	David	Goliath	nsubj|<-nsubj<-beat->dobj->|dobj
rel_134	Ent[ent_646]	Ent[ent_237]	David	Goliath	partmod|->partmod->fight->dobj->|dobj
rel_134	Ent[ent_646]	Ent[ent_237]	David	Goliath	poss|<-poss<-triumph->prep->over->pobj->|pobj
rel_379	Ent[ent_646]	Ent[ent_237]	David	Goliath	pobj|<-pobj<-from<-prep<-tv<-pobj<-on<-prep<-change->prep->to->pobj->|pobj
rel_379	Ent[ent_646]	Ent[ent_237]	David	Goliath	partmod|->partmod->face->dobj->|dobj
rel_134	Ent[ent_646]	Ent[ent_237]	David	Goliath	nsubj|<-nsubj<-win->prep->over->pobj->|pobj
rel_28	Ent[ent_1225]	Ent[ent_479]	China	Hong Kong	poss|<-poss<-takeover->prep->of->pobj->|pobj
rel_298	Ent[ent_1219]	Ent[ent_479]	China	Hong Kong	nsubj|<-nsubj<-take->dobj->|dobj
rel_28	Ent[ent_1225]	Ent[ent_479]	China	Hong Kong	nsubj|<-nsubj<-resume->dobj->sovereignty->prep->over->pobj->|pobj
rel_337	Ent[ent_818]	Ent[ent_479]	China	Hong Kong	pobj|<-pobj<-in<-prep<-bear->prep->to->pobj->parent->nn->|nn
rel_28	Ent[ent_1225]	Ent[ent_479]	China	Hong Kong	nsubj|<-nsubj<-take->dobj->control->prep->of->pobj->|pobj
rel_337	Ent[ent_818]	Ent[ent_479]	China	Hong Kong	poss|<-poss<-plan->prep->for->pobj->|pobj
rel_28	Ent[ent_1225]	Ent[ent_479]	China	Hong Kong	poss|<-poss<-official->prep->in->pobj->|pobj
rel_28	Ent[ent_1225]	Ent[ent_479]	China	Hong Kong	poss|<-poss<-approach->prep->to->pobj->|pobj
rel_28	Ent[ent_1225]	Ent[ent_479]	China	Hong Kong	nsubj|<-nsubj<-take->dobj->possession->prep->of->pobj->|pobj
rel_337	Ent[ent_818]	Ent[ent_479]	China	Hong Kong	poss|<-poss<-subsidiary->nn->|nn
rel_180	Ent[ent_1174]	Ent[ent_1239]	Mel Stottlemyre	Yankees	appos|->appos->coach->poss->|poss
rel_180	Ent[ent_1174]	Ent[ent_1239]	Mel Stottlemyre	Yankees	pobj|<-pobj<-with<-prep<-tie->prep->for->pobj->place->prep->on->pobj->list->poss->|poss
rel_180	Ent[ent_1174]	Ent[ent_1239]	Mel Stottlemyre	Yankees	pobj|<-pobj<-for<-prep<-play->nsubj->|nsubj
rel_246	Ent[ent_1174]	Ent[ent_646]	Mel Stottlemyre	Yankees	partmod|->partmod->pitch->nsubj->|nsubj
rel_180	Ent[ent_1174]	Ent[ent_1239]	Mel Stottlemyre	Yankees	nsubj|<-nsubj<-tell->dep->go->dobj->game->prep->with->pobj->|pobj
rel_25	Ent[ent_1174]	Ent[ent_1004]	Mel Stottlemyre	Yankees	nsubj|<-nsubj<-retire->prep->as->pobj->coach->poss->|poss
rel_246	Ent[ent_1174]	Ent[ent_646]	Mel Stottlemyre	Yankees	nsubj|<-nsubj<-pitcher->prep->with->pobj->|pobj
rel_25	Ent[ent_1174]	Ent[ent_1004]	Mel Stottlemyre	Yankees	nsubj|<-nsubj<-lean->prep->on->pobj->edge->prep->of->pobj->bench->poss->|poss
rel_180	Ent[ent_1174]	Ent[ent_1239]	Mel Stottlemyre	Yankees	nsubj|<-nsubj<-continue->prep->as->pobj->coach->poss->|poss
rel_25	Ent[ent_1174]	Ent[ent_1004]	Mel Stottlemyre	Yankees	nsubj|<-nsubj<-coach->prep->for->pobj->|pobj
rel_119	Ent[ent_236]	Ent[ent_478]	Lou Carnesecca	St. John	appos|->appos->coach->poss->|poss
rel_119	Ent[ent_236]	Ent[ent_478]	Lou Carnesecca	St. John	poss|<-poss<-victory->rcmod->top->dobj->coach->poss->|poss
rel_119	Ent[ent_236]	Ent[ent_478]	Lou Carnesecca	St. John	pobj|<-pobj<-include<-prep<-player<-pobj<-of<-prep<-many<-amod<-coach->poss->|poss
rel_119	Ent[ent_236]	Ent[ent_478]	Lou Carnesecca	St. John	nsubj|<-nsubj<-guide->dobj->fortune->poss->|poss
rel_119	Ent[ent_236]	Ent[ent_478]	Lou Carnesecca	St. John	dobj|<-dobj<-coach<-dep<-ask->prep->about->pobj->start->poss->|poss
rel_119	Ent[ent_236]	Ent[ent_478]	Lou Carnesecca	St. John	appos|->appos->coach->prep->at->pobj->|pobj
rel_119	Ent[ent_236]	Ent[ent_478]	Lou Carnesecca	St. John	rcmod|->rcmod->leave->dobj->|dobj
rel_119	Ent[ent_236]	Ent[ent_478]	Lou Carnesecca	St. John	rcmod|->rcmod->ambassador->prep->at->pobj->university->poss->|poss
rel_119	Ent[ent_236]	Ent[ent_478]	Lou Carnesecca	St. John	prep|->prep->of->pobj->trap->poss->|poss
rel_119	Ent[ent_236]	Ent[ent_478]	Lou Carnesecca	St. John	poss|<-poss<-season<-pobj<-in<-prep<-game->prep->at->pobj->|pobj
rel_180	Ent[ent_1175]	Ent[ent_308]	Stu Jackson	Knicks	appos|->appos->coach->poss->|poss
rel_180	Ent[ent_1175]	Ent[ent_308]	Stu Jackson	Knicks	appos|->appos->coach->nn->|nn
rel_294	Ent[ent_1175]	Ent[ent_128]	Stu Jackson	Knicks	nsubj|<-nsubj<-remind->dobj->|dobj
rel_319	Ent[ent_1175]	Ent[ent_1111]	Stu Jackson	Knicks	nsubj|<-nsubj<-put->dobj->|dobj
rel_180	Ent[ent_1175]	Ent[ent_308]	Stu Jackson	Knicks	nsubj|<-nsubj<-coach->poss->|poss
rel_180	Ent[ent_1175]	Ent[ent_308]	Stu Jackson	Knicks	appos|->appos->coach->prep->of->pobj->|pobj
rel_319	Ent[ent_1175]	Ent[ent_1111]	Stu Jackson	Knicks	rcmod|->rcmod->dismiss->prep->as->pobj->coach->poss->|poss
rel_294	Ent[ent_1175]	Ent[ent_128]	Stu Jackson	Knicks	poss|<-poss<-role->prep->in->pobj->victory->poss->|poss
rel_294	Ent[ent_1175]	Ent[ent_128]	Stu Jackson	Knicks	pobj|<-pobj<-to<-dep<-from<-prep<-change<-pobj<-with<-prep<-appear<-dep<-weapon->appos->|appos
rel_180	Ent[ent_1175]	Ent[ent_308]	Stu Jackson	Knicks	nsubjpass|<-nsubjpass<-dismiss->prep->as->pobj->coach->prep->of->pobj->|pobj
rel_185	Ent[ent_239]	Ent[ent_561]	Bill Parcells	Giants	appos|->appos->coach->poss->|poss
rel_185	Ent[ent_239]	Ent[ent_561]	Bill Parcells	Giants	appos|->appos->coach->prep->of->pobj->|pobj
rel_185	Ent[ent_239]	Ent[ent_561]	Bill Parcells	Giants	appos|->appos->coach->nn->|nn
rel_180	Ent[ent_889]	Ent[ent_561]	Bill Parcells	Giants	rcmod|->rcmod->coach->dobj->|dobj
rel_185	Ent[ent_239]	Ent[ent_561]	Bill Parcells	Giants	nsubj|<-nsubj<-coach->poss->|poss
rel_185	Ent[ent_239]	Ent[ent_561]	Bill Parcells	Giants	dep|->dep->coach->poss->|poss
rel_136	Ent[ent_239]	Ent[ent_108]	Bill Parcells	Giants	nsubj|<-nsubj<-coach->dobj->|dobj
rel_185	Ent[ent_239]	Ent[ent_561]	Bill Parcells	Giants	rcmod|->rcmod->leave->dobj->|dobj
rel_185	Ent[ent_239]	Ent[ent_561]	Bill Parcells	Giants	rcmod|->rcmod->coach->poss->|poss
rel_185	Ent[ent_239]	Ent[ent_561]	Bill Parcells	Giants	rcmod|->rcmod->coach->nn->|nn
rel_180	Ent[ent_1176]	Ent[ent_543]	Bill Fitch	Nets	appos|->appos->coach->poss->|poss
rel_180	Ent[ent_1176]	Ent[ent_543]	Bill Fitch	Nets	appos|->appos->coach->prep->of->pobj->|pobj
rel_180	Ent[ent_1176]	Ent[ent_543]	Bill Fitch	Nets	poss|<-poss<-departure->rcmod->hire->nsubj->|nsubj
rel_185	Ent[ent_1176]	Ent[ent_1206]	Bill Fitch	Nets	nsubj|<-nsubj<-take->dobj->position->poss->|poss
rel_185	Ent[ent_1176]	Ent[ent_1206]	Bill Fitch	Nets	nsubj|<-nsubj<-coach->poss->|poss
rel_180	Ent[ent_1176]	Ent[ent_543]	Bill Fitch	Nets	appos|->appos->coach->nn->|nn
rel_180	Ent[ent_1176]	Ent[ent_543]	Bill Fitch	Nets	rcmod|->rcmod->lose->nsubj->|nsubj
rel_180	Ent[ent_1176]	Ent[ent_543]	Bill Fitch	Nets	rcmod|->rcmod->have->dobj->|dobj
rel_112	Ent[ent_1176]	Ent[ent_1222]	Bill Fitch	Nets	rcmod|->rcmod->coach->poss->|poss
rel_180	Ent[ent_1176]	Ent[ent_543]	Bill Fitch	Nets	rcmod|->rcmod->angry->dep->turnover->dep->squander->nsubj->|nsubj
rel_180	Ent[ent_238]	Ent[ent_416]	Bruce Coslet	Jets	appos|->appos->coach->poss->|poss
rel_180	Ent[ent_238]	Ent[ent_416]	Bruce Coslet	Jets	appos|->appos->coach->prep->of->pobj->|pobj
rel_180	Ent[ent_238]	Ent[ent_416]	Bruce Coslet	Jets	appos|->appos->coach->nn->|nn
rel_191	Ent[ent_238]	Ent[ent_400]	Bruce Coslet	Jets	nsubj|<-nsubj<-show->dobj->|dobj
rel_191	Ent[ent_238]	Ent[ent_400]	Bruce Coslet	Jets	rcmod|->rcmod->take->dobj->|dobj
rel_278	Ent[ent_912]	Ent[ent_400]	Bruce Coslet	Jets	rcmod|->rcmod->lift->dobj->|dobj
rel_294	Ent[ent_238]	Ent[ent_1251]	Bruce Coslet	Jets	rcmod|->rcmod->join->dep->dismiss->prep->as->pobj->coach->nn->|nn
rel_191	Ent[ent_238]	Ent[ent_400]	Bruce Coslet	Jets	rcmod|->rcmod->go->prep->through->pobj->office->poss->|poss
rel_191	Ent[ent_238]	Ent[ent_400]	Bruce Coslet	Jets	rcmod|->rcmod->embark->prep->as->pobj->coach->poss->|poss
rel_294	Ent[ent_238]	Ent[ent_1251]	Bruce Coslet	Jets	rcmod|->rcmod->dismiss->prep->as->pobj->coach->nn->|nn
rel_185	Ent[ent_1177]	Ent[ent_1005]	Phil Jackson	Bulls	appos|->appos->coach->poss->|poss
rel_185	Ent[ent_1177]	Ent[ent_1005]	Phil Jackson	Bulls	appos|->appos->coach->prep->of->pobj->|pobj
rel_185	Ent[ent_1177]	Ent[ent_1005]	Phil Jackson	Bulls	appos|->appos->coach->nn->|nn
rel_185	Ent[ent_1177]	Ent[ent_1005]	Phil Jackson	Bulls	rcmod|->rcmod->coach->dobj->|dobj
rel_185	Ent[ent_1177]	Ent[ent_1005]	Phil Jackson	Bulls	dep|->dep->coach->poss->|poss
rel_185	Ent[ent_1177]	Ent[ent_1005]	Phil Jackson	Bulls	rcmod|->rcmod->join->dobj->management->poss->|poss
rel_185	Ent[ent_1177]	Ent[ent_1005]	Phil Jackson	Bulls	rcmod|->rcmod->inspired->nsubj->|nsubj
rel_185	Ent[ent_1177]	Ent[ent_1005]	Phil Jackson	Bulls	rcmod|->rcmod->feud->nsubj->|nsubj
rel_185	Ent[ent_1177]	Ent[ent_1005]	Phil Jackson	Bulls	poss|<-poss<-silence->prep->over->pobj->victory->prep->over->pobj->|pobj
rel_381	Ent[ent_60]	Ent[ent_664]	Phil Jackson	Bulls	poss|<-poss<-relationship->prep->with->pobj->management->nn->|nn
rel_192	Ent[ent_1178]	Ent[ent_1179]	Mike Milbury	Islanders	appos|->appos->coach->poss->|poss
rel_192	Ent[ent_1178]	Ent[ent_1179]	Mike Milbury	Islanders	appos|->appos->manager->poss->|poss
rel_185	Ent[ent_1178]	Ent[ent_1179]	Mike Milbury	Islanders	appos|->appos->coach->prep->of->pobj->|pobj
rel_192	Ent[ent_1178]	Ent[ent_1179]	Mike Milbury	Islanders	appos|->appos->manager->prep->of->pobj->|pobj
rel_185	Ent[ent_1178]	Ent[ent_1179]	Mike Milbury	Islanders	nsubj|<-nsubj<-run->dobj->|dobj
rel_192	Ent[ent_1178]	Ent[ent_1179]	Mike Milbury	Islanders	nsubj|<-nsubj<-enjoy->dobj->coaching->dobj->|dobj
rel_185	Ent[ent_1178]	Ent[ent_1179]	Mike Milbury	Islanders	appos|->appos->coach->nn->|nn
rel_192	Ent[ent_1178]	Ent[ent_1179]	Mike Milbury	Islanders	rcmod|->rcmod->see->prep->in->pobj->stint->prep->behind->pobj->bench->poss->|poss
rel_192	Ent[ent_1178]	Ent[ent_1179]	Mike Milbury	Islanders	rcmod|->rcmod->run->dobj->|dobj
rel_185	Ent[ent_1178]	Ent[ent_1179]	Mike Milbury	Islanders	poss|<-poss<-attention<-dobj<-coach->prep->after->pobj->loss->poss->|poss
rel_180	Ent[ent_1060]	Ent[ent_308]	Rick Pitino	Knicks	appos|->appos->coach->poss->|poss
rel_180	Ent[ent_1060]	Ent[ent_308]	Rick Pitino	Knicks	nsubj|<-nsubj<-coach->poss->|poss
rel_180	Ent[ent_1060]	Ent[ent_308]	Rick Pitino	Knicks	appos|->appos->coach->nn->|nn
rel_185	Ent[ent_1060]	Ent[ent_128]	Rick Pitino	Knicks	appos|->appos->coach->prep->of->pobj->|pobj
rel_180	Ent[ent_1060]	Ent[ent_308]	Rick Pitino	Knicks	rcmod|->rcmod->consider->prep->for->pobj->vacancy->poss->|poss
rel_180	Ent[ent_1060]	Ent[ent_308]	Rick Pitino	Knicks	poss|<-poss<-departure<-pobj<-after<-prep<-continue->nsubj->|nsubj
rel_277	Ent[ent_430]	Ent[ent_308]	Rick Pitino	Knicks	nsubj|<-nsubj<-make->prep->as->pobj->coach->prep->of->pobj->|pobj
rel_180	Ent[ent_1060]	Ent[ent_308]	Rick Pitino	Knicks	nsubj|<-nsubj<-make->prep->as->pobj->coach->poss->|poss
rel_180	Ent[ent_1060]	Ent[ent_308]	Rick Pitino	Knicks	nsubj|<-nsubj<-coach->dobj->|dobj
rel_180	Ent[ent_1060]	Ent[ent_308]	Rick Pitino	Knicks	nsubj|<-nsubj<-cast->prep->as->pobj->successor->prep->as->pobj->coach->poss->|poss
rel_180	Ent[ent_1061]	Ent[ent_1004]	Willie Randolph	Yankees	appos|->appos->coach->poss->|poss
rel_180	Ent[ent_1061]	Ent[ent_1004]	Willie Randolph	Yankees	appos|->appos->coach->nn->|nn
rel_180	Ent[ent_1061]	Ent[ent_1004]	Willie Randolph	Yankees	rcmod|->rcmod->coach->prep->with->pobj->|pobj
rel_180	Ent[ent_1061]	Ent[ent_1004]	Willie Randolph	Yankees	prep|->prep->provide->dobj->|dobj
rel_167	Ent[ent_1061]	Ent[ent_1239]	Willie Randolph	Yankees	nsubj|<-nsubj<-spend->prep->with->pobj->|pobj
rel_180	Ent[ent_1061]	Ent[ent_1004]	Willie Randolph	Yankees	nsubj|<-nsubj<-enjoy->prep->with->pobj->|pobj
rel_167	Ent[ent_1061]	Ent[ent_1239]	Willie Randolph	Yankees	nsubj|<-nsubj<-cast->nsubj->|nsubj
rel_167	Ent[ent_1061]	Ent[ent_1239]	Willie Randolph	Yankees	appos|->appos->baseman->poss->|poss
rel_180	Ent[ent_1061]	Ent[ent_1004]	Willie Randolph	Yankees	rcmod|->rcmod->member->prep->of->pobj->|pobj
rel_180	Ent[ent_1061]	Ent[ent_1004]	Willie Randolph	Yankees	rcmod|->rcmod->know->prep->with->pobj->|pobj
rel_325	Ent[ent_1154]	Ent[ent_459]	Eastern	Texas Air Corporation	appos|->appos->subsidiary->prep->of->pobj->|pobj
rel_325	Ent[ent_1154]	Ent[ent_459]	Eastern	Texas Air Corporation	rcmod|->rcmod->own->prep->by->pobj->|pobj
rel_325	Ent[ent_1154]	Ent[ent_459]	Eastern	Texas Air Corporation	poss|<-poss<-parent->appos->|appos
rel_325	Ent[ent_1154]	Ent[ent_459]	Eastern	Texas Air Corporation	appos|->appos->unit->prep->of->pobj->|pobj
rel_325	Ent[ent_1154]	Ent[ent_459]	Eastern	Texas Air Corporation	pobj|<-pobj<-like<-prep<-own->prep->by->pobj->|pobj
rel_353	Ent[ent_1154]	Ent[ent_459]	Eastern	Texas Air Corporation	pobj|<-pobj<-like<-prep<-be->nsubj->subsidiary->prep->of->pobj->|pobj
rel_325	Ent[ent_1154]	Ent[ent_459]	Eastern	Texas Air Corporation	nsubj|<-nsubj<-subsidiary->prep->of->pobj->|pobj
rel_353	Ent[ent_1154]	Ent[ent_459]	Eastern	Texas Air Corporation	poss|<-poss<-owner->appos->|appos
rel_353	Ent[ent_1154]	Ent[ent_459]	Eastern	Texas Air Corporation	nsubjpass|<-nsubjpass<-place->prep->by->pobj->|pobj
rel_325	Ent[ent_1154]	Ent[ent_459]	Eastern	Texas Air Corporation	nsubjpass|<-nsubjpass<-acquire->prep->by->pobj->|pobj
rel_80	Ent[ent_1062]	Ent[ent_776]	Sears Receivables Financing Group Inc.	Sears	appos|->appos->subsidiary->prep->of->pobj->|pobj
rel_80	Ent[ent_1062]	Ent[ent_776]	Sears Receivables Financing Group Inc.	Sears	appos|->appos->unit->prep->of->pobj->|pobj
rel_80	Ent[ent_1062]	Ent[ent_776]	Sears Receivables Financing Group Inc.	Sears	pobj|<-pobj<-through<-prep<-file->dep->file->prep->in->pobj->certificate->nn->|nn
rel_323	Ent[ent_1062]	Ent[ent_682]	Sears Receivables Financing Group Inc.	Sears	nsubjpass|<-nsubjpass<-file->prep->in->pobj->certificate->nn->|nn
rel_80	Ent[ent_1062]	Ent[ent_776]	Sears Receivables Financing Group Inc.	Sears	nsubj|<-nsubj<-file->prep->in->pobj->certificate->nn->|nn
rel_80	Ent[ent_1062]	Ent[ent_776]	Sears Receivables Financing Group Inc.	Sears	nsubj|<-nsubj<-file->prep->for->pobj->offering->prep->of->pobj->certificate->nn->|nn
rel_80	Ent[ent_1062]	Ent[ent_776]	Sears Receivables Financing Group Inc.	Sears	appos|->appos->yesterday->partmod->price->prep->through->pobj->1991-c->nn->|nn
rel_77	Ent[ent_1063]	Ent[ent_927]	Kraft General Foods	Philip Morris Cos.	appos|->appos->subsidiary->prep->of->pobj->|pobj
rel_325	Ent[ent_1063]	Ent[ent_758]	Kraft General Foods	Philip Morris Cos.	appos|->appos->unit->prep->of->pobj->|pobj
rel_325	Ent[ent_1286]	Ent[ent_640]	American	AMR Corporation	appos|->appos->unit->prep->of->pobj->|pobj
rel_325	Ent[ent_822]	Ent[ent_640]	American	AMR Corporation	appos|->appos->subsidiary->prep->of->pobj->|pobj
rel_325	Ent[ent_822]	Ent[ent_640]	American	AMR Corporation	rcmod|->rcmod->own->prep->by->pobj->|pobj
rel_325	Ent[ent_1286]	Ent[ent_640]	American	AMR Corporation	poss|<-poss<-parent->appos->|appos
rel_325	Ent[ent_1286]	Ent[ent_640]	American	AMR Corporation	rcmod|->rcmod->unit->prep->of->pobj->|pobj
rel_325	Ent[ent_1286]	Ent[ent_640]	American	AMR Corporation	poss|<-poss<-company->appos->|appos
rel_325	Ent[ent_822]	Ent[ent_640]	American	AMR Corporation	appos|->appos->unit->nn->|nn
rel_325	Ent[ent_822]	Ent[ent_640]	American	AMR Corporation	rcmod|->rcmod->subsidiary->prep->of->pobj->|pobj
rel_325	Ent[ent_822]	Ent[ent_640]	American	AMR Corporation	rcmod|->rcmod->division->prep->of->pobj->|pobj
rel_325	Ent[ent_822]	Ent[ent_640]	American	AMR Corporation	poss|<-poss<-parent<-pobj<-of<-prep<-stock<-nsubj<-fall->nsubj->|nsubj
rel_325	Ent[ent_926]	Ent[ent_929]	Lorillard Tobacco	Loews Corporation	appos|->appos->subsidiary->prep->of->pobj->|pobj
rel_325	Ent[ent_926]	Ent[ent_929]	Lorillard Tobacco	Loews Corporation	appos|->appos->unit->prep->of->pobj->|pobj
rel_325	Ent[ent_926]	Ent[ent_929]	Lorillard Tobacco	Loews Corporation	nn|<-nn<-unit->prep->of->pobj->|pobj
rel_325	Ent[ent_624]	Ent[ent_866]	United	UAL Corporation	appos|->appos->unit->prep->of->pobj->|pobj
rel_80	Ent[ent_624]	Ent[ent_866]	United	UAL Corporation	poss|<-poss<-parent->appos->|appos
rel_325	Ent[ent_624]	Ent[ent_866]	United	UAL Corporation	rcmod|->rcmod->own->prep->by->pobj->|pobj
rel_325	Ent[ent_624]	Ent[ent_866]	United	UAL Corporation	appos|->appos->subsidiary->prep->of->pobj->|pobj
rel_325	Ent[ent_624]	Ent[ent_866]	United	UAL Corporation	partmod|->partmod->own->prep->by->pobj->|pobj
rel_325	Ent[ent_624]	Ent[ent_866]	United	UAL Corporation	appos|->appos->part->prep->of->pobj->|pobj
rel_325	Ent[ent_624]	Ent[ent_866]	United	UAL Corporation	rcmod|->rcmod->unit->prep->of->pobj->|pobj
rel_325	Ent[ent_624]	Ent[ent_866]	United	UAL Corporation	appos|->appos->unit->nn->|nn
rel_80	Ent[ent_624]	Ent[ent_866]	United	UAL Corporation	rcmod|->rcmod->unit->nn->|nn
rel_325	Ent[ent_624]	Ent[ent_866]	United	UAL Corporation	rcmod|->rcmod->part->prep->of->pobj->|pobj
rel_325	Ent[ent_928]	Ent[ent_1064]	Kellogg	Halliburton	appos|->appos->subsidiary->nn->|nn
rel_325	Ent[ent_928]	Ent[ent_1064]	Kellogg	Halliburton	appos|->appos->subsidiary->prep->of->pobj->|pobj
rel_325	Ent[ent_928]	Ent[ent_1064]	Kellogg	Halliburton	nn|<-nn<-unit->prep->of->pobj->|pobj
rel_325	Ent[ent_928]	Ent[ent_1064]	Kellogg	Halliburton	appos|->appos->unit->prep->of->pobj->|pobj
rel_325	Ent[ent_928]	Ent[ent_1064]	Kellogg	Halliburton	nsubjpass|<-nsubjpass<-absorb->prep->into->pobj->|pobj
rel_325	Ent[ent_1065]	Ent[ent_1064]	Kellogg Brown & Root	Halliburton	appos|->appos->subsidiary->nn->|nn
rel_325	Ent[ent_1065]	Ent[ent_1064]	Kellogg Brown & Root	Halliburton	appos|->appos->subsidiary->prep->of->pobj->|pobj
rel_325	Ent[ent_1065]	Ent[ent_1064]	Kellogg Brown & Root	Halliburton	appos|->appos->unit->prep->of->pobj->|pobj
rel_325	Ent[ent_1065]	Ent[ent_1064]	Kellogg Brown & Root	Halliburton	nsubj|<-nsubj<-subsidiary->prep->of->pobj->|pobj
rel_325	Ent[ent_1065]	Ent[ent_1064]	Kellogg Brown & Root	Halliburton	nn|<-nn<-unit->prep->of->pobj->|pobj
rel_325	Ent[ent_1065]	Ent[ent_1064]	Kellogg Brown & Root	Halliburton	appos|->appos->unit->nn->|nn
rel_325	Ent[ent_1065]	Ent[ent_1064]	Kellogg Brown & Root	Halliburton	appos|->appos->subsidiary->prep->of->pobj->oil-services->dep->|dep
rel_325	Ent[ent_1065]	Ent[ent_1064]	Kellogg Brown & Root	Halliburton	appos|->appos->subsidiary->nn->|nnériel_Command_,_said_late_yesterday_that_Army_personnel_were_talking_with_representatives_of_Kellogg_Brown_&_Root_,_the_Halliburton_subsidiary_that_is_working_in_Iraq_,_to_resolve_the_billing_dispute_. lex#,_the pos#,_DT lc#representatives_of rc#subsidiary_that
rel_325	Ent[ent_1065]	Ent[ent_1064]	Kellogg Brown & Root	Halliburton	appos|->appos->part->prep->of->pobj->|pobj
rel_325	Ent[ent_1065]	Ent[ent_1064]	Kellogg Brown & Root	Halliburton	appos|->appos->engineering->poss->|poss
rel_325	Ent[ent_921]	Ent[ent_1066]	Hughes	General Motors Corporation	appos|->appos->subsidiary->prep->of->pobj->|pobj
rel_325	Ent[ent_921]	Ent[ent_1066]	Hughes	General Motors Corporation	appos|->appos->unit->prep->of->pobj->|pobj
rel_325	Ent[ent_921]	Ent[ent_1066]	Hughes	General Motors Corporation	rcmod|->rcmod->own->prep->by->pobj->|pobj
rel_325	Ent[ent_921]	Ent[ent_1066]	Hughes	General Motors Corporation	nsubj|<-nsubj<-unit->prep->of->pobj->|pobj
rel_325	Ent[ent_921]	Ent[ent_1066]	Hughes	General Motors Corporation	nsubj|<-nsubj<-subsidiary->prep->of->pobj->unit->prep->of->pobj->|pobj
rel_325	Ent[ent_921]	Ent[ent_1066]	Hughes	General Motors Corporation	nsubj|<-nsubj<-subsidiary->prep->of->pobj->|pobj
rel_325	Ent[ent_921]	Ent[ent_1066]	Hughes	General Motors Corporation	nn|<-nn<-division->prep->of->pobj->|pobj
rel_325	Ent[ent_921]	Ent[ent_1066]	Hughes	General Motors Corporation	appos|->appos->executive->prep->at->pobj->|pobj
rel_325	Ent[ent_921]	Ent[ent_1066]	Hughes	General Motors Corporation	rcmod|->rcmod->unit->prep->of->pobj->|pobj
rel_325	Ent[ent_921]	Ent[ent_1066]	Hughes	General Motors Corporation	rcmod|->rcmod->subsidiary->prep->of->pobj->|pobj
rel_80	Ent[ent_920]	Ent[ent_1066]	Electronic Data Systems Corporation	General Motors Corporation	appos|->appos->unit->prep->of->pobj->|pobj
rel_80	Ent[ent_920]	Ent[ent_1066]	Electronic Data Systems Corporation	General Motors Corporation	appos|->appos->subsidiary->prep->of->pobj->|pobj
rel_80	Ent[ent_920]	Ent[ent_1066]	Electronic Data Systems Corporation	General Motors Corporation	rcmod|->rcmod->part->prep->of->pobj->|pobj
rel_80	Ent[ent_920]	Ent[ent_1066]	Electronic Data Systems Corporation	General Motors Corporation	pobj|<-pobj<-of<-prep<-sale->prep->to->pobj->|pobj
rel_80	Ent[ent_920]	Ent[ent_1066]	Electronic Data Systems Corporation	General Motors Corporation	appos|->appos->company->rcmod->sell->prep->to->pobj->|pobj
rel_80	Ent[ent_920]	Ent[ent_1066]	Electronic Data Systems Corporation	General Motors Corporation	appos|->appos->arm->prep->of->pobj->|pobj
rel_80	Ent[ent_920]	Ent[ent_1066]	Electronic Data Systems Corporation	General Motors Corporation	rcmod|->rcmod->unit->prep->of->pobj->|pobj
rel_80	Ent[ent_920]	Ent[ent_1066]	Electronic Data Systems Corporation	General Motors Corporation	pobj|<-pobj<-of<-prep<-acquisition->prep->by->pobj->|pobj
rel_80	Ent[ent_920]	Ent[ent_1066]	Electronic Data Systems Corporation	General Motors Corporation	dobj|<-dobj<-sell->prep->to->pobj->|pobj
rel_80	Ent[ent_920]	Ent[ent_1066]	Electronic Data Systems Corporation	General Motors Corporation	appos|->appos->division->prep->of->pobj->|pobj
rel_325	Ent[ent_1067]	Ent[ent_923]	Lowe Group	Interpublic Group of Companies	nn|<-nn<-unit->prep->of->pobj->|pobj
rel_325	Ent[ent_1067]	Ent[ent_923]	Lowe Group	Interpublic Group of Companies	appos|->appos->unit->prep->of->pobj->|pobj
rel_325	Ent[ent_1067]	Ent[ent_923]	Lowe Group	Interpublic Group of Companies	appos|->appos->part->prep->of->pobj->|pobj
rel_325	Ent[ent_1067]	Ent[ent_923]	Lowe Group	Interpublic Group of Companies	rcmod|->rcmod->own->prep->by->pobj->|pobj
rel_325	Ent[ent_1067]	Ent[ent_923]	Lowe Group	Interpublic Group of Companies	partmod|->partmod->own->prep->by->pobj->|pobj
rel_325	Ent[ent_1067]	Ent[ent_923]	Lowe Group	Interpublic Group of Companies	rcmod|->rcmod->part->prep->of->pobj->|pobj
rel_325	Ent[ent_1067]	Ent[ent_923]	Lowe Group	Interpublic Group of Companies	pobj|<-pobj<-of<-prep<-unit->appos->part->prep->of->pobj->|pobj
rel_325	Ent[ent_1067]	Ent[ent_923]	Lowe Group	Interpublic Group of Companies	pobj|<-pobj<-by<-prep<-vote->prep->from->pobj->|pobj
rel_325	Ent[ent_1067]	Ent[ent_923]	Lowe Group	Interpublic Group of Companies	pobj|<-pobj<-at<-prep<-president->appos->part->prep->of->pobj->|pobj
rel_325	Ent[ent_1067]	Ent[ent_923]	Lowe Group	Interpublic Group of Companies	nsubjpass|<-nsubjpass<-own->prep->by->pobj->|pobj
rel_325	Ent[ent_1068]	Ent[ent_923]	McCann-Erickson World Group	Interpublic Group of Companies	nn|<-nn<-unit->prep->of->pobj->|pobj
rel_325	Ent[ent_1068]	Ent[ent_923]	McCann-Erickson World Group	Interpublic Group of Companies	partmod|->partmod->own->prep->by->pobj->|pobj
rel_325	Ent[ent_1068]	Ent[ent_923]	McCann-Erickson World Group	Interpublic Group of Companies	appos|->appos->part->prep->of->pobj->|pobj
rel_325	Ent[ent_1068]	Ent[ent_923]	McCann-Erickson World Group	Interpublic Group of Companies	rcmod|->rcmod->own->prep->by->pobj->|pobj
rel_325	Ent[ent_1068]	Ent[ent_923]	McCann-Erickson World Group	Interpublic Group of Companies	appos|->appos->unit->prep->of->pobj->|pobj
rel_325	Ent[ent_1068]	Ent[ent_923]	McCann-Erickson World Group	Interpublic Group of Companies	pobj|<-pobj<-of<-prep<-unit->partmod->own->prep->by->pobj->|pobj
rel_325	Ent[ent_1068]	Ent[ent_923]	McCann-Erickson World Group	Interpublic Group of Companies	appos|->appos->division->prep->of->pobj->|pobj
rel_325	Ent[ent_1068]	Ent[ent_923]	McCann-Erickson World Group	Interpublic Group of Companies	rcmod|->rcmod->unit->prep->of->pobj->|pobj
rel_325	Ent[ent_1068]	Ent[ent_923]	McCann-Erickson World Group	Interpublic Group of Companies	pobj|<-pobj<-of<-prep<-unit->appos->part->prep->of->pobj->|pobj
rel_325	Ent[ent_1068]	Ent[ent_923]	McCann-Erickson World Group	Interpublic Group of Companies	pobj|<-pobj<-of<-prep<-part->appos->|appos
rel_325	Ent[ent_922]	Ent[ent_880]	TBWA Worldwide	Omnicom Group	nn|<-nn<-unit->prep->of->pobj->|pobj
rel_325	Ent[ent_922]	Ent[ent_880]	TBWA Worldwide	Omnicom Group	appos|->appos->part->prep->of->pobj->|pobj
rel_325	Ent[ent_922]	Ent[ent_880]	TBWA Worldwide	Omnicom Group	appos|->appos->unit->prep->of->pobj->|pobj
rel_325	Ent[ent_922]	Ent[ent_880]	TBWA Worldwide	Omnicom Group	rcmod|->rcmod->part->prep->of->pobj->|pobj
rel_42	Ent[ent_922]	Ent[ent_451]	TBWA Worldwide	Omnicom Group	pobj|<-pobj<-of<-prep<-unit<-nsubj<-part->prep->of->pobj->|pobj
rel_42	Ent[ent_922]	Ent[ent_451]	TBWA Worldwide	Omnicom Group	pobj|<-pobj<-of<-prep<-unit->appos->part->prep->of->pobj->|pobj
rel_325	Ent[ent_922]	Ent[ent_880]	TBWA Worldwide	Omnicom Group	pobj|<-pobj<-of<-prep<-office<-dobj<-join->dobj->part->prep->of->pobj->|pobj
rel_325	Ent[ent_922]	Ent[ent_880]	TBWA Worldwide	Omnicom Group	pobj|<-pobj<-of<-prep<-office->appos->part->prep->of->pobj->|pobj
rel_330	Ent[ent_922]	Ent[ent_88]	TBWA Worldwide	Omnicom Group	pobj|<-pobj<-of<-prep<-division<-pobj<-by<-prep<-create<-partmod<-commercial->appos->part->prep->of->pobj->|pobj
rel_42	Ent[ent_922]	Ent[ent_451]	TBWA Worldwide	Omnicom Group	pobj|<-pobj<-of<-prep<-division<-dobj<-join->dobj->part->prep->of->pobj->|pobj
rel_80	Ent[ent_665]	Ent[ent_1069]	Euro RSCG Worldwide	Havas Advertising	nn|<-nn<-unit->prep->of->pobj->|pobj
rel_80	Ent[ent_665]	Ent[ent_1069]	Euro RSCG Worldwide	Havas Advertising	appos|->appos->unit->prep->of->pobj->|pobj
rel_80	Ent[ent_665]	Ent[ent_1069]	Euro RSCG Worldwide	Havas Advertising	appos|->appos->part->prep->of->pobj->|pobj
rel_80	Ent[ent_665]	Ent[ent_1069]	Euro RSCG Worldwide	Havas Advertising	nn|<-nn<-division->prep->of->pobj->|pobj
rel_80	Ent[ent_665]	Ent[ent_1069]	Euro RSCG Worldwide	Havas Advertising	rcmod|->rcmod->part->prep->of->pobj->|pobj
rel_80	Ent[ent_665]	Ent[ent_1069]	Euro RSCG Worldwide	Havas Advertising	partmod|->partmod->own->prep->by->pobj->|pobj
rel_80	Ent[ent_665]	Ent[ent_1069]	Euro RSCG Worldwide	Havas Advertising	nn|<-nn<-unit->prep->of->pobj->|pobjélécom_in_Paris_consolidated_work_for_its_Orange_mobile_telephone_division_by_awarding_the_assignment_to_BETC_Euro_RSCG_in_Paris_,_part_of_the_Euro_RSCG_Worldwide_unit_of_Havas_Advertising_. lex#unit_of pos#NN_IN lc#of_the rc#.
rel_80	Ent[ent_665]	Ent[ent_1069]	Euro RSCG Worldwide	Havas Advertising	nn|<-nn<-unit<-pobj<-of<-prep<-part<-appos<-rscg->dep->|dep
rel_80	Ent[ent_665]	Ent[ent_1069]	Euro RSCG Worldwide	Havas Advertising	nn|<-nn<-network->prep->of->pobj->|pobj
rel_80	Ent[ent_665]	Ent[ent_1069]	Euro RSCG Worldwide	Havas Advertising	nn|<-nn<-agency->partmod->own->prep->by->pobj->|pobj
rel_325	Ent[ent_1104]	Ent[ent_1241]	BBDO Worldwide	Omnicom Group	nn|<-nn<-unit->prep->of->pobj->|pobj
rel_325	Ent[ent_1104]	Ent[ent_1241]	BBDO Worldwide	Omnicom Group	appos|->appos->part->prep->of->pobj->|pobj
rel_325	Ent[ent_1104]	Ent[ent_1241]	BBDO Worldwide	Omnicom Group	appos|->appos->unit->prep->of->pobj->|pobj
rel_325	Ent[ent_1104]	Ent[ent_1241]	BBDO Worldwide	Omnicom Group	pobj|<-pobj<-of<-prep<-office->appos->part->prep->of->pobj->|pobj
rel_325	Ent[ent_1104]	Ent[ent_1241]	BBDO Worldwide	Omnicom Group	partmod|->partmod->own->prep->by->pobj->|pobj
rel_80	Ent[ent_1104]	Ent[ent_1241]	BBDO Worldwide	Omnicom Group	appos|->appos->agency->prep->in->pobj->|pobj
rel_325	Ent[ent_1104]	Ent[ent_1241]	BBDO Worldwide	Omnicom Group	rcmod|->rcmod->own->prep->by->pobj->|pobj
rel_325	Ent[ent_1104]	Ent[ent_1241]	BBDO Worldwide	Omnicom Group	pobj|<-pobj<-of<-prep<-unit->appos->part->prep->of->pobj->|pobj
rel_325	Ent[ent_1104]	Ent[ent_1241]	BBDO Worldwide	Omnicom Group	pobj|<-pobj<-of<-prep<-office<-dobj<-join->dobj->part->prep->of->pobj->|pobj
rel_80	Ent[ent_1104]	Ent[ent_1241]	BBDO Worldwide	Omnicom Group	pobj|<-pobj<-by<-prep<-commercial->appos->part->prep->of->pobj->|pobj
rel_80	Ent[ent_1128]	Ent[ent_1129]	J. Walter Thompson	WPP Group	appos|->appos->part->prep->of->pobj->|pobj
rel_325	Ent[ent_1128]	Ent[ent_1224]	J. Walter Thompson	WPP Group	nn|<-nn<-unit->prep->of->pobj->|pobj
rel_325	Ent[ent_1128]	Ent[ent_1224]	J. Walter Thompson	WPP Group	appos|->appos->unit->prep->of->pobj->|pobj
rel_325	Ent[ent_1128]	Ent[ent_1224]	J. Walter Thompson	WPP Group	partmod|->partmod->own->prep->by->pobj->|pobj
rel_80	Ent[ent_1128]	Ent[ent_1129]	J. Walter Thompson	WPP Group	nn|<-nn<-division->prep->of->pobj->|pobj
rel_325	Ent[ent_1128]	Ent[ent_1224]	J. Walter Thompson	WPP Group	rcmod|->rcmod->own->prep->by->pobj->|pobj
rel_80	Ent[ent_1128]	Ent[ent_1224]	J. Walter Thompson	WPP Group	nn|<-nn<-unit->prep->of->pobj->p.l.c.->nn->|nn
rel_80	Ent[ent_1128]	Ent[ent_1224]	J. Walter Thompson	WPP Group	rcmod|->rcmod->part->prep->of->pobj->|pobj
rel_80	Ent[ent_1128]	Ent[ent_1129]	J. Walter Thompson	WPP Group	rcmod|->rcmod->acquire->nsubj->|nsubj
rel_325	Ent[ent_1128]	Ent[ent_1224]	J. Walter Thompson	WPP Group	nn|<-nn<-co.->appos->part->prep->of->pobj->|pobj
rel_325	Ent[ent_925]	Ent[ent_924]	Conde Nast Publications	Advance Publications	nn|<-nn<-unit->prep->of->pobj->|pobj
rel_80	Ent[ent_1093]	Ent[ent_924]	Conde Nast Publications	Advance Publications	appos|->appos->unit->prep->of->pobj->|pobj
rel_325	Ent[ent_925]	Ent[ent_924]	Conde Nast Publications	Advance Publications	appos|->appos->part->prep->of->pobj->|pobj
rel_325	Ent[ent_925]	Ent[ent_924]	Conde Nast Publications	Advance Publications	rcmod|->rcmod->own->prep->by->pobj->|pobj
rel_325	Ent[ent_925]	Ent[ent_924]	Conde Nast Publications	Advance Publications	partmod|->partmod->own->prep->by->pobj->|pobj
rel_325	Ent[ent_925]	Ent[ent_924]	Conde Nast Publications	Advance Publications	cc|->cc->part->prep->of->pobj->|pobj
rel_325	Ent[ent_1070]	Ent[ent_1071]	Salomon Smith Barney	Citigroup	nn|<-nn<-unit->prep->of->pobj->|pobj
rel_325	Ent[ent_1070]	Ent[ent_1071]	Salomon Smith Barney	Citigroup	appos|->appos->unit->prep->of->pobj->|pobj
rel_325	Ent[ent_1070]	Ent[ent_1071]	Salomon Smith Barney	Citigroup	appos|->appos->part->prep->of->pobj->|pobj
rel_325	Ent[ent_1070]	Ent[ent_1071]	Salomon Smith Barney	Citigroup	nn|<-nn<-division->prep->of->pobj->|pobj
rel_325	Ent[ent_1070]	Ent[ent_1071]	Salomon Smith Barney	Citigroup	appos|->appos->division->prep->of->pobj->|pobj
rel_325	Ent[ent_1070]	Ent[ent_1071]	Salomon Smith Barney	Citigroup	appos|->appos->subsidiary->prep->of->pobj->|pobj
rel_325	Ent[ent_1070]	Ent[ent_1071]	Salomon Smith Barney	Citigroup	appos|->appos->bank->poss->|poss
rel_325	Ent[ent_1070]	Ent[ent_1071]	Salomon Smith Barney	Citigroup	partmod|->partmod->own->prep->by->pobj->|pobj
rel_325	Ent[ent_1070]	Ent[ent_1071]	Salomon Smith Barney	Citigroup	appos|->appos->unit->nn->|nn
rel_325	Ent[ent_1070]	Ent[ent_1071]	Salomon Smith Barney	Citigroup	rcmod|->rcmod->part->prep->of->pobj->|pobj
rel_80	Ent[ent_1072]	Ent[ent_880]	DDB Needham Worldwide	Omnicom Group	nn|<-nn<-unit->prep->of->pobj->|pobj
rel_80	Ent[ent_1072]	Ent[ent_880]	DDB Needham Worldwide	Omnicom Group	appos|->appos->part->prep->of->pobj->|pobj
rel_80	Ent[ent_1072]	Ent[ent_880]	DDB Needham Worldwide	Omnicom Group	appos|->appos->unit->prep->of->pobj->|pobj
rel_325	Ent[ent_1072]	Ent[ent_88]	DDB Needham Worldwide	Omnicom Group	partmod|->partmod->own->prep->by->pobj->|pobj
rel_294	Ent[ent_1072]	Ent[ent_1241]	DDB Needham Worldwide	Omnicom Group	rcmod|->rcmod->own->prep->by->pobj->|pobj
rel_80	Ent[ent_1072]	Ent[ent_880]	DDB Needham Worldwide	Omnicom Group	appos|->appos->result->prep->of->pobj->merger->prep->under->pobj->|pobj
rel_325	Ent[ent_1072]	Ent[ent_88]	DDB Needham Worldwide	Omnicom Group	pobj|<-pobj<-at<-prep<-name->nsubjpass->part->prep->of->pobj->|pobj
rel_80	Ent[ent_1072]	Ent[ent_880]	DDB Needham Worldwide	Omnicom Group	nn|<-nn<-network->prep->of->pobj->|pobj
rel_80	Ent[ent_1072]	Ent[ent_880]	DDB Needham Worldwide	Omnicom Group	dobj|<-dobj<-form->prep->as->pobj->part->prep->of->pobj->deal->rcmod->create->dobj->|dobj
rel_325	Ent[ent_1073]	Ent[ent_1129]	Young & Rubicam	WPP Group	nn|<-nn<-unit->prep->of->pobj->|pobj
rel_325	Ent[ent_1073]	Ent[ent_1129]	Young & Rubicam	WPP Group	appos|->appos->part->prep->of->pobj->|pobj
rel_325	Ent[ent_1073]	Ent[ent_1129]	Young & Rubicam	WPP Group	partmod|->partmod->own->prep->by->pobj->|pobj
rel_325	Ent[ent_1073]	Ent[ent_1129]	Young & Rubicam	WPP Group	dep|->dep->own->prep->by->pobj->|pobj
rel_347	Ent[ent_1073]	Ent[ent_1224]	Young & Rubicam	WPP Group	rcmod|->rcmod->buy->prep->by->pobj->|pobj
rel_325	Ent[ent_1073]	Ent[ent_1129]	Young & Rubicam	WPP Group	poss|<-poss<-president<-nsubj<-step->advmod->down->dep->acquire->prep->by->pobj->|pobj
rel_325	Ent[ent_1073]	Ent[ent_1129]	Young & Rubicam	WPP Group	poss|<-poss<-president<-nsubj<-say->nsubj->step->advmod->down->dep->acquire->prep->by->pobj->|pobj
rel_325	Ent[ent_1073]	Ent[ent_1129]	Young & Rubicam	WPP Group	pobj|<-pobj<-of<-prep<-unit->appos->month->dep->acquire->prep->by->pobj->|pobj
rel_325	Ent[ent_1073]	Ent[ent_1129]	Young & Rubicam	WPP Group	pobj|<-pobj<-of<-prep<-takeover->prep->by->pobj->|pobj
rel_347	Ent[ent_1073]	Ent[ent_1224]	Young & Rubicam	WPP Group	pobj|<-pobj<-of<-prep<-acquisition->prep->by->pobj->|pobj
rel_20	Ent[ent_497]	Ent[ent_1217]	Yugoslav	Slobodan Milosevic	nn|<-nn<-president->appos->|appos
rel_136	Ent[ent_497]	Ent[ent_1283]	Yugoslav	Slobodan Milosevic	nn|<-nn<-leader->appos->|appos
rel_41	Ent[ent_690]	Ent[ent_1283]	Yugoslav	Slobodan Milosevic	nn|<-nn<-government->prep->of->pobj->|pobj
rel_41	Ent[ent_690]	Ent[ent_1283]	Yugoslav	Slobodan Milosevic	amod|<-amod<-government->prep->of->pobj->|pobj
rel_20	Ent[ent_497]	Ent[ent_1217]	Yugoslav	Slobodan Milosevic	nn|<-nn<-president<-pobj<-of<-prep<-indictment<-dobj<-publish->dobj->|dobj
rel_20	Ent[ent_497]	Ent[ent_1217]	Yugoslav	Slobodan Milosevic	nn|<-nn<-president<-dobj<-accuse->dobj->|dobj
rel_20	Ent[ent_497]	Ent[ent_1217]	Yugoslav	Slobodan Milosevic	poss|<-poss<-commander->appos->|appos
rel_20	Ent[ent_497]	Ent[ent_1217]	Yugoslav	Slobodan Milosevic	nn|<-nn<-version->rcmod->play->prep->with->pobj->future->poss->|poss
rel_20	Ent[ent_497]	Ent[ent_1217]	Yugoslav	Slobodan Milosevic	nn|<-nn<-request->nn->|nn
rel_20	Ent[ent_497]	Ent[ent_1217]	Yugoslav	Slobodan Milosevic	nn|<-nn<-regime->prep->of->pobj->|pobj
rel_102	Ent[ent_495]	Ent[ent_253]	Bronx Borough	Fernando Ferrer	nn|<-nn<-president->appos->|appos
rel_102	Ent[ent_495]	Ent[ent_253]	Bronx Borough	Fernando Ferrer	nn|<-nn<-president<-pobj<-as<-prep<-deliver->nsubj->|nsubj
rel_102	Ent[ent_495]	Ent[ent_253]	Bronx Borough	Fernando Ferrer	nn|<-nn<-president->dep->|dep
rel_102	Ent[ent_495]	Ent[ent_253]	Bronx Borough	Fernando Ferrer	nn|<-nn<-announcement->nn->|nn
rel_102	Ent[ent_495]	Ent[ent_253]	Bronx Borough	Fernando Ferrer	dep|<-dep<-chained->dep->|dep
rel_41	Ent[ent_37]	Ent[ent_1284]	Soviet	Mikhail S. Gorbachev	nn|<-nn<-president->appos->|appos
rel_41	Ent[ent_37]	Ent[ent_1284]	Soviet	Mikhail S. Gorbachev	amod|<-amod<-leader->appos->|appos
rel_41	Ent[ent_37]	Ent[ent_1284]	Soviet	Mikhail S. Gorbachev	amod|<-amod<-president->appos->|appos
rel_255	Ent[ent_37]	Ent[ent_540]	Soviet	Mikhail S. Gorbachev	amod|<-amod<-policy->prep->under->pobj->|pobj
rel_41	Ent[ent_37]	Ent[ent_1284]	Soviet	Mikhail S. Gorbachev	amod|<-amod<-government->prep->of->pobj->|pobj
rel_41	Ent[ent_37]	Ent[ent_1284]	Soviet	Mikhail S. Gorbachev	nn|<-nn<-parliament<-pobj<-on<-prep<-action<-nsubj<-tell->dobj->|dobj
rel_255	Ent[ent_37]	Ent[ent_540]	Soviet	Mikhail S. Gorbachev	amod|<-amod<-press<-pobj<-in<-prep<-excoriate->prep->before->pobj->|pobj
rel_41	Ent[ent_37]	Ent[ent_1284]	Soviet	Mikhail S. Gorbachev	amod|<-amod<-leadership->prep->under->pobj->|pobj
rel_255	Ent[ent_37]	Ent[ent_540]	Soviet	Mikhail S. Gorbachev	amod|<-amod<-leader<-pobj<-with<-prep<-meeting->appos->|appos
rel_41	Ent[ent_37]	Ent[ent_1284]	Soviet	Mikhail S. Gorbachev	amod|<-amod<-leader<-pobj<-to<-prep<-adviser->appos->|appos
rel_41	Ent[ent_1074]	Ent[ent_1217]	Serbian	Slobodan Milosevic	nn|<-nn<-president->appos->|appos
rel_41	Ent[ent_1074]	Ent[ent_1217]	Serbian	Slobodan Milosevic	amod|<-amod<-leader->appos->|appos
rel_41	Ent[ent_1074]	Ent[ent_1217]	Serbian	Slobodan Milosevic	nn|<-nn<-government->prep->of->pobj->|pobj
rel_41	Ent[ent_1074]	Ent[ent_1283]	Serbian	Slobodan Milosevic	amod|<-amod<-president->appos->|appos
rel_41	Ent[ent_1074]	Ent[ent_1217]	Serbian	Slobodan Milosevic	amod|<-amod<-republic<-pobj<-of<-prep<-president->appos->|appos
rel_41	Ent[ent_1074]	Ent[ent_1283]	Serbian	Slobodan Milosevic	amod|<-amod<-government->prep->of->pobj->|pobj
rel_41	Ent[ent_1074]	Ent[ent_1217]	Serbian	Slobodan Milosevic	amod|<-amod<-government->partmod->lead->prep->by->pobj->|pobj
rel_41	Ent[ent_1074]	Ent[ent_1217]	Serbian	Slobodan Milosevic	nn|<-nn<-leader<-pobj<-from<-prep<-commitment->appos->|appos
rel_41	Ent[ent_1074]	Ent[ent_1217]	Serbian	Slobodan Milosevic	nn|<-nn<-government->partmod->lead->prep->by->pobj->|pobj
rel_41	Ent[ent_1074]	Ent[ent_1217]	Serbian	Slobodan Milosevic	amod|<-amod<-structure->prep->of->pobj->|pobj
rel_20	Ent[ent_558]	Ent[ent_1011]	Brooklyn Borough	Howard Golden	nn|<-nn<-president->appos->|appos
rel_118	Ent[ent_558]	Ent[ent_142]	Brooklyn Borough	Howard Golden	nn|<-nn<-president->dep->|dep
rel_41	Ent[ent_25]	Ent[ent_939]	Russian	Boris N. Yeltsin	nn|<-nn<-president->appos->|appos
rel_41	Ent[ent_25]	Ent[ent_939]	Russian	Boris N. Yeltsin	amod|<-amod<-republic<-poss<-president->appos->|appos
rel_41	Ent[ent_25]	Ent[ent_939]	Russian	Boris N. Yeltsin	amod|<-amod<-government->prep->of->pobj->|pobj
rel_41	Ent[ent_25]	Ent[ent_939]	Russian	Boris N. Yeltsin	amod|<-amod<-republic<-pobj<-of<-prep<-president->appos->|appos
rel_41	Ent[ent_25]	Ent[ent_939]	Russian	Boris N. Yeltsin	amod|<-amod<-president->appos->|appos
rel_41	Ent[ent_25]	Ent[ent_939]	Russian	Boris N. Yeltsin	amod|<-amod<-republic<-pobj<-in<-prep<-election<-nsubj<-bring->dobj->|dobj
rel_41	Ent[ent_25]	Ent[ent_939]	Russian	Boris N. Yeltsin	amod|<-amod<-republic<-poss<-parliament->partmod->lead->prep->by->pobj->president->appos->|appos
rel_41	Ent[ent_25]	Ent[ent_939]	Russian	Boris N. Yeltsin	amod|<-amod<-republic<-pobj<-of<-prep<-leader->appos->|appos
rel_41	Ent[ent_25]	Ent[ent_939]	Russian	Boris N. Yeltsin	amod|<-amod<-republic->partmod->lead->prep->by->pobj->|pobj
rel_41	Ent[ent_25]	Ent[ent_939]	Russian	Boris N. Yeltsin	amod|<-amod<-military<-nsubj<-heed->dobj->order->poss->|poss
rel_118	Ent[ent_1243]	Ent[ent_930]	Senate	Donald T. DiFrancesco	nn|<-nn<-president->appos->|appos
rel_136	Ent[ent_1197]	Ent[ent_930]	Senate	Donald T. DiFrancesco	pobj|<-pobj<-of<-prep<-president->appos->|appos
rel_118	Ent[ent_1243]	Ent[ent_930]	Senate	Donald T. DiFrancesco	pobj|<-pobj<-of<-prep<-president-elect->appos->|appos
rel_15	Ent[ent_598]	Ent[ent_930]	Senate	Donald T. DiFrancesco	rcmod|->rcmod->have->nsubj->president->appos->|appos
rel_136	Ent[ent_1197]	Ent[ent_930]	Senate	Donald T. DiFrancesco	pobj|<-pobj<-of<-prep<-president<-dobj<-elevate->dobj->|dobj
rel_118	Ent[ent_1243]	Ent[ent_930]	Senate	Donald T. DiFrancesco	pobj|<-pobj<-in<-prep<-praise->nsubj->president->appos->|appos
rel_136	Ent[ent_1197]	Ent[ent_930]	Senate	Donald T. DiFrancesco	nn|<-nn<-seat->rcmod->hold->prep->by->pobj->|pobj
rel_136	Ent[ent_1197]	Ent[ent_930]	Senate	Donald T. DiFrancesco	nn|<-nn<-president<-pobj<-with<-dep<-along<-prep<-say->nsubj->|nsubj
rel_118	Ent[ent_1243]	Ent[ent_930]	Senate	Donald T. DiFrancesco	nn|<-nn<-president<-pobj<-to<-prep<-send<-partmod<-message<-dobj<-misattribute->dobj->|dobj
rel_15	Ent[ent_598]	Ent[ent_930]	Senate	Donald T. DiFrancesco	nn|<-nn<-president<-pobj<-to<-prep<-letter<-pobj<-in<-prep<-write->dobj->|dobj
rel_118	Ent[ent_496]	Ent[ent_254]	Queens Borough	Claire Shulman	nn|<-nn<-president->appos->|appos
rel_144	Ent[ent_496]	Ent[ent_666]	Queens Borough	Claire Shulman	nn|<-nn<-president->dep->|dep
rel_118	Ent[ent_496]	Ent[ent_254]	Queens Borough	Claire Shulman	nn|<-nn<-president<-dep<-change->appos->|appos
rel_41	Ent[ent_1075]	Ent[ent_1076]	Bosnian	Alija Izetbegovic	nn|<-nn<-president->appos->|appos
rel_41	Ent[ent_1075]	Ent[ent_1076]	Bosnian	Alija Izetbegovic	nn|<-nn<-government->prep->of->pobj->|pobj
rel_41	Ent[ent_1075]	Ent[ent_1076]	Bosnian	Alija Izetbegovic	amod|<-amod<-president->appos->|appos
rel_41	Ent[ent_1075]	Ent[ent_1076]	Bosnian	Alija Izetbegovic	amod|<-amod<-leader->appos->|appos
rel_41	Ent[ent_1075]	Ent[ent_1076]	Bosnian	Alija Izetbegovic	amod|<-amod<-counterpart->appos->|appos
rel_41	Ent[ent_1075]	Ent[ent_1076]	Bosnian	Alija Izetbegovic	nn|<-nn<-representative<-nsubj<-come->prep->with->pobj->letter->prep->from->pobj->|pobj
rel_299	Ent[ent_1075]	Ent[ent_992]	Bosnian	Alija Izetbegovic	nn|<-nn<-leader<-nsubj<-die->dobj->|dobj
rel_41	Ent[ent_1075]	Ent[ent_1076]	Bosnian	Alija Izetbegovic	nn|<-nn<-government<-pobj<-of<-prep<-president->appos->|appos
rel_41	Ent[ent_1075]	Ent[ent_1076]	Bosnian	Alija Izetbegovic	nn|<-nn<-government<-pobj<-of<-prep<-head->appos->|appos
rel_76	Ent[ent_1075]	Ent[ent_577]	Bosnian	Alija Izetbegovic	nn|<-nn<-government<-pobj<-for<-dep<-as<-prep<-praise->dobj->|dobj
rel_41	Ent[ent_932]	Ent[ent_213]	Croatian	Franjo Tudjman	nn|<-nn<-president->appos->|appos
rel_41	Ent[ent_932]	Ent[ent_213]	Croatian	Franjo Tudjman	nn|<-nn<-government->prep->of->pobj->|pobj
rel_164	Ent[ent_389]	Ent[ent_213]	Croatian	Franjo Tudjman	amod|<-amod<-leader->appos->|appos
rel_41	Ent[ent_932]	Ent[ent_213]	Croatian	Franjo Tudjman	amod|<-amod<-counterpart->appos->|appos
rel_41	Ent[ent_932]	Ent[ent_213]	Croatian	Franjo Tudjman	amod|<-amod<-republic<-poss<-president->appos->|appos
rel_41	Ent[ent_932]	Ent[ent_213]	Croatian	Franjo Tudjman	amod|<-amod<-president->appos->|appos
rel_41	Ent[ent_932]	Ent[ent_213]	Croatian	Franjo Tudjman	amod|<-amod<-government->prep->of->pobj->|pobj
rel_41	Ent[ent_932]	Ent[ent_213]	Croatian	Franjo Tudjman	nn|<-nn<-president<-pobj<-to<-prep<-letter<-nsubj<-address->prep->to->pobj->president->appos->|appos
rel_41	Ent[ent_932]	Ent[ent_213]	Croatian	Franjo Tudjman	nn|<-nn<-government->partmod->lead->prep->by->pobj->|pobj
rel_41	Ent[ent_932]	Ent[ent_213]	Croatian	Franjo Tudjman	amod|<-amod<-village<-nsubj<-renovate->dobj->birthplace->prep->of->pobj->|pobj
rel_144	Ent[ent_1077]	Ent[ent_1260]	U S West	Bell	appos|->appos->company->nn->|nn
rel_168	Ent[ent_1077]	Ent[ent_1260]	U S West	Bell	appos|->appos->smallest->prep->of->pobj->company->nn->|nn
rel_144	Ent[ent_1077]	Ent[ent_1260]	U S West	Bell	rcmod|->rcmod->set->nsubj->company->nn->|nn
rel_168	Ent[ent_1077]	Ent[ent_1260]	U S West	Bell	rcmod|->rcmod->create->prep->in->pobj->breakup->prep->of->pobj->|pobj
rel_144	Ent[ent_1077]	Ent[ent_1260]	U S West	Bell	nsubjpass|<-nsubjpass<-ally->prep->with->pobj->|pobj
rel_144	Ent[ent_1077]	Ent[ent_1260]	U S West	Bell	nsubj|<-nsubj<-lead->dobj->company->nn->|nn
rel_144	Ent[ent_1077]	Ent[ent_1260]	U S West	Bell	nsubj|<-nsubj<-different->prep->from->pobj->brethren->nn->|nn
rel_168	Ent[ent_1077]	Ent[ent_1260]	U S West	Bell	nsubj|<-nsubj<-company->nn->|nn
rel_144	Ent[ent_1077]	Ent[ent_1260]	U S West	Bell	nn|<-nn<-deal<-pobj<-in<-prep<-try->nsubj->company->nn->|nn
rel_168	Ent[ent_1077]	Ent[ent_1260]	U S West	Bell	dep|->dep->company->nn->|nn
rel_144	Ent[ent_1078]	Ent[ent_429]	Exhibitor Relations	Los Angeles	appos|->appos->company->nn->|nn
rel_364	Ent[ent_1078]	Ent[ent_1213]	Exhibitor Relations	Los Angeles	appos|->appos->company->amod->|amod
rel_144	Ent[ent_1078]	Ent[ent_429]	Exhibitor Relations	Los Angeles	appos|->appos->office->nn->|nn
rel_364	Ent[ent_1078]	Ent[ent_1213]	Exhibitor Relations	Los Angeles	appos|->appos->firm->prep->in->pobj->|pobj
rel_144	Ent[ent_1078]	Ent[ent_429]	Exhibitor Relations	Los Angeles	appos|->appos->company->prep->in->pobj->|pobj
rel_364	Ent[ent_1078]	Ent[ent_1213]	Exhibitor Relations	Los Angeles	appos|->appos->company->partmod->base->prep->in->pobj->|pobj
rel_299	Ent[ent_934]	Ent[ent_1079]	Unilever	British-Dutch	appos|->appos->company->nn->|nn
rel_369	Ent[ent_934]	Ent[ent_663]	Unilever	British-Dutch	appos|->appos->product->nn->|nn
rel_299	Ent[ent_934]	Ent[ent_1079]	Unilever	British-Dutch	appos|->appos->conglomerate->nn->|nn
rel_299	Ent[ent_934]	Ent[ent_1079]	Unilever	British-Dutch	appos|->appos->food->nn->|nn
rel_299	Ent[ent_934]	Ent[ent_1079]	Unilever	British-Dutch	appos|->appos->company->amod->|amod
rel_299	Ent[ent_934]	Ent[ent_1079]	Unilever	British-Dutch	appos|->appos->maker->nn->|nn
rel_375	Ent[ent_934]	Ent[ent_328]	Unilever	British-Dutch	appos|->appos->group->nn->|nn
rel_299	Ent[ent_934]	Ent[ent_1079]	Unilever	British-Dutch	appos|->appos->giant->nn->|nn
rel_299	Ent[ent_934]	Ent[ent_1079]	Unilever	British-Dutch	appos|->appos->corporation->nn->|nn
rel_299	Ent[ent_934]	Ent[ent_1079]	Unilever	British-Dutch	appos|->appos->consumer-products->nn->|nn
rel_299	Ent[ent_933]	Ent[ent_1245]	Google	Internet	appos|->appos->engine->nn->|nn
rel_181	Ent[ent_933]	Ent[ent_936]	Google	Internet	appos|->appos->company->nn->|nn
rel_181	Ent[ent_933]	Ent[ent_936]	Google	Internet	appos|->appos->giant->nn->|nn
rel_299	Ent[ent_933]	Ent[ent_1245]	Google	Internet	rcmod|->rcmod->company->nn->|nn
rel_299	Ent[ent_933]	Ent[ent_1245]	Google	Internet	prep|->prep->in->pobj->search->nn->|nn
rel_181	Ent[ent_933]	Ent[ent_936]	Google	Internet	poss|<-poss<-history<-pobj<-in<-prep<-biggest<-appos<-acquisition<-nsubj<-put->dobj->giant->nn->|nn
rel_299	Ent[ent_933]	Ent[ent_1245]	Google	Internet	poss|<-poss<-engine->nn->|nn
rel_181	Ent[ent_933]	Ent[ent_936]	Google	Internet	poss|<-poss<-competitor->prep->in->pobj->technology->nn->|nn
rel_299	Ent[ent_933]	Ent[ent_1245]	Google	Internet	poss|<-poss<-coincide->prep->with->pobj->effort->prep->to->pobj->user->nn->|nn
rel_181	Ent[ent_933]	Ent[ent_936]	Google	Internet	pobj|<-pobj<-of<-prep<-success<-dobj<-match->prep->in->pobj->business->nn->|nn
rel_168	Ent[ent_935]	Ent[ent_1260]	Ameritech	Bell	appos|->appos->company->nn->|nn
rel_168	Ent[ent_935]	Ent[ent_1260]	Ameritech	Bell	appos|->appos->parent->prep->of->pobj->company->nn->|nn
rel_72	Ent[ent_935]	Ent[ent_1260]	Ameritech	Bell	appos|->appos->company->prep->of->pobj->company->nn->|nn
rel_72	Ent[ent_935]	Ent[ent_1260]	Ameritech	Bell	prep|->prep->of->pobj->company->nn->|nn
rel_72	Ent[ent_935]	Ent[ent_1260]	Ameritech	Bell	nsubj|<-nsubj<-parent->prep->of->pobj->company->nn->|nn
rel_72	Ent[ent_935]	Ent[ent_1260]	Ameritech	Bell	dep|<-dep<-west->dep->|dep
rel_168	Ent[ent_935]	Ent[ent_1260]	Ameritech	Bell	poss|<-poss<-computer<-dobj<-service->prep->while->pobj->baby->rcmod->provide->nsubj->|nsubj
rel_72	Ent[ent_935]	Ent[ent_1260]	Ameritech	Bell	pobj|<-pobj<-over<-prep<-concern<-dobj<-express<-dep<-prohibit->dobj->company->nn->|nn
rel_72	Ent[ent_935]	Ent[ent_1260]	Ameritech	Bell	pobj|<-pobj<-of<-prep<-purchase->appos->acquisition->poss->|poss
rel_168	Ent[ent_935]	Ent[ent_1260]	Ameritech	Bell	pobj|<-pobj<-behind<-prep<-have->advmod->ahead->dep->of->pobj->|pobj
rel_153	Ent[ent_1080]	Ent[ent_936]	DoubleClick	Internet	appos|->appos->company->nn->|nn
rel_153	Ent[ent_1080]	Ent[ent_936]	DoubleClick	Internet	appos|->appos->agency->nn->|nn
rel_80	Ent[ent_1080]	Ent[ent_1245]	DoubleClick	Internet	appos|->appos->advertising->nn->|nn
rel_153	Ent[ent_1080]	Ent[ent_936]	DoubleClick	Internet	nsubj|<-nsubj<-come->nsubj->|nsubj
rel_110	Ent[ent_1080]	Ent[ent_1245]	DoubleClick	Internet	appos|->appos->firm->nn->|nn
rel_153	Ent[ent_1080]	Ent[ent_936]	DoubleClick	Internet	appos|->appos->company->poss->|poss
rel_153	Ent[ent_1080]	Ent[ent_936]	DoubleClick	Internet	rcmod|->rcmod->describe->prep->as->pobj->company->nn->|nn
rel_153	Ent[ent_1080]	Ent[ent_936]	DoubleClick	Internet	nsubj|<-nsubj<-start->prep->as->pobj->group->nn->|nn
rel_110	Ent[ent_1080]	Ent[ent_1245]	DoubleClick	Internet	nsubj|<-nsubj<-grow->prep->into->pobj->powerhouse->nn->|nn
rel_110	Ent[ent_1080]	Ent[ent_1245]	DoubleClick	Internet	nsubj|<-nsubj<-face->dobj->regulation->prep->of->pobj->datum->rcmod->collect->prep->on->pobj->user->nn->|nn
rel_144	Ent[ent_361]	Ent[ent_1260]	Ameritech Corporation	Bell	appos|->appos->company->nn->|nn
rel_144	Ent[ent_361]	Ent[ent_1260]	Ameritech Corporation	Bell	rcmod|->rcmod->have->dobj->employee->prep->in->pobj->company->nn->|nn
rel_144	Ent[ent_1239]	Ent[ent_1263]	Real Capital Analytics	New York	appos|->appos->company->nn->|nn
rel_110	Ent[ent_1082]	Ent[ent_1244]	Real Capital Analytics	New York	appos|->appos->firm->nn->|nn
rel_110	Ent[ent_1082]	Ent[ent_843]	Real Capital Analytics	New York	appos|->appos->research->prep->in->pobj->|pobj
rel_110	Ent[ent_1082]	Ent[ent_843]	Real Capital Analytics	New York	appos|->appos->firm->prep->in->pobj->|pobj
rel_110	Ent[ent_1082]	Ent[ent_843]	Real Capital Analytics	New York	appos|->appos->firm->partmod->base->prep->in->pobj->|pobj
rel_110	Ent[ent_1082]	Ent[ent_1244]	Real Capital Analytics	New York	appos|->appos->company->prep->in->pobj->|pobj
rel_299	Ent[ent_1083]	Ent[ent_1260]	BellSouth Corporation	Bell	appos|->appos->company->nn->|nn
rel_299	Ent[ent_1083]	Ent[ent_1260]	BellSouth Corporation	Bell	appos|->appos->largest->prep->of->pobj->company->nn->|nn
rel_299	Ent[ent_1083]	Ent[ent_1260]	BellSouth Corporation	Bell	appos|->appos->company->dep->spin->prep->in->pobj->breakup->prep->of->pobj->|pobj
rel_299	Ent[ent_1083]	Ent[ent_1260]	BellSouth Corporation	Bell	appos|->appos->provider->prep->after->pobj->|pobj
rel_299	Ent[ent_1083]	Ent[ent_1260]	BellSouth Corporation	Bell	appos|->appos->company->prep->like->pobj->|pobj
rel_120	Ent[ent_950]	Ent[ent_1260]	Pacific Telesis	Bell	appos|->appos->company->nn->|nn
rel_206	Ent[ent_950]	Ent[ent_1260]	Pacific Telesis	Bell	nsubj|<-nsubj<-company->nn->|nn
rel_206	Ent[ent_950]	Ent[ent_1260]	Pacific Telesis	Bell	rcmod|->rcmod->form->dobj->venture->prep->with->pobj->|pobj
rel_120	Ent[ent_950]	Ent[ent_1260]	Pacific Telesis	Bell	rcmod|->rcmod->follow->prep->by->pobj->company->nn->|nn
rel_120	Ent[ent_950]	Ent[ent_1260]	Pacific Telesis	Bell	rcmod|->rcmod->consist->nsubj->company->nn->|nn
rel_120	Ent[ent_950]	Ent[ent_1260]	Pacific Telesis	Bell	poss|<-poss<-stock<-nsubj<-perform->prep->since->pobj->breakup->nn->|nn
rel_206	Ent[ent_950]	Ent[ent_1260]	Pacific Telesis	Bell	pobj|<-pobj<-of<-prep<-acquisition->dep->venture->prep->with->pobj->|pobj
rel_120	Ent[ent_950]	Ent[ent_1260]	Pacific Telesis	Bell	nsubj|<-nsubj<-performer<-nsubj<-have->advmod->ahead->dep->of->pobj->|pobj
rel_120	Ent[ent_950]	Ent[ent_1260]	Pacific Telesis	Bell	nsubj|<-nsubj<-pay->prep->for->pobj->test->prep->in->pobj->region->poss->|poss
rel_120	Ent[ent_950]	Ent[ent_1260]	Pacific Telesis	Bell	nsubj|<-nsubj<-emerge->prep->as->pobj->strongest->prep->of->pobj->company->nn->|nn
rel_185	Ent[ent_1252]	Ent[ent_278]	Mets	Braves	nsubj|<-nsubj<-lose->prep->to->pobj->|pobj
rel_185	Ent[ent_1252]	Ent[ent_278]	Mets	Braves	nsubj|<-nsubj<-beat->dobj->|dobj
rel_185	Ent[ent_1264]	Ent[ent_278]	Mets	Braves	nsubj|<-nsubj<-play->dobj->|dobj
rel_185	Ent[ent_1264]	Ent[ent_278]	Mets	Braves	poss|<-poss<-victory->prep->over->pobj->|pobj
rel_185	Ent[ent_1264]	Ent[ent_278]	Mets	Braves	nsubj|<-nsubj<-trail->dobj->|dobj
rel_185	Ent[ent_1264]	Ent[ent_278]	Mets	Braves	nsubj|<-nsubj<-defeat->dobj->|dobj
rel_185	Ent[ent_1264]	Ent[ent_278]	Mets	Braves	poss|<-poss<-loss->prep->to->pobj->|pobj
rel_324	Ent[ent_321]	Ent[ent_278]	Mets	Braves	nsubj|<-nsubj<-face->dobj->|dobj
rel_185	Ent[ent_1264]	Ent[ent_278]	Mets	Braves	nsubj|<-nsubj<-sweep->dobj->|dobj
rel_185	Ent[ent_1252]	Ent[ent_278]	Mets	Braves	nsubj|<-nsubj<-game->prep->behind->pobj->|pobj
rel_185	Ent[ent_1004]	Ent[ent_1257]	Yankees	Red Sox	nsubj|<-nsubj<-play->dobj->|dobj
rel_185	Ent[ent_1004]	Ent[ent_1269]	Yankees	Red Sox	nsubj|<-nsubj<-beat->dobj->|dobj
rel_330	Ent[ent_408]	Ent[ent_1269]	Yankees	Red Sox	nsubj|<-nsubj<-lose->prep->to->pobj->|pobj
rel_185	Ent[ent_1004]	Ent[ent_1257]	Yankees	Red Sox	nsubj|<-nsubj<-lead->dobj->|dobj
rel_185	Ent[ent_1239]	Ent[ent_1269]	Yankees	Red Sox	nsubj|<-nsubj<-trail->dobj->|dobj
rel_185	Ent[ent_1004]	Ent[ent_1257]	Yankees	Red Sox	poss|<-poss<-victory->prep->over->pobj->|pobj
rel_185	Ent[ent_1004]	Ent[ent_309]	Yankees	Red Sox	nsubj|<-nsubj<-defeat->dobj->|dobj
rel_185	Ent[ent_1004]	Ent[ent_309]	Yankees	Red Sox	nsubj|<-nsubj<-sweep->dobj->|dobj
rel_185	Ent[ent_1004]	Ent[ent_309]	Yankees	Red Sox	nsubj|<-nsubj<-outlast->dobj->|dobj
rel_185	Ent[ent_1239]	Ent[ent_309]	Yankees	Red Sox	nsubj|<-nsubj<-overtake->dobj->|dobj
rel_185	Ent[ent_321]	Ent[ent_1084]	Mets	Phillies	nsubj|<-nsubj<-lose->prep->to->pobj->|pobj
rel_185	Ent[ent_321]	Ent[ent_1084]	Mets	Phillies	nsubj|<-nsubj<-beat->dobj->|dobj
rel_67	Ent[ent_1264]	Ent[ent_1084]	Mets	Phillies	nsubj|<-nsubj<-play->dobj->|dobj
rel_67	Ent[ent_1264]	Ent[ent_1084]	Mets	Phillies	poss|<-poss<-victory->prep->over->pobj->|pobj
rel_185	Ent[ent_321]	Ent[ent_1084]	Mets	Phillies	poss|<-poss<-victory->prep->against->pobj->|pobj
rel_399	Ent[ent_1252]	Ent[ent_1084]	Mets	Phillies	nsubj|<-nsubj<-trade->prep->to->pobj->|pobj
rel_67	Ent[ent_1264]	Ent[ent_1084]	Mets	Phillies	nsubj|<-nsubj<-take->prep->from->pobj->|pobj
rel_185	Ent[ent_321]	Ent[ent_1084]	Mets	Phillies	nsubj|<-nsubj<-take->dobj->|dobj
rel_399	Ent[ent_1252]	Ent[ent_1084]	Mets	Phillies	nsubj|<-nsubj<-play->prep->to->pobj->|pobj
rel_67	Ent[ent_1264]	Ent[ent_1084]	Mets	Phillies	nsubj|<-nsubj<-defeat->dobj->|dobj
rel_353	Ent[ent_1264]	Ent[ent_647]	Mets	Dodgers	nsubj|<-nsubj<-lose->prep->to->pobj->|pobj
rel_353	Ent[ent_1264]	Ent[ent_647]	Mets	Dodgers	nsubj|<-nsubj<-defeat->dobj->|dobj
rel_353	Ent[ent_1264]	Ent[ent_647]	Mets	Dodgers	nsubj|<-nsubj<-beat->dobj->|dobj
rel_353	Ent[ent_1264]	Ent[ent_647]	Mets	Dodgers	nsubj|<-nsubj<-play->dobj->|dobj
rel_353	Ent[ent_1264]	Ent[ent_647]	Mets	Dodgers	poss|<-poss<-victory->prep->over->pobj->|pobj
rel_355	Ent[ent_1252]	Ent[ent_647]	Mets	Dodgers	poss|<-poss<-game->prep->against->pobj->|pobj
rel_355	Ent[ent_1252]	Ent[ent_647]	Mets	Dodgers	pobj|<-pobj<-by<-prep<-trade->prep->to->pobj->|pobj
rel_355	Ent[ent_1252]	Ent[ent_647]	Mets	Dodgers	nsubj|<-nsubj<-win->prep->with->pobj->triumph->prep->over->pobj->|pobj
rel_353	Ent[ent_1264]	Ent[ent_647]	Mets	Dodgers	pobj|<-pobj<-like<-prep<-bit->partmod->call->dobj->|dobj
rel_355	Ent[ent_1252]	Ent[ent_647]	Mets	Dodgers	pobj|<-pobj<-from<-prep<-trade->prep->to->pobj->|pobj
rel_185	Ent[ent_309]	Ent[ent_1004]	Red Sox	Yankees	nsubj|<-nsubj<-beat->dobj->|dobj
rel_353	Ent[ent_309]	Ent[ent_1239]	Red Sox	Yankees	nsubj|<-nsubj<-play->dobj->|dobj
rel_185	Ent[ent_1269]	Ent[ent_1004]	Red Sox	Yankees	nsubj|<-nsubj<-lose->prep->to->pobj->|pobj
rel_134	Ent[ent_1257]	Ent[ent_1239]	Red Sox	Yankees	nsubj|<-nsubj<-lead->dobj->|dobj
rel_353	Ent[ent_1257]	Ent[ent_646]	Red Sox	Yankees	nsubj|<-nsubj<-sell->prep->to->pobj->|pobj
rel_185	Ent[ent_309]	Ent[ent_1004]	Red Sox	Yankees	nsubj|<-nsubj<-trail->dobj->|dobj
rel_185	Ent[ent_309]	Ent[ent_1004]	Red Sox	Yankees	nsubj|<-nsubj<-game->prep->behind->pobj->|pobj
rel_353	Ent[ent_309]	Ent[ent_1239]	Red Sox	Yankees	nsubj|<-nsubj<-defeat->dobj->|dobj
rel_353	Ent[ent_309]	Ent[ent_1239]	Red Sox	Yankees	nsubj|<-nsubj<-shock->dobj->|dobj
rel_185	Ent[ent_309]	Ent[ent_1004]	Red Sox	Yankees	nsubj|<-nsubj<-knock->dobj->|dobj
rel_185	Ent[ent_182]	Ent[ent_1085]	Mr. Bush	Al Gore	nsubj|<-nsubj<-lose->prep->to->pobj->|pobj
rel_353	Ent[ent_145]	Ent[ent_1085]	Mr. Bush	Al Gore	nsubj|<-nsubj<-defeat->dobj->|dobj
rel_185	Ent[ent_182]	Ent[ent_1085]	Mr. Bush	Al Gore	poss|<-poss<-opponent->appos->|appos
rel_244	Ent[ent_15]	Ent[ent_1085]	Mr. Bush	Al Gore	nsubj|<-nsubj<-beat->dobj->|dobj
rel_185	Ent[ent_182]	Ent[ent_1085]	Mr. Bush	Al Gore	poss|<-poss<-victory->prep->over->pobj->|pobj
rel_353	Ent[ent_145]	Ent[ent_1085]	Mr. Bush	Al Gore	nsubj|<-nsubj<-trounce->dobj->|dobj
rel_185	Ent[ent_182]	Ent[ent_1085]	Mr. Bush	Al Gore	rcmod|->rcmod->lose->prep->to->pobj->|pobj
rel_185	Ent[ent_182]	Ent[ent_1085]	Mr. Bush	Al Gore	poss|<-poss<-advantage->prep->over->pobj->|pobj
rel_185	Ent[ent_182]	Ent[ent_1085]	Mr. Bush	Al Gore	nsubj|<-nsubj<-receive->dobj->vote->prep->than->pobj->|pobj
rel_353	Ent[ent_145]	Ent[ent_1085]	Mr. Bush	Al Gore	nsubj|<-nsubj<-deride->dobj->|dobj
rel_185	Ent[ent_1239]	Ent[ent_1013]	Yankees	Florida Marlins	nsubj|<-nsubj<-lose->prep->to->pobj->|pobj
rel_185	Ent[ent_1239]	Ent[ent_1013]	Yankees	Florida Marlins	nsubj|<-nsubj<-play->dobj->|dobj
rel_185	Ent[ent_1004]	Ent[ent_1013]	Yankees	Florida Marlins	poss|<-poss<-loss->prep->to->pobj->|pobj
rel_185	Ent[ent_1004]	Ent[ent_1013]	Yankees	Florida Marlins	poss|<-poss<-game->prep->against->pobj->|pobj
rel_185	Ent[ent_1004]	Ent[ent_1013]	Yankees	Florida Marlins	poss|<-poss<-loss<-dobj<-discuss->prep->to->pobj->|pobj
rel_185	Ent[ent_1239]	Ent[ent_1013]	Yankees	Florida Marlins	nsubj|<-nsubj<-trade->prep->to->pobj->|pobj
rel_185	Ent[ent_1239]	Ent[ent_1013]	Yankees	Florida Marlins	nsubj|<-nsubj<-defeat->dobj->|dobj
rel_185	Ent[ent_1004]	Ent[ent_1013]	Yankees	Florida Marlins	nsubj|<-nsubj<-beat->dobj->|dobj
rel_185	Ent[ent_1004]	Ent[ent_1013]	Yankees	Florida Marlins	rcmod|<-rcmod<-b2<-nsubj<-defeat->dobj->|dobj
rel_185	Ent[ent_1004]	Ent[ent_1013]	Yankees	Florida Marlins	poss|<-poss<-victory->prep->over->pobj->|pobj
rel_353	Ent[ent_1264]	Ent[ent_600]	Mets	Cubs	nsubj|<-nsubj<-lose->prep->to->pobj->|pobj
rel_185	Ent[ent_785]	Ent[ent_600]	Mets	Cubs	nsubj|<-nsubj<-beat->dobj->|dobj
rel_353	Ent[ent_1264]	Ent[ent_600]	Mets	Cubs	nsubj|<-nsubj<-play->dobj->|dobj
rel_379	Ent[ent_1069]	Ent[ent_600]	Mets	Cubs	poss|<-poss<-victory->prep->over->pobj->|pobj
rel_353	Ent[ent_1264]	Ent[ent_600]	Mets	Cubs	nsubj|<-nsubj<-defeat->dobj->|dobj
rel_353	Ent[ent_321]	Ent[ent_600]	Mets	Cubs	dobj|<-dobj<-lift->prep->into->pobj->playoff->rcmod->win->nsubj->|nsubj
rel_298	Ent[ent_1252]	Ent[ent_773]	Mets	Cubs	rcmod|->rcmod->lose->prep->to->pobj->|pobj
rel_353	Ent[ent_321]	Ent[ent_600]	Mets	Cubs	poss|<-poss<-loss->prep->to->pobj->|pobj
rel_185	Ent[ent_785]	Ent[ent_600]	Mets	Cubs	poss|<-poss<-game<-pobj<-by<-prep<-backed<-nsubj<-kick->nsubj->|nsubj
rel_353	Ent[ent_1264]	Ent[ent_600]	Mets	Cubs	nsubj|<-nsubj<-win->dobj->series->prep->from->pobj->|pobj
rel_185	Ent[ent_1259]	Ent[ent_347]	Devils	Rangers	nsubj|<-nsubj<-lose->prep->to->pobj->|pobj
rel_353	Ent[ent_1282]	Ent[ent_1249]	Devils	Rangers	nsubj|<-nsubj<-beat->dobj->|dobj
rel_353	Ent[ent_1282]	Ent[ent_1249]	Devils	Rangers	poss|<-poss<-victory->prep->over->pobj->|pobj
rel_185	Ent[ent_1256]	Ent[ent_1249]	Devils	Rangers	nsubj|<-nsubj<-play->dobj->|dobj
rel_20	Ent[ent_110]	Ent[ent_347]	Devils	Rangers	nsubj|<-nsubj<-visit->dobj->|dobj
rel_185	Ent[ent_1259]	Ent[ent_347]	Devils	Rangers	nsubj|<-nsubj<-defeat->dobj->|dobj
rel_20	Ent[ent_110]	Ent[ent_347]	Devils	Rangers	rcmod|->rcmod->trail->dobj->|dobj
rel_185	Ent[ent_1259]	Ent[ent_347]	Devils	Rangers	nsubj|<-nsubj<-trail->dobj->|dobj
rel_353	Ent[ent_1282]	Ent[ent_1249]	Devils	Rangers	nsubj|<-nsubj<-play->dobj->game->prep->than->pobj->|pobj
rel_20	Ent[ent_110]	Ent[ent_347]	Devils	Rangers	poss|<-poss<-triumph->prep->over->pobj->|pobj
rel_353	Ent[ent_1252]	Ent[ent_1013]	Mets	Florida Marlins	poss|<-poss<-loss->prep->to->pobj->|pobj
rel_353	Ent[ent_321]	Ent[ent_1013]	Mets	Florida Marlins	nsubj|<-nsubj<-lose->prep->to->pobj->|pobj
rel_185	Ent[ent_1004]	Ent[ent_1013]	Mets	Florida Marlins	nsubj|<-nsubj<-beat->dobj->|dobj
rel_353	Ent[ent_321]	Ent[ent_1013]	Mets	Florida Marlins	poss|<-poss<-victory->prep->over->pobj->|pobj
rel_353	Ent[ent_321]	Ent[ent_1013]	Mets	Florida Marlins	nsubj|<-nsubj<-play->dobj->|dobj
rel_353	Ent[ent_1252]	Ent[ent_1013]	Mets	Florida Marlins	nsubj|<-nsubj<-defeat->dobj->|dobj
rel_79	Ent[ent_1264]	Ent[ent_1013]	Mets	Florida Marlins	nsubj|<-nsubj<-acquire->prep->from->pobj->|pobj
rel_353	Ent[ent_1252]	Ent[ent_1013]	Mets	Florida Marlins	poss|<-poss<-game->prep->against->pobj->|pobj
rel_79	Ent[ent_1264]	Ent[ent_1013]	Mets	Florida Marlins	dobj|<-dobj<-lead->prep->to->pobj->victory->prep->over->pobj->|pobj
rel_353	Ent[ent_1252]	Ent[ent_1013]	Mets	Florida Marlins	nn|<-nn<-victory->prep->over->pobj->|pobj
rel_3	Ent[ent_492]	Ent[ent_707]	Iraq	Tariq Aziz	poss|<-poss<-minister->appos->|appos
rel_55	Ent[ent_492]	Ent[ent_707]	Iraq	Tariq Aziz	pobj|<-pobj<-of<-prep<-minister->appos->|appos
rel_55	Ent[ent_492]	Ent[ent_707]	Iraq	Tariq Aziz	rcmod|->rcmod->cross->prep->with->pobj->letter->prep->from->pobj->|pobj
rel_55	Ent[ent_492]	Ent[ent_707]	Iraq	Tariq Aziz	poss|<-poss<-opposition->prep->to->pobj->aggressor->csubj->tell->nsubj->|nsubj
rel_3	Ent[ent_492]	Ent[ent_707]	Iraq	Tariq Aziz	poss|<-poss<-minister<-pobj<-with<-prep<-raise<-rcmod<-situation->appos->|appos
rel_3	Ent[ent_492]	Ent[ent_707]	Iraq	Tariq Aziz	poss|<-poss<-minister<-pobj<-with<-prep<-meeting<-pobj<-after<-prep<-say->appos->|appos
rel_55	Ent[ent_492]	Ent[ent_707]	Iraq	Tariq Aziz	poss|<-poss<-minister<-pobj<-by<-prep<-applaud->dobj->|dobj
rel_3	Ent[ent_492]	Ent[ent_707]	Iraq	Tariq Aziz	poss|<-poss<-minister<-dobj<-tell->dobj->|dobj
rel_3	Ent[ent_492]	Ent[ent_707]	Iraq	Tariq Aziz	poss|<-poss<-minister<-appos<-today->appos->|appos
rel_55	Ent[ent_492]	Ent[ent_707]	Iraq	Tariq Aziz	poss|<-poss<-friend->dep->declare->nsubj->|nsubj
rel_39	Ent[ent_820]	Ent[ent_949]	Israel	Ariel Sharon	poss|<-poss<-minister->appos->|appos
rel_139	Ent[ent_820]	Ent[ent_949]	Israel	Ariel Sharon	poss|<-poss<-general<-nsubj<-drop->dobj->investigation->prep->against->pobj->|pobj
rel_39	Ent[ent_856]	Ent[ent_949]	Israel	Ariel Sharon	pobj|<-pobj<-in<-prep<-say->nsubj->|nsubj
rel_139	Ent[ent_820]	Ent[ent_949]	Israel	Ariel Sharon	poss|<-poss<-use<-pobj<-of<-prep<-aftermath<-pobj<-in<-prep<-surge->nsubj->criticism->prep->of->pobj->|pobj
rel_39	Ent[ent_820]	Ent[ent_949]	Israel	Ariel Sharon	poss|<-poss<-minister<-pobj<-with<-prep<-meet->dobj->|dobj
rel_39	Ent[ent_820]	Ent[ent_949]	Israel	Ariel Sharon	poss|<-poss<-minister<-pobj<-as<-prep<-term<-pobj<-after<-prep<-face->nsubj->|nsubj
rel_139	Ent[ent_820]	Ent[ent_949]	Israel	Ariel Sharon	poss|<-poss<-minister->dep->provide->dobj->|dobj
rel_39	Ent[ent_820]	Ent[ent_949]	Israel	Ariel Sharon	poss|<-poss<-leadership->prep->include->pobj->|pobj
rel_139	Ent[ent_820]	Ent[ent_949]	Israel	Ariel Sharon	poss|<-poss<-general<-nsubj<-order->dobj->government->poss->|poss
rel_39	Ent[ent_856]	Ent[ent_949]	Israel	Ariel Sharon	pobj|<-pobj<-in<-prep<-anyone<-pobj<-than<-prep<-more<-dep<-oppose->nsubj->|nsubj
rel_39	Ent[ent_1211]	Ent[ent_706]	Britain	Tony Blair	poss|<-poss<-minister->appos->|appos
rel_39	Ent[ent_1211]	Ent[ent_706]	Britain	Tony Blair	pobj|<-pobj<-in<-prep<-say->nsubj->|nsubj
rel_39	Ent[ent_813]	Ent[ent_706]	Britain	Tony Blair	poss|<-poss<-official<-nsubj<-raise->prep->follow->prep->on->pobj->promise->poss->|poss
rel_39	Ent[ent_813]	Ent[ent_706]	Britain	Tony Blair	poss|<-poss<-establishment<-nsubj<-rally->prep->around->pobj->policy->prep->of->pobj->|pobj
rel_39	Ent[ent_813]	Ent[ent_706]	Britain	Tony Blair	pobj|<-pobj<-of<-prep<-minister->appos->|appos
rel_39	Ent[ent_1211]	Ent[ent_706]	Britain	Tony Blair	pobj|<-pobj<-in<-prep<-have->nsubj->|nsubj
rel_39	Ent[ent_813]	Ent[ent_706]	Britain	Tony Blair	pobj|<-pobj<-in<-prep<-emphasize->nsubj->|nsubj
rel_39	Ent[ent_1211]	Ent[ent_706]	Britain	Tony Blair	rcmod|->rcmod->take->nsubj->minister->appos->|appos
rel_39	Ent[ent_813]	Ent[ent_706]	Britain	Tony Blair	rcmod|->rcmod->supportive->prep->than->pobj->|pobj
rel_39	Ent[ent_1211]	Ent[ent_706]	Britain	Tony Blair	rcmod|->rcmod->seem->nsubj->|nsubj
rel_39	Ent[ent_820]	Ent[ent_1132]	Israel	Shimon Peres	poss|<-poss<-minister->appos->|appos
rel_136	Ent[ent_820]	Ent[ent_1132]	Israel	Shimon Peres	poss|<-poss<-president->appos->|appos
rel_136	Ent[ent_820]	Ent[ent_1132]	Israel	Shimon Peres	poss|<-poss<-leader->appos->|appos
rel_39	Ent[ent_820]	Ent[ent_1132]	Israel	Shimon Peres	poss|<-poss<-figure->nn->|nn
rel_39	Ent[ent_820]	Ent[ent_1132]	Israel	Shimon Peres	pobj|<-pobj<-to<-prep<-invite->prep->by->pobj->|pobj
rel_136	Ent[ent_820]	Ent[ent_1132]	Israel	Shimon Peres	pobj|<-pobj<-in<-prep<-panic->prep->over->pobj->devaluation->poss->|poss
rel_136	Ent[ent_820]	Ent[ent_1132]	Israel	Shimon Peres	pobj|<-pobj<-in<-prep<-official->prep->include->pobj->|pobj
rel_39	Ent[ent_820]	Ent[ent_1132]	Israel	Shimon Peres	pobj|<-pobj<-in<-prep<-gain->prep->in->pobj->challenge->prep->to->pobj->|pobj
rel_39	Ent[ent_820]	Ent[ent_1132]	Israel	Shimon Peres	rcmod|->rcmod->possible->prep->under->pobj->|pobj
rel_136	Ent[ent_820]	Ent[ent_1132]	Israel	Shimon Peres	poss|<-poss<-triumvirate->appos->|appos
rel_55	Ent[ent_1202]	Ent[ent_948]	India	Atal Behari Vajpayee	poss|<-poss<-minister->appos->|appos
rel_293	Ent[ent_96]	Ent[ent_948]	India	Atal Behari Vajpayee	pobj|<-pobj<-of<-prep<-minister->appos->|appos
rel_293	Ent[ent_96]	Ent[ent_948]	India	Atal Behari Vajpayee	poss|<-poss<-president<-nsubj<-accept->dobj->resignation->prep->of->pobj->|pobj
rel_55	Ent[ent_1202]	Ent[ent_948]	India	Atal Behari Vajpayee	poss|<-poss<-minister<-pobj<-without<-prep<-convincing->appos->|appos
rel_293	Ent[ent_96]	Ent[ent_948]	India	Atal Behari Vajpayee	poss|<-poss<-minister<-pobj<-to<-prep<-letter<-pobj<-in<-prep<-condemn->dobj->|dobj
rel_55	Ent[ent_1202]	Ent[ent_948]	India	Atal Behari Vajpayee	poss|<-poss<-minister<-pobj<-to<-prep<-invitation<-dobj<-send<-dep<-visit->nsubj->|nsubj
rel_55	Ent[ent_1202]	Ent[ent_948]	India	Atal Behari Vajpayee	poss|<-poss<-minister<-nsubj<-tell->prep->after->pobj->meeting->dep->today->partmod->attend->prep->by->pobj->|pobj
rel_55	Ent[ent_1202]	Ent[ent_948]	India	Atal Behari Vajpayee	poss|<-poss<-minister<-nsubjpass<-match->prep->against->pobj->|pobj
rel_293	Ent[ent_96]	Ent[ent_948]	India	Atal Behari Vajpayee	poss|<-poss<-minister<-dobj<-telephone->dobj->|dobj
rel_293	Ent[ent_96]	Ent[ent_948]	India	Atal Behari Vajpayee	poss|<-poss<-minister<-dobj<-invite<-partmod<-ruler->appos->|appos
rel_39	Ent[ent_820]	Ent[ent_709]	Israel	Ehud Olmert	poss|<-poss<-minister->appos->|appos
rel_298	Ent[ent_458]	Ent[ent_709]	Israel	Ehud Olmert	poss|<-poss<-minister-designate->appos->|appos
rel_39	Ent[ent_820]	Ent[ent_941]	Israel	Ehud Olmert	pobj|<-pobj<-in<-prep<-say->nsubj->|nsubj
rel_39	Ent[ent_820]	Ent[ent_709]	Israel	Ehud Olmert	pobj|<-pobj<-into<-prep<-raid->prep->by->pobj->group->rcmod->provide->dobj->government->prep->of->pobj->|pobj
rel_39	Ent[ent_820]	Ent[ent_709]	Israel	Ehud Olmert	rcmod|->rcmod->hang->nsubj->|nsubj
rel_39	Ent[ent_820]	Ent[ent_709]	Israel	Ehud Olmert	rcmod|->rcmod->discuss->dobj->package->prep->with->pobj->|pobj
rel_92	Ent[ent_856]	Ent[ent_941]	Israel	Ehud Olmert	poss|<-poss<-minister<-pobj<-with<-prep<-talk<-pobj<-for<-prep<-call->dep->|dep
rel_39	Ent[ent_820]	Ent[ent_709]	Israel	Ehud Olmert	poss|<-poss<-minister<-pobj<-to<-prep<-minister->appos->|appos
rel_55	Ent[ent_856]	Ent[ent_709]	Israel	Ehud Olmert	poss|<-poss<-minister<-pobj<-of<-prep<-plan<-dobj<-criticize->dobj->|dobj
rel_55	Ent[ent_856]	Ent[ent_709]	Israel	Ehud Olmert	poss|<-poss<-minister<-pobj<-by<-prep<-initiative->appos->|appos
rel_364	Ent[ent_818]	Ent[ent_708]	China	Qian Qichen	poss|<-poss<-minister->appos->|appos
rel_165	Ent[ent_1225]	Ent[ent_708]	China	Qian Qichen	poss|<-poss<-official->appos->|appos
rel_364	Ent[ent_818]	Ent[ent_708]	China	Qian Qichen	poss|<-poss<-willingness<-nsubjpass<-announce->prep->by->pobj->|pobj
rel_296	Ent[ent_818]	Ent[ent_725]	China	Qian Qichen	poss|<-poss<-willingness->appos->decision->partmod->make->prep->by->pobj->minister->appos->|appos
rel_364	Ent[ent_818]	Ent[ent_708]	China	Qian Qichen	poss|<-poss<-official<-pobj<-with<-prep<-talk<-dobj<-hold->dobj->|dobj
rel_165	Ent[ent_1225]	Ent[ent_708]	China	Qian Qichen	poss|<-poss<-official<-pobj<-to<-prep<-letter<-dobj<-send->dobj->|dobj
rel_399	Ent[ent_1219]	Ent[ent_409]	China	Qian Qichen	poss|<-poss<-minister<-pobj<-on<-prep<-schedule->nsubjpass->|nsubjpass
rel_364	Ent[ent_818]	Ent[ent_708]	China	Qian Qichen	poss|<-poss<-minister<-pobj<-of<-prep<-arrival<-pobj<-before<-prep<-day->appos->|appos
rel_296	Ent[ent_818]	Ent[ent_725]	China	Qian Qichen	poss|<-poss<-minister<-pobj<-like<-prep<-interlocutor<-pobj<-with<-prep<-dealings<-pobj<-for<-prep<-know->nsubj->|nsubj
rel_165	Ent[ent_1225]	Ent[ent_708]	China	Qian Qichen	poss|<-poss<-leader->prep->include->pobj->|pobj
rel_39	Ent[ent_820]	Ent[ent_941]	Israel	Yitzhak Rabin	poss|<-poss<-minister->appos->|appos
rel_311	Ent[ent_856]	Ent[ent_795]	Israel	Yitzhak Rabin	poss|<-poss<-response<-pobj<-of<-prep<-charge<-pobj<-in<-prep<-message->appos->|appos
rel_92	Ent[ent_856]	Ent[ent_941]	Israel	Yitzhak Rabin	pobj|<-pobj<-in<-prep<-gain->nsubj->|nsubj
rel_39	Ent[ent_820]	Ent[ent_941]	Israel	Yitzhak Rabin	rcmod|->rcmod->see->prep->as->pobj->move->prep->by->pobj->|pobj
rel_39	Ent[ent_820]	Ent[ent_941]	Israel	Yitzhak Rabin	rcmod|->rcmod->charm->nsubjpass->|nsubjpass
rel_39	Ent[ent_820]	Ent[ent_941]	Israel	Yitzhak Rabin	rcmod|->rcmod->bitter->prep->since->pobj->assassination->prep->of->pobj->|pobj
rel_92	Ent[ent_856]	Ent[ent_941]	Israel	Yitzhak Rabin	poss|<-poss<-service<-nsubj<-tighten->dobj->issue->appos->|appos
rel_39	Ent[ent_820]	Ent[ent_941]	Israel	Yitzhak Rabin	poss|<-poss<-party<-pobj<-of<-prep<-leadership<-pobj<-for<-prep<-vote<-pobj<-in<-prep<-victorious->appos->|appos
rel_39	Ent[ent_820]	Ent[ent_941]	Israel	Yitzhak Rabin	poss|<-poss<-opposition<-nsubj<-accuse->dobj->|dobj
rel_39	Ent[ent_820]	Ent[ent_941]	Israel	Yitzhak Rabin	poss|<-poss<-minister->rcmod->savor->nsubj->|nsubj
rel_55	Ent[ent_837]	Ent[ent_1086]	Japan	Kiichi Miyazawa	poss|<-poss<-minister->appos->|appos
rel_55	Ent[ent_837]	Ent[ent_1086]	Japan	Kiichi Miyazawa	pobj|<-pobj<-of<-prep<-minister->appos->|appos
rel_55	Ent[ent_837]	Ent[ent_1086]	Japan	Kiichi Miyazawa	poss|<-poss<-surplus->rcmod->bring->nsubj->|nsubj
rel_55	Ent[ent_837]	Ent[ent_1086]	Japan	Kiichi Miyazawa	poss|<-poss<-purchase<-dobj<-criticize->prep->during->pobj->conference->prep->with->pobj->|pobj
rel_55	Ent[ent_837]	Ent[ent_1086]	Japan	Kiichi Miyazawa	poss|<-poss<-problem<-nsubjpass<-sum->prep->in->pobj->career->prep->of->pobj->|pobj
rel_55	Ent[ent_837]	Ent[ent_1086]	Japan	Kiichi Miyazawa	poss|<-poss<-leader->appos->|appos
rel_55	Ent[ent_837]	Ent[ent_1086]	Japan	Kiichi Miyazawa	poss|<-poss<-economy<-nsubj<-arrive->nsubj->|nsubj
rel_55	Ent[ent_837]	Ent[ent_1086]	Japan	Kiichi Miyazawa	poss|<-poss<-economy<-dobj<-entrust->prep->to->pobj->|pobj
rel_55	Ent[ent_837]	Ent[ent_1086]	Japan	Kiichi Miyazawa	poss|<-poss<-currency<-nsubj<-rise->prep->on->pobj->comment->prep->from->pobj->|pobj
rel_55	Ent[ent_837]	Ent[ent_1086]	Japan	Kiichi Miyazawa	poss|<-poss<-company->dobj->ten->prep->to->pobj->politician->prep->include->pobj->|pobj
rel_14	Ent[ent_820]	Ent[ent_940]	Israel	Yitzhak Shamir	poss|<-poss<-minister->appos->|appos
rel_14	Ent[ent_820]	Ent[ent_940]	Israel	Yitzhak Shamir	poss|<-poss<-government->partmod->lead->prep->by->pobj->|pobj
rel_365	Ent[ent_250]	Ent[ent_940]	Israel	Yitzhak Shamir	pobj|<-pobj<-with<-prep<-talk<-dobj<-resume->dep->condemn->dobj->government->prep->of->pobj->|pobj
rel_312	Ent[ent_856]	Ent[ent_940]	Israel	Yitzhak Shamir	pobj|<-pobj<-in<-prep<-talk->prep->with->pobj->|pobj
rel_14	Ent[ent_820]	Ent[ent_940]	Israel	Yitzhak Shamir	rcmod|->rcmod->prove->nsubj->breakup->prep->of->pobj->coalition->poss->|poss
rel_14	Ent[ent_820]	Ent[ent_940]	Israel	Yitzhak Shamir	rcmod|->rcmod->face->nsubj->|nsubj
rel_312	Ent[ent_856]	Ent[ent_940]	Israel	Yitzhak Shamir	prep|->prep->about->pobj->proposal->poss->|poss
rel_14	Ent[ent_820]	Ent[ent_940]	Israel	Yitzhak Shamir	poss|<-poss<-triumvirate->dep->|dep
rel_14	Ent[ent_820]	Ent[ent_940]	Israel	Yitzhak Shamir	poss|<-poss<-roster->partmod->lead->prep->by->pobj->|pobj
rel_14	Ent[ent_820]	Ent[ent_940]	Israel	Yitzhak Shamir	poss|<-poss<-position->dep->meet->prep->with->pobj->|pobj
rel_110	Ent[ent_1147]	Ent[ent_209]	Yankee Group	Boston	appos|->appos->firm->prep->in->pobj->|pobj
rel_110	Ent[ent_1147]	Ent[ent_209]	Yankee Group	Boston	appos|->appos->company->prep->in->pobj->|pobj
rel_298	Ent[ent_1147]	Ent[ent_209]	Yankee Group	Boston	appos|->appos->technology->dep->firm->prep->in->pobj->|pobj
rel_110	Ent[ent_1147]	Ent[ent_209]	Yankee Group	Boston	appos|->appos->firm->nn->|nn
rel_110	Ent[ent_1147]	Ent[ent_209]	Yankee Group	Boston	appos|->appos->firm->partmod->base->prep->in->pobj->|pobj
rel_110	Ent[ent_1147]	Ent[ent_209]	Yankee Group	Boston	appos|->appos->research->prep->in->pobj->|pobj
rel_110	Ent[ent_1147]	Ent[ent_209]	Yankee Group	Boston	appos|->appos->firm->amod->|amod
rel_298	Ent[ent_1147]	Ent[ent_209]	Yankee Group	Boston	appos|->appos->research->partmod->base->prep->in->pobj->|pobj
rel_110	Ent[ent_1147]	Ent[ent_209]	Yankee Group	Boston	appos|->appos->consultant->prep->in->pobj->|pobj
rel_110	Ent[ent_1147]	Ent[ent_209]	Yankee Group	Boston	appos|->appos->company->nn->|nn
rel_110	Ent[ent_461]	Ent[ent_222]	Dataquest	San Jose	appos|->appos->firm->prep->in->pobj->|pobj
rel_110	Ent[ent_461]	Ent[ent_222]	Dataquest	San Jose	appos|->appos->firm->dep->|dep
rel_110	Ent[ent_461]	Ent[ent_222]	Dataquest	San Jose	appos|->appos->company->prep->in->pobj->|pobj
rel_325	Ent[ent_671]	Ent[ent_222]	Dataquest	San Jose	appos|->appos->firm->partmod->base->prep->in->pobj->|pobj
rel_110	Ent[ent_461]	Ent[ent_222]	Dataquest	San Jose	appos|->appos->company->dep->|dep
rel_110	Ent[ent_461]	Ent[ent_222]	Dataquest	San Jose	appos|->appos->company->partmod->base->prep->in->pobj->|pobj
rel_110	Ent[ent_461]	Ent[ent_222]	Dataquest	San Jose	partmod|->partmod->base->prep->in->pobj->|pobj
rel_110	Ent[ent_461]	Ent[ent_222]	Dataquest	San Jose	rcmod|->rcmod->base->prep->in->pobj->|pobj
rel_110	Ent[ent_461]	Ent[ent_222]	Dataquest	San Jose	appos|<-appos<-firm->rcmod->base->prep->in->pobj->|pobj
rel_110	Ent[ent_461]	Ent[ent_222]	Dataquest	San Jose	nsubjpass|<-nsubjpass<-base->prep->in->pobj->|pobj
rel_110	Ent[ent_207]	Ent[ent_407]	Morningstar Inc.	Chicago	appos|->appos->publisher->nn->|nn
rel_299	Ent[ent_207]	Ent[ent_407]	Morningstar Inc.	Chicago	appos|->appos->researcher->prep->in->pobj->|pobj
rel_299	Ent[ent_207]	Ent[ent_407]	Morningstar Inc.	Chicago	appos|->appos->publisher->prep->in->pobj->|pobj
rel_110	Ent[ent_207]	Ent[ent_407]	Morningstar Inc.	Chicago	appos|->appos->firm->prep->in->pobj->|pobj
rel_110	Ent[ent_207]	Ent[ent_407]	Morningstar Inc.	Chicago	appos|->appos->company->prep->in->pobj->|pobj
rel_110	Ent[ent_207]	Ent[ent_407]	Morningstar Inc.	Chicago	appos|->appos->group->prep->in->pobj->|pobj
rel_299	Ent[ent_207]	Ent[ent_407]	Morningstar Inc.	Chicago	appos|->appos->tracker->prep->in->pobj->|pobj
rel_299	Ent[ent_207]	Ent[ent_407]	Morningstar Inc.	Chicago	appos|->appos->firm->nn->|nn
rel_110	Ent[ent_207]	Ent[ent_407]	Morningstar Inc.	Chicago	appos|->appos->researcher->nn->|nn
rel_299	Ent[ent_207]	Ent[ent_407]	Morningstar Inc.	Chicago	appos|->appos->service->prep->in->pobj->|pobj
rel_110	Ent[ent_1200]	Ent[ent_701]	Gartner Group	Stamford	appos|->appos->firm->prep->in->pobj->|pobj
rel_294	Ent[ent_1072]	Ent[ent_701]	Gartner Group	Stamford	appos|->appos->company->prep->in->pobj->|pobj
rel_110	Ent[ent_1200]	Ent[ent_701]	Gartner Group	Stamford	appos|->appos->firm->partmod->base->prep->in->pobj->|pobj
rel_110	Ent[ent_1200]	Ent[ent_701]	Gartner Group	Stamford	appos|->appos->research->prep->in->pobj->|pobj
rel_110	Ent[ent_1200]	Ent[ent_701]	Gartner Group	Stamford	partmod|->partmod->base->prep->in->pobj->|pobj
rel_110	Ent[ent_1200]	Ent[ent_701]	Gartner Group	Stamford	appos|->appos->research->rcmod->grow->nsubj->|nsubj
rel_110	Ent[ent_1200]	Ent[ent_701]	Gartner Group	Stamford	appos|->appos->firm->dep->|dep
rel_110	Ent[ent_1200]	Ent[ent_701]	Gartner Group	Stamford	appos|->appos->consultant->prep->in->pobj->|pobj
rel_110	Ent[ent_1200]	Ent[ent_701]	Gartner Group	Stamford	appos|->appos->company->partmod->base->prep->in->pobj->|pobj
rel_110	Ent[ent_1200]	Ent[ent_701]	Gartner Group	Stamford	rcmod|->rcmod->train->nsubj->firm->prep->in->pobj->|pobj
rel_110	Ent[ent_943]	Ent[ent_1088]	Forrester Research	Cambridge	appos|->appos->firm->prep->in->pobj->|pobj
rel_110	Ent[ent_943]	Ent[ent_1088]	Forrester Research	Cambridge	appos|->appos->company->prep->in->pobj->|pobj
rel_110	Ent[ent_943]	Ent[ent_1088]	Forrester Research	Cambridge	partmod|->partmod->base->prep->in->pobj->|pobj
rel_110	Ent[ent_943]	Ent[ent_1088]	Forrester Research	Cambridge	appos|->appos->firm->partmod->base->prep->in->pobj->|pobj
rel_110	Ent[ent_943]	Ent[ent_1088]	Forrester Research	Cambridge	appos|->appos->firm->dep->|dep
rel_110	Ent[ent_943]	Ent[ent_1088]	Forrester Research	Cambridge	rcmod|->rcmod->have->nsubj->firm->prep->in->pobj->|pobj
rel_168	Ent[ent_1112]	Ent[ent_1088]	Forrester Research	Cambridge	appos|->appos->technology->dep->firm->prep->in->pobj->|pobj
rel_110	Ent[ent_943]	Ent[ent_1088]	Forrester Research	Cambridge	appos|->appos->industry->dep->firm->prep->in->pobj->|pobj
rel_110	Ent[ent_943]	Ent[ent_1088]	Forrester Research	Cambridge	appos|->appos->concern->prep->in->pobj->|pobj
rel_110	Ent[ent_943]	Ent[ent_1088]	Forrester Research	Cambridge	appos|->appos->company->dep->|dep
rel_110	Ent[ent_1148]	Ent[ent_460]	NPD Group	Port Washington	appos|->appos->firm->prep->in->pobj->|pobj
rel_110	Ent[ent_1148]	Ent[ent_460]	NPD Group	Port Washington	appos|->appos->company->prep->in->pobj->|pobj
rel_110	Ent[ent_1148]	Ent[ent_460]	NPD Group	Port Washington	appos|->appos->firm->partmod->base->prep->in->pobj->|pobj
rel_110	Ent[ent_1148]	Ent[ent_460]	NPD Group	Port Washington	appos|->appos->company->partmod->base->prep->in->pobj->|pobj
rel_110	Ent[ent_1148]	Ent[ent_460]	NPD Group	Port Washington	appos|->appos->firm->dep->|dep
rel_110	Ent[ent_1148]	Ent[ent_460]	NPD Group	Port Washington	partmod|->partmod->base->prep->in->pobj->|pobj
rel_110	Ent[ent_1148]	Ent[ent_460]	NPD Group	Port Washington	appos|->appos->consultant->prep->in->pobj->|pobj
rel_110	Ent[ent_1148]	Ent[ent_460]	NPD Group	Port Washington	appos|->appos->company->prep->with->pobj->headquarters->prep->in->pobj->|pobj
rel_110	Ent[ent_1148]	Ent[ent_460]	NPD Group	Port Washington	appos|->appos->company->dep->|dep
rel_110	Ent[ent_1148]	Ent[ent_460]	NPD Group	Port Washington	rcmod|->rcmod->be->nsubj->|nsubj
rel_110	Ent[ent_464]	Ent[ent_221]	International Data Corporation	Framingham	appos|->appos->firm->prep->in->pobj->|pobj
rel_110	Ent[ent_464]	Ent[ent_221]	International Data Corporation	Framingham	appos|->appos->company->prep->in->pobj->|pobj
rel_110	Ent[ent_464]	Ent[ent_221]	International Data Corporation	Framingham	appos|->appos->firm->partmod->base->prep->in->pobj->|pobj
rel_110	Ent[ent_464]	Ent[ent_221]	International Data Corporation	Framingham	appos|->appos->concern->prep->in->pobj->|pobj
rel_110	Ent[ent_464]	Ent[ent_221]	International Data Corporation	Framingham	appos|->appos->company->partmod->base->prep->in->pobj->|pobj
rel_110	Ent[ent_464]	Ent[ent_221]	International Data Corporation	Framingham	appos|->appos->firm->dep->|dep
rel_110	Ent[ent_464]	Ent[ent_221]	International Data Corporation	Framingham	partmod|->partmod->base->prep->in->pobj->|pobj
rel_110	Ent[ent_464]	Ent[ent_221]	International Data Corporation	Framingham	appos|->appos->organization->partmod->base->prep->in->pobj->|pobj
rel_110	Ent[ent_464]	Ent[ent_221]	International Data Corporation	Framingham	appos|->appos->house->prep->in->pobj->|pobj
rel_168	Ent[ent_464]	Ent[ent_221]	International Data Corporation	Framingham	rcmod|->rcmod->be->nsubj->company->prep->in->pobj->|pobj
rel_110	Ent[ent_700]	Ent[ent_1263]	Pearl Meyer & Partners	New York	appos|->appos->firm->prep->in->pobj->|pobj
rel_110	Ent[ent_700]	Ent[ent_1263]	Pearl Meyer & Partners	New York	appos|->appos->firm->nn->|nn
rel_3	Ent[ent_700]	Ent[ent_1244]	Pearl Meyer & Partners	New York	appos|->appos->consultant->prep->in->pobj->|pobj
rel_136	Ent[ent_700]	Ent[ent_843]	Pearl Meyer & Partners	New York	appos|->appos->compensation->dep->firm->prep->in->pobj->|pobj
rel_136	Ent[ent_700]	Ent[ent_843]	Pearl Meyer & Partners	New York	pobj|<-pobj<-by<-prep<-survey->advmod->also->dep->in->pobj->|pobj
rel_110	Ent[ent_700]	Ent[ent_1263]	Pearl Meyer & Partners	New York	appos|->appos->firm->partmod->base->prep->in->pobj->|pobj
rel_3	Ent[ent_700]	Ent[ent_1244]	Pearl Meyer & Partners	New York	appos|->appos->consultant->nn->|nn
rel_201	Ent[ent_942]	Ent[ent_1263]	Jupiter Communications	New York	appos|->appos->firm->prep->in->pobj->|pobj
rel_299	Ent[ent_942]	Ent[ent_1244]	Jupiter Communications	New York	appos|->appos->company->prep->in->pobj->|pobj
rel_299	Ent[ent_942]	Ent[ent_1244]	Jupiter Communications	New York	appos|->appos->firm->nn->|nn
rel_299	Ent[ent_942]	Ent[ent_1244]	Jupiter Communications	New York	appos|->appos->firm->amod->|amod
rel_299	Ent[ent_942]	Ent[ent_1244]	Jupiter Communications	New York	appos|->appos->research->nn->|nn
rel_201	Ent[ent_942]	Ent[ent_1263]	Jupiter Communications	New York	appos|->appos->firm->partmod->base->prep->in->pobj->|pobj
rel_299	Ent[ent_942]	Ent[ent_1244]	Jupiter Communications	New York	appos|->appos->company->partmod->base->prep->in->pobj->|pobj
rel_299	Ent[ent_942]	Ent[ent_1244]	Jupiter Communications	New York	appos|->appos->company->nn->|nn
rel_299	Ent[ent_942]	Ent[ent_1244]	Jupiter Communications	New York	partmod|->partmod->base->prep->in->pobj->|pobj
rel_299	Ent[ent_942]	Ent[ent_1244]	Jupiter Communications	New York	nn|<-nn<-conference->prep->in->pobj->|pobj
rel_65	Ent[ent_1089]	Ent[ent_703]	Birinyi Associates	Greenwich	appos|->appos->firm->prep->in->pobj->|pobj
rel_65	Ent[ent_1089]	Ent[ent_703]	Birinyi Associates	Greenwich	appos|->appos->firm->partmod->base->prep->in->pobj->|pobj
rel_299	Ent[ent_1089]	Ent[ent_703]	Birinyi Associates	Greenwich	appos|->appos->firm->dep->|dep
rel_65	Ent[ent_1089]	Ent[ent_703]	Birinyi Associates	Greenwich	prep|->prep->of->pobj->market->nn->|nn
rel_65	Ent[ent_1089]	Ent[ent_703]	Birinyi Associates	Greenwich	pobj|<-pobj<-from<-prep<-data->appos->firm->prep->in->pobj->|pobj
rel_299	Ent[ent_1089]	Ent[ent_703]	Birinyi Associates	Greenwich	nsubj|<-nsubj<-rise->nsubj->|nsubj
rel_299	Ent[ent_1089]	Ent[ent_703]	Birinyi Associates	Greenwich	appos|->appos->research->dep->|dep
rel_299	Ent[ent_1089]	Ent[ent_703]	Birinyi Associates	Greenwich	appos|->appos->management->dep->|dep
rel_299	Ent[ent_1089]	Ent[ent_703]	Birinyi Associates	Greenwich	appos|->appos->company->prep->in->pobj->|pobj
rel_180	Ent[ent_945]	Ent[ent_702]	Jim Calhoun	Connecticut	appos|->appos->coach->nn->|nn
rel_180	Ent[ent_945]	Ent[ent_702]	Jim Calhoun	Connecticut	appos|->appos->coach->prep->at->pobj->|pobj
rel_180	Ent[ent_945]	Ent[ent_702]	Jim Calhoun	Connecticut	appos|->appos->coach->prep->of->pobj->|pobj
rel_180	Ent[ent_945]	Ent[ent_702]	Jim Calhoun	Connecticut	appos|->appos->coach->poss->|poss
rel_180	Ent[ent_945]	Ent[ent_702]	Jim Calhoun	Connecticut	poss|<-poss<-team->nn->|nn
rel_180	Ent[ent_945]	Ent[ent_702]	Jim Calhoun	Connecticut	appos|->appos->coach->poss->man->nn->|nn
rel_180	Ent[ent_945]	Ent[ent_702]	Jim Calhoun	Connecticut	rcmod|->rcmod->meet->nsubj->|nsubj
rel_180	Ent[ent_945]	Ent[ent_702]	Jim Calhoun	Connecticut	rcmod|->rcmod->coach->prep->at->pobj->|pobj
rel_180	Ent[ent_945]	Ent[ent_702]	Jim Calhoun	Connecticut	rcmod|->rcmod->coach->dobj->|dobj
rel_180	Ent[ent_945]	Ent[ent_702]	Jim Calhoun	Connecticut	rcmod|->rcmod->be->prep->as->pobj->coach->nn->|nn
rel_180	Ent[ent_944]	Ent[ent_705]	P. J. Carlesimo	Seton Hall	appos|->appos->coach->nn->|nn
rel_180	Ent[ent_944]	Ent[ent_705]	P. J. Carlesimo	Seton Hall	appos|->appos->coach->poss->|poss
rel_180	Ent[ent_944]	Ent[ent_705]	P. J. Carlesimo	Seton Hall	rcmod|->rcmod->coach->dobj->|dobj
rel_136	Ent[ent_801]	Ent[ent_705]	P. J. Carlesimo	Seton Hall	rcmod|->rcmod->return->dobj->|dobj
rel_114	Ent[ent_944]	Ent[ent_705]	P. J. Carlesimo	Seton Hall	rcmod|->rcmod->old->nsubj->|nsubj
rel_114	Ent[ent_944]	Ent[ent_705]	P. J. Carlesimo	Seton Hall	pobj|<-pobj<-with<-prep<-relationship->dep->coach->nn->|nn
rel_114	Ent[ent_944]	Ent[ent_705]	P. J. Carlesimo	Seton Hall	nsubj|<-nsubj<-shed->prep->in->pobj->front->prep->of->pobj->bench->poss->|poss
rel_114	Ent[ent_944]	Ent[ent_705]	P. J. Carlesimo	Seton Hall	nsubj|<-nsubj<-celebrate->prep->at->pobj->|pobj
rel_114	Ent[ent_944]	Ent[ent_705]	P. J. Carlesimo	Seton Hall	nsubj|<-nsubj<-build->dobj->team->nn->|nn
rel_180	Ent[ent_944]	Ent[ent_705]	P. J. Carlesimo	Seton Hall	nsubj|<-nsubj<-be->prep->as->pobj->coach->poss->|poss
rel_180	Ent[ent_947]	Ent[ent_704]	Jim Boeheim	Syracuse	appos|->appos->coach->nn->|nn
rel_180	Ent[ent_947]	Ent[ent_704]	Jim Boeheim	Syracuse	appos|->appos->coach->poss->|poss
rel_180	Ent[ent_947]	Ent[ent_704]	Jim Boeheim	Syracuse	appos|->appos->coach->prep->at->pobj->|pobj
rel_180	Ent[ent_947]	Ent[ent_704]	Jim Boeheim	Syracuse	appos|->appos->coach->prep->of->pobj->|pobj
rel_180	Ent[ent_947]	Ent[ent_704]	Jim Boeheim	Syracuse	poss|<-poss<-team->nn->|nn
rel_180	Ent[ent_947]	Ent[ent_704]	Jim Boeheim	Syracuse	pobj|<-pobj<-to<-prep<-assistant->prep->at->pobj->|pobj
rel_180	Ent[ent_947]	Ent[ent_704]	Jim Boeheim	Syracuse	nsubj|<-nsubj<-sit->prep->in->pobj->room->nn->|nn
rel_180	Ent[ent_947]	Ent[ent_704]	Jim Boeheim	Syracuse	nsubj|<-nsubj<-say->prep->in->pobj->|pobj
rel_180	Ent[ent_947]	Ent[ent_704]	Jim Boeheim	Syracuse	nsubj|<-nsubj<-be->prep->at->pobj->|pobj
rel_180	Ent[ent_947]	Ent[ent_704]	Jim Boeheim	Syracuse	appos|->appos->coach->poss->man->nn->|nn
rel_180	Ent[ent_946]	Ent[ent_1090]	John Thompson	Georgetown	appos|->appos->coach->nn->|nn
rel_180	Ent[ent_946]	Ent[ent_1090]	John Thompson	Georgetown	appos|->appos->coach->prep->at->pobj->|pobj
rel_180	Ent[ent_946]	Ent[ent_1090]	John Thompson	Georgetown	appos|->appos->coach->poss->|poss
rel_180	Ent[ent_946]	Ent[ent_1090]	John Thompson	Georgetown	appos|->appos->coach->prep->of->pobj->|pobj
rel_180	Ent[ent_946]	Ent[ent_1090]	John Thompson	Georgetown	rcmod|->rcmod->coach->dobj->|dobj
rel_180	Ent[ent_946]	Ent[ent_1090]	John Thompson	Georgetown	nsubj|<-nsubj<-step->prep->as->pobj->coach->nn->|nn
rel_15	Ent[ent_946]	Ent[ent_1090]	John Thompson	Georgetown	appos|<-appos<-saturday->appos->coach->prep->at->pobj->|pobj
rel_180	Ent[ent_946]	Ent[ent_1090]	John Thompson	Georgetown	rcmod|->rcmod->take->dobj->team->nn->|nn
rel_15	Ent[ent_946]	Ent[ent_1090]	John Thompson	Georgetown	rcmod|->rcmod->mold->dobj->program->poss->|poss
rel_15	Ent[ent_946]	Ent[ent_1090]	John Thompson	Georgetown	rcmod|->rcmod->miss->nsubj->team->dep->|dep
rel_180	Ent[ent_1091]	Ent[ent_1092]	Colin Campbell	Ranger	appos|->appos->coach->nn->|nn
rel_180	Ent[ent_1091]	Ent[ent_1092]	Colin Campbell	Ranger	appos|->appos->coach->poss->|poss
rel_180	Ent[ent_1091]	Ent[ent_1092]	Colin Campbell	Ranger	appos|->appos->coach->prep->of->pobj->|pobj
rel_180	Ent[ent_1091]	Ent[ent_1092]	Colin Campbell	Ranger	nsubj|<-nsubj<-coach->nn->|nn
rel_180	Ent[ent_1091]	Ent[ent_1092]	Colin Campbell	Ranger	nsubj|<-nsubj<-coach->dobj->|dobj
rel_180	Ent[ent_1091]	Ent[ent_1092]	Colin Campbell	Ranger	dep|->dep->coach->poss->|poss
rel_180	Ent[ent_1091]	Ent[ent_1092]	Colin Campbell	Ranger	rcmod|->rcmod->return->nsubj->|nsubj
rel_180	Ent[ent_1091]	Ent[ent_1092]	Colin Campbell	Ranger	prep|->prep->in->pobj->system->nn->|nn
rel_180	Ent[ent_1091]	Ent[ent_1092]	Colin Campbell	Ranger	poss|<-poss<-staff->nn->|nn
rel_180	Ent[ent_1091]	Ent[ent_1092]	Colin Campbell	Ranger	poss|<-poss<-office<-nsubj<-provide->prep->to->pobj->|pobj
rel_180	Ent[ent_1093]	Ent[ent_1094]	Lou Holtz	Notre Dame	appos|->appos->coach->nn->|nn
rel_180	Ent[ent_1093]	Ent[ent_1094]	Lou Holtz	Notre Dame	appos|->appos->coach->poss->|poss
rel_180	Ent[ent_1093]	Ent[ent_1094]	Lou Holtz	Notre Dame	poss|<-poss<-team->nn->|nn
rel_180	Ent[ent_1093]	Ent[ent_1094]	Lou Holtz	Notre Dame	appos|->appos->coach->prep->at->pobj->|pobj
rel_180	Ent[ent_1093]	Ent[ent_1094]	Lou Holtz	Notre Dame	appos|->appos->coach->prep->of->pobj->|pobj
rel_180	Ent[ent_1093]	Ent[ent_1094]	Lou Holtz	Notre Dame	rcmod|->rcmod->guide->dobj->|dobj
rel_180	Ent[ent_1093]	Ent[ent_1094]	Lou Holtz	Notre Dame	poss|<-poss<-season<-pobj<-in<-prep<-championship->prep->at->pobj->|pobj
rel_180	Ent[ent_1093]	Ent[ent_1094]	Lou Holtz	Notre Dame	nn|<-nn<-system->prep->at->pobj->|pobj
rel_180	Ent[ent_1093]	Ent[ent_1094]	Lou Holtz	Notre Dame	dep|->dep->coach->nn->|nn
rel_180	Ent[ent_1093]	Ent[ent_1094]	Lou Holtz	Notre Dame	rcmod|->rcmod->thank->prep->for->pobj->contribution->prep->to->pobj->|pobj
rel_180	Ent[ent_1060]	Ent[ent_961]	Rick Pitino	Knick	appos|->appos->coach->nn->|nn
rel_180	Ent[ent_1060]	Ent[ent_961]	Rick Pitino	Knick	appos|->appos->coach->poss->|poss
rel_180	Ent[ent_1060]	Ent[ent_961]	Rick Pitino	Knick	nsubj|<-nsubj<-coach->poss->|poss
rel_49	Ent[ent_430]	Ent[ent_961]	Rick Pitino	Knick	appos|->appos->coach->prep->of->pobj->|pobj
rel_180	Ent[ent_1060]	Ent[ent_961]	Rick Pitino	Knick	rcmod|->rcmod->consider->prep->for->pobj->vacancy->poss->|poss
rel_180	Ent[ent_1060]	Ent[ent_961]	Rick Pitino	Knick	poss|<-poss<-departure<-pobj<-after<-prep<-continue->nsubj->|nsubj
rel_180	Ent[ent_1060]	Ent[ent_961]	Rick Pitino	Knick	nsubj|<-nsubj<-replace->prep->as->pobj->coach->amod->|amod
rel_180	Ent[ent_1060]	Ent[ent_961]	Rick Pitino	Knick	nsubj|<-nsubj<-make->prep->as->pobj->coach->prep->of->pobj->|pobj
rel_180	Ent[ent_1060]	Ent[ent_961]	Rick Pitino	Knick	nsubj|<-nsubj<-make->prep->as->pobj->coach->poss->|poss
rel_180	Ent[ent_1060]	Ent[ent_961]	Rick Pitino	Knick	nsubj|<-nsubj<-coach->dobj->|dobj
rel_180	Ent[ent_1095]	Ent[ent_960]	Mike Krzyzewski	Duke	appos|->appos->coach->nn->|nn
rel_180	Ent[ent_1095]	Ent[ent_960]	Mike Krzyzewski	Duke	appos|->appos->coach->prep->at->pobj->|pobj
rel_180	Ent[ent_1095]	Ent[ent_960]	Mike Krzyzewski	Duke	appos|->appos->coach->poss->|poss
rel_180	Ent[ent_1095]	Ent[ent_960]	Mike Krzyzewski	Duke	appos|->appos->coach->prep->of->pobj->|pobj
rel_185	Ent[ent_1095]	Ent[ent_960]	Mike Krzyzewski	Duke	rcmod|->rcmod->lead->dobj->|dobj
rel_180	Ent[ent_1095]	Ent[ent_960]	Mike Krzyzewski	Duke	nsubj|<-nsubj<-stay->prep->at->pobj->|pobj
rel_185	Ent[ent_1095]	Ent[ent_960]	Mike Krzyzewski	Duke	appos|->appos->coach->prep->from->pobj->|pobj
rel_185	Ent[ent_1095]	Ent[ent_960]	Mike Krzyzewski	Duke	rcmod|->rcmod->show->nsubj->team->nn->|nn
rel_180	Ent[ent_1095]	Ent[ent_960]	Mike Krzyzewski	Duke	rcmod|->rcmod->reach->nsubj->team->nn->|nn
rel_180	Ent[ent_1095]	Ent[ent_960]	Mike Krzyzewski	Duke	rcmod|->rcmod->reach->nsubj->team->dep->|dep
rel_180	Ent[ent_1096]	Ent[ent_718]	Joe Paterno	Penn State	appos|->appos->coach->nn->|nn
rel_180	Ent[ent_1096]	Ent[ent_718]	Joe Paterno	Penn State	poss|<-poss<-team->nn->|nn
rel_180	Ent[ent_1096]	Ent[ent_718]	Joe Paterno	Penn State	appos|->appos->coach->prep->at->pobj->|pobj
rel_180	Ent[ent_1096]	Ent[ent_718]	Joe Paterno	Penn State	appos|->appos->coach->poss->|poss
rel_180	Ent[ent_1096]	Ent[ent_718]	Joe Paterno	Penn State	rcmod|->rcmod->win->nsubj->team->nn->|nn
rel_180	Ent[ent_1096]	Ent[ent_718]	Joe Paterno	Penn State	nsubj|<-nsubj<-take->prep->for->pobj->perception->prep->of->pobj->football->nn->|nn
rel_180	Ent[ent_1096]	Ent[ent_718]	Joe Paterno	Penn State	nsubj|<-nsubj<-get->prep->as->pobj->|pobj
rel_180	Ent[ent_1096]	Ent[ent_718]	Joe Paterno	Penn State	rcmod|->rcmod->lead->dobj->football->nn->|nn
rel_27	Ent[ent_1096]	Ent[ent_32]	Joe Paterno	Penn State	rcmod|->rcmod->begin->prep->as->pobj->coach->nn->|nn
rel_180	Ent[ent_1096]	Ent[ent_718]	Joe Paterno	Penn State	prep|->prep->of->pobj->share->nn->|nn
rel_180	Ent[ent_717]	Ent[ent_959]	Geno Auriemma	UConn	appos|->appos->coach->nn->|nn
rel_180	Ent[ent_717]	Ent[ent_959]	Geno Auriemma	UConn	appos|->appos->coach->poss->|poss
rel_309	Ent[ent_717]	Ent[ent_959]	Geno Auriemma	UConn	rcmod|->rcmod->win->prep->at->pobj->|pobj
rel_180	Ent[ent_717]	Ent[ent_959]	Geno Auriemma	UConn	rcmod|->rcmod->be->prep->as->pobj->coach->nn->|nn
rel_309	Ent[ent_717]	Ent[ent_959]	Geno Auriemma	UConn	prep|->prep->in->dep->as->pobj->coach->nn->|nn
rel_180	Ent[ent_717]	Ent[ent_959]	Geno Auriemma	UConn	nsubj|<-nsubj<-turn->dobj->program->poss->woman->nn->|nn
rel_180	Ent[ent_717]	Ent[ent_959]	Geno Auriemma	UConn	nsubj|<-nsubj<-coach->prep->at->pobj->|pobj
rel_180	Ent[ent_717]	Ent[ent_959]	Geno Auriemma	UConn	dobj|<-dobj<-coach->dep->tell->dobj->player->nn->|nn
rel_180	Ent[ent_717]	Ent[ent_959]	Geno Auriemma	UConn	dobj|<-dobj<-coach->dep->extend->prep->at->pobj->|pobj
rel_180	Ent[ent_717]	Ent[ent_959]	Geno Auriemma	UConn	dobj|<-dobj<-coach<-dep<-defend->dobj->team->nn->|nn
rel_276	Ent[ent_719]	Ent[ent_1247]	Janet Maslin	The Times	nsubj|<-nsubj<-say->prep->in->pobj->|pobj
rel_276	Ent[ent_719]	Ent[ent_1247]	Janet Maslin	The Times	nsubj|<-nsubj<-write->prep->in->pobj->|pobj
rel_276	Ent[ent_719]	Ent[ent_1247]	Janet Maslin	The Times	dobj|<-dobj<-write->prep->in->pobj->|pobj
rel_67	Ent[ent_719]	Ent[ent_1287]	Janet Maslin	The Times	nsubjpass|<-nsubjpass<-call->partmod->write->prep->in->pobj->|pobj
rel_87	Ent[ent_719]	Ent[ent_1199]	Janet Maslin	The Times	pobj|<-pobj<-as<-prep<-write->prep->in->pobj->|pobj
rel_67	Ent[ent_719]	Ent[ent_1287]	Janet Maslin	The Times	nsubj|<-nsubj<-note->prep->in->pobj->review->prep->of->pobj->biography->prep->in->pobj->|pobj
rel_67	Ent[ent_719]	Ent[ent_1287]	Janet Maslin	The Times	nsubj|<-nsubj<-find->partmod->write->prep->in->pobj->|pobj
rel_87	Ent[ent_719]	Ent[ent_1199]	Janet Maslin	The Times	nsubj|<-nsubj<-describe->prep->in->pobj->|pobj
rel_276	Ent[ent_719]	Ent[ent_1247]	Janet Maslin	The Times	nsubj|<-nsubj<-critic->prep->of->pobj->|pobj
rel_67	Ent[ent_719]	Ent[ent_1287]	Janet Maslin	The Times	nsubj|<-nsubj<-critic->prep->for->pobj->|pobj
rel_298	Ent[ent_710]	Ent[ent_1199]	Vincent Canby	The Times	nsubj|<-nsubj<-write->prep->in->pobj->|pobj
rel_298	Ent[ent_710]	Ent[ent_1199]	Vincent Canby	The Times	nsubj|<-nsubj<-say->prep->in->pobj->|pobj
rel_353	Ent[ent_710]	Ent[ent_1287]	Vincent Canby	The Times	dobj|<-dobj<-write->prep->in->pobj->|pobj
rel_298	Ent[ent_710]	Ent[ent_1199]	Vincent Canby	The Times	nsubj|<-nsubj<-call->partmod->write->prep->in->pobj->|pobj
rel_298	Ent[ent_710]	Ent[ent_1199]	Vincent Canby	The Times	pobj|<-pobj<-as<-prep<-say->prep->in->pobj->|pobj
rel_298	Ent[ent_710]	Ent[ent_1199]	Vincent Canby	The Times	pobj|<-pobj<-as<-prep<-quote<-dobj<-cite->prep->in->pobj->|pobj
rel_190	Ent[ent_710]	Ent[ent_1247]	Vincent Canby	The Times	nsubj|<-nsubj<-write->purpcl->open->nsubj->|nsubj
rel_190	Ent[ent_710]	Ent[ent_1247]	Vincent Canby	The Times	nsubj|<-nsubj<-write->prep->in->pobj->review->prep->in->pobj->|pobj
rel_298	Ent[ent_710]	Ent[ent_1199]	Vincent Canby	The Times	nsubj|<-nsubj<-find->partmod->write->prep->in->pobj->|pobj
rel_190	Ent[ent_710]	Ent[ent_1247]	Vincent Canby	The Times	nsubj|<-nsubj<-describe->partmod->write->prep->in->pobj->|pobj
rel_298	Ent[ent_952]	Ent[ent_1199]	Michiko Kakutani	The Times	nsubj|<-nsubj<-say->prep->in->pobj->|pobj
rel_87	Ent[ent_952]	Ent[ent_1247]	Michiko Kakutani	The Times	nsubj|<-nsubj<-write->prep->in->pobj->|pobj
rel_87	Ent[ent_952]	Ent[ent_1247]	Michiko Kakutani	The Times	rcmod|->rcmod->review->prep->for->pobj->|pobj
rel_87	Ent[ent_952]	Ent[ent_1247]	Michiko Kakutani	The Times	nsubj|<-nsubj<-say->partmod->write->prep->in->pobj->|pobj
rel_87	Ent[ent_952]	Ent[ent_1247]	Michiko Kakutani	The Times	nsubj|<-nsubj<-say->partmod->comment->prep->on->pobj->book->prep->in->pobj->|pobj
rel_87	Ent[ent_952]	Ent[ent_1247]	Michiko Kakutani	The Times	nsubj|<-nsubj<-call->partmod->write->prep->in->pobj->|pobj
rel_87	Ent[ent_952]	Ent[ent_1247]	Michiko Kakutani	The Times	advmod|->advmod->also->dep->in->pobj->|pobj
rel_83	Ent[ent_1097]	Ent[ent_1247]	Christopher Lehmann-Haupt	The Times	nsubj|<-nsubj<-say->prep->in->pobj->|pobj
rel_321	Ent[ent_1097]	Ent[ent_1199]	Christopher Lehmann-Haupt	The Times	nsubj|<-nsubj<-write->prep->in->pobj->|pobj
rel_321	Ent[ent_1097]	Ent[ent_1199]	Christopher Lehmann-Haupt	The Times	nsubj|<-nsubj<-reviewer->prep->for->pobj->|pobj
rel_83	Ent[ent_1097]	Ent[ent_1247]	Christopher Lehmann-Haupt	The Times	appos|<-appos<-novel<-nsubj<-say->prep->in->pobj->|pobj
rel_15	Ent[ent_1097]	Ent[ent_1287]	Christopher Lehmann-Haupt	The Times	advmod|->advmod->also->dep->of->pobj->|pobj
rel_83	Ent[ent_1097]	Ent[ent_1247]	John Gross	The Times	nsubj|<-nsubj<-say->prep->in->pobj->|pobj
rel_321	Ent[ent_1097]	Ent[ent_1199]	John Gross	The Times	nsubj|<-nsubj<-write<-rcmod<-critic->prep->in->pobj->review->prep->in->pobj->|pobj
rel_296	Ent[ent_951]	Ent[ent_1287]	John Gross	The Times	appos|<-appos<-book<-nsubj<-say->prep->in->pobj->|pobj
rel_191	Ent[ent_1098]	Ent[ent_1199]	Herbert Mitgang	The Times	nsubj|<-nsubj<-say->prep->in->pobj->|pobj
rel_192	Ent[ent_712]	Ent[ent_1287]	Caryn James	The Times	nsubj|<-nsubj<-write->prep->in->pobj->|pobj
rel_295	Ent[ent_712]	Ent[ent_1199]	Caryn James	The Times	nsubj|<-nsubj<-say->prep->in->pobj->|pobj
rel_9	Ent[ent_712]	Ent[ent_1247]	Caryn James	The Times	nsubj|<-nsubj<-critic->prep->of->pobj->|pobj
rel_295	Ent[ent_712]	Ent[ent_1199]	Caryn James	The Times	nsubj|<-nsubj<-critic->prep->for->pobj->section->prep->of->pobj->|pobj
rel_295	Ent[ent_712]	Ent[ent_1199]	Caryn James	The Times	nsubj|<-nsubj<-write->prep->in->pobj->|pobjés_and_helps_explain_where_they_came_from_,_''_Caryn_James_wrote_in_The_Times_._'' lex#wrote_in pos#VBD_IN lc#,_'' rc#._''
rel_192	Ent[ent_712]	Ent[ent_1287]	Caryn James	The Times	nsubj|<-nsubj<-critic->prep->for->pobj->|pobj
rel_295	Ent[ent_712]	Ent[ent_1199]	Caryn James	The Times	nsubj|<-nsubj<-comment->prep->in->pobj->|pobj
rel_192	Ent[ent_712]	Ent[ent_1287]	Caryn James	The Times	nsubj|<-nsubj<-call->partmod->write->prep->in->pobj->|pobj
rel_192	Ent[ent_712]	Ent[ent_1287]	Caryn James	The Times	dobj|<-dobj<-write->prep->in->pobj->review->prep->in->pobj->|pobj
rel_9	Ent[ent_712]	Ent[ent_1247]	Caryn James	The Times	appos|->appos->critic->prep->of->pobj->|pobj
rel_8	Ent[ent_1098]	Ent[ent_954]	Herbert Mitgang	The New York Times	nsubj|<-nsubj<-say->prep->in->pobj->|pobj
rel_36	Ent[ent_1098]	Ent[ent_954]	Herbert Mitgang	The New York Times	appos|->appos->reporter->prep->for->pobj->|pobj
rel_36	Ent[ent_1098]	Ent[ent_954]	Herbert Mitgang	The New York Times	rcmod|->rcmod->cover->dobj->publishing->prep->for->pobj->|pobj
rel_8	Ent[ent_1098]	Ent[ent_954]	Herbert Mitgang	The New York Times	pobj|<-pobj<-by<-prep<-describe->prep->in->pobj->|pobj
rel_8	Ent[ent_1098]	Ent[ent_954]	Herbert Mitgang	The New York Times	pobj|<-pobj<-by<-prep<-call->prep->in->pobj->|pobj
rel_8	Ent[ent_1098]	Ent[ent_954]	Herbert Mitgang	The New York Times	nsubj|<-nsubj<-observe->prep->in->pobj->|pobj
rel_36	Ent[ent_1098]	Ent[ent_954]	Herbert Mitgang	The New York Times	nsubj|<-nsubj<-member->prep->of->pobj->board->nn->|nn
rel_8	Ent[ent_1098]	Ent[ent_954]	Herbert Mitgang	The New York Times	dobj|<-dobj<-tell->prep->of->pobj->|pobj
rel_36	Ent[ent_1098]	Ent[ent_954]	Herbert Mitgang	The New York Times	dobj|<-dobj<-tell->prep->in->pobj->|pobj
rel_8	Ent[ent_1098]	Ent[ent_954]	Herbert Mitgang	The New York Times	dep|<-dep<-collection<-nsubj<-hail->prep->in->pobj->|pobj
rel_298	Ent[ent_1099]	Ent[ent_1056]	Newgate Callendar	Book Review	nsubj|<-nsubj<-say->prep->in->pobj->|pobj
rel_192	Ent[ent_613]	Ent[ent_1056]	Newgate Callendar	Book Review	nsubj|<-nsubj<-write->prep->in->pobj->|pobj
rel_144	Ent[ent_1253]	Ent[ent_33]	Mr. Bush	Washington	nsubj|<-nsubj<-return->prep->to->pobj->|pobj
rel_298	Ent[ent_182]	Ent[ent_1002]	Mr. Bush	Washington	nsubj|<-nsubj<-leave->dobj->|dobj
rel_298	Ent[ent_182]	Ent[ent_1002]	Mr. Bush	Washington	nsubj|<-nsubj<-say->prep->in->pobj->|pobj
rel_298	Ent[ent_182]	Ent[ent_1002]	Mr. Bush	Washington	nsubj|<-nsubj<-tell->prep->in->pobj->|pobj
rel_298	Ent[ent_182]	Ent[ent_1002]	Mr. Bush	Washington	nsubj|<-nsubj<-leave->prep->for->pobj->|pobj
rel_298	Ent[ent_182]	Ent[ent_33]	Mr. Bush	Washington	rcmod|->rcmod->return->prep->to->pobj->|pobj
rel_298	Ent[ent_1253]	Ent[ent_1002]	Mr. Bush	Washington	nsubj|<-nsubj<-move->prep->to->pobj->|pobj
rel_118	Ent[ent_163]	Ent[ent_1002]	Mr. Bush	Washington	nsubj|<-nsubj<-be->prep->in->pobj->|pobj
rel_298	Ent[ent_182]	Ent[ent_1002]	Mr. Bush	Washington	nsubj|<-nsubj<-arrive->prep->in->pobj->|pobj
rel_298	Ent[ent_182]	Ent[ent_1002]	Mr. Bush	Washington	poss|<-poss<-office->prep->in->pobj->|pobj
rel_299	Ent[ent_300]	Ent[ent_843]	Kohlberg	New York	appos|->appos->firm->nn->|nn
rel_299	Ent[ent_300]	Ent[ent_843]	Kohlberg	New York	appos|->appos->house->nn->|nn
rel_299	Ent[ent_300]	Ent[ent_843]	Kohlberg	New York	appos|->appos->firm->amod->|amod
rel_110	Ent[ent_1082]	Ent[ent_843]	Kohlberg	New York	appos|->appos->firm->partmod->base->prep->in->pobj->|pobj
rel_267	Ent[ent_300]	Ent[ent_1263]	Kohlberg	New York	appos|->appos->bank->nn->|nn
rel_299	Ent[ent_300]	Ent[ent_843]	Kohlberg	New York	rcmod|->rcmod->bear->prep->in->pobj->|pobj
rel_267	Ent[ent_300]	Ent[ent_1263]	Kohlberg	New York	nsubj|<-nsubj<-acquire->dobj->|dobj
rel_299	Ent[ent_300]	Ent[ent_843]	Kohlberg	New York	nn|<-nn<-offer<-nsubj<-worth<-nsubj<-close->prep->on->pobj->|pobj
rel_267	Ent[ent_300]	Ent[ent_1263]	Kohlberg	New York	dep|<-dep<-firm<-pobj<-of<-prep<-husband<-nsubj<-chairman->prep->of->pobj->campaign->nn->|nn
rel_23	Ent[ent_300]	Ent[ent_1244]	Kohlberg	New York	appos|->appos->specialist->prep->in->pobj->|pobj
rel_299	Ent[ent_943]	Ent[ent_157]	Forrester Research	Internet	appos|->appos->firm->nn->|nn
rel_353	Ent[ent_943]	Ent[ent_936]	Forrester Research	Internet	appos|->appos->company->nn->|nn
rel_365	Ent[ent_943]	Ent[ent_1245]	Forrester Research	Internet	rcmod|->rcmod->sell->dobj->report->prep->on->pobj->trend->nn->|nn
rel_365	Ent[ent_943]	Ent[ent_1245]	Forrester Research	Internet	pobj|<-pobj<-to<-prep<-reach->nsubj->number->prep->of->pobj->people->rcmod->use->dobj->program->amod->|amod
rel_353	Ent[ent_943]	Ent[ent_936]	Forrester Research	Internet	pobj|<-pobj<-for<-prep<-analyst->rcmod->watch->dobj->development->prep->of->pobj->radio->nn->|nn
rel_365	Ent[ent_943]	Ent[ent_1245]	Forrester Research	Internet	pobj|<-pobj<-by<-prep<-report->dep->account->prep->for->pobj->percent->prep->of->pobj->traffic->nn->|nn
rel_353	Ent[ent_943]	Ent[ent_936]	Forrester Research	Internet	appos|->appos->firm->rcmod->track->dobj->trend->nn->|nn
rel_365	Ent[ent_943]	Ent[ent_1245]	Forrester Research	Internet	appos|<-appos<-earlier->appos->firm->nn->|nn
rel_353	Ent[ent_943]	Ent[ent_936]	Forrester Research	Internet	appos|->appos->consultancy->nn->|nn
rel_3	Ent[ent_345]	Ent[ent_333]	Corcoran Group	Manhattan	appos|->appos->brokerage->nn->|nn
rel_110	Ent[ent_345]	Ent[ent_1240]	Corcoran Group	Manhattan	appos|->appos->firm->nn->|nn
rel_3	Ent[ent_345]	Ent[ent_333]	Corcoran Group	Manhattan	appos|->appos->company->nn->|nn
rel_110	Ent[ent_345]	Ent[ent_1240]	Corcoran Group	Manhattan	dep|->dep->apts->nn->|nn
rel_3	Ent[ent_345]	Ent[ent_333]	Corcoran Group	Manhattan	dep|->dep->apartments->nn->|nn
rel_3	Ent[ent_345]	Ent[ent_333]	Corcoran Group	Manhattan	appos|->appos->agency->nn->|nn
rel_2	Ent[ent_345]	Ent[ent_568]	Corcoran Group	Manhattan	appos|->appos->concern->nn->|nn
rel_110	Ent[ent_345]	Ent[ent_1240]	Corcoran Group	Manhattan	appos|->appos->broker->nn->|nn
rel_3	Ent[ent_345]	Ent[ent_333]	Corcoran Group	Manhattan	nn|<-nn<-company->prep->in->pobj->|pobj
rel_3	Ent[ent_345]	Ent[ent_333]	Corcoran Group	Manhattan	appos|->appos->firm->partmod->base->prep->in->pobj->|pobj
rel_164	Ent[ent_1089]	Ent[ent_426]	Birinyi Associates	Wall Street	appos|->appos->firm->nn->|nn
rel_164	Ent[ent_1089]	Ent[ent_426]	Birinyi Associates	Wall Street	rcmod|->rcmod->track->nsubj->firm->nn->|nn
rel_365	Ent[ent_395]	Ent[ent_156]	Birinyi Associates	Wall Street	appos|->appos->house->nn->|nn
rel_110	Ent[ent_942]	Ent[ent_1245]	Jupiter Communications	Internet	appos|->appos->firm->nn->|nn
rel_110	Ent[ent_942]	Ent[ent_1245]	Jupiter Communications	Internet	appos|->appos->company->nn->|nn
rel_110	Ent[ent_942]	Ent[ent_1245]	Jupiter Communications	Internet	appos|->appos->analyst->prep->of->pobj->trend->nn->|nn
rel_53	Ent[ent_942]	Ent[ent_1245]	Jupiter Communications	Internet	pobj|<-pobj<-to<-dep<-accord<-prep<-use->nsubj->firm->nn->|nn
rel_110	Ent[ent_942]	Ent[ent_1245]	Jupiter Communications	Internet	pobj|<-pobj<-of<-prep<-co-founder->prep->of->pobj->venture->nn->|nn
rel_53	Ent[ent_942]	Ent[ent_1245]	Jupiter Communications	Internet	pobj|<-pobj<-of<-prep<-co-founder->dep->executive->prep->of->pobj->venture->nn->|nn
rel_53	Ent[ent_942]	Ent[ent_1245]	Jupiter Communications	Internet	pobj|<-pobj<-by<-prep<-survey<-pobj<-to<-dep<-accord<-prep<-say->nsubj->percent->prep->of->pobj->|pobj
rel_53	Ent[ent_942]	Ent[ent_1245]	Jupiter Communications	Internet	nn|<-nn<-survey->prep->of->pobj->addict->rcmod->use->dobj->|dobj
rel_53	Ent[ent_942]	Ent[ent_1245]	Jupiter Communications	Internet	dobj|->dobj->market->attr->advertising->prep->on->pobj->|pobj
rel_53	Ent[ent_942]	Ent[ent_1245]	Jupiter Communications	Internet	appos|->appos->firm->partmod->focus->prep->on->pobj->|pobj
rel_299	Ent[ent_714]	Ent[ent_1002]	Futures Group	Washington	appos|->appos->firm->nn->|nn
rel_299	Ent[ent_714]	Ent[ent_1002]	Futures Group	Washington	appos|->appos->firm->prep->in->pobj->|pobj
rel_27	Ent[ent_714]	Ent[ent_930]	Futures Group	Washington	appos|->appos->organization->amod->|amod
rel_299	Ent[ent_714]	Ent[ent_1002]	Futures Group	Washington	appos|->appos->firm->partmod->base->prep->in->pobj->|pobj
rel_299	Ent[ent_714]	Ent[ent_1002]	Futures Group	Washington	appos|->appos->firm->dep->|dep
rel_299	Ent[ent_714]	Ent[ent_1002]	Futures Group	Washington	appos|->appos->firm->amod->|amod
rel_299	Ent[ent_714]	Ent[ent_1002]	Futures Group	Washington	appos|->appos->concern->nn->|nn
rel_299	Ent[ent_714]	Ent[ent_1002]	Futures Group	Washington	appos|->appos->company->prep->in->pobj->|pobj
rel_110	Ent[ent_956]	Ent[ent_1245]	Jupiter Media Metrix	Internet	appos|->appos->firm->nn->|nn
rel_110	Ent[ent_956]	Ent[ent_1245]	Jupiter Media Metrix	Internet	appos|->appos->company->nn->|nn
rel_353	Ent[ent_1185]	Ent[ent_936]	Jupiter Media Metrix	Internet	rcmod|->rcmod->track->dobj->popularity->prep->of->pobj->site->nn->|nn
rel_353	Ent[ent_1185]	Ent[ent_936]	Jupiter Media Metrix	Internet	rcmod|->rcmod->measure->dobj->traffic->nn->|nn
rel_379	Ent[ent_956]	Ent[ent_936]	Jupiter Media Metrix	Internet	pobj|<-pobj<-to<-dep<-accord<-prep<-be->prep->among->pobj->site->prep->on->pobj->|pobj
rel_110	Ent[ent_956]	Ent[ent_1245]	Jupiter Media Metrix	Internet	pobj|<-pobj<-by<-prep<-study<-pobj<-to<-dep<-accord<-prep<-play->prep->on->pobj->|pobj
rel_358	Ent[ent_1185]	Ent[ent_157]	Jupiter Media Metrix	Internet	pobj|<-pobj<-at<-prep<-executive->appos->firm->nn->|nn
rel_365	Ent[ent_418]	Ent[ent_1245]	Jupiter Media Metrix	Internet	nn|<-nn<-ranking<-nsubj<-drop->dobj->adverisement->nn->|nn
rel_379	Ent[ent_956]	Ent[ent_936]	Jupiter Media Metrix	Internet	nn|<-nn<-conference->nn->|nn
rel_379	Ent[ent_956]	Ent[ent_936]	Jupiter Media Metrix	Internet	appos|->appos->traffic->nn->|nn
rel_110	Ent[ent_539]	Ent[ent_713]	Hicks	Dallas	appos|->appos->firm->nn->|nn
rel_110	Ent[ent_539]	Ent[ent_713]	Hicks	Dallas	appos|->appos->firm->amod->|amod
rel_110	Ent[ent_539]	Ent[ent_713]	Hicks	Dallas	appos|->appos->firm->partmod->base->prep->in->pobj->|pobj
rel_110	Ent[ent_539]	Ent[ent_713]	Hicks	Dallas	appos|->appos->group->amod->|amod
rel_110	Ent[ent_539]	Ent[ent_713]	Hicks	Dallas	rcmod|->rcmod->base->prep->in->pobj->|pobj
rel_110	Ent[ent_539]	Ent[ent_713]	Hicks	Dallas	partmod|->partmod->base->prep->in->pobj->|pobj
rel_110	Ent[ent_539]	Ent[ent_713]	Hicks	Dallas	appos|->appos->firm->prep->in->pobj->|pobj
rel_110	Ent[ent_539]	Ent[ent_713]	Hicks	Dallas	rcmod|->rcmod->own->dobj->|dobj
rel_110	Ent[ent_539]	Ent[ent_713]	Hicks	Dallas	rcmod|->rcmod->make->prep->in->pobj->interview->prep->with->pobj->|pobj
rel_110	Ent[ent_539]	Ent[ent_713]	Hicks	Dallas	pobj|<-pobj<-with<-prep<-partnership->rcmod->hold->dobj->station->nn->|nn
rel_299	Ent[ent_955]	Ent[ent_1002]	Petroleum Finance Company	Washington	appos|->appos->firm->nn->|nn
rel_299	Ent[ent_955]	Ent[ent_1002]	Petroleum Finance Company	Washington	appos|->appos->firm->prep->in->pobj->|pobj
rel_299	Ent[ent_955]	Ent[ent_1002]	Petroleum Finance Company	Washington	appos|->appos->group->nn->|nn
rel_299	Ent[ent_955]	Ent[ent_1002]	Petroleum Finance Company	Washington	appos|->appos->firm->amod->|amod
rel_110	Ent[ent_549]	Ent[ent_1002]	Petroleum Finance Company	Washington	appos|->appos->group->prep->in->pobj->|pobj
rel_299	Ent[ent_955]	Ent[ent_1002]	Petroleum Finance Company	Washington	appos|->appos->group->partmod->base->prep->in->pobj->|pobj
rel_299	Ent[ent_955]	Ent[ent_1002]	Petroleum Finance Company	Washington	appos|->appos->firm->partmod->base->prep->in->pobj->|pobj
rel_299	Ent[ent_955]	Ent[ent_1002]	Petroleum Finance Company	Washington	appos|->appos->group->amod->|amod
rel_299	Ent[ent_955]	Ent[ent_1002]	Petroleum Finance Company	Washington	appos|->appos->company->prep->in->pobj->|pobj
rel_299	Ent[ent_955]	Ent[ent_1002]	Petroleum Finance Company	Washington	appos|->appos->company->nn->|nn
rel_110	Ent[ent_716]	Ent[ent_958]	Kleiner Perkins Caufield & Byers	Silicon Valley	appos|->appos->firm->nn->|nn
rel_110	Ent[ent_716]	Ent[ent_958]	Kleiner Perkins Caufield & Byers	Silicon Valley	appos|->appos->firm->poss->|poss
rel_110	Ent[ent_716]	Ent[ent_958]	Kleiner Perkins Caufield & Byers	Silicon Valley	rcmod|->rcmod->say->nsubj->capitalist->nn->|nn
rel_110	Ent[ent_716]	Ent[ent_958]	Kleiner Perkins Caufield & Byers	Silicon Valley	appos|->appos->force->nn->|nn
rel_110	Ent[ent_716]	Ent[ent_958]	Kleiner Perkins Caufield & Byers	Silicon Valley	appos|->appos->company->nn->|nn
rel_9	Ent[ent_1002]	Ent[ent_1248]	Washington	State Department	pobj|<-pobj<-in<-prep<-say->nsubj->|nsubj
rel_9	Ent[ent_1002]	Ent[ent_1248]	Washington	State Department	pobj|<-pobj<-in<-prep<-say->nsubj->spokesman->nn->|nn
rel_27	Ent[ent_1002]	Ent[ent_536]	Washington	State Department	appos|->appos->spokesman->nn->|nn
rel_27	Ent[ent_33]	Ent[ent_1248]	Washington	State Department	appos|->appos->official->nn->|nn
rel_81	Ent[ent_1002]	Ent[ent_1233]	Washington	State Department	pobj|<-pobj<-in<-prep<-say->nsubj->official->nn->|nn
rel_27	Ent[ent_1002]	Ent[ent_536]	Washington	State Department	appos|->appos->spokeswoman->nn->|nn
rel_81	Ent[ent_1002]	Ent[ent_1233]	Washington	State Department	pobj|<-pobj<-in<-prep<-say->nsubj->spokesman->prep->for->pobj->|pobj
rel_79	Ent[ent_239]	Ent[ent_1233]	Washington	State Department	pobj|<-pobj<-in<-prep<-say->nsubj->spokeswoman->nn->|nn
rel_81	Ent[ent_1002]	Ent[ent_1233]	Washington	State Department	pobj|<-pobj<-in<-prep<-condemn->nsubj->|nsubj
rel_27	Ent[ent_1002]	Ent[ent_536]	Washington	State Department	pobj|<-pobj<-in<-prep<-issue->nsubj->|nsubj
rel_204	Ent[ent_84]	Ent[ent_715]	Baghdad	Interior Ministry	appos|->appos->official->nn->|nn
rel_148	Ent[ent_84]	Ent[ent_715]	Baghdad	Interior Ministry	rcmod|->rcmod->say->nsubj->official->nn->|nn
rel_204	Ent[ent_84]	Ent[ent_715]	Baghdad	Interior Ministry	pobj|<-pobj<-in<-prep<-shoot<-dep<-say->nsubj->official->nn->|nn
rel_148	Ent[ent_84]	Ent[ent_715]	Baghdad	Interior Ministry	appos|->appos->official->prep->at->pobj->|pobj
rel_204	Ent[ent_84]	Ent[ent_715]	Baghdad	Interior Ministry	pobj|<-pobj<-in<-prep<-say->nsubj->official->nn->|nn
rel_204	Ent[ent_84]	Ent[ent_715]	Baghdad	Interior Ministry	pobj|<-pobj<-in<-prep<-explode->prep->accord->dep->to->pobj->official->nn->|nn
rel_148	Ent[ent_84]	Ent[ent_715]	Baghdad	Interior Ministry	pobj|<-pobj<-in<-prep<-abducted<-dep<-say->nsubj->official->nn->|nn
rel_204	Ent[ent_84]	Ent[ent_715]	Baghdad	Interior Ministry	nn|<-nn<-prison->partmod->run->prep->by->pobj->|pobj
rel_204	Ent[ent_84]	Ent[ent_715]	Baghdad	Interior Ministry	nn|<-nn<-neighborhood<-pobj<-in<-prep<-kill<-dep<-say->nsubj->official->nn->|nn
rel_148	Ent[ent_84]	Ent[ent_715]	Baghdad	Interior Ministry	pobj|<-pobj<-of<-prep<-neighborhood<-pobj<-in<-prep<-explode->prep->accord->dep->to->pobj->official->nn->|nn
rel_232	Ent[ent_71]	Ent[ent_1248]	Alan Keyes	State Department	appos|->appos->official->nn->|nn
rel_232	Ent[ent_71]	Ent[ent_1248]	Alan Keyes	State Department	nsubjpass|<-nsubjpass<-consider->prep->for->pobj->job->nn->|nn
rel_195	Ent[ent_71]	Ent[ent_725]	Alan Keyes	State Department	appos|<-appos<-percent->appos->official->nn->|nn
rel_292	Ent[ent_970]	Ent[ent_730]	Yasushi Akashi	United Nations	appos|->appos->official->nn->|nn
rel_292	Ent[ent_970]	Ent[ent_730]	Yasushi Akashi	United Nations	appos|->appos->envoy->nn->|nn
rel_292	Ent[ent_970]	Ent[ent_730]	Yasushi Akashi	United Nations	appos|->appos->diplomat->nn->|nn
rel_292	Ent[ent_970]	Ent[ent_730]	Yasushi Akashi	United Nations	appos|->appos->representative->nn->|nn
rel_399	Ent[ent_970]	Ent[ent_730]	Yasushi Akashi	United Nations	pobj|<-pobj<-to<-prep<-letter<-pobj<-in<-prep<-say->appos->head->prep->of->pobj->|pobj
rel_292	Ent[ent_970]	Ent[ent_730]	Yasushi Akashi	United Nations	rcmod|->rcmod->head->dobj->force->nn->|nn
rel_399	Ent[ent_970]	Ent[ent_730]	Yasushi Akashi	United Nations	appos|->appos->head->prep->of->pobj->|pobj
rel_399	Ent[ent_970]	Ent[ent_730]	Yasushi Akashi	United Nations	appos|->appos->head->prep->of->pobj->operation->nn->|nn
rel_292	Ent[ent_970]	Ent[ent_730]	Yasushi Akashi	United Nations	appos|->appos->head->prep->of->pobj->authority->nn->|nn
rel_292	Ent[ent_970]	Ent[ent_730]	Yasushi Akashi	United Nations	appos|->appos->envoy->poss->|poss
rel_340	Ent[ent_972]	Ent[ent_971]	Webster L. Hubbell	Justice Department	appos|->appos->official->nn->|nn
rel_340	Ent[ent_972]	Ent[ent_971]	Webster L. Hubbell	Justice Department	appos|->appos->official->prep->at->pobj->|pobj
rel_95	Ent[ent_972]	Ent[ent_971]	Webster L. Hubbell	Justice Department	appos|->appos->no.->dep->official->prep->in->pobj->|pobj
rel_95	Ent[ent_972]	Ent[ent_971]	Webster L. Hubbell	Justice Department	rcmod|->rcmod->step->advmod->down->dep->from->pobj->|pobj
rel_340	Ent[ent_972]	Ent[ent_971]	Webster L. Hubbell	Justice Department	rcmod|->rcmod->force->prep->from->pobj->|pobj
rel_340	Ent[ent_972]	Ent[ent_971]	Webster L. Hubbell	Justice Department	pobj|<-pobj<-from<-prep<-plea<-dobj<-accept->dobj->official->prep->in->pobj->|pobj
rel_95	Ent[ent_972]	Ent[ent_971]	Webster L. Hubbell	Justice Department	pobj|<-pobj<-for<-prep<-work->rcmod->leave->dobj->|dobj
rel_340	Ent[ent_972]	Ent[ent_971]	Webster L. Hubbell	Justice Department	pobj|<-pobj<-after<-prep<-leave->dobj->post->prep->at->pobj->|pobj
rel_340	Ent[ent_972]	Ent[ent_971]	Webster L. Hubbell	Justice Department	nsubj|<-nsubj<-resign->prep->from->pobj->job->nn->|nn
rel_340	Ent[ent_972]	Ent[ent_971]	Webster L. Hubbell	Justice Department	nsubj|<-nsubj<-resign->prep->as->pobj->person->prep->at->pobj->|pobj
rel_331	Ent[ent_729]	Ent[ent_536]	Alger Hiss	State Department	appos|->appos->official->nn->|nn
rel_331	Ent[ent_729]	Ent[ent_536]	Alger Hiss	State Department	rcmod|->rcmod->find->nsubj->official->nn->|nn
rel_331	Ent[ent_729]	Ent[ent_536]	Alger Hiss	State Department	pobj|<-pobj<-of<-prep<-obituary<-nsubj<-misstate->prep->on->pobj->|pobj
rel_294	Ent[ent_729]	Ent[ent_1233]	Alger Hiss	State Department	nsubj|<-nsubj<-official->nn->|nn
rel_294	Ent[ent_729]	Ent[ent_1233]	Alger Hiss	State Department	appos|->appos->officer->nn->|nn
rel_3	Ent[ent_1002]	Ent[ent_183]	Washington	Administration	pobj|<-pobj<-in<-prep<-say->nsubj->official->nn->|nn
rel_294	Ent[ent_239]	Ent[ent_183]	Washington	Administration	appos|->appos->official->nn->|nn
rel_3	Ent[ent_1002]	Ent[ent_183]	Washington	Administration	pobj|<-pobj<-in<-prep<-express->nsubj->official->nn->|nn
rel_144	Ent[ent_1002]	Ent[ent_664]	Washington	Administration	nn|<-nn<-lawyer<-dobj<-appoint->prep->to->pobj->ethic->poss->|poss
rel_52	Ent[ent_97]	Ent[ent_183]	Washington	Administration	rcmod|->rcmod->want->nsubj->|nsubj
rel_3	Ent[ent_1002]	Ent[ent_183]	Washington	Administration	rcmod|->rcmod->negotiate->prep->with->pobj->|pobj
rel_52	Ent[ent_97]	Ent[ent_183]	Washington	Administration	rcmod|->rcmod->hold->dobj->series->prep->of->pobj->meeting->prep->with->pobj->deputy->nn->|nn
rel_3	Ent[ent_1002]	Ent[ent_183]	Washington	Administration	rcmod|->rcmod->grow->nsubj->|nsubj
rel_20	Ent[ent_33]	Ent[ent_183]	Washington	Administration	rcmod|->rcmod->face->dobj->question->prep->about->pobj->tie->poss->|poss
rel_3	Ent[ent_1002]	Ent[ent_183]	Washington	Administration	rcmod|->rcmod->expect->nsubjpass->leader->nn->|nn
rel_294	Ent[ent_728]	Ent[ent_243]	John Huang	Commerce Department	appos|->appos->official->nn->|nn
rel_339	Ent[ent_728]	Ent[ent_721]	John Huang	Commerce Department	rcmod|->rcmod->turn->nsubj->official->nn->|nn
rel_339	Ent[ent_728]	Ent[ent_721]	John Huang	Commerce Department	appos|->appos->operative->rcmod->work->prep->in->pobj->|pobj
rel_339	Ent[ent_728]	Ent[ent_721]	John Huang	Commerce Department	rcmod|->rcmod->official->prep->at->pobj->|pobj
rel_339	Ent[ent_728]	Ent[ent_721]	John Huang	Commerce Department	rcmod|->rcmod->man->prep->at->pobj->|pobj
rel_339	Ent[ent_728]	Ent[ent_721]	John Huang	Commerce Department	rcmod|->rcmod->leave->prep->for->pobj->post->prep->at->pobj->|pobj
rel_339	Ent[ent_728]	Ent[ent_721]	John Huang	Commerce Department	prep|->prep->as->pobj->aide->nn->|nn
rel_339	Ent[ent_728]	Ent[ent_721]	John Huang	Commerce Department	poss|<-poss<-briefing<-nsubj<-part->prep->at->pobj->|pobj
rel_339	Ent[ent_728]	Ent[ent_721]	John Huang	Commerce Department	poss|<-poss<-boss->prep->at->pobj->|pobj
rel_339	Ent[ent_728]	Ent[ent_721]	John Huang	Commerce Department	pobj|<-pobj<-to<-prep<-grant->prep->as->pobj->official->nn->|nn
rel_27	Ent[ent_963]	Ent[ent_1140]	Richard N. Perle	Pentagon	appos|->appos->official->nn->|nn
rel_27	Ent[ent_963]	Ent[ent_1140]	Richard N. Perle	Pentagon	appos|->appos->adviser->prep->to->pobj->|pobj
rel_27	Ent[ent_963]	Ent[ent_1140]	Richard N. Perle	Pentagon	appos|->appos->adviser->nn->|nn
rel_27	Ent[ent_963]	Ent[ent_1140]	Richard N. Perle	Pentagon	nsubj|<-nsubj<-resign->prep->as->pobj->chairman->prep->of->pobj->board->nn->|nn
rel_27	Ent[ent_963]	Ent[ent_1140]	Richard N. Perle	Pentagon	appos|->appos->chairman->prep->of->pobj->group->nn->|nn
rel_27	Ent[ent_963]	Ent[ent_1140]	Richard N. Perle	Pentagon	appos|->appos->adviser->prep->to->pobj->official->nn->|nn
rel_27	Ent[ent_963]	Ent[ent_1140]	Richard N. Perle	Pentagon	rcmod|->rcmod->resign->prep->as->pobj->expert->poss->|poss
rel_27	Ent[ent_963]	Ent[ent_1140]	Richard N. Perle	Pentagon	rcmod|->rcmod->leave->prep->at->pobj->|pobj
rel_27	Ent[ent_963]	Ent[ent_1140]	Richard N. Perle	Pentagon	rcmod|->rcmod->leave->dobj->|dobj
rel_27	Ent[ent_963]	Ent[ent_1140]	Richard N. Perle	Pentagon	nsubj|<-nsubj<-resign->prep->as->pobj->chairman->prep->of->pobj->board->prep->to->pobj->|pobj
rel_164	Ent[ent_720]	Ent[ent_962]	Patrick C. Jackman	Labor Department	appos|->appos->official->nn->|nn
rel_164	Ent[ent_720]	Ent[ent_962]	Patrick C. Jackman	Labor Department	appos|->appos->specialist->nn->|nn
rel_14	Ent[ent_720]	Ent[ent_962]	Patrick C. Jackman	Labor Department	appos|->appos->economist->prep->at->pobj->|pobj
rel_14	Ent[ent_720]	Ent[ent_962]	Patrick C. Jackman	Labor Department	appos|->appos->economist->nn->|nn
rel_14	Ent[ent_720]	Ent[ent_962]	Patrick C. Jackman	Labor Department	appos|->appos->chief->prep->of->pobj->branch->prep->of->pobj->|pobj
rel_14	Ent[ent_720]	Ent[ent_962]	Patrick C. Jackman	Labor Department	nsubj|<-nsubj<-caution->nsubj->branch->poss->|poss
rel_164	Ent[ent_720]	Ent[ent_962]	Patrick C. Jackman	Labor Department	appos|->appos->supervisor->nn->|nn
rel_164	Ent[ent_720]	Ent[ent_962]	Patrick C. Jackman	Labor Department	appos|->appos->official->prep->of->pobj->|pobj
rel_164	Ent[ent_720]	Ent[ent_962]	Patrick C. Jackman	Labor Department	appos|->appos->economist->prep->in->pobj->branch->nn->|nn
rel_164	Ent[ent_720]	Ent[ent_962]	Patrick C. Jackman	Labor Department	appos|->appos->economist->prep->for->pobj->unit->nn->|nn
rel_80	Ent[ent_108]	Ent[ent_371]	Public Broadcasting Service	Channel	prep|->prep->include->pobj->|pobj
rel_80	Ent[ent_108]	Ent[ent_371]	Public Broadcasting Service	Channel	pobj|<-pobj<-for<-prep<-production<-nsubjpass<-broadcast->prep->at->pobj->p.m.->prep->on->pobj->wliw-tv->appos->|appos
rel_112	Ent[ent_722]	Ent[ent_1234]	Westerners	Americans	prep|->prep->include->pobj->|pobj
rel_112	Ent[ent_722]	Ent[ent_1234]	Westerners	Americans	pobj|<-pobj<-of<-prep<-group->prep->include->pobj->|pobj
rel_294	Ent[ent_254]	Ent[ent_1234]	Westerners	Americans	rcmod|->rcmod->include->dobj->|dobj
rel_112	Ent[ent_722]	Ent[ent_1234]	Westerners	Americans	rcmod|->rcmod->describe->prep->as->pobj->hippie->prep->among->dep->|dep
rel_112	Ent[ent_722]	Ent[ent_1234]	Westerners	Americans	pobj|<-pobj<-to<-dep<-up<-prep<-detain->dep->|dep
rel_13	Ent[ent_722]	Ent[ent_669]	Westerners	Americans	pobj|<-pobj<-of<-prep<-thousand->partmod->work->prep->in->pobj->field->prep->include->pobj->|pobj
rel_13	Ent[ent_722]	Ent[ent_669]	Westerners	Americans	pobj|<-pobj<-of<-prep<-many<-nsubj<-live->dep->make->dobj->maze->partmod->place->prep->by->pobj->|pobj
rel_13	Ent[ent_722]	Ent[ent_669]	Westerners	Americans	pobj|<-pobj<-of<-prep<-appreciation<-pobj<-of<-prep<-boom<-nsubj<-be->appos->|appos
rel_13	Ent[ent_722]	Ent[ent_669]	Westerners	Americans	pobj|<-pobj<-by<-prep<-favor<-partmod<-complex->prep->include->pobj->|pobj
rel_112	Ent[ent_722]	Ent[ent_1234]	Westerners	Americans	pobj|<-pobj<-against<-prep<-attack<-dobj<-expect->prep->with->pobj->|pobj
rel_192	Ent[ent_819]	Ent[ent_964]	Democrats	A. Gephardt	prep|->prep->include->pobj->|pobj
rel_192	Ent[ent_819]	Ent[ent_964]	Democrats	A. Gephardt	nsubj|<-nsubj<-meet->prep->in->pobj->office->prep->of->pobj->|pobj
rel_339	Ent[ent_1015]	Ent[ent_964]	Democrats	A. Gephardt	rcmod|->rcmod->oppose->dobj->cut->prep->include->pobj->|pobj
rel_339	Ent[ent_1015]	Ent[ent_964]	Democrats	A. Gephardt	prep|->prep->in->pobj->race->prep->like->pobj->|pobj
rel_192	Ent[ent_819]	Ent[ent_964]	Democrats	A. Gephardt	pobj|<-pobj<-to<-prep<-be<-dep<-pull->prep->in->pobj->word->prep->of->pobj->|pobj
rel_192	Ent[ent_819]	Ent[ent_964]	Democrats	A. Gephardt	pobj|<-pobj<-among<-prep<-be->nsubj->|nsubj
rel_192	Ent[ent_819]	Ent[ent_964]	Democrats	A. Gephardt	nsubj|<-nsubj<-see->prep->in->pobj->word->prep->of->pobj->|pobj
rel_339	Ent[ent_1015]	Ent[ent_964]	Democrats	A. Gephardt	nsubj|<-nsubj<-react->prep->with->pobj->today->prep->to->pobj->comment->prep->by->pobj->|pobj
rel_192	Ent[ent_819]	Ent[ent_964]	Democrats	A. Gephardt	nsubj|<-nsubj<-convey->prep->in->pobj->office->prep->of->pobj->|pobj
rel_192	Ent[ent_819]	Ent[ent_964]	Democrats	A. Gephardt	nsubj|<-nsubj<-bemoan->dobj->withdrawal->prep->of->pobj->|pobj
rel_192	Ent[ent_816]	Ent[ent_725]	Republicans	John McCain	prep|->prep->include->pobj->|pobj
rel_139	Ent[ent_816]	Ent[ent_725]	Republicans	John McCain	nsubj|<-nsubj<-say<-rcmod<-man->appos->|appos
rel_139	Ent[ent_816]	Ent[ent_725]	Republicans	John McCain	rcmod|->rcmod->willing->nsubj->|nsubj
rel_139	Ent[ent_816]	Ent[ent_725]	Republicans	John McCain	rcmod|->rcmod->vote->prep->like->pobj->|pobj
rel_139	Ent[ent_816]	Ent[ent_725]	Republicans	John McCain	rcmod|->rcmod->stand->prep->with->pobj->exception->prep->of->pobj->|pobj
rel_139	Ent[ent_816]	Ent[ent_725]	Republicans	John McCain	rcmod|->rcmod->seek->dobj->nomination->dep->|dep
rel_192	Ent[ent_816]	Ent[ent_725]	Republicans	John McCain	rcmod|->rcmod->matter->prep->from->pobj->|pobj
rel_139	Ent[ent_816]	Ent[ent_725]	Republicans	John McCain	rcmod|->rcmod->favor->rcmod->support->dobj->|dobj
rel_267	Ent[ent_816]	Ent[ent_38]	Republicans	John McCain	rcmod|->rcmod->aid->prep->by->pobj->|pobj
rel_139	Ent[ent_816]	Ent[ent_725]	Republicans	John McCain	prep|->prep->of->pobj->history->poss->|poss
rel_192	Ent[ent_816]	Ent[ent_1210]	Republicans	Bush	prep|->prep->include->pobj->|pobj
rel_355	Ent[ent_816]	Ent[ent_1201]	Republicans	Bush	partmod|->partmod->lead->prep->by->pobj->|pobj
rel_355	Ent[ent_816]	Ent[ent_1201]	Republicans	Bush	prep|->prep->over->pobj->planning->poss->|poss
rel_192	Ent[ent_816]	Ent[ent_1210]	Republicans	Bush	pobj|<-pobj<-among<-prep<-seem->nsubj->|nsubj
rel_355	Ent[ent_816]	Ent[ent_1201]	Republicans	Bush	nsubj|<-nsubj<-urge->dobj->|dobj
rel_355	Ent[ent_816]	Ent[ent_1201]	Republicans	Bush	nsubj|<-nsubj<-defy->dobj->|dobj
rel_355	Ent[ent_816]	Ent[ent_1201]	Republicans	Bush	nsubj|<-nsubj<-break->prep->with->pobj->|pobj
rel_355	Ent[ent_816]	Ent[ent_1201]	Republicans	Bush	amod|->amod->close->prep->to->pobj->|pobj
rel_192	Ent[ent_816]	Ent[ent_1210]	Republicans	Bush	prep|->prep->in->pobj->administration->nn->|nn
rel_134	Ent[ent_816]	Ent[ent_1212]	Republicans	Bush	pobj|<-pobj<-of<-prep<-many->prep->include->pobj->many->prep->of->pobj->friend->poss->|poss
rel_83	Ent[ent_819]	Ent[ent_967]	Democrats	Edward M. Kennedy	prep|->prep->include->pobj->|pobj
rel_83	Ent[ent_819]	Ent[ent_967]	Democrats	Edward M. Kennedy	partmod|->partmod->lead->prep->by->pobj->|pobj
rel_83	Ent[ent_819]	Ent[ent_967]	Democrats	Edward M. Kennedy	poss|<-poss<-strategist->appos->|appos
rel_339	Ent[ent_1015]	Ent[ent_964]	Democrats	Edward M. Kennedy	rcmod|->rcmod->call->nsubj->|nsubj
rel_83	Ent[ent_819]	Ent[ent_967]	Democrats	Edward M. Kennedy	prep|->prep->on->pobj->staff->prep->of->pobj->|pobj
rel_359	Ent[ent_1015]	Ent[ent_967]	Democrats	Edward M. Kennedy	prep|->prep->like->pobj->detail->partmod->concern->dobj->accident->poss->|poss
rel_359	Ent[ent_1015]	Ent[ent_967]	Democrats	Edward M. Kennedy	prep|->prep->include->pobj->campaign->prep->of->pobj->|pobj
rel_359	Ent[ent_1015]	Ent[ent_967]	Democrats	Edward M. Kennedy	poss|<-poss<-hero<-pobj<-to<-prep<-response->appos->|appos
rel_83	Ent[ent_819]	Ent[ent_967]	Democrats	Edward M. Kennedy	poss|<-poss<-determination->prep->on->pobj->bill->rcmod->follow->dobj->cry->partmod->deliver->prep->by->pobj->|pobj
rel_83	Ent[ent_819]	Ent[ent_967]	Democrats	Edward M. Kennedy	pobj|<-pobj<-with<-prep<-push->nsubj->|nsubj
rel_192	Ent[ent_819]	Ent[ent_828]	Democrats	Clinton	prep|->prep->include->pobj->|pobj
rel_355	Ent[ent_819]	Ent[ent_1231]	Democrats	Clinton	nsubj|<-nsubj<-urge->dobj->|dobj
rel_355	Ent[ent_819]	Ent[ent_1231]	Democrats	Clinton	nsubj|<-nsubj<-tell->dobj->|dobj
rel_355	Ent[ent_819]	Ent[ent_1231]	Democrats	Clinton	prep|->prep->of->pobj->administration->nn->|nn
rel_355	Ent[ent_819]	Ent[ent_1231]	Democrats	Clinton	partmod|->partmod->lead->prep->by->pobj->|pobj
rel_355	Ent[ent_819]	Ent[ent_1231]	Democrats	Clinton	partmod|->partmod->finance->dobj->re-election->poss->|poss
rel_192	Ent[ent_819]	Ent[ent_828]	Democrats	Clinton	nsubj|<-nsubj<-welcome->dobj->|dobj
rel_355	Ent[ent_819]	Ent[ent_1231]	Democrats	Clinton	rcmod|->rcmod->support->dobj->|dobj
rel_309	Ent[ent_1150]	Ent[ent_1231]	Democrats	Clinton	poss|<-poss<-irritation->prep->with->pobj->investigation->nn->|nn
rel_192	Ent[ent_819]	Ent[ent_828]	Democrats	Clinton	poss|<-poss<-defense->prep->of->pobj->|pobj
rel_30	Ent[ent_819]	Ent[ent_724]	Democrats	Hillary Rodham Clinton	prep|->prep->include->pobj->|pobj
rel_30	Ent[ent_819]	Ent[ent_724]	Democrats	Hillary Rodham Clinton	partmod|->partmod->lead->prep->by->pobj->|pobj
rel_30	Ent[ent_819]	Ent[ent_724]	Democrats	Hillary Rodham Clinton	pobj|<-pobj<-for<-dep<-as<-prep<-cold->nsubj->|nsubj
rel_30	Ent[ent_819]	Ent[ent_724]	Democrats	Hillary Rodham Clinton	tmod|<-tmod<-quote<-rcmod<-advertisement->prep->include->pobj->|pobj
rel_234	Ent[ent_1150]	Ent[ent_724]	Democrats	Hillary Rodham Clinton	poss|<-poss<-alternative->prep->to->pobj->|pobj
rel_30	Ent[ent_819]	Ent[ent_724]	Democrats	Hillary Rodham Clinton	pobj|<-pobj<-to<-prep<-go->dobj->|dobj
rel_30	Ent[ent_819]	Ent[ent_724]	Democrats	Hillary Rodham Clinton	pobj|<-pobj<-of<-prep<-generation->prep->like->pobj->|pobj
rel_30	Ent[ent_819]	Ent[ent_724]	Democrats	Hillary Rodham Clinton	pobj|<-pobj<-of<-prep<-choice->prep->with->pobj->|pobj
rel_234	Ent[ent_1150]	Ent[ent_724]	Democrats	Hillary Rodham Clinton	pobj|<-pobj<-for<-prep<-money<-dobj<-raise->prep->than->pobj->candidate->prep->except->pobj->|pobj
rel_30	Ent[ent_819]	Ent[ent_724]	Democrats	Hillary Rodham Clinton	pobj|<-pobj<-for<-prep<-have->nsubj->|nsubj
rel_30	Ent[ent_966]	Ent[ent_843]	Northeast	New York	prep|->prep->include->pobj->|pobj
rel_83	Ent[ent_966]	Ent[ent_1244]	Northeast	New York	partmod|->partmod->lead->prep->by->pobj->|pobj
rel_83	Ent[ent_966]	Ent[ent_1244]	Northeast	New York	nn|<-nn<-state->prep->include->pobj->|pobj
rel_83	Ent[ent_966]	Ent[ent_1244]	Northeast	New York	prep|->prep->include->pobj->area->nn->|nn
rel_30	Ent[ent_966]	Ent[ent_843]	Northeast	New York	pobj|<-pobj<-of<-prep<-pocket<-pobj<-across<-prep<-go<-dep<-respond->nsubj->|nsubj
rel_304	Ent[ent_966]	Ent[ent_1263]	Northeast	New York	pobj|<-pobj<-of<-prep<-much<-advmod<-scorch->prep->with->pobj->temperature->dep->people->prep->in->pobj->|pobj
rel_304	Ent[ent_966]	Ent[ent_1263]	Northeast	New York	pobj|<-pobj<-in<-prep<-mayor<-nsubj<-urge->dobj->governor->prep->of->pobj->|pobj
rel_30	Ent[ent_966]	Ent[ent_843]	Northeast	New York	pobj|<-pobj<-in<-prep<-largest->appos->utility->prep->in->pobj->|pobj
rel_304	Ent[ent_966]	Ent[ent_1263]	Northeast	New York	pobj|<-pobj<-in<-prep<-blizzard<-nsubj<-close->dobj->exchange->prep->in->pobj->|pobj
rel_83	Ent[ent_966]	Ent[ent_1244]	Northeast	New York	nn|<-nn<-state->partmod->lead->prep->by->pobj->|pobj
rel_336	Ent[ent_1237]	Ent[ent_843]	United States	New York	nn|<-nn<-attorney->prep->in->pobj->|pobj
rel_92	Ent[ent_1280]	Ent[ent_1244]	United States	New York	nn|<-nn<-senator->prep->from->pobj->|pobj
rel_192	Ent[ent_1237]	Ent[ent_1244]	United States	New York	prep|->prep->include->pobj->|pobj
rel_185	Ent[ent_537]	Ent[ent_843]	United States	New York	nn|<-nn<-attorney<-poss<-office->prep->in->pobj->|pobj
rel_336	Ent[ent_1237]	Ent[ent_843]	United States	New York	nn|<-nn<-attorney->prep->for->pobj->|pobj
rel_192	Ent[ent_1237]	Ent[ent_1244]	United States	New York	nn|<-nn<-seat->prep->from->pobj->|pobj
rel_242	Ent[ent_1205]	Ent[ent_843]	United States	New York	nn|<-nn<-attorney->prep->for->pobj->district->prep->of->pobj->|pobj
rel_298	Ent[ent_1277]	Ent[ent_1263]	United States	New York	nn|<-nn<-city->prep->include->pobj->|pobj
rel_298	Ent[ent_1277]	Ent[ent_1263]	United States	New York	nn|<-nn<-senators->prep->from->pobj->|pobj
rel_242	Ent[ent_1205]	Ent[ent_843]	United States	New York	nn|<-nn<-representative->prep->from->pobj->|pobj
rel_346	Ent[ent_782]	Ent[ent_268]	Senate	Joseph L. Bruno	nn|<-nn<-leader->appos->|appos
rel_136	Ent[ent_1197]	Ent[ent_268]	Senate	Joseph L. Bruno	pobj|<-pobj<-of<-prep<-leader->appos->|appos
rel_136	Ent[ent_1197]	Ent[ent_268]	Senate	Joseph L. Bruno	poss|<-poss<-leader->appos->|appos
rel_136	Ent[ent_1197]	Ent[ent_268]	Senate	Joseph L. Bruno	nn|<-nn<-leader<-pobj<-to<-prep<-aide->appos->|appos
rel_284	Ent[ent_1197]	Ent[ent_1242]	Senate	Joseph L. Bruno	pobj|<-pobj<-in<-prep<-majority<-pobj<-of<-prep<-leader->appos->|appos
rel_346	Ent[ent_782]	Ent[ent_268]	Senate	Joseph L. Bruno	pobj|<-pobj<-in<-prep<-leader->appos->|appos
rel_136	Ent[ent_1197]	Ent[ent_268]	Senate	Joseph L. Bruno	poss|<-poss<-majority<-pobj<-of<-prep<-leader->appos->|appos
rel_57	Ent[ent_1271]	Ent[ent_1242]	Senate	Joseph L. Bruno	pobj|<-pobj<-in<-prep<-counterpart->appos->|appos
rel_298	Ent[ent_1203]	Ent[ent_268]	Senate	Joseph L. Bruno	nn|<-nn<-leader<-pobj<-for<-prep<-spokesman->appos->|appos
rel_298	Ent[ent_1203]	Ent[ent_268]	Senate	Joseph L. Bruno	nn|<-nn<-leader<-nsubj<-|nsubj
rel_136	Ent[ent_1243]	Ent[ent_261]	Senate	Bob Dole	nn|<-nn<-leader->appos->|appos
rel_136	Ent[ent_1243]	Ent[ent_261]	Senate	Bob Dole	poss|<-poss<-leader->appos->|appos
rel_136	Ent[ent_1243]	Ent[ent_261]	Senate	Bob Dole	nn|<-nn<-leader<-nsubj<-say->nsubj->|nsubj
rel_169	Ent[ent_1197]	Ent[ent_261]	Senate	Bob Dole	pobj|<-pobj<-in<-prep<-leader->appos->|appos
rel_166	Ent[ent_1243]	Ent[ent_1208]	Senate	Bob Dole	nn|<-nn<-seat->partmod->vacate->prep->by->pobj->|pobj
rel_166	Ent[ent_1243]	Ent[ent_1208]	Senate	Bob Dole	nn|<-nn<-leader<-pobj<-to<-prep<-letter<-pobj<-in<-prep<-say->appos->|appos
rel_169	Ent[ent_1197]	Ent[ent_261]	Senate	Bob Dole	nn|<-nn<-leader<-nsubj<-tell->nsubj->|nsubj
rel_169	Ent[ent_1197]	Ent[ent_261]	Senate	Bob Dole	pobj|<-pobj<-in<-prep<-propose->prep->by->pobj->|pobj
rel_83	Ent[ent_1271]	Ent[ent_1208]	Senate	Bob Dole	nn|<-nn<-vote<-pobj<-in<-prep<-look<-dep<-seek->nsubj->leader->appos->|appos
rel_144	Ent[ent_1246]	Ent[ent_261]	Senate	Bob Dole	nn|<-nn<-supporter->prep->of->pobj->|pobj
rel_136	Ent[ent_1243]	Ent[ent_267]	Senate	Trent Lott	nn|<-nn<-leader->appos->|appos
rel_136	Ent[ent_1243]	Ent[ent_267]	Senate	Trent Lott	nn|<-nn<-leader<-nsubj<-say->nsubj->|nsubj
rel_136	Ent[ent_1243]	Ent[ent_267]	Senate	Trent Lott	pobj|<-pobj<-of<-prep<-leader->appos->|appos
rel_136	Ent[ent_1243]	Ent[ent_267]	Senate	Trent Lott	nn|<-nn<-whip->appos->|appos
rel_136	Ent[ent_1243]	Ent[ent_267]	Senate	Trent Lott	poss|<-poss<-leader->appos->|appos
rel_192	Ent[ent_1271]	Ent[ent_267]	Senate	Trent Lott	pobj|<-pobj<-in<-prep<-say->nsubj->|nsubj
rel_136	Ent[ent_1243]	Ent[ent_267]	Senate	Trent Lott	nn|<-nn<-leader<-pobj<-by<-prep<-endorsement->appos->|appos
rel_192	Ent[ent_1271]	Ent[ent_267]	Senate	Trent Lott	pobj|<-pobj<-in<-prep<-friend->prep->include->pobj->|pobj
rel_136	Ent[ent_1243]	Ent[ent_267]	Senate	Trent Lott	nsubj|<-nsubj<-fail->prep->on->pobj->proposal->prep->by->pobj->|pobj
rel_192	Ent[ent_1271]	Ent[ent_267]	Senate	Trent Lott	nsubj|<-nsubj<-confirm->prep->with->pobj->|pobj
rel_136	Ent[ent_1271]	Ent[ent_265]	Senate	Tom Daschle	nn|<-nn<-leader->appos->|appos
rel_136	Ent[ent_1243]	Ent[ent_265]	Senate	Tom Daschle	nn|<-nn<-leader<-nsubj<-say->nsubj->|nsubj
rel_136	Ent[ent_1243]	Ent[ent_265]	Senate	Tom Daschle	pobj|<-pobj<-in<-prep<-leader->appos->|appos
rel_136	Ent[ent_1271]	Ent[ent_265]	Senate	Tom Daschle	poss|<-poss<-leader->appos->|appos
rel_136	Ent[ent_1243]	Ent[ent_265]	Senate	Tom Daschle	rcmod|->rcmod->say->nsubj->|nsubj
rel_298	Ent[ent_1197]	Ent[ent_265]	Senate	Tom Daschle	pobj|<-pobj<-of<-prep<-leader->appos->|appos
rel_136	Ent[ent_1243]	Ent[ent_265]	Senate	Tom Daschle	pobj|<-pobj<-in<-prep<-say->nsubj->|nsubj
rel_298	Ent[ent_1197]	Ent[ent_265]	Senate	Tom Daschle	pobj|<-pobj<-in<-prep<-deliver->prep->by->pobj->|pobj
rel_298	Ent[ent_1197]	Ent[ent_265]	Senate	Tom Daschle	nn|<-nn<-leader<-pobj<-of<-prep<-office->appos->|appos
rel_323	Ent[ent_1246]	Ent[ent_969]	Senate	Tom Daschle	nn|<-nn<-leader<-pobj<-of<-prep<-defeat->appos->|appos
rel_179	Ent[ent_1197]	Ent[ent_727]	Senate	Ralph J. Marino	nn|<-nn<-leader->appos->|appos
rel_298	Ent[ent_1243]	Ent[ent_727]	Senate	Ralph J. Marino	pobj|<-pobj<-of<-prep<-leader->appos->|appos
rel_134	Ent[ent_1124]	Ent[ent_727]	Senate	Ralph J. Marino	poss|<-poss<-leader->appos->|appos
rel_298	Ent[ent_1243]	Ent[ent_727]	Senate	Ralph J. Marino	nn|<-nn<-leader<-pobj<-for<-prep<-spokesman->appos->|appos
rel_179	Ent[ent_1203]	Ent[ent_727]	Senate	Ralph J. Marino	nn|<-nn<-leader<-pobj<-to<-prep<-aide->appos->|appos
rel_298	Ent[ent_1243]	Ent[ent_727]	Senate	Ralph J. Marino	pobj|<-pobj<-of<-prep<-leader<-nsubj<-|nsubj
rel_298	Ent[ent_1243]	Ent[ent_727]	Senate	Ralph J. Marino	pobj|<-pobj<-in<-prep<-say->nsubj->leader->appos->|appos
rel_179	Ent[ent_1197]	Ent[ent_727]	Senate	Ralph J. Marino	nn|<-nn<-leader<-pobj<-of<-prep<-ally->appos->|appos
rel_298	Ent[ent_1243]	Ent[ent_727]	Senate	Ralph J. Marino	nn|<-nn<-leader<-nsubj<-say->nsubj->|nsubj
rel_298	Ent[ent_1243]	Ent[ent_727]	Senate	Ralph J. Marino	nn|<-nn<-leader<-nsubj<-|nsubj
rel_136	Ent[ent_1271]	Ent[ent_969]	Senate	Bill Frist	nn|<-nn<-leader->appos->|appos
rel_136	Ent[ent_1271]	Ent[ent_969]	Senate	Bill Frist	nn|<-nn<-leader<-nsubj<-say->nsubj->|nsubj
rel_136	Ent[ent_1271]	Ent[ent_969]	Senate	Bill Frist	pobj|<-pobj<-of<-prep<-floor<-pobj<-on<-prep<-announce->prep->by->pobj->|pobj
rel_136	Ent[ent_1271]	Ent[ent_969]	Senate	Bill Frist	nn|<-nn<-seat->partmod->vacate->prep->by->pobj->|pobj
rel_312	Ent[ent_1197]	Ent[ent_969]	Senate	Bill Frist	nn|<-nn<-leader<-pobj<-with<-prep<-position->appos->|appos
rel_136	Ent[ent_1271]	Ent[ent_969]	Senate	Bill Frist	nn|<-nn<-leader<-pobj<-for<-prep<-spokeswoman->appos->|appos
rel_312	Ent[ent_1197]	Ent[ent_969]	Senate	Bill Frist	nn|<-nn<-leader<-pobj<-for<-prep<-spokesman->appos->|appos
rel_323	Ent[ent_1246]	Ent[ent_969]	Senate	Bill Frist	nn|<-nn<-leader<-nsubj<-tell->nsubj->|nsubj
rel_13	Ent[ent_1243]	Ent[ent_969]	Senate	Bill Frist	nn|<-nn<-leader<-nsubj<-continue->dep->say->nsubj->|nsubj
rel_13	Ent[ent_1243]	Ent[ent_969]	Senate	Bill Frist	poss|<-poss<-leadership->prep->under->pobj->scramble->nn->|nn
rel_64	Ent[ent_1197]	Ent[ent_263]	Senate	Republican	nn|<-nn<-leader->nn->|nn
rel_298	Ent[ent_1124]	Ent[ent_263]	Senate	Republican	nn|<-nn<-leader->appos->|appos
rel_298	Ent[ent_1124]	Ent[ent_263]	Senate	Republican	poss|<-poss<-majority->amod->|amod
rel_298	Ent[ent_1124]	Ent[ent_263]	Senate	Republican	poss|<-poss<-leader->amod->|amod
rel_298	Ent[ent_1124]	Ent[ent_263]	Senate	Republican	nn|<-nn<-leadership->nn->|nn
rel_340	Ent[ent_598]	Ent[ent_263]	Senate	Republican	nn|<-nn<-leader->amod->|amod
rel_136	Ent[ent_1243]	Ent[ent_263]	Senate	Republican	nn|<-nn<-aide->nn->|nn
rel_136	Ent[ent_1243]	Ent[ent_263]	Senate	Republican	nn|<-nn<-majority->nn->|nn
rel_340	Ent[ent_598]	Ent[ent_263]	Senate	Republican	rcmod|->rcmod->hold->nsubj->|nsubj
rel_64	Ent[ent_1197]	Ent[ent_263]	Senate	Republican	poss|<-poss<-leadership->amod->|amod
rel_136	Ent[ent_1246]	Ent[ent_49]	Senate	George J. Mitchell	nn|<-nn<-leader->appos->|appos
rel_39	Ent[ent_1243]	Ent[ent_49]	Senate	George J. Mitchell	nn|<-nn<-leader<-pobj<-with<-prep<-meet->dobj->|dobj
rel_299	Ent[ent_1124]	Ent[ent_49]	Senate	George J. Mitchell	poss|<-poss<-leader->appos->|appos
rel_39	Ent[ent_1243]	Ent[ent_49]	Senate	George J. Mitchell	pobj|<-pobj<-in<-prep<-say->nsubj->|nsubj
rel_299	Ent[ent_1197]	Ent[ent_49]	Senate	George J. Mitchell	pobj|<-pobj<-in<-prep<-put->prep->by->pobj->|pobj
rel_136	Ent[ent_1246]	Ent[ent_49]	Senate	George J. Mitchell	poss|<-poss<-majority<-pobj<-of<-prep<-leader->appos->|appos
rel_298	Ent[ent_598]	Ent[ent_49]	Senate	George J. Mitchell	pobj|<-pobj<-of<-prep<-leader->appos->|appos
rel_136	Ent[ent_1246]	Ent[ent_49]	Senate	George J. Mitchell	pobj|<-pobj<-in<-prep<-uncertainty->appos->|appos
rel_39	Ent[ent_1243]	Ent[ent_49]	Senate	George J. Mitchell	pobj|<-pobj<-in<-prep<-say->nsubj->leader->appos->|appos
rel_39	Ent[ent_1243]	Ent[ent_49]	Senate	George J. Mitchell	pobj|<-pobj<-in<-prep<-leader->appos->|appos
rel_77	Ent[ent_69]	Ent[ent_67]	Bosnian Serb	Radovan Karadzic	nn|<-nn<-leader->appos->|appos
rel_77	Ent[ent_69]	Ent[ent_67]	Bosnian Serb	Radovan Karadzic	nn|<-nn<-president->appos->|appos
rel_268	Ent[ent_69]	Ent[ent_67]	Bosnian Serb	Radovan Karadzic	amod|<-amod<-leader->prep->like->pobj->|pobj
rel_268	Ent[ent_69]	Ent[ent_67]	Bosnian Serb	Radovan Karadzic	nn|<-nn<-leader<-dobj<-indict->dobj->|dobj
rel_268	Ent[ent_69]	Ent[ent_67]	Bosnian Serb	Radovan Karadzic	amod|<-amod<-leader->dep->|dep
rel_268	Ent[ent_69]	Ent[ent_67]	Bosnian Serb	Radovan Karadzic	nn|<-nn<-republic<-pobj<-of<-prep<-president->appos->|appos
rel_77	Ent[ent_69]	Ent[ent_67]	Bosnian Serb	Radovan Karadzic	nn|<-nn<-leader->prep->like->pobj->|pobj
rel_268	Ent[ent_69]	Ent[ent_67]	Bosnian Serb	Radovan Karadzic	nn|<-nn<-leader<-pobj<-of<-prep<-influence<-dobj<-reflect<-rcmod<-position->appos->|appos
rel_268	Ent[ent_69]	Ent[ent_67]	Bosnian Serb	Radovan Karadzic	nn|<-nn<-leader->dep->|dep
rel_268	Ent[ent_69]	Ent[ent_67]	Bosnian Serb	Radovan Karadzic	nsubj|<-nsubj<-deputy->prep->to->pobj->|pobj
rel_142	Ent[ent_263]	Ent[ent_1208]	Republican	Bob Dole	nn|<-nn<-leader->appos->|appos
rel_142	Ent[ent_263]	Ent[ent_1208]	Republican	Bob Dole	amod|<-amod<-leader->appos->|appos
rel_258	Ent[ent_263]	Ent[ent_261]	Republican	Bob Dole	amod|<-amod<-opponent->appos->|appos
rel_258	Ent[ent_263]	Ent[ent_261]	Republican	Bob Dole	amod|<-amod<-rival->appos->|appos
rel_258	Ent[ent_263]	Ent[ent_261]	Republican	Bob Dole	amod|<-amod<-challenger->appos->|appos
rel_258	Ent[ent_263]	Ent[ent_261]	Republican	Bob Dole	nn|<-nn<-candidate->appos->|appos
rel_142	Ent[ent_263]	Ent[ent_1208]	Republican	Bob Dole	amod|<-amod<-nominee->appos->|appos
rel_142	Ent[ent_263]	Ent[ent_1208]	Republican	Bob Dole	amod|<-amod<-candidate->appos->|appos
rel_258	Ent[ent_263]	Ent[ent_261]	Republican	Bob Dole	nn|<-nn<-nominee->appos->|appos
rel_294	Ent[ent_745]	Ent[ent_261]	Republican	Bob Dole	amod|<-amod<-nomination<-pobj<-for<-prep<-rival->appos->|appos
rel_9	Ent[ent_909]	Ent[ent_801]	Scot	Masters	rcmod|->rcmod->win->dobj->|dobj
rel_128	Ent[ent_909]	Ent[ent_607]	Scot	Masters	nsubj|<-nsubj<-dwell->prep->on->pobj->victory->prep->in->pobj->|pobj
rel_118	Ent[ent_968]	Ent[ent_981]	Mrs. Aung San Suu Kyi	Nobel Peace Prize	rcmod|->rcmod->win->dobj->|dobj
rel_118	Ent[ent_968]	Ent[ent_981]	Mrs. Aung San Suu Kyi	Nobel Peace Prize	appos|->appos->winner->prep->of->pobj->|pobj
rel_118	Ent[ent_968]	Ent[ent_981]	Mrs. Aung San Suu Kyi	Nobel Peace Prize	nsubj|<-nsubj<-win->dobj->|dobj
rel_206	Ent[ent_968]	Ent[ent_981]	Mrs. Aung San Suu Kyi	Nobel Peace Prize	nsubjpass|<-nsubjpass<-award->dobj->|dobj
rel_118	Ent[ent_968]	Ent[ent_981]	Mrs. Aung San Suu Kyi	Nobel Peace Prize	rcmod|->rcmod->award->dobj->|dobj
rel_118	Ent[ent_968]	Ent[ent_981]	Mrs. Aung San Suu Kyi	Nobel Peace Prize	nsubj|<-nsubj<-receive->dobj->|dobj
rel_206	Ent[ent_968]	Ent[ent_981]	Mrs. Aung San Suu Kyi	Nobel Peace Prize	nsubj|<-nsubj<-offer->nsubj->|nsubj
rel_206	Ent[ent_968]	Ent[ent_981]	Mrs. Aung San Suu Kyi	Nobel Peace Prize	appos|->appos->dissident->rcmod->award->dobj->|dobj
rel_192	Ent[ent_110]	Ent[ent_851]	Devils	Stanley Cup	nsubj|<-nsubj<-win->dobj->|dobj
rel_118	Ent[ent_1259]	Ent[ent_851]	Devils	Stanley Cup	appos|->appos->champion->nn->|nn
rel_118	Ent[ent_1259]	Ent[ent_851]	Devils	Stanley Cup	dobj|<-dobj<-lead->prep->to->pobj->|pobj
rel_118	Ent[ent_1256]	Ent[ent_851]	Devils	Stanley Cup	rcmod|->rcmod->win->dobj->|dobj
rel_134	Ent[ent_1282]	Ent[ent_851]	Devils	Stanley Cup	nsubj|<-nsubj<-raise->dobj->banner->nn->|nn
rel_192	Ent[ent_110]	Ent[ent_851]	Devils	Stanley Cup	nsubj|<-nsubj<-capture->dobj->|dobj
rel_192	Ent[ent_110]	Ent[ent_851]	Devils	Stanley Cup	poss|<-poss<-team->nn->|nn
rel_118	Ent[ent_1256]	Ent[ent_851]	Devils	Stanley Cup	dobj|<-dobj<-coach->prep->to->pobj->championship->nn->|nn
rel_192	Ent[ent_110]	Ent[ent_851]	Devils	Stanley Cup	poss|<-poss<-victory->nn->|nn
rel_118	Ent[ent_1259]	Ent[ent_851]	Devils	Stanley Cup	nsubj|<-nsubj<-champion->nn->|nn
rel_118	Ent[ent_980]	Ent[ent_741]	Real Quiet	Kentucky Derby	appos|->appos->winner->prep->of->pobj->|pobj
rel_118	Ent[ent_980]	Ent[ent_741]	Real Quiet	Kentucky Derby	rcmod|->rcmod->win->dobj->|dobj
rel_118	Ent[ent_980]	Ent[ent_741]	Real Quiet	Kentucky Derby	nsubj|<-nsubj<-win->dobj->|dobj
rel_118	Ent[ent_980]	Ent[ent_741]	Real Quiet	Kentucky Derby	pobj|<-pobj<-to<-prep<-finish->prep->in->pobj->|pobj
rel_118	Ent[ent_980]	Ent[ent_741]	Real Quiet	Kentucky Derby	rcmod|->rcmod->finish->prep->in->pobj->|pobj
rel_118	Ent[ent_980]	Ent[ent_741]	Real Quiet	Kentucky Derby	poss|<-poss<-victory->prep->in->pobj->|pobj
rel_118	Ent[ent_980]	Ent[ent_741]	Real Quiet	Kentucky Derby	pobj|<-pobj<-to<-prep<-challenge->prep->after->pobj->sweep->prep->of->pobj->|pobj
rel_118	Ent[ent_980]	Ent[ent_741]	Real Quiet	Kentucky Derby	pobj|<-pobj<-on<-prep<-close->prep->in->pobj->|pobj
rel_118	Ent[ent_980]	Ent[ent_741]	Real Quiet	Kentucky Derby	pobj|<-pobj<-by<-prep<-outrun->prep->in->pobj->|pobj
rel_118	Ent[ent_980]	Ent[ent_741]	Real Quiet	Kentucky Derby	nsubjpass|<-nsubjpass<-consider->dep->material->nn->|nn
rel_118	Ent[ent_983]	Ent[ent_981]	Prevention of Nuclear War	Nobel Peace Prize	rcmod|->rcmod->win->dobj->|dobj
rel_118	Ent[ent_983]	Ent[ent_981]	Prevention of Nuclear War	Nobel Peace Prize	rcmod|->rcmod->award->dobj->|dobj
rel_118	Ent[ent_983]	Ent[ent_981]	Prevention of Nuclear War	Nobel Peace Prize	dep|->dep->award->dobj->|dobj
rel_118	Ent[ent_983]	Ent[ent_981]	Prevention of Nuclear War	Nobel Peace Prize	pobj|<-pobj<-for<-prep<-member<-appos<-group->rcmod->award->dobj->|dobj
rel_118	Ent[ent_983]	Ent[ent_981]	Prevention of Nuclear War	Nobel Peace Prize	pobj|<-pobj<-for<-prep<-founder<-nn<-winner->nn->|nn
rel_118	Ent[ent_983]	Ent[ent_981]	Prevention of Nuclear War	Nobel Peace Prize	appos|->appos->organization->rcmod->win->dobj->|dobj
rel_118	Ent[ent_983]	Ent[ent_981]	Prevention of Nuclear War	Nobel Peace Prize	appos|->appos->organization->rcmod->receive->dobj->|dobj
rel_118	Ent[ent_983]	Ent[ent_981]	Prevention of Nuclear War	Nobel Peace Prize	appos|->appos->group->rcmod->win->dobj->|dobj
rel_118	Ent[ent_740]	Ent[ent_982]	Hansel	Preakness	rcmod|->rcmod->win->dobj->|dobj
rel_118	Ent[ent_740]	Ent[ent_982]	Hansel	Preakness	nsubj|<-nsubj<-win->dobj->|dobj
rel_118	Ent[ent_740]	Ent[ent_982]	Hansel	Preakness	appos|->appos->winner->prep->of->pobj->|pobj
rel_118	Ent[ent_740]	Ent[ent_982]	Hansel	Preakness	dobj|<-dobj<-ride->prep->to->pobj->victory->prep->in->pobj->|pobj
rel_118	Ent[ent_740]	Ent[ent_982]	Hansel	Preakness	dep|<-dep<-winner->prep->of->pobj->|pobj
rel_118	Ent[ent_740]	Ent[ent_982]	Hansel	Preakness	rcmod|->rcmod->run->prep->in->pobj->|pobj
rel_118	Ent[ent_740]	Ent[ent_982]	Hansel	Preakness	poss|<-poss<-victory->prep->in->pobj->|pobj
rel_118	Ent[ent_740]	Ent[ent_982]	Hansel	Preakness	nsubj|<-nsubj<-set->dep->win->dobj->|dobj
rel_327	Ent[ent_740]	Ent[ent_320]	Hansel	Preakness	nsubj|<-nsubj<-run->prep->in->pobj->start->prep->include->pobj->|pobj
rel_118	Ent[ent_740]	Ent[ent_982]	Hansel	Preakness	dobj|<-dobj<-send->prep->to->pobj->|pobj
rel_192	Ent[ent_600]	Ent[ent_739]	Cubs	World Series	nsubj|<-nsubj<-win->dobj->|dobj
rel_118	Ent[ent_600]	Ent[ent_836]	Cubs	World Series	rcmod|->rcmod->win->dobj->|dobj
rel_118	Ent[ent_600]	Ent[ent_836]	Cubs	World Series	nsubj|<-nsubj<-be->prep->in->pobj->|pobj
rel_294	Ent[ent_600]	Ent[ent_836]	Cubs	World Series	dobj|<-dobj<-play->prep->in->pobj->|pobj
rel_294	Ent[ent_600]	Ent[ent_836]	Cubs	World Series	nsubj|<-nsubj<-play->prep->in->pobj->|pobj
rel_353	Ent[ent_773]	Ent[ent_836]	Cubs	World Series	nsubj|<-nsubj<-appear->prep->in->pobj->|pobj
rel_118	Ent[ent_600]	Ent[ent_836]	Cubs	World Series	dobj|<-dobj<-sweep->prep->in->pobj->|pobj
rel_118	Ent[ent_600]	Ent[ent_836]	Cubs	World Series	dobj|<-dobj<-see->prep->in->pobj->|pobj
rel_118	Ent[ent_600]	Ent[ent_836]	Cubs	World Series	poss|<-poss<-appearance->prep->in->pobj->|pobj
rel_118	Ent[ent_600]	Ent[ent_836]	Cubs	World Series	partmod|->partmod->win->pobj->|pobj
rel_118	Ent[ent_739]	Ent[ent_741]	Unbridled	Kentucky Derby	appos|->appos->winner->prep->of->pobj->|pobj
rel_118	Ent[ent_739]	Ent[ent_741]	Unbridled	Kentucky Derby	appos|->appos->winner->nn->|nn
rel_118	Ent[ent_739]	Ent[ent_741]	Unbridled	Kentucky Derby	rcmod|->rcmod->win->dobj->|dobj
rel_118	Ent[ent_739]	Ent[ent_741]	Unbridled	Kentucky Derby	nsubj|<-nsubj<-win->dobj->|dobj
rel_118	Ent[ent_739]	Ent[ent_741]	Unbridled	Kentucky Derby	poss|<-poss<-song->appos->favorite->prep->for->pobj->|pobj
rel_118	Ent[ent_739]	Ent[ent_741]	Unbridled	Kentucky Derby	rcmod|->rcmod->beat->prep->by->pobj->length->prep->in->pobj->|pobj
rel_118	Ent[ent_739]	Ent[ent_741]	Unbridled	Kentucky Derby	poss|<-poss<-song->appos->son->prep->of->pobj->winner->nn->|nn
rel_118	Ent[ent_739]	Ent[ent_741]	Unbridled	Kentucky Derby	dobj|<-dobj<-train->prep->to->pobj->victory->prep->in->pobj->|pobj
rel_118	Ent[ent_739]	Ent[ent_741]	Unbridled	Kentucky Derby	poss|<-poss<-song<-pobj<-out<-prep<-works->appos->|appos
rel_118	Ent[ent_739]	Ent[ent_741]	Unbridled	Kentucky Derby	poss|<-poss<-song<-nsubj<-set->prep->for->pobj->finish->prep->to->pobj->|pobj
rel_118	Ent[ent_732]	Ent[ent_974]	Ullrich	Tour	rcmod|->rcmod->win->dobj->|dobj
rel_118	Ent[ent_732]	Ent[ent_974]	Ullrich	Tour	nsubj|<-nsubj<-win->dobj->|dobj
rel_118	Ent[ent_732]	Ent[ent_974]	Ullrich	Tour	appos|->appos->champion->nn->|nn
rel_118	Ent[ent_732]	Ent[ent_974]	Ullrich	Tour	rcmod|->rcmod->finish->prep->in->pobj->|pobj
rel_118	Ent[ent_732]	Ent[ent_974]	Ullrich	Tour	appos|->appos->winner->prep->of->pobj->|pobj
rel_118	Ent[ent_732]	Ent[ent_974]	Ullrich	Tour	nsubj|<-nsubj<-win->dobj->stage->prep->of->pobj->|pobj
rel_118	Ent[ent_732]	Ent[ent_974]	Ullrich	Tour	nsubj|<-nsubj<-miss->dobj->|dobj
rel_276	Ent[ent_705]	Ent[ent_974]	Ullrich	Tour	nsubj|<-nsubj<-begin->dobj->defense->prep->of->pobj->championship->nn->|nn
rel_118	Ent[ent_732]	Ent[ent_974]	Ullrich	Tour	rcmod|->rcmod->win->dobj->|dobjöden_were_now_resigned_to_fighting_it_out_with_Basso_for_second_place_. lex#,_who_won_the pos#,_WP_VBD_DT rc#in
rel_118	Ent[ent_732]	Ent[ent_974]	Ullrich	Tour	rcmod|->rcmod->runner-up->prep->in->pobj->time->nn->|nn
rel_192	Ent[ent_731]	Ent[ent_982]	Tabasco Cat	Preakness	rcmod|->rcmod->win->dobj->|dobj
rel_197	Ent[ent_731]	Ent[ent_982]	Tabasco Cat	Preakness	appos|->appos->winner->prep->of->pobj->|pobj
rel_192	Ent[ent_731]	Ent[ent_982]	Tabasco Cat	Preakness	nsubj|<-nsubj<-win->dobj->|dobj
rel_197	Ent[ent_731]	Ent[ent_982]	Tabasco Cat	Preakness	pobj|<-pobj<-with<-prep<-begin->prep->in->pobj->|pobj
rel_192	Ent[ent_731]	Ent[ent_982]	Tabasco Cat	Preakness	pobj|<-pobj<-to->dep->winner->prep->of->pobj->|pobj
rel_197	Ent[ent_731]	Ent[ent_982]	Tabasco Cat	Preakness	pobj|<-pobj<-in<-prep<-track->appos->|appos
rel_197	Ent[ent_731]	Ent[ent_982]	Tabasco Cat	Preakness	nsubj|<-nsubj<-follow->dobj->victory->nn->|nn
rel_197	Ent[ent_731]	Ent[ent_982]	Tabasco Cat	Preakness	dobj|<-dobj<-saddle->prep->in->pobj->|pobj
rel_197	Ent[ent_731]	Ent[ent_982]	Tabasco Cat	Preakness	appos|->appos->warrior->rcmod->win->dobj->|dobj
rel_192	Ent[ent_731]	Ent[ent_982]	Tabasco Cat	Preakness	appos|<-appos<-star->rcmod->win->dobj->|dobj
rel_365	Ent[ent_1059]	Ent[ent_1180]	Emanuel Goldman	Paine Webber	appos|->appos->analyst->prep->for->pobj->|pobj
rel_365	Ent[ent_1059]	Ent[ent_1180]	Emanuel Goldman	Paine Webber	appos|->appos->analyst->prep->with->pobj->|pobj
rel_55	Ent[ent_1059]	Ent[ent_1180]	Emanuel Goldman	Paine Webber	appos|->appos->analyst->prep->at->pobj->|pobj
rel_55	Ent[ent_1059]	Ent[ent_1180]	Emanuel Goldman	Paine Webber	appos|->appos->analyst->rcmod->follow->dobj->industry->prep->for->pobj->|pobj
rel_365	Ent[ent_1059]	Ent[ent_1180]	Emanuel Goldman	Paine Webber	appos|->appos->analyst->nn->|nn
rel_365	Ent[ent_1059]	Ent[ent_1180]	Emanuel Goldman	Paine Webber	rcmod|->rcmod->follow->dobj->industry->prep->for->pobj->|pobj
rel_55	Ent[ent_1059]	Ent[ent_1180]	Emanuel Goldman	Paine Webber	appos|->appos->analyst->rcmod->follow->dobj->company->prep->for->pobj->|pobj
rel_365	Ent[ent_1059]	Ent[ent_1180]	Emanuel Goldman	Paine Webber	rcmod|->rcmod->follow->dobj->company->prep->for->pobj->|pobj
rel_365	Ent[ent_1059]	Ent[ent_1180]	Emanuel Goldman	Paine Webber	rcmod|->rcmod->follow->dobj->business->prep->for->pobj->|pobj
rel_365	Ent[ent_1059]	Ent[ent_1180]	Emanuel Goldman	Paine Webber	appos|->appos->director->prep->at->pobj->|pobj
rel_365	Ent[ent_1141]	Ent[ent_734]	Roy D. Burry	Oppenheimer & Company	appos|->appos->analyst->prep->for->pobj->|pobj
rel_55	Ent[ent_973]	Ent[ent_734]	Roy D. Burry	Oppenheimer & Company	appos|->appos->analyst->prep->with->pobj->|pobj
rel_55	Ent[ent_973]	Ent[ent_734]	Roy D. Burry	Oppenheimer & Company	appos|->appos->analyst->prep->at->pobj->|pobj
rel_55	Ent[ent_973]	Ent[ent_734]	Roy D. Burry	Oppenheimer & Company	appos|->appos->analyst->rcmod->follow->dobj->industry->prep->for->pobj->|pobj
rel_55	Ent[ent_973]	Ent[ent_734]	Roy D. Burry	Oppenheimer & Company	appos|->appos->analyst->rcmod->follow->dobj->company->prep->at->pobj->|pobj
rel_55	Ent[ent_973]	Ent[ent_734]	Roy D. Burry	Oppenheimer & Company	appos|<-appos<-analyst->appos->analyst->prep->for->pobj->|pobj
rel_55	Ent[ent_806]	Ent[ent_1285]	Harvey Heinbach	Merrill Lynch	appos|->appos->analyst->prep->for->pobj->|pobj
rel_365	Ent[ent_806]	Ent[ent_1285]	Harvey Heinbach	Merrill Lynch	appos|->appos->analyst->prep->with->pobj->|pobj
rel_365	Ent[ent_806]	Ent[ent_1285]	Harvey Heinbach	Merrill Lynch	appos|->appos->analyst->prep->at->pobj->|pobj
rel_353	Ent[ent_329]	Ent[ent_1265]	Harvey Heinbach	Merrill Lynch	appos|->appos->analyst->poss->|poss
rel_365	Ent[ent_806]	Ent[ent_1285]	Harvey Heinbach	Merrill Lynch	appos|->appos->analyst->nn->|nn
rel_55	Ent[ent_806]	Ent[ent_1009]	Harvey Heinbach	Merrill Lynch & Company	appos|->appos->analyst->prep->for->pobj->|pobj
rel_55	Ent[ent_806]	Ent[ent_1009]	Harvey Heinbach	Merrill Lynch & Company	appos|->appos->analyst->prep->with->pobj->|pobj
rel_55	Ent[ent_806]	Ent[ent_1009]	Harvey Heinbach	Merrill Lynch & Company	appos|->appos->analyst->prep->at->pobj->|pobj
rel_55	Ent[ent_525]	Ent[ent_527]	Donald Fine	Chase Securities	appos|->appos->analyst->prep->at->pobj->|pobj
rel_365	Ent[ent_525]	Ent[ent_527]	Donald Fine	Chase Securities	appos|->appos->analyst->prep->for->pobj->|pobj
rel_365	Ent[ent_525]	Ent[ent_527]	Donald Fine	Chase Securities	appos|->appos->strategist->prep->at->pobj->|pobj
rel_55	Ent[ent_525]	Ent[ent_527]	Donald Fine	Chase Securities	appos|->appos->strategist->prep->for->pobj->|pobj
rel_365	Ent[ent_525]	Ent[ent_527]	Donald Fine	Chase Securities	appos|->appos->economist->prep->at->pobj->|pobj
rel_29	Ent[ent_525]	Ent[ent_527]	Donald Fine	Chase Securities	appos|->appos->analyst->rcmod->say->nsubj->|nsubj
rel_365	Ent[ent_525]	Ent[ent_527]	Donald Fine	Chase Securities	appos|->appos->analyst->prep->with->pobj->|pobj
rel_29	Ent[ent_525]	Ent[ent_527]	Donald Fine	Chase Securities	appos|->appos->analyst->prep->of->pobj->|pobj
rel_365	Ent[ent_805]	Ent[ent_808]	Kevin Murphy	Morgan Stanley	appos|->appos->analyst->prep->for->pobj->|pobj
rel_365	Ent[ent_805]	Ent[ent_808]	Kevin Murphy	Morgan Stanley	appos|->appos->analyst->prep->with->pobj->|pobj
rel_365	Ent[ent_805]	Ent[ent_808]	Kevin Murphy	Morgan Stanley	appos|->appos->analyst->prep->at->pobj->|pobj
rel_365	Ent[ent_805]	Ent[ent_808]	Kevin Murphy	Morgan Stanley	rcmod|->rcmod->follow->dobj->airline->prep->at->pobj->|pobj
rel_365	Ent[ent_733]	Ent[ent_975]	John Morton	Lynch , Jones & Ryan	appos|->appos->analyst->prep->at->pobj->|pobj
rel_365	Ent[ent_733]	Ent[ent_975]	John Morton	Lynch , Jones & Ryan	appos|->appos->analyst->prep->for->pobj->|pobj
rel_365	Ent[ent_733]	Ent[ent_975]	John Morton	Lynch , Jones & Ryan	appos|->appos->analyst->prep->with->pobj->|pobj
rel_365	Ent[ent_733]	Ent[ent_975]	John Morton	Lynch , Jones & Ryan	appos|->appos->analyst->rcmod->specialize->prep->for->pobj->|pobj
rel_365	Ent[ent_733]	Ent[ent_975]	John Morton	Lynch , Jones & Ryan	appos|->appos->analyst->prep->for->pobj->firm->dep->|dep
rel_365	Ent[ent_388]	Ent[ent_783]	Gary D. Black	Sanford C. Bernstein & Company	appos|->appos->analyst->prep->for->pobj->|pobj
rel_365	Ent[ent_388]	Ent[ent_783]	Gary D. Black	Sanford C. Bernstein & Company	appos|->appos->analyst->prep->with->pobj->|pobj
rel_55	Ent[ent_1059]	Ent[ent_1285]	Emanuel Goldman	Merrill Lynch	appos|->appos->analyst->prep->for->pobj->|pobj
rel_55	Ent[ent_1059]	Ent[ent_1285]	Emanuel Goldman	Merrill Lynch	appos|->appos->analyst->prep->at->pobj->|pobj
rel_55	Ent[ent_1059]	Ent[ent_1285]	Emanuel Goldman	Merrill Lynch	appos|->appos->analyst->prep->with->pobj->|pobj
rel_335	Ent[ent_1059]	Ent[ent_145]	Emanuel Goldman	Merrill Lynch	rcmod|->rcmod->track->prep->for->pobj->|pobj
rel_55	Ent[ent_1059]	Ent[ent_1285]	Emanuel Goldman	Merrill Lynch	appos|->appos->watcher->rcmod->be->prep->at->pobj->|pobj
rel_55	Ent[ent_978]	Ent[ent_861]	Scott Merlis	Morgan Stanley & Company	appos|->appos->analyst->prep->for->pobj->|pobj
rel_55	Ent[ent_978]	Ent[ent_861]	Scott Merlis	Morgan Stanley & Company	appos|->appos->analyst->prep->with->pobj->|pobj
rel_55	Ent[ent_978]	Ent[ent_861]	Scott Merlis	Morgan Stanley & Company	appos|->appos->analyst->prep->at->pobj->|pobj
rel_355	Ent[ent_1210]	Ent[ent_189]	Bush	Congress	nsubj|<-nsubj<-ask->dobj->|dobj
rel_355	Ent[ent_1210]	Ent[ent_585]	Bush	Congress	nsubj|<-nsubj<-send->prep->to->pobj->|pobj
rel_355	Ent[ent_1210]	Ent[ent_189]	Bush	Congress	nsubj|<-nsubj<-urge->dobj->|dobj
rel_355	Ent[ent_1212]	Ent[ent_189]	Bush	Congress	nn|<-nn<-administration<-nsubj<-ask->dobj->|dobj
rel_355	Ent[ent_1201]	Ent[ent_601]	Bush	Congress	nsubj|<-nsubj<-tell->dobj->|dobj
rel_73	Ent[ent_1212]	Ent[ent_872]	Bush	Congress	nsubj|<-nsubj<-call->prep->on->pobj->|pobj
rel_185	Ent[ent_1201]	Ent[ent_738]	Bush	Congress	nsubj|<-nsubj<-push->prep->through->pobj->|pobj
rel_73	Ent[ent_1212]	Ent[ent_872]	Bush	Congress	nsubj|<-nsubj<-submit->prep->to->pobj->|pobj
rel_355	Ent[ent_1212]	Ent[ent_189]	Bush	Congress	nsubj|<-nsubj<-send->iobj->|iobj
rel_73	Ent[ent_1212]	Ent[ent_872]	Bush	Congress	poss|<-poss<-address->prep->to->pobj->|pobj
rel_355	Ent[ent_182]	Ent[ent_189]	Mr. Bush	Congress	nsubj|<-nsubj<-ask->dobj->|dobj
rel_355	Ent[ent_182]	Ent[ent_872]	Mr. Bush	Congress	nsubj|<-nsubj<-send->prep->to->pobj->|pobj
rel_355	Ent[ent_182]	Ent[ent_189]	Mr. Bush	Congress	nsubj|<-nsubj<-push->prep->through->pobj->|pobj
rel_355	Ent[ent_1253]	Ent[ent_872]	Mr. Bush	Congress	nsubj|<-nsubj<-urge->dobj->|dobj
rel_355	Ent[ent_182]	Ent[ent_189]	Mr. Bush	Congress	nsubj|<-nsubj<-tell->dobj->|dobj
rel_355	Ent[ent_1253]	Ent[ent_189]	Mr. Bush	Congress	nsubj|<-nsubj<-call->prep->on->pobj->|pobj
rel_355	Ent[ent_1253]	Ent[ent_872]	Mr. Bush	Congress	nsubj|<-nsubj<-submit->prep->to->pobj->|pobj
rel_355	Ent[ent_182]	Ent[ent_189]	Mr. Bush	Congress	poss|<-poss<-ally->prep->in->pobj->|pobj
rel_355	Ent[ent_182]	Ent[ent_189]	Mr. Bush	Congress	nsubj|<-nsubj<-persuade->dobj->|dobj
rel_355	Ent[ent_1253]	Ent[ent_189]	Mr. Bush	Congress	nsubj|<-nsubj<-send->iobj->|iobj
rel_399	Ent[ent_873]	Ent[ent_189]	White House	Congress	nsubj|<-nsubj<-ask->dobj->|dobj
rel_399	Ent[ent_873]	Ent[ent_189]	White House	Congress	nsubj|<-nsubj<-send->prep->to->pobj->|pobj
rel_322	Ent[ent_227]	Ent[ent_738]	White House	Congress	nsubj|<-nsubj<-urge->dobj->|dobj
rel_117	Ent[ent_586]	Ent[ent_872]	White House	Congress	nn|<-nn<-liaison->prep->to->pobj->|pobj
rel_355	Ent[ent_227]	Ent[ent_189]	White House	Congress	nsubj|<-nsubj<-tell->dobj->|dobj
rel_355	Ent[ent_227]	Ent[ent_189]	White House	Congress	nsubj|<-nsubj<-work->prep->with->pobj->|pobj
rel_355	Ent[ent_227]	Ent[ent_189]	White House	Congress	nsubj|<-nsubj<-submit->prep->to->pobj->|pobj
rel_117	Ent[ent_586]	Ent[ent_872]	White House	Congress	nsubj|<-nsubj<-notify->dobj->|dobj
rel_355	Ent[ent_227]	Ent[ent_189]	White House	Congress	nn|<-nn<-liaison->prep->with->pobj->|pobj
rel_355	Ent[ent_227]	Ent[ent_189]	White House	Congress	pobj|<-pobj<-at<-prep<-meet->prep->with->pobj->leader->amod->|amod
rel_355	Ent[ent_1237]	Ent[ent_99]	United States	Iran	nsubj|<-nsubj<-sell->prep->to->pobj->|pobj
rel_355	Ent[ent_1237]	Ent[ent_99]	United States	Iran	nn|<-nn<-arm<-pobj<-of<-prep<-sale->prep->to->pobj->|pobj
rel_9	Ent[ent_537]	Ent[ent_99]	United States	Iran	nsubj|<-nsubj<-accuse->dobj->|dobj
rel_355	Ent[ent_1237]	Ent[ent_99]	United States	Iran	nsubj|<-nsubj<-send->prep->to->pobj->|pobj
rel_294	Ent[ent_1277]	Ent[ent_99]	United States	Iran	nn|<-nn<-weapon<-pobj<-of<-prep<-sale->prep->to->pobj->|pobj
rel_355	Ent[ent_1237]	Ent[ent_99]	United States	Iran	nsubj|<-nsubj<-have->prep->with->pobj->|pobj
rel_294	Ent[ent_1277]	Ent[ent_99]	United States	Iran	nn|<-nn<-policy->prep->toward->pobj->|pobj
rel_9	Ent[ent_537]	Ent[ent_99]	United States	Iran	nsubj|<-nsubj<-warn->dobj->|dobj
rel_355	Ent[ent_1237]	Ent[ent_99]	United States	Iran	nn|<-nn<-sale->prep->to->pobj->|pobj
rel_9	Ent[ent_537]	Ent[ent_99]	United States	Iran	nsubj|<-nsubj<-sever->prep->with->pobj->|pobj
rel_185	Ent[ent_1231]	Ent[ent_189]	Clinton	Congress	nsubj|<-nsubj<-ask->dobj->|dobj
rel_355	Ent[ent_828]	Ent[ent_189]	Clinton	Congress	nsubj|<-nsubj<-urge->dobj->|dobj
rel_355	Ent[ent_1231]	Ent[ent_872]	Clinton	Congress	nsubj|<-nsubj<-send->prep->to->pobj->|pobj
rel_355	Ent[ent_828]	Ent[ent_189]	Clinton	Congress	nsubj|<-nsubj<-persuade->dobj->|dobj
rel_355	Ent[ent_828]	Ent[ent_601]	Clinton	Congress	nsubj|<-nsubj<-call->prep->on->pobj->|pobj
rel_355	Ent[ent_828]	Ent[ent_189]	Clinton	Congress	nsubj|<-nsubj<-tell->dobj->|dobj
rel_355	Ent[ent_828]	Ent[ent_601]	Clinton	Congress	nsubj|<-nsubj<-send->iobj->|iobj
rel_355	Ent[ent_1231]	Ent[ent_872]	Clinton	Congress	nsubj|<-nsubj<-submit->prep->to->pobj->|pobj
rel_185	Ent[ent_1231]	Ent[ent_189]	Clinton	Congress	nsubj|<-nsubj<-push->prep->through->pobj->|pobj
rel_355	Ent[ent_828]	Ent[ent_189]	Clinton	Congress	nsubj|<-nsubj<-challenge->dobj->|dobj
rel_355	Ent[ent_1280]	Ent[ent_820]	United States	Israel	nn|<-nn<-support->prep->for->pobj->|pobj
rel_355	Ent[ent_537]	Ent[ent_820]	United States	Israel	nsubj|<-nsubj<-urge->dobj->|dobj
rel_355	Ent[ent_1205]	Ent[ent_820]	United States	Israel	nn|<-nn<-ambassador->prep->to->pobj->|pobj
rel_399	Ent[ent_1237]	Ent[ent_820]	United States	Israel	nsubj|<-nsubj<-ask->dobj->|dobj
rel_355	Ent[ent_537]	Ent[ent_820]	United States	Israel	nsubj|<-nsubj<-give->iobj->|iobj
rel_355	Ent[ent_537]	Ent[ent_820]	United States	Israel	poss|<-poss<-support->prep->of->pobj->|pobj
rel_355	Ent[ent_1280]	Ent[ent_820]	United States	Israel	nsubj|<-nsubj<-send->prep->to->pobj->|pobj
rel_355	Ent[ent_1280]	Ent[ent_820]	United States	Israel	nsubj|<-nsubj<-press->dobj->|dobj
rel_399	Ent[ent_1237]	Ent[ent_820]	United States	Israel	dobj|<-dobj<-punish->prep->for->pobj->support->prep->of->pobj->|pobj
rel_43	Ent[ent_537]	Ent[ent_820]	United States	Israel	nsubj|<-nsubj<-support->dobj->|dobj
rel_390	Ent[ent_1239]	Ent[ent_735]	Yankees	Class AAA Columbus	nsubj|<-nsubj<-option->prep->to->pobj->|pobj
rel_390	Ent[ent_1239]	Ent[ent_735]	Yankees	Class AAA Columbus	nsubj|<-nsubj<-recall->prep->from->pobj->|pobj
rel_27	Ent[ent_1004]	Ent[ent_622]	Yankees	Class AAA Columbus	nsubj|<-nsubj<-promote->prep->from->pobj->|pobj
rel_192	Ent[ent_1004]	Ent[ent_735]	Yankees	Class AAA Columbus	nsubj|<-nsubj<-send->prep->to->pobj->|pobj
rel_192	Ent[ent_1004]	Ent[ent_735]	Yankees	Class AAA Columbus	poss|<-poss<-team->nn->|nn
rel_390	Ent[ent_1239]	Ent[ent_735]	Yankees	Class AAA Columbus	nsubj|<-nsubj<-call->prep->from->pobj->|pobj
rel_294	Ent[ent_1239]	Ent[ent_622]	Yankees	Class AAA Columbus	nsubj|<-nsubj<-summon->prep->from->pobj->|pobj
rel_390	Ent[ent_1239]	Ent[ent_735]	Yankees	Class AAA Columbus	dobj|<-dobj<-join->prep->from->pobj->|pobj
rel_390	Ent[ent_1239]	Ent[ent_735]	Yankees	Class AAA Columbus	poss|<-poss<-club->nn->|nn
rel_390	Ent[ent_1239]	Ent[ent_735]	Yankees	Class AAA Columbus	pobj|<-pobj<-inside<-prep<-recall->prep->from->pobj->|pobj
rel_355	Ent[ent_651]	Ent[ent_189]	Mr. Clinton	Congress	nsubj|<-nsubj<-ask->dobj->|dobj
rel_355	Ent[ent_827]	Ent[ent_601]	Mr. Clinton	Congress	nsubj|<-nsubj<-urge->dobj->|dobj
rel_355	Ent[ent_651]	Ent[ent_189]	Mr. Clinton	Congress	nsubj|<-nsubj<-send->prep->to->pobj->|pobj
rel_355	Ent[ent_651]	Ent[ent_189]	Mr. Clinton	Congress	nsubj|<-nsubj<-push->prep->through->pobj->|pobj
rel_355	Ent[ent_651]	Ent[ent_189]	Mr. Clinton	Congress	nsubj|<-nsubj<-persuade->dobj->|dobj
rel_355	Ent[ent_651]	Ent[ent_189]	Mr. Clinton	Congress	nsubj|<-nsubj<-call->prep->on->pobj->|pobj
rel_355	Ent[ent_827]	Ent[ent_601]	Mr. Clinton	Congress	nsubj|<-nsubj<-work->prep->with->pobj->|pobj
rel_355	Ent[ent_827]	Ent[ent_601]	Mr. Clinton	Congress	nsubj|<-nsubj<-tell->dobj->|dobj
rel_355	Ent[ent_651]	Ent[ent_189]	Mr. Clinton	Congress	nsubj|<-nsubj<-submit->prep->to->pobj->|pobj
rel_355	Ent[ent_827]	Ent[ent_601]	Mr. Clinton	Congress	nsubj|<-nsubj<-send->iobj->|iobj
rel_114	Ent[ent_96]	Ent[ent_977]	India	Sri Lanka	nsubj|<-nsubj<-send->prep->to->pobj->|pobj
rel_180	Ent[ent_1202]	Ent[ent_977]	India	Sri Lanka	poss|<-poss<-minister<-nsubj<-turn->dobj->restoration->prep->of->pobj->relation->prep->with->pobj->|pobj
rel_114	Ent[ent_96]	Ent[ent_977]	India	Sri Lanka	poss|<-poss<-involvement->prep->in->pobj->politics->prep->of->pobj->|pobj
rel_180	Ent[ent_1202]	Ent[ent_977]	India	Sri Lanka	poss|<-poss<-involvement->prep->in->pobj->|pobj
rel_114	Ent[ent_96]	Ent[ent_977]	India	Sri Lanka	poss|<-poss<-ambassador->prep->in->pobj->|pobj
rel_114	Ent[ent_96]	Ent[ent_977]	India	Sri Lanka	nsubj|<-nsubj<-withdraw->dobj->troops->prep->from->pobj->|pobj
rel_114	Ent[ent_96]	Ent[ent_977]	India	Sri Lanka	nsubj|<-nsubj<-withdraw->dobj->last->prep->from->pobj->|pobj
rel_180	Ent[ent_1202]	Ent[ent_977]	India	Sri Lanka	nsubj|<-nsubj<-propose->dobj->talk->prep->with->pobj->|pobj
rel_114	Ent[ent_96]	Ent[ent_977]	India	Sri Lanka	nsubj|<-nsubj<-make->prep->to->pobj->guerrilla->prep->in->pobj->|pobj
rel_180	Ent[ent_1202]	Ent[ent_977]	India	Sri Lanka	nsubj|<-nsubj<-lend->dobj->support->prep->to->pobj->separatist->prep->in->pobj->|pobj
rel_355	Ent[ent_189]	Ent[ent_586]	Congress	White House	nsubj|<-nsubj<-send->prep->to->pobj->|pobj
rel_319	Ent[ent_601]	Ent[ent_586]	Congress	White House	pobj|<-pobj<-to<-prep<-submit<-rcmod<-report->prep->in->pobj->sign->rcmod->ready->nsubj->|nsubj
rel_355	Ent[ent_189]	Ent[ent_586]	Congress	White House	pobj|<-pobj<-to<-prep<-release->prep->by->pobj->official->nn->|nn
rel_47	Ent[ent_189]	Ent[ent_229]	Congress	White House	pobj|<-pobj<-on<-prep<-pressure<-dep<-raising->appos->|appos
rel_355	Ent[ent_189]	Ent[ent_586]	Congress	White House	pobj|<-pobj<-of<-prep<-member<-pobj<-with<-prep<-meet->prep->at->pobj->|pobj
rel_355	Ent[ent_189]	Ent[ent_586]	Congress	White House	pobj|<-pobj<-of<-prep<-member<-nsubj<-meet->prep->at->pobj->|pobj
rel_47	Ent[ent_189]	Ent[ent_229]	Congress	White House	pobj|<-pobj<-of<-prep<-member<-dobj<-summon->prep->to->pobj->|pobj
rel_355	Ent[ent_189]	Ent[ent_586]	Congress	White House	pobj|<-pobj<-of<-prep<-leader<-nsubj<-admonish->dobj->|dobj
rel_144	Ent[ent_189]	Ent[ent_1043]	Congress	White House	pobj|<-pobj<-in<-prep<-leadership<-nsubj<-step->prep->in->pobj->argument->prep->with->pobj->|pobj
rel_142	Ent[ent_872]	Ent[ent_873]	Congress	White House	pobj|<-pobj<-in<-prep<-conservative<-pobj<-from<-prep<-pressure<-pobj<-under<-prep<-choose->nsubj->|nsubj
rel_192	Ent[ent_738]	Ent[ent_737]	Lennox Lewis	World Boxing Council	appos|->appos->champion->nn->|nn
rel_192	Ent[ent_738]	Ent[ent_737]	Lennox Lewis	World Boxing Council	rcmod|->rcmod->hold->dobj->title->nn->|nn
rel_192	Ent[ent_738]	Ent[ent_737]	Lennox Lewis	World Boxing Council	nsubj|<-nsubj<-retain->dobj->title->nn->|nn
rel_305	Ent[ent_738]	Ent[ent_737]	Lennox Lewis	World Boxing Council	rcmod|->rcmod->have->prep->as->pobj->champion->nn->|nn
rel_305	Ent[ent_738]	Ent[ent_737]	Lennox Lewis	World Boxing Council	nsubj|<-nsubj<-defend->dobj->title->nn->|nn
rel_305	Ent[ent_738]	Ent[ent_737]	Lennox Lewis	World Boxing Council	dobj|<-dobj<-challenge->prep->for->pobj->championship->nn->|nn
rel_192	Ent[ent_738]	Ent[ent_737]	Lennox Lewis	World Boxing Council	appos|->appos->champion->prep->of->pobj->|pobj
rel_305	Ent[ent_738]	Ent[ent_737]	Lennox Lewis	World Boxing Council	rcmod|->rcmod->promote->prep->for->pobj->crown->nn->|nn
rel_192	Ent[ent_738]	Ent[ent_737]	Lennox Lewis	World Boxing Council	rcmod|->rcmod->hold->dobj->|dobj
rel_305	Ent[ent_738]	Ent[ent_737]	Lennox Lewis	World Boxing Council	rcmod|->rcmod->hold->dobj->crown->nn->|nn
rel_118	Ent[ent_979]	Ent[ent_990]	Roger Kingdom	Olympic	appos|->appos->champion->nn->|nn
rel_118	Ent[ent_979]	Ent[ent_990]	Roger Kingdom	Olympic	appos|->appos->medalist->nn->|nn
rel_299	Ent[ent_292]	Ent[ent_990]	Roger Kingdom	Olympic	rcmod|->rcmod->champion->nsubj->hurdle->nn->|nn
rel_0	Ent[ent_979]	Ent[ent_990]	Roger Kingdom	Olympic	nsubj|<-nsubj<-make->dobj->team->nn->|nn
rel_118	Ent[ent_979]	Ent[ent_990]	Roger Kingdom	Olympic	rcmod|->rcmod->beat->prep->for->pobj->medal->nn->|nn
rel_118	Ent[ent_979]	Ent[ent_990]	Roger Kingdom	Olympic	nsubj|<-nsubj<-champion->nn->|nn
rel_118	Ent[ent_979]	Ent[ent_990]	Roger Kingdom	Olympic	nsubj|<-nsubj<-break->dobj->record->nn->|nn
rel_118	Ent[ent_979]	Ent[ent_990]	Roger Kingdom	Olympic	dobj|<-dobj<-defeat->prep->in->pobj->hurdle->prep->at->pobj->|pobj
rel_0	Ent[ent_979]	Ent[ent_990]	Roger Kingdom	Olympic	appos|->appos->champion->prep->of->pobj->|pobj
rel_118	Ent[ent_750]	Ent[ent_992]	Curtis Strange	United States Open	appos|->appos->champion->nn->|nn
rel_118	Ent[ent_750]	Ent[ent_992]	Curtis Strange	United States Open	nsubj|<-nsubj<-win->dobj->|dobj
rel_118	Ent[ent_750]	Ent[ent_992]	Curtis Strange	United States Open	appos|->appos->winner->prep->of->pobj->|pobj
rel_118	Ent[ent_750]	Ent[ent_992]	Curtis Strange	United States Open	rcmod|->rcmod->win->dobj->|dobj
rel_118	Ent[ent_750]	Ent[ent_992]	Curtis Strange	United States Open	rcmod|->rcmod->win->dobj->championship->nn->|nn
rel_118	Ent[ent_750]	Ent[ent_992]	Curtis Strange	United States Open	nsubjpass|<-nsubjpass<-present->prep->with->pobj->trophy->nn->|nn
rel_58	Ent[ent_750]	Ent[ent_992]	Curtis Strange	United States Open	nsubj|<-nsubj<-single->prep->as->pobj->key->prep->to->pobj->victory->prep->in->pobj->|pobj
rel_58	Ent[ent_750]	Ent[ent_992]	Curtis Strange	United States Open	nsubj|<-nsubj<-shoot->prep->in->pobj->playoff->prep->at->pobj->|pobj
rel_58	Ent[ent_750]	Ent[ent_992]	Curtis Strange	United States Open	nsubj|<-nsubj<-make->dobj->championship->nn->|nn
rel_58	Ent[ent_750]	Ent[ent_992]	Curtis Strange	United States Open	nsubj|<-nsubj<-come->prep->at->pobj->hole->prep->of->pobj->|pobj
rel_192	Ent[ent_991]	Ent[ent_510]	Becker	Wimbledon	appos|->appos->champion->nn->|nn
rel_192	Ent[ent_991]	Ent[ent_510]	Becker	Wimbledon	nsubj|<-nsubj<-win->dobj->|dobj
rel_192	Ent[ent_991]	Ent[ent_510]	Becker	Wimbledon	rcmod|->rcmod->lose->prep->in->pobj->final->dep->|dep
rel_192	Ent[ent_991]	Ent[ent_510]	Becker	Wimbledon	nsubj|<-nsubj<-champion->nn->|nn
rel_307	Ent[ent_991]	Ent[ent_510]	Becker	Wimbledon	tmod|<-tmod<-struggle->prep->in->pobj->match->prep->since->pobj->|pobj
rel_307	Ent[ent_991]	Ent[ent_510]	Becker	Wimbledon	tmod|<-tmod<-draw->partmod->seek->prep->at->pobj->|pobj
rel_307	Ent[ent_991]	Ent[ent_510]	Becker	Wimbledon	poss|<-poss<-parade->nn->|nn
rel_192	Ent[ent_991]	Ent[ent_510]	Becker	Wimbledon	poss|<-poss<-absence<-dobj<-understand->prep->during->pobj->remainder->prep->of->pobj->|pobj
rel_307	Ent[ent_991]	Ent[ent_510]	Becker	Wimbledon	pobj|<-pobj<-in<-prep<-provide->nsubj->|nsubj
rel_307	Ent[ent_991]	Ent[ent_510]	Becker	Wimbledon	nsubj|<-nsubj<-start->dobj->preparation->prep->for->pobj->|pobj
rel_192	Ent[ent_752]	Ent[ent_510]	Pat Cash	Wimbledon	appos|->appos->champion->nn->|nn
rel_192	Ent[ent_752]	Ent[ent_510]	Pat Cash	Wimbledon	nsubj|<-nsubj<-win->dobj->|dobj
rel_192	Ent[ent_752]	Ent[ent_510]	Pat Cash	Wimbledon	appos|->appos->winner->prep->at->pobj->|pobj
rel_192	Ent[ent_752]	Ent[ent_510]	Pat Cash	Wimbledon	rcmod|->rcmod->win->prep->at->pobj->|pobj
rel_192	Ent[ent_752]	Ent[ent_510]	Pat Cash	Wimbledon	rcmod|->rcmod->win->dobj->|dobj
rel_192	Ent[ent_752]	Ent[ent_510]	Pat Cash	Wimbledon	rcmod|->rcmod->rank->nsubj->champion->nn->|nn
rel_192	Ent[ent_752]	Ent[ent_510]	Pat Cash	Wimbledon	pobj|<-pobj<-to<-prep<-runner-up->prep->at->pobj->|pobj
rel_192	Ent[ent_752]	Ent[ent_510]	Pat Cash	Wimbledon	pobj|<-pobj<-to<-prep<-lose->prep->in->pobj->|pobj
rel_192	Ent[ent_752]	Ent[ent_510]	Pat Cash	Wimbledon	pobj|<-pobj<-to<-prep<-expire->prep->in->pobj->semifinal->nn->|nn
rel_192	Ent[ent_752]	Ent[ent_510]	Pat Cash	Wimbledon	nsubj|<-nsubj<-continue->dobj->warm-up->nn->|nn
rel_118	Ent[ent_994]	Ent[ent_737]	Oscar De La Hoya	World Boxing Council	appos|->appos->champion->nn->|nn
rel_118	Ent[ent_994]	Ent[ent_737]	Oscar De La Hoya	World Boxing Council	poss|<-poss<-defense->prep->of->pobj->title->nn->|nn
rel_118	Ent[ent_994]	Ent[ent_737]	Oscar De La Hoya	World Boxing Council	nsubj|<-nsubj<-retain->dobj->championship->nn->|nn
rel_118	Ent[ent_994]	Ent[ent_737]	Oscar De La Hoya	World Boxing Council	prep|->prep->for->pobj->title->nn->|nn
rel_118	Ent[ent_994]	Ent[ent_737]	Oscar De La Hoya	World Boxing Council	poss|<-poss<-victory->prep->during->pobj->bout->nn->|nn
rel_118	Ent[ent_994]	Ent[ent_737]	Oscar De La Hoya	World Boxing Council	poss|<-poss<-defense->nn->|nn
rel_118	Ent[ent_994]	Ent[ent_737]	Oscar De La Hoya	World Boxing Council	pobj|<-pobj<-at<-prep<-aim<-partmod<-game->rcmod->take->dobj->belt->nn->|nn
rel_118	Ent[ent_994]	Ent[ent_737]	Oscar De La Hoya	World Boxing Council	nsubj|<-nsubj<-win->dobj->title->nn->|nn
rel_118	Ent[ent_994]	Ent[ent_737]	Oscar De La Hoya	World Boxing Council	nsubj|<-nsubj<-win->dobj->championship->nn->|nn
rel_118	Ent[ent_994]	Ent[ent_737]	Oscar De La Hoya	World Boxing Council	nsubj|<-nsubj<-retain->dobj->title->nn->|nn
rel_197	Ent[ent_751]	Ent[ent_990]	Mike Marsh	Olympic	appos|->appos->champion->nn->|nn
rel_197	Ent[ent_751]	Ent[ent_990]	Mike Marsh	Olympic	rcmod|->rcmod->set->dobj->record->nn->|nn
rel_197	Ent[ent_751]	Ent[ent_990]	Mike Marsh	Olympic	dep|<-dep<-champion->nn->|nn
rel_197	Ent[ent_751]	Ent[ent_990]	Mike Marsh	Olympic	dep|<-dep<-champion->appos->champion->nn->|nn
rel_197	Ent[ent_751]	Ent[ent_990]	Mike Marsh	Olympic	appos|<-appos<-teammate->appos->champion->nn->|nn
rel_197	Ent[ent_751]	Ent[ent_990]	Mike Marsh	Olympic	appos|->appos->medalist->nn->|nn
rel_118	Ent[ent_993]	Ent[ent_509]	Michael Nunn	International Boxing Federation	appos|->appos->champion->nn->|nn
rel_118	Ent[ent_993]	Ent[ent_509]	Michael Nunn	International Boxing Federation	poss|<-poss<-defense->prep->of->pobj->title->nn->|nn
rel_118	Ent[ent_993]	Ent[ent_509]	Michael Nunn	International Boxing Federation	pobj|<-pobj<-by<-prep<-suffer->prep->force->dobj->postponement->prep->of->pobj->defense->nn->|nn
rel_118	Ent[ent_993]	Ent[ent_509]	Michael Nunn	International Boxing Federation	nsubj|<-nsubj<-retain->dobj->title->nn->|nn
rel_118	Ent[ent_993]	Ent[ent_509]	Michael Nunn	International Boxing Federation	prep|->prep->for->pobj->title->nn->|nn
rel_118	Ent[ent_993]	Ent[ent_509]	Michael Nunn	International Boxing Federation	pobj|<-pobj<-in<-prep<-nunn-curry->appos->champion->nn->|nn
rel_118	Ent[ent_993]	Ent[ent_509]	Michael Nunn	International Boxing Federation	pobj|<-pobj<-before<-prep<-lose->dobj->title->nn->|nn
rel_118	Ent[ent_993]	Ent[ent_509]	Michael Nunn	International Boxing Federation	dobj|<-dobj<-fight->prep->for->pobj->title->nn->|nn
rel_118	Ent[ent_993]	Ent[ent_509]	Michael Nunn	International Boxing Federation	appos|<-appos<-fighter<-nsubj<-retain->dobj->title->nn->|nn
rel_118	Ent[ent_494]	Ent[ent_737]	Lewis	World Boxing Council	appos|->appos->champion->nn->|nn
rel_118	Ent[ent_494]	Ent[ent_737]	Lewis	World Boxing Council	rcmod|->rcmod->hold->dobj->title->nn->|nn
rel_325	Ent[ent_1029]	Ent[ent_737]	Lewis	World Boxing Council	nsubj|<-nsubj<-hold->dobj->title->nn->|nn
rel_399	Ent[ent_508]	Ent[ent_737]	Lewis	World Boxing Council	poss|<-poss<-title->nn->|nn
rel_118	Ent[ent_494]	Ent[ent_737]	Lewis	World Boxing Council	poss|<-poss<-crown->nn->|nn
rel_325	Ent[ent_1029]	Ent[ent_737]	Lewis	World Boxing Council	nsubj|<-nsubj<-retain->dobj->title->nn->|nn
rel_399	Ent[ent_508]	Ent[ent_737]	Lewis	World Boxing Council	appos|->appos->king->nn->|nn
rel_325	Ent[ent_1029]	Ent[ent_737]	Lewis	World Boxing Council	rcmod|->rcmod->hold->dobj->crown->nn->|nn
rel_399	Ent[ent_508]	Ent[ent_737]	Lewis	World Boxing Council	rcmod|->rcmod->have->prep->as->pobj->champion->nn->|nn
rel_118	Ent[ent_494]	Ent[ent_737]	Lewis	World Boxing Council	nsubj|<-nsubj<-hold->dobj->version->nn->|nn
rel_192	Ent[ent_110]	Ent[ent_851]	Devils	Stanley Cup	nsubj|<-nsubj<-win->dobj->|dobj
rel_118	Ent[ent_1259]	Ent[ent_851]	Devils	Stanley Cup	appos|->appos->champion->nn->|nn
rel_118	Ent[ent_1256]	Ent[ent_851]	Devils	Stanley Cup	dobj|<-dobj<-lead->prep->to->pobj->|pobj
rel_118	Ent[ent_1259]	Ent[ent_851]	Devils	Stanley Cup	rcmod|->rcmod->win->dobj->|dobj
rel_134	Ent[ent_1282]	Ent[ent_851]	Devils	Stanley Cup	nsubj|<-nsubj<-raise->dobj->banner->nn->|nn
rel_192	Ent[ent_110]	Ent[ent_851]	Devils	Stanley Cup	nsubj|<-nsubj<-capture->dobj->|dobj
rel_118	Ent[ent_1256]	Ent[ent_851]	Devils	Stanley Cup	poss|<-poss<-team->nn->|nn
rel_134	Ent[ent_1282]	Ent[ent_851]	Devils	Stanley Cup	dobj|<-dobj<-coach->prep->to->pobj->championship->nn->|nn
rel_192	Ent[ent_110]	Ent[ent_851]	Devils	Stanley Cup	poss|<-poss<-victory->nn->|nn
rel_118	Ent[ent_1282]	Ent[ent_510]	Devils	Stanley Cup	nsubj|<-nsubj<-champion->nn->|nn
rel_40	Ent[ent_30]	Ent[ent_743]	Thomas R. Suozzi	Nassau County	appos|->appos->executive->nn->|nn
rel_28	Ent[ent_501]	Ent[ent_743]	Thomas R. Suozzi	Nassau County	appos|<-appos<-rival->appos->executive->nn->|nn
rel_28	Ent[ent_501]	Ent[ent_743]	Thomas R. Suozzi	Nassau County	prep|->prep->for->pobj->executive->nn->|nn
rel_28	Ent[ent_501]	Ent[ent_743]	Thomas R. Suozzi	Nassau County	nsubj|<-nsubj<-take->prep->as->pobj->executive->nn->|nn
rel_28	Ent[ent_501]	Ent[ent_743]	Thomas R. Suozzi	Nassau County	nsubj|<-nsubj<-executive->nn->|nn
rel_28	Ent[ent_501]	Ent[ent_743]	Thomas R. Suozzi	Nassau County	appos|<-appos<-opponent->appos->executive->nn->|nn
rel_28	Ent[ent_501]	Ent[ent_743]	Thomas R. Suozzi	Nassau County	appos|->appos->executive-elect->nn->|nn
rel_40	Ent[ent_30]	Ent[ent_743]	Thomas R. Suozzi	Nassau County	appos|<-appos<-candidate->appos->executive->nn->|nn
rel_28	Ent[ent_501]	Ent[ent_743]	Thomas R. Suozzi	Nassau County	rcmod|->rcmod->win->dobj->nomination->prep->for->pobj->executive->nn->|nn
rel_28	Ent[ent_501]	Ent[ent_743]	Thomas R. Suozzi	Nassau County	rcmod|->rcmod->run->prep->for->pobj->executive->nn->|nn
rel_28	Ent[ent_985]	Ent[ent_500]	Steve Levy	Suffolk County	appos|->appos->executive->nn->|nn
rel_28	Ent[ent_985]	Ent[ent_500]	Steve Levy	Suffolk County	nsubj|<-nsubj<-executive->nn->|nn
rel_28	Ent[ent_985]	Ent[ent_500]	Steve Levy	Suffolk County	appos|->appos->executive->prep->of->pobj->|pobj
rel_28	Ent[ent_985]	Ent[ent_500]	Steve Levy	Suffolk County	appos|->appos->executive->prep->in->pobj->|pobj
rel_28	Ent[ent_985]	Ent[ent_500]	Steve Levy	Suffolk County	prep|->prep->for->pobj->executive->nn->|nn
rel_28	Ent[ent_985]	Ent[ent_500]	Steve Levy	Suffolk County	appos|->appos->legislator->nn->|nn
rel_28	Ent[ent_985]	Ent[ent_500]	Steve Levy	Suffolk County	appos|->appos->executive->poss->|poss
rel_28	Ent[ent_985]	Ent[ent_500]	Steve Levy	Suffolk County	rcmod|->rcmod->win->dobj->nomination->prep->for->pobj->|pobj
rel_28	Ent[ent_985]	Ent[ent_500]	Steve Levy	Suffolk County	poss|<-poss<-rating->prep->as->pobj->executive->nn->|nn
rel_28	Ent[ent_985]	Ent[ent_500]	Steve Levy	Suffolk County	nsubjpass|<-nsubjpass<-swear->prep->in->dep->as->pobj->executive->nn->|nn
rel_28	Ent[ent_742]	Ent[ent_984]	Andrew J. Spano	Westchester County	appos|->appos->executive->nn->|nn
rel_294	Ent[ent_513]	Ent[ent_984]	Andrew J. Spano	Westchester County	appos|->appos->chairman->prep->of->pobj->|pobj
rel_28	Ent[ent_742]	Ent[ent_984]	Andrew J. Spano	Westchester County	rcmod|->rcmod->be->nsubj->place->prep->in->pobj->|pobj
rel_28	Ent[ent_742]	Ent[ent_984]	Andrew J. Spano	Westchester County	poss|<-poss<-week<-tmod<-begin->prep->as->pobj->executive-elect->nn->|nn
rel_28	Ent[ent_742]	Ent[ent_984]	Andrew J. Spano	Westchester County	nsubj|<-nsubj<-meet->prep->with->pobj->|pobj
rel_204	Ent[ent_742]	Ent[ent_984]	Andrew J. Spano	Westchester County	nsubj|<-nsubj<-meet->prep->at->pobj->|pobj
rel_28	Ent[ent_742]	Ent[ent_984]	Andrew J. Spano	Westchester County	nsubj|<-nsubj<-executive->nn->|nn
rel_204	Ent[ent_742]	Ent[ent_984]	Andrew J. Spano	Westchester County	nsubj|<-nsubj<-elect->dobj->|dobj
rel_204	Ent[ent_742]	Ent[ent_984]	Andrew J. Spano	Westchester County	appos|<-appos<-speech->appos->|appos
rel_28	Ent[ent_742]	Ent[ent_984]	Andrew J. Spano	Westchester County	appos|<-appos<-executive<-nsubj<-introduce->dobj->legislation->rcmod->impose->prep->on->pobj->co-ops->prep->in->pobj->|pobj
rel_40	Ent[ent_503]	Ent[ent_745]	James W. Treffinger	Essex County	appos|->appos->executive->nn->|nn
rel_40	Ent[ent_503]	Ent[ent_745]	James W. Treffinger	Essex County	nsubj|<-nsubj<-leave->dep->agree->nsubj->executive->nn->|nn
rel_40	Ent[ent_503]	Ent[ent_745]	James W. Treffinger	Essex County	dobj|<-dobj<-unseat->prep->as->pobj->executive->nn->|nn
rel_108	Ent[ent_503]	Ent[ent_176]	James W. Treffinger	Essex County	appos|->appos->executive->prep->in->pobj->|pobj
rel_40	Ent[ent_503]	Ent[ent_745]	James W. Treffinger	Essex County	appos|<-appos<-candidate->appos->executive->nn->|nn
rel_28	Ent[ent_342]	Ent[ent_1250]	Jeffrey K. Skilling	Enron	appos|->appos->executive->prep->of->pobj->|pobj
rel_28	Ent[ent_342]	Ent[ent_1250]	Jeffrey K. Skilling	Enron	appos|->appos->executive->nn->|nn
rel_28	Ent[ent_342]	Ent[ent_1250]	Jeffrey K. Skilling	Enron	appos|->appos->executive->poss->|poss
rel_92	Ent[ent_342]	Ent[ent_1250]	Jeffrey K. Skilling	Enron	appos|->appos->president->poss->|poss
rel_92	Ent[ent_342]	Ent[ent_1250]	Jeffrey K. Skilling	Enron	dep|->dep->president->poss->|poss
rel_330	Ent[ent_342]	Ent[ent_1250]	Jeffrey K. Skilling	Enron	appos|->appos->president->prep->of->pobj->|pobj
rel_28	Ent[ent_342]	Ent[ent_1250]	Jeffrey K. Skilling	Enron	rcmod|->rcmod->succeed->prep->as->pobj->executive->poss->|poss
rel_330	Ent[ent_342]	Ent[ent_1250]	Jeffrey K. Skilling	Enron	rcmod|->rcmod->executive->poss->|poss
rel_28	Ent[ent_342]	Ent[ent_1250]	Jeffrey K. Skilling	Enron	dep|->dep->executive->poss->|poss
rel_28	Ent[ent_342]	Ent[ent_1250]	Jeffrey K. Skilling	Enron	appos|<-appos<-co-defendant->appos->executive->nn->|nn
rel_28	Ent[ent_501]	Ent[ent_987]	Thomas R. Suozzi	Nassau	appos|->appos->executive->nn->|nn
rel_28	Ent[ent_501]	Ent[ent_987]	Thomas R. Suozzi	Nassau	appos|->appos->executive->poss->|poss
rel_28	Ent[ent_501]	Ent[ent_987]	Thomas R. Suozzi	Nassau	appos|<-appos<-rival->appos->executive->nn->|nn
rel_28	Ent[ent_501]	Ent[ent_987]	Thomas R. Suozzi	Nassau	prep|->prep->for->pobj->executive->nn->|nn
rel_28	Ent[ent_501]	Ent[ent_987]	Thomas R. Suozzi	Nassau	nsubj|<-nsubj<-take->prep->as->pobj->executive->nn->|nn
rel_28	Ent[ent_501]	Ent[ent_987]	Thomas R. Suozzi	Nassau	nsubj|<-nsubj<-executive->nn->|nn
rel_28	Ent[ent_501]	Ent[ent_987]	Thomas R. Suozzi	Nassau	appos|<-appos<-opponent->appos->executive->nn->|nn
rel_28	Ent[ent_501]	Ent[ent_987]	Thomas R. Suozzi	Nassau	appos|->appos->executive->prep->in->pobj->|pobj
rel_28	Ent[ent_501]	Ent[ent_987]	Thomas R. Suozzi	Nassau	appos|->appos->executive-elect->nn->|nn
rel_28	Ent[ent_501]	Ent[ent_987]	Thomas R. Suozzi	Nassau	appos|<-appos<-candidate->appos->executive->nn->|nn
rel_296	Ent[ent_502]	Ent[ent_743]	Thomas S. Gulotta	Nassau County	appos|->appos->executive->nn->|nn
rel_296	Ent[ent_502]	Ent[ent_743]	Thomas S. Gulotta	Nassau County	rcmod|->rcmod->executive->nn->|nn
rel_296	Ent[ent_502]	Ent[ent_743]	Thomas S. Gulotta	Nassau County	nsubjpass|<-nsubjpass<-inaugurate->prep->as->pobj->|pobj
rel_296	Ent[ent_502]	Ent[ent_743]	Thomas S. Gulotta	Nassau County	appos|->appos->counterpart->nn->|nn
rel_296	Ent[ent_502]	Ent[ent_743]	Thomas S. Gulotta	Nassau County	rcmod|->rcmod->call->dobj->development->dep->linchpin->prep->of->pobj->vitality->poss->|poss
rel_296	Ent[ent_502]	Ent[ent_743]	Thomas S. Gulotta	Nassau County	nsubjpass|<-nsubjpass<-appoint->dobj->|dobj
rel_296	Ent[ent_502]	Ent[ent_743]	Thomas S. Gulotta	Nassau County	nsubj|<-nsubj<-announce->dobj->policy->prep->for->pobj->|pobj
rel_296	Ent[ent_502]	Ent[ent_743]	Thomas S. Gulotta	Nassau County	nsubj|<-nsubj<-announce->dobj->policy->dep->seize->nsubj->|nsubj
rel_296	Ent[ent_502]	Ent[ent_743]	Thomas S. Gulotta	Nassau County	dobj|<-dobj<-oust->prep->as->pobj->|pobj
rel_296	Ent[ent_502]	Ent[ent_743]	Thomas S. Gulotta	Nassau County	dep|<-dep<-wo->appos->executive->nn->|nn
rel_379	Ent[ent_744]	Ent[ent_986]	Robert C. Janiszewski	Hudson County	appos|->appos->executive->nn->|nn
rel_379	Ent[ent_744]	Ent[ent_986]	Robert C. Janiszewski	Hudson County	rcmod|->rcmod->resign->prep->as->pobj->executive->nn->|nn
rel_379	Ent[ent_744]	Ent[ent_986]	Robert C. Janiszewski	Hudson County	nsubj|<-nsubj<-win->prep->in->pobj->|pobj
rel_379	Ent[ent_744]	Ent[ent_986]	Robert C. Janiszewski	Hudson County	dep|->dep->resign->dobj->office->poss->executive->nn->|nn
rel_379	Ent[ent_744]	Ent[ent_986]	Robert C. Janiszewski	Hudson County	appos|->appos->leader->nn->|nn
rel_164	Ent[ent_1041]	Ent[ent_986]	Robert C. Janiszewski	Hudson County	appos|->appos->executive->nn->|nnávila-Colón_,_a_freeholder_,_who_were_indicted_recently_. lex#,_the_former pos#,_DT_JJ lc#also_taped rc#executive_,
rel_88	Ent[ent_505]	Ent[ent_743]	Mr. Suozzi	Nassau County	appos|->appos->executive->nn->|nn
rel_88	Ent[ent_505]	Ent[ent_743]	Mr. Suozzi	Nassau County	rcmod|->rcmod->run->prep->for->pobj->executive->nn->|nn
rel_88	Ent[ent_505]	Ent[ent_743]	Mr. Suozzi	Nassau County	poss|<-poss<-turnaround->prep->of->pobj->|pobj
rel_88	Ent[ent_505]	Ent[ent_743]	Mr. Suozzi	Nassau County	poss|<-poss<-record->prep->as->pobj->executive->nn->|nn
rel_88	Ent[ent_505]	Ent[ent_743]	Mr. Suozzi	Nassau County	poss|<-poss<-record->dep->recovery->poss->|poss
rel_88	Ent[ent_505]	Ent[ent_743]	Mr. Suozzi	Nassau County	poss|<-poss<-election<-nsubj<-humiliation->prep->for->pobj->|pobj
rel_88	Ent[ent_505]	Ent[ent_743]	Mr. Suozzi	Nassau County	pobj|<-pobj<-to<-prep<-challenge->dep->executive->nn->|nn
rel_27	Ent[ent_505]	Ent[ent_1010]	Mr. Suozzi	Nassau County	nsubjpass|<-nsubjpass<-energize->prep->by->pobj->outrage->prep->of->pobj->|pobj
rel_88	Ent[ent_505]	Ent[ent_743]	Mr. Suozzi	Nassau County	nsubj|<-nsubj<-straighten->dobj->finances->poss->|poss
rel_88	Ent[ent_505]	Ent[ent_743]	Mr. Suozzi	Nassau County	nsubj|<-nsubj<-speak->prep->of->pobj->record->prep->in->pobj->|pobj
rel_28	Ent[ent_1025]	Ent[ent_1026]	Bernard J. Ebbers	WorldCom	appos|->appos->executive->prep->of->pobj->|pobj
rel_28	Ent[ent_1025]	Ent[ent_1026]	Bernard J. Ebbers	WorldCom	appos|->appos->executive->poss->|poss
rel_399	Ent[ent_1025]	Ent[ent_1026]	Bernard J. Ebbers	WorldCom	appos|->appos->executive->nn->|nn
rel_399	Ent[ent_1025]	Ent[ent_1026]	Bernard J. Ebbers	WorldCom	appos|->appos->chairman->prep->of->pobj->|pobj
rel_399	Ent[ent_1025]	Ent[ent_1026]	Bernard J. Ebbers	WorldCom	appos|->appos->founder->prep->of->pobj->|pobj
rel_399	Ent[ent_1025]	Ent[ent_1026]	Bernard J. Ebbers	WorldCom	appos|->appos->founder->poss->|poss
rel_28	Ent[ent_1025]	Ent[ent_1026]	Bernard J. Ebbers	WorldCom	appos|->appos->man->rcmod->build->dobj->|dobj
rel_399	Ent[ent_1025]	Ent[ent_1026]	Bernard J. Ebbers	WorldCom	appos|->appos->chief->prep->of->pobj->|pobj
rel_399	Ent[ent_1025]	Ent[ent_1026]	Bernard J. Ebbers	WorldCom	pobj|<-pobj<-of<-prep<-conviction->prep->for->pobj->role->prep->in->pobj->fraud->nn->|nn
rel_399	Ent[ent_1025]	Ent[ent_1026]	Bernard J. Ebbers	WorldCom	appos|->appos->head->prep->of->pobj->|pobj
rel_91	Ent[ent_669]	Ent[ent_492]	Americans	Iraq	partmod|->partmod->confirm->prep->in->pobj->|pobj
rel_294	Ent[ent_1234]	Ent[ent_1157]	Americans	Iraq	nsubj|<-nsubj<-confirm->prep->in->pobj->|pobj
rel_348	Ent[ent_1234]	Ent[ent_492]	Americans	Iraq	pobj|<-pobj<-of<-prep<-death->prep->in->pobj->|pobj
rel_297	Ent[ent_1234]	Ent[ent_86]	Americans	Iraq	nsubj|<-nsubj<-die->prep->in->pobj->|pobj
rel_297	Ent[ent_1234]	Ent[ent_86]	Americans	Iraq	rcmod|->rcmod->confirm->nsubjpass->death->prep->in->pobj->war->nn->|nn
rel_136	Ent[ent_669]	Ent[ent_1157]	Americans	Iraq	pobj|<-pobj<-of<-prep<-death->prep->in->pobj->theater->nn->|nn
rel_370	Ent[ent_1234]	Ent[ent_729]	Americans	Iraq	nsubj|<-nsubj<-kill->prep->in->pobj->war->nn->|nn
rel_348	Ent[ent_1234]	Ent[ent_492]	Americans	Iraq	nsubj|<-nsubj<-leave->dobj->|dobj
rel_348	Ent[ent_1234]	Ent[ent_492]	Americans	Iraq	rcmod|->rcmod->die->prep->in->pobj->|pobj
rel_91	Ent[ent_669]	Ent[ent_492]	Americans	Iraq	nsubj|<-nsubj<-kill->prep->in->pobj->|pobj
rel_110	Ent[ent_826]	Ent[ent_565]	Palestinians	Gaza	dobj|<-dobj<-kill->prep->in->pobj->|pobj
rel_238	Ent[ent_1228]	Ent[ent_565]	Palestinians	Gaza	nsubjpass|<-nsubjpass<-kill->prep->in->pobj->|pobj
rel_238	Ent[ent_1228]	Ent[ent_565]	Palestinians	Gaza	partmod|->partmod->live->prep->in->pobj->|pobj
rel_238	Ent[ent_1228]	Ent[ent_565]	Palestinians	Gaza	nsubj|<-nsubj<-kill->prep->in->pobj->|pobj
rel_238	Ent[ent_1228]	Ent[ent_565]	Palestinians	Gaza	nsubj|<-nsubj<-fire->prep->from->pobj->|pobj
rel_238	Ent[ent_1228]	Ent[ent_565]	Palestinians	Gaza	dobj|<-dobj<-wound->prep->in->pobj->|pobj
rel_238	Ent[ent_1228]	Ent[ent_565]	Palestinians	Gaza	nsubj|<-nsubj<-die->prep->in->pobj->|pobj
rel_238	Ent[ent_1228]	Ent[ent_565]	Palestinians	Gaza	nsubjpass|<-nsubjpass<-shoot->prep->in->pobj->|pobj
rel_110	Ent[ent_826]	Ent[ent_565]	Palestinians	Gaza	nsubj|<-nsubj<-fire->prep->at->pobj->settlement->prep->in->pobj->|pobj
rel_110	Ent[ent_826]	Ent[ent_565]	Palestinians	Gaza	dobj|<-dobj<-shoot->prep->in->pobj->|pobj
rel_113	Ent[ent_747]	Ent[ent_824]	Diana	Paris	poss|<-poss<-death->prep->in->pobj->|pobj
rel_142	Ent[ent_747]	Ent[ent_824]	Diana	Paris	nsubj|<-nsubj<-die->prep->in->pobj->|pobj
rel_142	Ent[ent_747]	Ent[ent_824]	Diana	Paris	pobj|<-pobj<-of<-prep<-death->prep->in->pobj->|pobj
rel_142	Ent[ent_747]	Ent[ent_824]	Diana	Paris	rcmod|->rcmod->die->prep->after->pobj->crash->prep->in->pobj->|pobj
rel_142	Ent[ent_747]	Ent[ent_824]	Diana	Paris	poss|<-poss<-death->prep->in->pobj->crash->nn->|nn
rel_142	Ent[ent_747]	Ent[ent_824]	Diana	Paris	pobj|<-pobj<-of<-prep<-death<-pobj<-on<-prep<-column->prep->in->pobj->|pobj
rel_113	Ent[ent_747]	Ent[ent_824]	Diana	Paris	nsubjpass|<-nsubjpass<-kill->prep->in->pobj->|pobj
rel_142	Ent[ent_747]	Ent[ent_824]	Diana	Paris	nsubjpass|<-nsubjpass<-kill<-nsubjpass<-collect->prep->by->pobj->friend->prep->in->pobj->|pobj
rel_142	Ent[ent_747]	Ent[ent_824]	Diana	Paris	rcmod|->rcmod->kill->prep->in->pobj->accident->prep->in->pobj->|pobj
rel_113	Ent[ent_747]	Ent[ent_824]	Diana	Paris	rcmod|->rcmod->include->dobj->picture->prep->of->pobj->crash->prep->in->pobj->|pobj
rel_298	Ent[ent_669]	Ent[ent_989]	Americans	Vietnam	partmod|->partmod->miss->prep->in->pobj->|pobj
rel_122	Ent[ent_1234]	Ent[ent_989]	Americans	Vietnam	partmod|->partmod->miss->prep->from->pobj->|pobj
rel_122	Ent[ent_1234]	Ent[ent_989]	Americans	Vietnam	nsubj|<-nsubj<-miss->prep->from->pobj->|pobj
rel_298	Ent[ent_669]	Ent[ent_989]	Americans	Vietnam	partmod|->partmod->miss->prep->since->pobj->|pobj
rel_298	Ent[ent_669]	Ent[ent_989]	Americans	Vietnam	nsubj|<-nsubj<-be->prep->in->pobj->|pobj
rel_122	Ent[ent_1234]	Ent[ent_989]	Americans	Vietnam	rcmod|->rcmod->serve->prep->in->pobj->|pobj
rel_298	Ent[ent_669]	Ent[ent_989]	Americans	Vietnam	rcmod|->rcmod->fight->prep->in->pobj->|pobj
rel_20	Ent[ent_669]	Ent[ent_202]	Americans	Vietnam	nsubj|<-nsubj<-visit->dobj->|dobj
rel_298	Ent[ent_669]	Ent[ent_989]	Americans	Vietnam	rcmod|->rcmod->die->prep->in->pobj->|pobj
rel_298	Ent[ent_669]	Ent[ent_989]	Americans	Vietnam	nsubjpass|<-nsubjpass<-hold->prep->in->pobj->|pobj
rel_91	Ent[ent_1233]	Ent[ent_335]	Willliam E. Wilson	Bloomington Hospital	nsubj|<-nsubj<-die->prep->in->pobj->|pobj
rel_322	Ent[ent_988]	Ent[ent_507]	Mr. Marcos	Hawaii	rcmod|->rcmod->die->prep->in->pobj->|pobj
rel_77	Ent[ent_988]	Ent[ent_507]	Mr. Marcos	Hawaii	nsubj|<-nsubj<-die->prep->in->pobj->|pobj
rel_322	Ent[ent_988]	Ent[ent_507]	Mr. Marcos	Hawaii	rcmod|->rcmod->live->prep->with->pobj->wife->prep->in->pobj->|pobj
rel_77	Ent[ent_988]	Ent[ent_507]	Mr. Marcos	Hawaii	rcmod|->rcmod->live->prep->in->pobj->|pobj
rel_322	Ent[ent_988]	Ent[ent_507]	Mr. Marcos	Hawaii	rcmod|->rcmod->hospitalize->prep->in->pobj->|pobj
rel_77	Ent[ent_988]	Ent[ent_507]	Mr. Marcos	Hawaii	rcmod|->rcmod->be->prep->in->pobj->exile->prep->in->pobj->|pobj
rel_77	Ent[ent_988]	Ent[ent_507]	Mr. Marcos	Hawaii	poss|<-poss<-widow<-nsubj<-return->prep->from->pobj->exile->amod->|amod
rel_322	Ent[ent_988]	Ent[ent_507]	Mr. Marcos	Hawaii	poss|<-poss<-successor<-pobj<-of<-prep<-government<-nsubj<-endorse->prep->to->pobj->|pobj
rel_322	Ent[ent_988]	Ent[ent_507]	Mr. Marcos	Hawaii	poss|<-poss<-death->prep->in->pobj->|pobj
rel_322	Ent[ent_988]	Ent[ent_507]	Mr. Marcos	Hawaii	poss|<-poss<-activity->amod->live->prep->in->pobj->|pobj
rel_251	Ent[ent_206]	Ent[ent_279]	Linda Lyon Van Voorhis	Rochester	nsubj|<-nsubj<-die->prep->in->pobj->|pobj
rel_319	Ent[ent_1101]	Ent[ent_748]	Jews	Holocaust	rcmod|->rcmod->die->prep->in->pobj->|pobj
rel_319	Ent[ent_1101]	Ent[ent_748]	Jews	Holocaust	dobj|<-dobj<-save->prep->during->pobj->|pobj
rel_371	Ent[ent_1101]	Ent[ent_748]	Jews	Holocaust	rcmod|->rcmod->perish->prep->in->pobj->|pobj
rel_319	Ent[ent_1101]	Ent[ent_748]	Jews	Holocaust	dobj|<-dobj<-save->prep->from->pobj->|pobj
rel_319	Ent[ent_1101]	Ent[ent_748]	Jews	Holocaust	rcmod|->rcmod->survive->dobj->|dobj
rel_319	Ent[ent_1101]	Ent[ent_748]	Jews	Holocaust	nsubj|<-nsubj<-die->prep->in->pobj->|pobj
rel_319	Ent[ent_1101]	Ent[ent_748]	Jews	Holocaust	dobj|<-dobj<-rescue->prep->from->pobj->|pobj
rel_371	Ent[ent_1101]	Ent[ent_748]	Jews	Holocaust	rcmod|->rcmod->kill->prep->in->pobj->|pobj
rel_319	Ent[ent_1101]	Ent[ent_748]	Jews	Holocaust	rcmod|->rcmod->escape->dobj->|dobj
rel_319	Ent[ent_1101]	Ent[ent_748]	Jews	Holocaust	pobj|<-pobj<-of<-prep<-thousand<-dobj<-save->prep->from->pobj->|pobj
rel_390	Ent[ent_81]	Ent[ent_84]	Douglas Edwards	Sarasota	nsubj|<-nsubj<-die->prep->in->pobj->|pobj
rel_77	Ent[ent_822]	Ent[ent_824]	David Roberts	Dartford	nsubj|<-nsubj<-die->prep->in->pobj->|pobj
rel_323	Ent[ent_1201]	Ent[ent_1284]	Bush	Mikhail S. Gorbachev	nsubj|<-nsubj<-meet->prep->with->pobj->|pobj
rel_353	Ent[ent_1210]	Ent[ent_1284]	Bush	Mikhail S. Gorbachev	poss|<-poss<-meeting->prep->with->pobj->|pobj
rel_117	Ent[ent_1212]	Ent[ent_540]	Bush	Mikhail S. Gorbachev	nsubj|<-nsubj<-send->dobj->letter->prep->to->pobj->|pobj
rel_353	Ent[ent_1210]	Ent[ent_1284]	Bush	Mikhail S. Gorbachev	nsubj|<-nsubj<-meet->dobj->|dobj
rel_117	Ent[ent_1212]	Ent[ent_540]	Bush	Mikhail S. Gorbachev	nsubj|<-nsubj<-leave->prep->for->pobj->meeting->prep->with->pobj->|pobj
rel_117	Ent[ent_1212]	Ent[ent_540]	Bush	Mikhail S. Gorbachev	nsubj|<-nsubj<-call->dobj->talk->poss->|poss
rel_323	Ent[ent_1201]	Ent[ent_1284]	Bush	Mikhail S. Gorbachev	poss|<-poss<-praise->prep->for->pobj->|pobj
rel_323	Ent[ent_1201]	Ent[ent_1284]	Bush	Mikhail S. Gorbachev	pobj|<-pobj<-by<-prep<-make->prep->in->pobj->meeting->prep->with->pobj->|pobj
rel_323	Ent[ent_1201]	Ent[ent_1284]	Bush	Mikhail S. Gorbachev	nsubj|<-nsubj<-write->prep->to->pobj->|pobj
rel_117	Ent[ent_1212]	Ent[ent_540]	Bush	Mikhail S. Gorbachev	nsubj|<-nsubj<-telephone->dobj->|dobj
rel_355	Ent[ent_197]	Ent[ent_520]	Ms. Lewinsky	Vernon Jordan	nsubj|<-nsubj<-meet->prep->with->pobj->|pobj
rel_324	Ent[ent_1281]	Ent[ent_520]	Ms. Lewinsky	Vernon Jordan	nsubj|<-nsubj<-contact->dobj->|dobj
rel_324	Ent[ent_1281]	Ent[ent_520]	Ms. Lewinsky	Vernon Jordan	poss|<-poss<-conversation->prep->with->pobj->|pobj
rel_355	Ent[ent_197]	Ent[ent_520]	Ms. Lewinsky	Vernon Jordan	nsubj|<-nsubj<-suggest->prep->to->pobj->president->rcmod->able->nsubj->|nsubj
rel_324	Ent[ent_1281]	Ent[ent_520]	Ms. Lewinsky	Vernon Jordan	poss|<-poss<-testimony<-pobj<-to<-dep<-accord<-prep<-be->nsubj->idea->rcmod->call->nsubjpass->|nsubjpass
rel_324	Ent[ent_1281]	Ent[ent_520]	Ms. Lewinsky	Vernon Jordan	poss|<-poss<-referral->prep->by->pobj->|pobj
rel_324	Ent[ent_1281]	Ent[ent_520]	Ms. Lewinsky	Vernon Jordan	nsubjpass|<-nsubjpass<-recommend->prep->for->pobj->position->prep->by->pobj->friend->appos->|appos
rel_355	Ent[ent_197]	Ent[ent_520]	Ms. Lewinsky	Vernon Jordan	nsubj|<-nsubj<-send->prep->to->pobj->|pobj
rel_136	Ent[ent_1210]	Ent[ent_949]	Bush	Ariel Sharon	nsubj|<-nsubj<-meet->prep->with->pobj->|pobj
rel_136	Ent[ent_1210]	Ent[ent_949]	Bush	Ariel Sharon	poss|<-poss<-endorsement->prep->of->pobj->plan->poss->|poss
rel_185	Ent[ent_1201]	Ent[ent_949]	Bush	Ariel Sharon	poss|<-poss<-support->prep->for->pobj->|pobj
rel_136	Ent[ent_1210]	Ent[ent_949]	Bush	Ariel Sharon	poss|<-poss<-meeting->prep->with->pobj->|pobj
rel_379	Ent[ent_1212]	Ent[ent_949]	Bush	Ariel Sharon	nsubj|<-nsubj<-urge->dobj->|dobj
rel_379	Ent[ent_1212]	Ent[ent_949]	Bush	Ariel Sharon	nsubj|<-nsubj<-rebuke->dobj->government->poss->|poss
rel_185	Ent[ent_1201]	Ent[ent_949]	Bush	Ariel Sharon	nsubj|<-nsubj<-meet->dobj->|dobj
rel_136	Ent[ent_1210]	Ent[ent_949]	Bush	Ariel Sharon	nsubj|<-nsubj<-hold->prep->with->pobj->|pobj
rel_136	Ent[ent_1210]	Ent[ent_949]	Bush	Ariel Sharon	nsubj|<-nsubj<-have->dobj->|dobj
rel_185	Ent[ent_1201]	Ent[ent_949]	Bush	Ariel Sharon	nsubj|<-nsubj<-embrace->dobj->condition->partmod->seek->prep->by->pobj->|pobj
rel_112	Ent[ent_762]	Ent[ent_197]	Mr. Jordan	Ms. Lewinsky	nsubj|<-nsubj<-talk->prep->to->pobj->|pobj
rel_355	Ent[ent_762]	Ent[ent_1281]	Mr. Jordan	Ms. Lewinsky	nsubj|<-nsubj<-tell->dobj->|dobj
rel_355	Ent[ent_762]	Ent[ent_1281]	Mr. Jordan	Ms. Lewinsky	nsubj|<-nsubj<-meet->prep->with->pobj->|pobj
rel_112	Ent[ent_762]	Ent[ent_197]	Mr. Jordan	Ms. Lewinsky	prep|->prep->about->pobj->involvement->poss->|poss
rel_112	Ent[ent_762]	Ent[ent_197]	Mr. Jordan	Ms. Lewinsky	pobj|<-pobj<-to<-prep<-talk->prep->about->pobj->involvement->poss->|poss
rel_112	Ent[ent_762]	Ent[ent_197]	Mr. Jordan	Ms. Lewinsky	nsubj|<-nsubj<-telephone->dobj->|dobj
rel_355	Ent[ent_762]	Ent[ent_1281]	Mr. Jordan	Ms. Lewinsky	nsubj|<-nsubj<-speak->prep->to->pobj->|pobj
rel_112	Ent[ent_762]	Ent[ent_197]	Mr. Jordan	Ms. Lewinsky	poss|<-poss<-relationship->prep->with->pobj->|pobj
rel_112	Ent[ent_762]	Ent[ent_197]	Mr. Jordan	Ms. Lewinsky	poss|<-poss<-assistance->prep->to->pobj->|pobj
rel_355	Ent[ent_762]	Ent[ent_1281]	Mr. Jordan	Ms. Lewinsky	pobj|<-pobj<-with<-prep<-meet<-partmod<-first<-nsubj<-drive->dobj->|dobj
rel_355	Ent[ent_15]	Ent[ent_519]	Mr. Bush	Mr. Arafat	nsubj|<-nsubj<-meet->prep->with->pobj->|pobj
rel_185	Ent[ent_1253]	Ent[ent_519]	Mr. Bush	Mr. Arafat	pobj|<-pobj<-to<-prep<-letter<-pobj<-in<-prep<-disavow->nsubj->|nsubj
rel_185	Ent[ent_1253]	Ent[ent_519]	Mr. Bush	Mr. Arafat	nsubj|<-nsubj<-say->prep->of->pobj->|pobj
rel_355	Ent[ent_15]	Ent[ent_519]	Mr. Bush	Mr. Arafat	nsubj|<-nsubj<-mention->dobj->|dobj
rel_69	Ent[ent_182]	Ent[ent_519]	Mr. Bush	Mr. Arafat	poss|<-poss<-statement<-pobj<-to<-prep<-week<-dep<-say->nsubj->|nsubj
rel_69	Ent[ent_182]	Ent[ent_519]	Mr. Bush	Mr. Arafat	poss|<-poss<-statement<-nsubj<-look->prep->like->pobj->reward->prep->to->pobj->|pobj
rel_185	Ent[ent_1253]	Ent[ent_519]	Mr. Bush	Mr. Arafat	poss|<-poss<-reversal<-nsubjpass<-see->prep->as->pobj->loss->prep->for->pobj->|pobj
rel_69	Ent[ent_182]	Ent[ent_519]	Mr. Bush	Mr. Arafat	poss|<-poss<-position->rcmod->go->nsubj->|nsubj
rel_69	Ent[ent_182]	Ent[ent_519]	Mr. Bush	Mr. Arafat	poss|<-poss<-envoy<-nsubj<-ask->dobj->|dobj
rel_355	Ent[ent_15]	Ent[ent_519]	Mr. Bush	Mr. Arafat	poss|<-poss<-demand->prep->from->pobj->|pobj
rel_273	Ent[ent_512]	Ent[ent_754]	George P. Shultz	Eduard A. Shevardnadze	nsubj|<-nsubj<-meet->prep->with->pobj->|pobj
rel_273	Ent[ent_512]	Ent[ent_754]	George P. Shultz	Eduard A. Shevardnadze	nsubj|<-nsubj<-meet->dobj->|dobj
rel_365	Ent[ent_512]	Ent[ent_754]	George P. Shultz	Eduard A. Shevardnadze	pobj|<-pobj<-to<-prep<-make->prep->by->pobj->minister->appos->|appos
rel_365	Ent[ent_512]	Ent[ent_754]	George P. Shultz	Eduard A. Shevardnadze	nsubj|<-nsubj<-visit<-rcmod<-time->rcmod->new->nsubj->|nsubj
rel_365	Ent[ent_512]	Ent[ent_754]	George P. Shultz	Eduard A. Shevardnadze	nsubj|<-nsubj<-visit<-rcmod<-time->dep->new->nsubj->|nsubj
rel_365	Ent[ent_512]	Ent[ent_754]	George P. Shultz	Eduard A. Shevardnadze	nsubj|<-nsubj<-tell->dobj->|dobj
rel_365	Ent[ent_512]	Ent[ent_754]	George P. Shultz	Eduard A. Shevardnadze	nsubj|<-nsubj<-receive->dobj->minister->appos->|appos
rel_273	Ent[ent_512]	Ent[ent_754]	George P. Shultz	Eduard A. Shevardnadze	nsubj|<-nsubj<-prepare->prep->for->pobj->meeting->prep->with->pobj->|pobj
rel_273	Ent[ent_512]	Ent[ent_754]	George P. Shultz	Eduard A. Shevardnadze	nsubj|<-nsubj<-meet->prep->with->pobj->secretary->appos->|appos
rel_273	Ent[ent_512]	Ent[ent_754]	George P. Shultz	Eduard A. Shevardnadze	nsubj|<-nsubj<-meet->prep->with->pobj->minister->appos->|appos
rel_28	Ent[ent_840]	Ent[ent_1054]	Selena	Ms. Saldivar	nsubj|<-nsubj<-meet->prep->with->pobj->|pobj
rel_28	Ent[ent_840]	Ent[ent_1054]	Selena	Ms. Saldivar	nn|<-nn<-boutique->partmod->manage->prep->by->pobj->|pobj
rel_355	Ent[ent_1281]	Ent[ent_762]	Ms. Lewinsky	Mr. Jordan	nsubj|<-nsubj<-meet->prep->with->pobj->|pobj
rel_355	Ent[ent_1281]	Ent[ent_762]	Ms. Lewinsky	Mr. Jordan	nsubj|<-nsubj<-tell->dobj->|dobj
rel_192	Ent[ent_1281]	Ent[ent_328]	Ms. Lewinsky	Mr. Jordan	nsubj|<-nsubj<-call->dep->|dep
rel_355	Ent[ent_1281]	Ent[ent_762]	Ms. Lewinsky	Mr. Jordan	nsubj|<-nsubj<-ask->dobj->|dobj
rel_90	Ent[ent_197]	Ent[ent_762]	Ms. Lewinsky	Mr. Jordan	pobj|<-pobj<-to<-dep<-accord<-prep<-say->nsubj->|nsubj
rel_355	Ent[ent_1281]	Ent[ent_762]	Ms. Lewinsky	Mr. Jordan	poss|<-poss<-meeting->prep->with->pobj->|pobj
rel_90	Ent[ent_197]	Ent[ent_762]	Ms. Lewinsky	Mr. Jordan	poss|<-poss<-attorney<-nsubj<-call->dobj->|dobj
rel_90	Ent[ent_197]	Ent[ent_762]	Ms. Lewinsky	Mr. Jordan	pobj|<-pobj<-to<-dep<-accord<-prep<-tell->nsubj->|nsubj
rel_90	Ent[ent_197]	Ent[ent_762]	Ms. Lewinsky	Mr. Jordan	pobj|<-pobj<-to<-dep<-accord<-prep<-receive->nsubj->|nsubj
rel_90	Ent[ent_197]	Ent[ent_762]	Ms. Lewinsky	Mr. Jordan	nsubj|<-nsubj<-telephone->dobj->office->poss->|poss
rel_355	Ent[ent_753]	Ent[ent_519]	Mr. Netanyahu	Mr. Arafat	nsubj|<-nsubj<-meet->prep->with->pobj->|pobj
rel_355	Ent[ent_753]	Ent[ent_519]	Mr. Netanyahu	Mr. Arafat	poss|<-poss<-treatment->prep->of->pobj->|pobj
rel_69	Ent[ent_182]	Ent[ent_519]	Mr. Netanyahu	Mr. Arafat	pobj|<-pobj<-with<-prep<-meet->prep->with->pobj->|pobj
rel_355	Ent[ent_753]	Ent[ent_519]	Mr. Netanyahu	Mr. Arafat	nsubj|<-nsubj<-send->prep->to->pobj->|pobj
rel_355	Ent[ent_753]	Ent[ent_519]	Mr. Netanyahu	Mr. Arafat	nsubj|<-nsubj<-meet->dobj->|dobj
rel_355	Ent[ent_753]	Ent[ent_519]	Mr. Netanyahu	Mr. Arafat	nsubj|<-nsubj<-assure->dobj->|dobj
rel_355	Ent[ent_753]	Ent[ent_519]	Mr. Netanyahu	Mr. Arafat	rcmod|->rcmod->demand->prep->from->pobj->|pobj
rel_355	Ent[ent_753]	Ent[ent_519]	Mr. Netanyahu	Mr. Arafat	prep|->prep->at->pobj->podium->rcmod->stand->nsubj->|nsubj
rel_355	Ent[ent_753]	Ent[ent_519]	Mr. Netanyahu	Mr. Arafat	poss|<-poss<-refusal<-nsubj<-meet->prep->with->pobj->|pobj
rel_355	Ent[ent_753]	Ent[ent_519]	Mr. Netanyahu	Mr. Arafat	poss|<-poss<-opponent->partmod->walk->prep->with->pobj->|pobj
rel_325	Ent[ent_198]	Ent[ent_195]	Mr. Gorbachev	Reagan	nsubj|<-nsubj<-meet->prep->with->pobj->|pobj
rel_82	Ent[ent_1216]	Ent[ent_195]	Mr. Gorbachev	Reagan	poss|<-poss<-meeting->prep->with->pobj->|pobj
rel_325	Ent[ent_198]	Ent[ent_195]	Mr. Gorbachev	Reagan	nsubj|<-nsubj<-arrive->prep->for->pobj->talk->prep->with->pobj->|pobj
rel_325	Ent[ent_198]	Ent[ent_195]	Mr. Gorbachev	Reagan	rcmod|->rcmod->expect->prep->for->pobj->summit->prep->with->pobj->|pobj
rel_325	Ent[ent_198]	Ent[ent_195]	Mr. Gorbachev	Reagan	rcmod|->rcmod->arrive->prep->for->pobj->conference->prep->with->pobj->|pobj
rel_82	Ent[ent_1216]	Ent[ent_195]	Mr. Gorbachev	Reagan	poss|<-poss<-visit<-nsubj<-dissident->dep->welcome->dobj->trip->poss->|poss
rel_102	Ent[ent_1216]	Ent[ent_1221]	Mr. Gorbachev	Reagan	poss|<-poss<-speech->partmod->deliver->prep->in->pobj->hall->rcmod->speak->nsubj->|nsubj
rel_325	Ent[ent_198]	Ent[ent_195]	Mr. Gorbachev	Reagan	poss|<-poss<-proposal<-nsubj<-come->prep->as->pobj->|pobj
rel_325	Ent[ent_198]	Ent[ent_195]	Mr. Gorbachev	Reagan	poss|<-poss<-posture<-pobj<-to<-prep<-credit->dobj->other->prep->to->pobj->steadiness->poss->|poss
rel_102	Ent[ent_1216]	Ent[ent_1221]	Mr. Gorbachev	Reagan	poss|<-poss<-patience->prep->with->pobj->|pobj
rel_294	Ent[ent_995]	Ent[ent_1240]	Robert M. Morgenthau	Manhattan	appos|->appos->attorney->nn->|nn
rel_394	Ent[ent_995]	Ent[ent_568]	Robert M. Morgenthau	Manhattan	appos|->appos->attorney->prep->in->pobj->|pobj
rel_294	Ent[ent_995]	Ent[ent_1240]	Robert M. Morgenthau	Manhattan	appos|->appos->attorney->prep->of->pobj->|pobj
rel_294	Ent[ent_995]	Ent[ent_1240]	Robert M. Morgenthau	Manhattan	nsubj|<-nsubj<-attorney->nn->|nn
rel_294	Ent[ent_995]	Ent[ent_1240]	Robert M. Morgenthau	Manhattan	rcmod|->rcmod->attorney->nn->|nn
rel_294	Ent[ent_995]	Ent[ent_1240]	Robert M. Morgenthau	Manhattan	partmod|->partmod->know->prep->as->pobj->attorney->poss->|poss
rel_394	Ent[ent_995]	Ent[ent_568]	Robert M. Morgenthau	Manhattan	appos|<-appos<-boss->appos->attorney->nn->|nn
rel_294	Ent[ent_995]	Ent[ent_1240]	Robert M. Morgenthau	Manhattan	appos|->appos->attorney->prep->for->pobj->|pobj
rel_294	Ent[ent_995]	Ent[ent_1240]	Robert M. Morgenthau	Manhattan	rcmod|->rcmod->much->dep->attorney->nn->|nn
rel_394	Ent[ent_995]	Ent[ent_568]	Robert M. Morgenthau	Manhattan	poss|<-poss<-victory->prep->in->pobj->primary->dep->refer->nsubj->attorney->nn->|nn
rel_144	Ent[ent_514]	Ent[ent_846]	Richard A. Brown	Queens	appos|->appos->attorney->nn->|nn
rel_347	Ent[ent_514]	Ent[ent_846]	Richard A. Brown	Queens	appos|<-appos<-son->appos->|appos
rel_144	Ent[ent_514]	Ent[ent_846]	Richard A. Brown	Queens	appos|->appos->attorney->prep->for->pobj->|pobj
rel_347	Ent[ent_514]	Ent[ent_846]	Richard A. Brown	Queens	nsubj|<-nsubj<-say->purpcl->commit->prep->in->pobj->|pobj
rel_347	Ent[ent_514]	Ent[ent_846]	Richard A. Brown	Queens	nsubj|<-nsubj<-say->nsubj->brother->prep->in->pobj->|pobj
rel_144	Ent[ent_514]	Ent[ent_846]	Richard A. Brown	Queens	nsubj|<-nsubj<-rush->dobj->house->prep->at->pobj->street->prep->in->pobj->|pobj
rel_347	Ent[ent_514]	Ent[ent_846]	Richard A. Brown	Queens	nsubj|<-nsubj<-prosecute->dep->attorney->nn->|nn
rel_347	Ent[ent_514]	Ent[ent_846]	Richard A. Brown	Queens	nsubj|<-nsubj<-leave->dobj->attorney->nn->|nn
rel_144	Ent[ent_514]	Ent[ent_846]	Richard A. Brown	Queens	dep|->dep->attorney->nn->|nn
rel_144	Ent[ent_514]	Ent[ent_846]	Richard A. Brown	Queens	appos|<-appos<-thing<-nsubj<-convene->prep->at->pobj->headquarters->nn->|nn
rel_294	Ent[ent_173]	Ent[ent_1209]	Charles J. Hynes	Brooklyn	appos|->appos->attorney->nn->|nn
rel_294	Ent[ent_173]	Ent[ent_1209]	Charles J. Hynes	Brooklyn	appos|->appos->attorney->prep->in->pobj->|pobj
rel_263	Ent[ent_173]	Ent[ent_323]	Charles J. Hynes	Brooklyn	rcmod|->rcmod->seek->dobj->nomination->prep->for->pobj->attorney->nn->|nn
rel_263	Ent[ent_173]	Ent[ent_323]	Charles J. Hynes	Brooklyn	rcmod|->rcmod->run->prep->for->pobj->attorney->nn->|nn
rel_294	Ent[ent_173]	Ent[ent_1209]	Charles J. Hynes	Brooklyn	nsubj|<-nsubj<-win->dobj->nomination->prep->for->pobj->attorney->nn->|nn
rel_263	Ent[ent_173]	Ent[ent_323]	Charles J. Hynes	Brooklyn	nsubj|<-nsubj<-stand->prep->in->pobj->middle->prep->of->pobj->crowd->prep->in->pobj->station->nn->|nn
rel_263	Ent[ent_173]	Ent[ent_323]	Charles J. Hynes	Brooklyn	appos|<-appos<-opponent->appos->attorney->nn->|nn
rel_294	Ent[ent_173]	Ent[ent_1209]	Charles J. Hynes	Brooklyn	appos|<-appos<-candidate->appos->|appos
rel_294	Ent[ent_173]	Ent[ent_1209]	Charles J. Hynes	Brooklyn	appos|->appos->attorney->prep->of->pobj->|pobj
rel_263	Ent[ent_173]	Ent[ent_323]	Charles J. Hynes	Brooklyn	rcmod|->rcmod->turn->nsubj->diocese->nn->|nn
rel_144	Ent[ent_756]	Ent[ent_1278]	Mary Jo White	United States	appos|->appos->attorney->nn->|nn
rel_294	Ent[ent_756]	Ent[ent_537]	Mary Jo White	United States	rcmod|->rcmod->attorney->nn->|nn
rel_55	Ent[ent_756]	Ent[ent_1277]	Mary Jo White	United States	dep|->dep->attorney->nn->|nn
rel_142	Ent[ent_756]	Ent[ent_1205]	Mary Jo White	United States	rcmod|->rcmod->supervise->prep->as->pobj->attorney->nn->|nn
rel_294	Ent[ent_756]	Ent[ent_537]	Mary Jo White	United States	rcmod|->rcmod->serve->prep->as->pobj->attorney->nn->|nn
rel_55	Ent[ent_756]	Ent[ent_1277]	Mary Jo White	United States	appos|->appos->spokeswoman->prep->for->pobj->office->poss->|poss
rel_325	Ent[ent_756]	Ent[ent_1237]	Mary Jo White	United States	rcmod|->rcmod->co-signed->dobj->indictment->prep->as->pobj->attorney->nn->|nn
rel_325	Ent[ent_756]	Ent[ent_1237]	Mary Jo White	United States	pobj|<-pobj<-of<-prep<-office<-pobj<-to<-prep<-transfer->prep->at->pobj->time->dep->attorney->nn->|nn
rel_294	Ent[ent_756]	Ent[ent_537]	Mary Jo White	United States	pobj|<-pobj<-of<-prep<-office->dep->attorney->nn->|nn
rel_294	Ent[ent_756]	Ent[ent_537]	Mary Jo White	United States	pobj|<-pobj<-of<-prep<-departure->prep->from->pobj->post->poss->attorney->nn->|nn
rel_294	Ent[ent_998]	Ent[ent_1277]	Christopher J. Christie	United States	appos|->appos->attorney->nn->|nn
rel_294	Ent[ent_998]	Ent[ent_1277]	Christopher J. Christie	United States	nsubj|<-nsubj<-attorney->nn->|nn
rel_136	Ent[ent_998]	Ent[ent_1237]	Christopher J. Christie	United States	pobj|<-pobj<-after<-prep<-appoint->dobj->attorney->nn->|nn
rel_294	Ent[ent_998]	Ent[ent_1277]	Christopher J. Christie	United States	nsubj|<-nsubj<-prosecute->dep->attorney->nn->|nn
rel_177	Ent[ent_998]	Ent[ent_537]	Christopher J. Christie	United States	dobj|<-dobj<-nominate->prep->as->pobj->attorney->nn->|nn
rel_294	Ent[ent_998]	Ent[ent_1277]	Christopher J. Christie	United States	appos|->appos->man->rcmod->get->dobj->appointment->prep->as->pobj->attorney->nn->|nn
rel_136	Ent[ent_998]	Ent[ent_1237]	Christopher J. Christie	United States	appos|<-appos<-hearing->appos->attorney->nn->|nn
rel_136	Ent[ent_998]	Ent[ent_1237]	Christopher J. Christie	United States	appos|<-appos<-friend->appos->|appos
rel_177	Ent[ent_998]	Ent[ent_537]	Christopher J. Christie	United States	appos|<-appos<-character->appos->attorney->nn->|nn
rel_136	Ent[ent_998]	Ent[ent_1237]	Christopher J. Christie	United States	appos|<-appos<-boss->appos->attorney->nn->|nn
rel_294	Ent[ent_513]	Ent[ent_984]	Jeanine F. Pirro	Westchester County	appos|->appos->attorney->nn->|nn
rel_294	Ent[ent_513]	Ent[ent_984]	Jeanine F. Pirro	Westchester County	appos|->appos->attorney->prep->of->pobj->|pobj
rel_197	Ent[ent_513]	Ent[ent_984]	Jeanine F. Pirro	Westchester County	appos|<-appos<-wife->appos->attorney->nn->|nn
rel_294	Ent[ent_513]	Ent[ent_984]	Jeanine F. Pirro	Westchester County	appos|->appos->attorney->prep->in->pobj->|pobj
rel_197	Ent[ent_513]	Ent[ent_984]	Jeanine F. Pirro	Westchester County	dep|->dep->attorney->nn->|nn
rel_197	Ent[ent_513]	Ent[ent_984]	Jeanine F. Pirro	Westchester County	appos|<-appos<-feeling<-nsubj<-strong->prep->in->pobj->|pobj
rel_197	Ent[ent_513]	Ent[ent_984]	Jeanine F. Pirro	Westchester County	appos|->appos->attorney->poss->|poss
rel_197	Ent[ent_513]	Ent[ent_984]	Jeanine F. Pirro	Westchester County	pobj|<-pobj<-by<-prep<-article<-appos<-correction->dep->attorney->nn->|nn
rel_197	Ent[ent_513]	Ent[ent_984]	Jeanine F. Pirro	Westchester County	nsubj|<-nsubj<-reimburse->dobj->|dobj
rel_197	Ent[ent_513]	Ent[ent_984]	Jeanine F. Pirro	Westchester County	nsubj|<-nsubj<-chalk->prep->as->pobj->attorney->nn->|nn
rel_144	Ent[ent_755]	Ent[ent_537]	James B. Comey	United States	appos|->appos->attorney->nn->|nn
rel_144	Ent[ent_755]	Ent[ent_537]	James B. Comey	United States	partmod|->partmod->swear->prep->in->dep->as->pobj->attorney->nn->|nn
rel_49	Ent[ent_755]	Ent[ent_1205]	James B. Comey	United States	nsubjpass|<-nsubjpass<-swear->prep->as->pobj->attorney->nn->|nn
rel_40	Ent[ent_755]	Ent[ent_1278]	James B. Comey	United States	nsubj|<-nsubj<-assume->dobj->post->prep->of->pobj->attorney->nn->|nn
rel_49	Ent[ent_755]	Ent[ent_1205]	James B. Comey	United States	dobj|<-dobj<-nominate->prep->as->pobj->attorney->nn->|nn
rel_164	Ent[ent_755]	Ent[ent_1237]	James B. Comey	United States	dobj|<-dobj<-confirm->prep->as->pobj->attorney->nn->|nn
rel_112	Ent[ent_755]	Ent[ent_1277]	James B. Comey	United States	dep|->dep->attorney->nn->|nn
rel_49	Ent[ent_755]	Ent[ent_1205]	James B. Comey	United States	appos|<-appos<-counterpart->appos->attorney->nn->|nn
rel_294	Ent[ent_997]	Ent[ent_1277]	Roslynn R. Mauskopf	United States	appos|->appos->attorney->nn->|nn
rel_298	Ent[ent_997]	Ent[ent_1205]	Roslynn R. Mauskopf	United States	appos|<-appos<-general->appos->attorney->nn->|nn
rel_370	Ent[ent_997]	Ent[ent_537]	Roslynn R. Mauskopf	United States	rcmod|->rcmod->confirm->prep->by->pobj->|pobj
rel_370	Ent[ent_997]	Ent[ent_537]	Roslynn R. Mauskopf	United States	prep|->prep->above->dep->attorney->nn->|nn
rel_370	Ent[ent_997]	Ent[ent_537]	Roslynn R. Mauskopf	United States	pobj|<-pobj<-of<-prep<-nomination<-dobj<-support->prep->to->pobj->post->poss->attorney->nn->|nn
rel_150	Ent[ent_997]	Ent[ent_1237]	Roslynn R. Mauskopf	United States	pobj|<-pobj<-of<-prep<-appointment->prep->as->pobj->attorney->nn->|nn
rel_150	Ent[ent_997]	Ent[ent_1237]	Roslynn R. Mauskopf	United States	nsubjpass|<-nsubjpass<-swear->prep->as->pobj->attorney->nn->|nn
rel_150	Ent[ent_997]	Ent[ent_1237]	Roslynn R. Mauskopf	United States	nsubjpass|<-nsubjpass<-confirm->prep->by->pobj->|pobj
rel_150	Ent[ent_997]	Ent[ent_1237]	Roslynn R. Mauskopf	United States	nsubj|<-nsubj<-attorney->nn->|nn
rel_370	Ent[ent_997]	Ent[ent_537]	Roslynn R. Mauskopf	United States	dobj|<-dobj<-confirm->prep->as->pobj->attorney->nn->|nn
rel_144	Ent[ent_516]	Ent[ent_1205]	Michael J. Garcia	United States	appos|->appos->attorney->nn->|nn
rel_156	Ent[ent_516]	Ent[ent_1280]	Michael J. Garcia	United States	rcmod|->rcmod->take->prep->as->pobj->attorney->nn->|nn
rel_291	Ent[ent_516]	Ent[ent_1237]	Michael J. Garcia	United States	rcmod|->rcmod->supervise->prep->as->pobj->attorney->nn->|nn
rel_144	Ent[ent_516]	Ent[ent_1205]	Michael J. Garcia	United States	pobj|<-pobj<-of<-prep<-nomination->prep->as->pobj->attorney->nn->|nn
rel_124	Ent[ent_516]	Ent[ent_1277]	Michael J. Garcia	United States	nsubj|<-nsubj<-file->dep->attorney->nn->|nn
rel_124	Ent[ent_516]	Ent[ent_1277]	Michael J. Garcia	United States	appos|<-appos<-yesterday<-tmod<-say->nsubj->attorney->nn->|nn
rel_144	Ent[ent_516]	Ent[ent_1205]	Michael J. Garcia	United States	appos|->appos->secretary->prep->of->pobj->|pobj
rel_144	Ent[ent_516]	Ent[ent_1205]	Michael J. Garcia	United States	appos|->appos->prosecutor->prep->in->pobj->office->poss->attorney->nn->|nn
rel_291	Ent[ent_516]	Ent[ent_1237]	Michael J. Garcia	United States	appos|<-appos<-boss->appos->attorney->nn->|nn
rel_317	Ent[ent_758]	Ent[ent_1205]	Patrick J. Fitzgerald	United States	appos|->appos->attorney->nn->|nn
rel_317	Ent[ent_758]	Ent[ent_1205]	Patrick J. Fitzgerald	United States	rcmod|->rcmod->leave->dep->work->nsubj->attorney->nn->|nn
rel_317	Ent[ent_758]	Ent[ent_1205]	Patrick J. Fitzgerald	United States	rcmod|->rcmod->confirm->prep->as->pobj->attorney->nn->|nn
rel_92	Ent[ent_758]	Ent[ent_1278]	Patrick J. Fitzgerald	United States	rcmod|->rcmod->attorney->nn->|nn
rel_287	Ent[ent_758]	Ent[ent_721]	Patrick J. Fitzgerald	United States	nsubjpass|<-nsubjpass<-confirm->prep->as->pobj->attorney->nn->|nn
rel_154	Ent[ent_758]	Ent[ent_537]	Patrick J. Fitzgerald	United States	nsubj|<-nsubj<-tell->prep->in->pobj->|pobj
rel_154	Ent[ent_758]	Ent[ent_537]	Patrick J. Fitzgerald	United States	nsubj|<-nsubj<-say->prep->in->pobj->|pobj
rel_317	Ent[ent_758]	Ent[ent_1205]	Patrick J. Fitzgerald	United States	nsubj|<-nsubj<-recommend->prep->as->pobj->attorney->nn->|nn
rel_287	Ent[ent_758]	Ent[ent_721]	Patrick J. Fitzgerald	United States	nsubj|<-nsubj<-be->nsubj->attorney->nn->|nn
rel_317	Ent[ent_758]	Ent[ent_1205]	Patrick J. Fitzgerald	United States	dep|<-dep<-name<-partmod<-deputy->appos->attorney->nn->|nn
rel_20	Ent[ent_515]	Ent[ent_96]	Mr. Rushdie	India	rcmod|->rcmod->bear->prep->in->pobj->|pobj
rel_20	Ent[ent_515]	Ent[ent_96]	Mr. Rushdie	India	appos|->appos->author->amod->|amod
rel_261	Ent[ent_515]	Ent[ent_1202]	Mr. Rushdie	India	rcmod|->rcmod->get->prep->from->pobj->|pobj
rel_80	Ent[ent_515]	Ent[ent_96]	Mr. Rushdie	India	poss|<-poss<-parable->prep->of->pobj->history->amod->|amod
rel_261	Ent[ent_515]	Ent[ent_1202]	Mr. Rushdie	India	poss|<-poss<-home<-pobj<-of<-prep<-account->prep->to->pobj->|pobj
rel_261	Ent[ent_515]	Ent[ent_1202]	Mr. Rushdie	India	poss|<-poss<-book->rcmod->be->prep->in->pobj->|pobj
rel_20	Ent[ent_515]	Ent[ent_96]	Mr. Rushdie	India	poss|<-poss<-book<-pobj<-over<-prep<-tension<-nsubj<-aggravate->dobj->problem->prep->in->pobj->|pobj
rel_20	Ent[ent_515]	Ent[ent_96]	Mr. Rushdie	India	poss|<-poss<-book<-nsubj<-cause->prep->include->pobj->protest->prep->in->pobj->|pobj
rel_20	Ent[ent_515]	Ent[ent_96]	Mr. Rushdie	India	nsubjpass|<-nsubjpass<-try->prep->in->pobj->|pobj
rel_80	Ent[ent_515]	Ent[ent_96]	Mr. Rushdie	India	nsubjpass|<-nsubjpass<-bear->prep->to->pobj->family->prep->in->pobj->|pobj
rel_20	Ent[ent_515]	Ent[ent_757]	Mr. Rushdie	Bombay	rcmod|->rcmod->bear->prep->in->pobj->|pobj
rel_20	Ent[ent_515]	Ent[ent_757]	Mr. Rushdie	Bombay	rcmod|->rcmod->bear->prep->into->pobj->family->prep->in->pobj->|pobj
rel_20	Ent[ent_515]	Ent[ent_757]	Mr. Rushdie	Bombay	nsubjpass|<-nsubjpass<-bear->prep->in->pobj->|pobj
rel_20	Ent[ent_515]	Ent[ent_757]	Mr. Rushdie	Bombay	poss|<-poss<-city->appos->|appos
rel_20	Ent[ent_515]	Ent[ent_757]	Mr. Rushdie	Bombay	pobj|<-pobj<-like<-prep<-bear<-partmod<-narrator->prep->in->pobj->|pobj
rel_20	Ent[ent_515]	Ent[ent_757]	Mr. Rushdie	Bombay	nsubjpass|<-nsubjpass<-bear->prep->into->pobj->family->prep->in->pobj->|pobj
rel_20	Ent[ent_515]	Ent[ent_757]	Mr. Rushdie	Bombay	dobj|<-dobj<-beard->prep->on->pobj->visit->prep->to->pobj->|pobj
rel_20	Ent[ent_515]	Ent[ent_757]	Mr. Rushdie	Bombay	appos|->appos->immigrant->prep->from->pobj->family->prep->in->pobj->|pobj
rel_20	Ent[ent_515]	Ent[ent_757]	Mr. Rushdie	Bombay	appos|->appos->citizen->rcmod->bear->prep->to->pobj->parent->prep->in->pobj->|pobj
rel_20	Ent[ent_999]	Ent[ent_518]	Blake	Yonkers	rcmod|->rcmod->bear->prep->in->pobj->|pobj
rel_20	Ent[ent_999]	Ent[ent_518]	Blake	Yonkers	rcmod|->rcmod->grow->prep->in->pobj->|pobj
rel_20	Ent[ent_999]	Ent[ent_518]	Blake	Yonkers	nsubjpass|<-nsubjpass<-bear->prep->in->pobj->|pobj
rel_20	Ent[ent_999]	Ent[ent_518]	Blake	Yonkers	rcmod|->rcmod->rank->nsubj->|nsubj
rel_20	Ent[ent_999]	Ent[ent_518]	Blake	Yonkers	partmod|->partmod->bear->prep->in->pobj->|pobj
rel_20	Ent[ent_999]	Ent[ent_518]	Blake	Yonkers	nsubj|<-nsubj<-come<-rcmod<-time<-pobj<-by<-prep<-player->prep->in->pobj->|pobj
rel_20	Ent[ent_999]	Ent[ent_518]	Blake	Yonkers	nn|<-nn<-family<-nsubj<-live->prep->in->pobj->|pobj
rel_20	Ent[ent_999]	Ent[ent_518]	Blake	Yonkers	appos|->appos->native->nn->|nn
rel_20	Ent[ent_903]	Ent[ent_619]	Yu Cho	Korea	rcmod|->rcmod->bear->prep->in->pobj->|pobj
rel_20	Ent[ent_929]	Ent[ent_1010]	Yaser Esam Hamdi	Louisiana	rcmod|->rcmod->bear->prep->in->pobj->|pobj
rel_330	Ent[ent_1067]	Ent[ent_633]	Ms. Shim	Seoul	rcmod|->rcmod->bear->prep->in->pobj->|pobj
rel_299	Ent[ent_1242]	Ent[ent_835]	Ms. Leach	England	rcmod|->rcmod->bear->prep->in->pobj->|pobj
rel_20	Ent[ent_909]	Ent[ent_908]	Mr. Sheng	Shanghai	rcmod|->rcmod->bear->prep->in->pobj->|pobj
rel_20	Ent[ent_909]	Ent[ent_908]	Mr. Sheng	Shanghai	partmod|->partmod->bear->prep->in->pobj->|pobj
rel_20	Ent[ent_909]	Ent[ent_908]	Mr. Sheng	Shanghai	nsubjpass|<-nsubjpass<-accept->prep->as->pobj->student->prep->at->pobj->|pobj
rel_20	Ent[ent_909]	Ent[ent_908]	Mr. Sheng	Shanghai	nsubjpass|<-nsubjpass<-bear->prep->in->pobj->|pobj
rel_20	Ent[ent_909]	Ent[ent_908]	Mr. Sheng	Shanghai	nsubj|<-nsubj<-study->prep->at->pobj->|pobj
rel_399	Ent[ent_911]	Ent[ent_1002]	Mr. Selz	Evanston	rcmod|->rcmod->bear->prep->in->pobj->|pobj
rel_20	Ent[ent_903]	Ent[ent_619]	Mrs. Bobbitt	Ecuador	rcmod|->rcmod->bear->prep->in->pobj->|pobj
rel_319	Ent[ent_903]	Ent[ent_902]	Mrs. Bobbitt	Ecuador	nsubjpass|<-nsubjpass<-bear->prep->in->pobj->|pobj
rel_319	Ent[ent_903]	Ent[ent_902]	Mrs. Bobbitt	Ecuador	nsubj|<-nsubj<-depict->dobj->childhood->prep->in->pobj->|pobj
rel_319	Ent[ent_903]	Ent[ent_902]	Mrs. Bobbitt	Ecuador	dep|->dep->bear->prep->in->pobj->|pobj
rel_319	Ent[ent_903]	Ent[ent_902]	Mrs. Bobbitt	Ecuador	appos|->appos->manicurist->rcmod->bear->prep->in->pobj->|pobj
rel_399	Ent[ent_910]	Ent[ent_586]	Dan Bartlett	White House	appos|->appos->director->nn->|nn
rel_399	Ent[ent_916]	Ent[ent_586]	Dan Bartlett	White House	appos|->appos->counselor->nn->|nn
rel_399	Ent[ent_916]	Ent[ent_586]	Dan Bartlett	White House	nsubj|<-nsubj<-say->prep->at->pobj->|pobj
rel_399	Ent[ent_910]	Ent[ent_586]	Dan Bartlett	White House	dep|->dep->be->prep->at->pobj->|pobj
rel_90	Ent[ent_916]	Ent[ent_873]	Dan Bartlett	White House	appos|->appos->strategist->prep->in->pobj->|pobj
rel_399	Ent[ent_916]	Ent[ent_586]	Dan Bartlett	White House	appos|->appos->spokesman->nn->|nn
rel_399	Ent[ent_916]	Ent[ent_586]	Dan Bartlett	White House	appos|<-appos<-re-election<-pobj<-after<-prep<-take->nsubjpass->director->nn->|nn
rel_399	Ent[ent_916]	Ent[ent_586]	Dan Bartlett	White House	appos|->appos->director->prep->at->pobj->|pobj
rel_399	Ent[ent_916]	Ent[ent_586]	Dan Bartlett	White House	appos|->appos->direction->nn->|nn
rel_399	Ent[ent_916]	Ent[ent_586]	Dan Bartlett	White House	appos|->appos->chief->nn->|nn
rel_27	Ent[ent_17]	Ent[ent_586]	George Stephanopoulos	White House	appos|->appos->director->nn->|nn
rel_27	Ent[ent_17]	Ent[ent_586]	George Stephanopoulos	White House	appos|->appos->adviser->nn->|nn
rel_276	Ent[ent_17]	Ent[ent_873]	George Stephanopoulos	White House	appos|->appos->spokesman->nn->|nn
rel_298	Ent[ent_17]	Ent[ent_229]	George Stephanopoulos	White House	appos|->appos->aide->nn->|nn
rel_27	Ent[ent_17]	Ent[ent_586]	George Stephanopoulos	White House	appos|<-appos<-adviser->rcmod->aide->nn->|nn
rel_276	Ent[ent_17]	Ent[ent_873]	George Stephanopoulos	White House	prep|->prep->of->pobj->staff->nn->|nn
rel_276	Ent[ent_17]	Ent[ent_873]	George Stephanopoulos	White House	poss|<-poss<-memoir->nn->|nn
rel_27	Ent[ent_17]	Ent[ent_586]	George Stephanopoulos	White House	poss|<-poss<-book->prep->as->pobj->account->prep->from->pobj->insider->nn->|nn
rel_27	Ent[ent_17]	Ent[ent_586]	George Stephanopoulos	White House	poss|<-poss<-book->prep->about->pobj->|pobj
rel_27	Ent[ent_17]	Ent[ent_586]	George Stephanopoulos	White House	pobj|<-pobj<-to->dep->make->prep->at->pobj->briefing->nn->|nn
rel_399	Ent[ent_915]	Ent[ent_918]	Robert S. Mueller III	F.B.I.	appos|->appos->director->nn->|nn
rel_27	Ent[ent_915]	Ent[ent_918]	Robert S. Mueller III	F.B.I.	appos|->appos->director->prep->of->pobj->|pobj
rel_27	Ent[ent_915]	Ent[ent_918]	Robert S. Mueller III	F.B.I.	nsubj|<-nsubj<-criticize->dobj->performance->prep->of->pobj->agent->nn->|nn
rel_27	Ent[ent_915]	Ent[ent_918]	Robert S. Mueller III	F.B.I.	rcmod|->rcmod->take->prep->as->pobj->director->prep->of->pobj->|pobj
rel_399	Ent[ent_915]	Ent[ent_918]	Robert S. Mueller III	F.B.I.	rcmod|->rcmod->take->prep->as->pobj->director->nn->|nn
rel_399	Ent[ent_915]	Ent[ent_918]	Robert S. Mueller III	F.B.I.	rcmod|->rcmod->take->dobj->job->poss->|poss
rel_341	Ent[ent_915]	Ent[ent_466]	Robert S. Mueller III	F.B.I.	rcmod|->rcmod->director->nn->|nn
rel_399	Ent[ent_915]	Ent[ent_918]	Robert S. Mueller III	F.B.I.	rcmod|->rcmod->confirm->prep->as->pobj->director->nn->|nn
rel_399	Ent[ent_915]	Ent[ent_918]	Robert S. Mueller III	F.B.I.	prep|->prep->of->pobj->plan->nn->|nn
rel_341	Ent[ent_915]	Ent[ent_466]	Robert S. Mueller III	F.B.I.	nsubj|<-nsubj<-take->prep->as->pobj->director->prep->of->pobj->|pobj
rel_330	Ent[ent_917]	Ent[ent_873]	Richard G. Darman	White House	appos|->appos->director->nn->|nn
rel_102	Ent[ent_917]	Ent[ent_586]	Richard G. Darman	White House	appos|->appos->director->prep->of->pobj->|pobj
rel_330	Ent[ent_917]	Ent[ent_873]	Richard G. Darman	White House	nsubj|<-nsubj<-be->prep->to->pobj->|pobj
rel_330	Ent[ent_917]	Ent[ent_873]	Richard G. Darman	White House	appos|->appos->chief->nn->|nn
rel_102	Ent[ent_917]	Ent[ent_586]	Richard G. Darman	White House	rcmod|->rcmod->pare->dobj->request->prep->for->pobj->transportation->prep->in->pobj->request->rcmod->send->nsubj->|nsubj
rel_102	Ent[ent_917]	Ent[ent_586]	Richard G. Darman	White House	rcmod|->rcmod->director->nn->|nn
rel_102	Ent[ent_917]	Ent[ent_586]	Richard G. Darman	White House	pobj|<-pobj<-of<-prep<-victory->prep->in->pobj->struggle->prep->with->pobj->member->nn->|nn
rel_102	Ent[ent_917]	Ent[ent_586]	Richard G. Darman	White House	nsubj|<-nsubj<-sour->dobj->relation->nn->|nn
rel_102	Ent[ent_917]	Ent[ent_586]	Richard G. Darman	White House	nsubj|<-nsubj<-chat->prep->in->pobj->lot->nn->|nn
rel_102	Ent[ent_917]	Ent[ent_586]	Richard G. Darman	White House	nsubj|<-nsubj<-be->prep->at->pobj->|pobj
rel_102	Ent[ent_919]	Ent[ent_918]	Louis J. Freeh	F.B.I.	appos|->appos->director->nn->|nn
rel_102	Ent[ent_919]	Ent[ent_918]	Louis J. Freeh	F.B.I.	appos|->appos->director->prep->of->pobj->|pobj
rel_102	Ent[ent_919]	Ent[ent_918]	Louis J. Freeh	F.B.I.	dep|->dep->director->nn->|nn
rel_102	Ent[ent_919]	Ent[ent_918]	Louis J. Freeh	F.B.I.	rcmod|->rcmod->remain->prep->as->pobj->director->prep->of->pobj->official->nn->|nn
rel_83	Ent[ent_919]	Ent[ent_466]	Louis J. Freeh	F.B.I.	rcmod|->rcmod->leave->prep->as->pobj->director->nn->|nn
rel_102	Ent[ent_919]	Ent[ent_918]	Louis J. Freeh	F.B.I.	rcmod|->rcmod->director->prep->of->pobj->|pobj
rel_102	Ent[ent_919]	Ent[ent_918]	Louis J. Freeh	F.B.I.	prep|->prep->of->pobj->official->nn->|nn
rel_102	Ent[ent_919]	Ent[ent_918]	Louis J. Freeh	F.B.I.	poss|<-poss<-announcement->prep->as->pobj->director->prep->of->pobj->|pobj
rel_102	Ent[ent_919]	Ent[ent_918]	Louis J. Freeh	F.B.I.	pobj|<-pobj<-of<-prep<-reign->prep->as->pobj->director->prep->of->pobj->|pobj
rel_102	Ent[ent_919]	Ent[ent_918]	Louis J. Freeh	F.B.I.	nsubjpass|<-nsubjpass<-swear->prep->as->pobj->director->prep->of->pobj->|pobj
rel_399	Ent[ent_910]	Ent[ent_586]	Patrick J. Buchanan	White House	appos|->appos->director->nn->|nn
rel_399	Ent[ent_910]	Ent[ent_586]	Patrick J. Buchanan	White House	nsubj|<-nsubj<-prepare->dobj->bid->prep->for->pobj->|pobj
rel_399	Ent[ent_910]	Ent[ent_586]	Patrick J. Buchanan	White House	appos|->appos->speechwriter->nn->|nn
rel_216	Ent[ent_910]	Ent[ent_227]	Patrick J. Buchanan	White House	appos|->appos->director->prep->of->pobj->communication->nn->|nn
rel_216	Ent[ent_910]	Ent[ent_227]	Patrick J. Buchanan	White House	appos|->appos->aide->nn->|nn
rel_216	Ent[ent_910]	Ent[ent_227]	Patrick J. Buchanan	White House	rcmod|->rcmod->work->prep->in->pobj->|pobj
rel_216	Ent[ent_910]	Ent[ent_227]	Patrick J. Buchanan	White House	pobj|<-pobj<-with<-prep<-determine->nsubjpass->|nsubjpass
rel_216	Ent[ent_910]	Ent[ent_227]	Patrick J. Buchanan	White House	pobj|<-pobj<-from<-prep<-memorandum<-dobj<-receive->dobj->speechwriter->nn->|nn
rel_216	Ent[ent_910]	Ent[ent_227]	Patrick J. Buchanan	White House	pobj|<-pobj<-as<-prep<-conservative<-pobj<-of<-prep<-support<-dobj<-enlist->prep->until->pobj->director->nn->|nn
rel_216	Ent[ent_910]	Ent[ent_227]	Patrick J. Buchanan	White House	nsubj|<-nsubj<-weigh->prep->from->pobj->|pobj
rel_399	Ent[ent_912]	Ent[ent_918]	J. Edgar Hoover	F.B.I.	appos|->appos->director->nn->|nn
rel_399	Ent[ent_912]	Ent[ent_918]	J. Edgar Hoover	F.B.I.	appos|->appos->director->prep->of->pobj->|pobj
rel_27	Ent[ent_912]	Ent[ent_918]	J. Edgar Hoover	F.B.I.	dep|->dep->director->nn->|nn
rel_27	Ent[ent_912]	Ent[ent_918]	J. Edgar Hoover	F.B.I.	nsubj|<-nsubj<-run->dobj->|dobj
rel_27	Ent[ent_912]	Ent[ent_918]	J. Edgar Hoover	F.B.I.	appos|->appos->director->poss->|poss
rel_399	Ent[ent_912]	Ent[ent_918]	J. Edgar Hoover	F.B.I.	appos|->appos->chief->nn->|nn
rel_399	Ent[ent_912]	Ent[ent_918]	J. Edgar Hoover	F.B.I.	rcmod|->rcmod->director->nn->|nn
rel_27	Ent[ent_912]	Ent[ent_918]	J. Edgar Hoover	F.B.I.	rcmod|->rcmod->create->dobj->|dobj
rel_399	Ent[ent_912]	Ent[ent_918]	J. Edgar Hoover	F.B.I.	poss|<-poss<-rise->prep->as->pobj->director->nn->|nn
rel_27	Ent[ent_912]	Ent[ent_918]	J. Edgar Hoover	F.B.I.	poss|<-poss<-reign->prep->at->pobj->|pobj
rel_399	Ent[ent_911]	Ent[ent_1002]	Mike Jendrzejczyk	Washington	appos|->appos->director->nn->|nn
rel_399	Ent[ent_911]	Ent[ent_1002]	Mike Jendrzejczyk	Washington	appos|->appos->director->prep->in->pobj->|pobj
rel_399	Ent[ent_911]	Ent[ent_1002]	Mike Jendrzejczyk	Washington	appos|->appos->chief->nn->|nn
rel_192	Ent[ent_914]	Ent[ent_586]	Douglas Sosnik	White House	appos|->appos->director->nn->|nn
rel_399	Ent[ent_914]	Ent[ent_873]	Douglas Sosnik	White House	rcmod|->rcmod->director->nn->|nn
rel_399	Ent[ent_914]	Ent[ent_873]	Douglas Sosnik	White House	appos|->appos->counselor->nn->|nn
rel_399	Ent[ent_914]	Ent[ent_873]	Douglas Sosnik	White House	appos|->appos->adviser->nn->|nn
rel_267	Ent[ent_914]	Ent[ent_227]	Douglas Sosnik	White House	pobj|<-pobj<-to<-prep<-send<-dep<-memorandum<-pobj<-in<-prep<-director->nn->|nn
rel_399	Ent[ent_914]	Ent[ent_873]	Douglas Sosnik	White House	nsubj|<-nsubj<-work->prep->as->pobj->director->nn->|nn
rel_399	Ent[ent_914]	Ent[ent_873]	Douglas Sosnik	White House	appos|->appos->director->prep->of->pobj->|pobj
rel_399	Ent[ent_914]	Ent[ent_873]	Douglas Sosnik	White House	appos|->appos->adviser->rcmod->director->nn->|nn
rel_399	Ent[ent_913]	Ent[ent_586]	Mark D. Gearan	White House	appos|->appos->director->nn->|nn
rel_399	Ent[ent_913]	Ent[ent_586]	Mark D. Gearan	White House	pobj|<-pobj<-by<-prep<-series<-pobj<-in<-prep<-take<-partmod<-note->dep->director->nn->|nn
rel_399	Ent[ent_913]	Ent[ent_586]	Mark D. Gearan	White House	appos|->appos->spokesman->nn->|nn
rel_399	Ent[ent_913]	Ent[ent_586]	Mark D. Gearan	White House	appos|->appos->chief->nn->|nn
