{
  "checked_at": "2026-09-29T20:33:03.221Z",
  "manifest_sha256": "194575239374749a068219c81169222ad6c59db88d1f7e3ddbed7e878227f8e0",
  "scope": "Every pre-existing experiment, sampler source/result, and HANDOFF; new coverage evaluation excluded",
  "maintenance_ledger": "reports/buggy-evaluation-cleanup-2026-09-28/maintenance_changes.json",
  "entries": 9721,
  "regular_files": 8318,
  "symlinks": 2,
  "bytes_read": 555788091,
  "unchanged": false,
  "consistent_with_authorized_maintenance": false,
  "authorized_changes": [
    {
      "path": "HANDOFF.md",
      "kind": "modified",
      "previous_sha256": "a32a603ff74138d60aea3b8717185a5e52bbab46d0305bfc231bbe7f9c54e0ff",
      "current_sha256": "bab9b25c97da44bcb3a57f6fecdfabc0e1cd93a86f268ab341cb7ac5f4ed9682",
      "reason": "Authorized canonical-sampler consolidation; documentation also reflects evaluation retirement where applicable. Authorized 2026-09-29 evaluation consolidation: shared maintained implementation, compatible callers and navigation; saved scientific evidence, judgments and results unchanged."
    },
    {
      "path": "resources/sampler-140626/results/figure1-2026/pr_polysemy.png",
      "kind": "deleted",
      "previous_sha256": "bfee736c8f151b715db67cc37086d3c77dd6fe809bb624b6e47ad3354fa78fd6",
      "current_sha256": null,
      "reason": "Retire confirmed-active-bug evaluation reports and grades; maintain retained evaluation references."
    },
    {
      "path": "resources/sampler-140626/results/figure1-2026-fixed/README.md",
      "kind": "modified",
      "previous_sha256": "f341d7fed50822c9225531a4c56ae4f89950c28d55e2fb2aa4f828af983ed945",
      "current_sha256": "839235d83854e0bfb2ce253b61c7998f90ec73c57af49cb0e64ff3a70ec5e0a3",
      "reason": "Retire confirmed-active-bug evaluation reports and grades; maintain retained evaluation references."
    },
    {
      "path": "resources/sampler-140626/results/figure1-2026-fixed/comparison.md",
      "kind": "deleted",
      "previous_sha256": "92b8d9c1e29575d0a6bfb006fe8f4fe81d50483340e300168a3ac62c1ab8aeaf",
      "current_sha256": null,
      "reason": "Retire confirmed-active-bug evaluation reports and grades; maintain retained evaluation references."
    },
    {
      "path": "resources/sampler-140626/results/figure1-2026-fixed/comparison_at_recall.csv",
      "kind": "deleted",
      "previous_sha256": "0149b1ffe14cd96704020ca985bbc54394611a42d3620413bbef73e07c2fbc5d",
      "current_sha256": null,
      "reason": "Retire confirmed-active-bug evaluation reports and grades; maintain retained evaluation references."
    },
    {
      "path": "resources/sampler-140626/results/figure1-2026-fixed/comparison_before_after.pdf",
      "kind": "deleted",
      "previous_sha256": "88c1e74af3b6335352215174a416980f127d73ac2debe3905a9679c39536e04c",
      "current_sha256": null,
      "reason": "Retire confirmed-active-bug evaluation reports and grades; maintain retained evaluation references."
    },
    {
      "path": "resources/sampler-140626/results/figure1-2026-fixed/comparison_before_after.png",
      "kind": "deleted",
      "previous_sha256": "a31e6a7e146aa664ad47d50906b4f10febf2b1ef9a63a66e0fecad8098f92264",
      "current_sha256": null,
      "reason": "Retire confirmed-active-bug evaluation reports and grades; maintain retained evaluation references."
    },
    {
      "path": "resources/sampler-140626/results/figure1-2026-fixed/comparison_details.json",
      "kind": "deleted",
      "previous_sha256": "48bc9dd7f0209959a55028e0aa6c4059d173181021dce3c266b35dae829e8b98",
      "current_sha256": null,
      "reason": "Retire confirmed-active-bug evaluation reports and grades; maintain retained evaluation references."
    },
    {
      "path": "resources/sampler-140626/results/figure1-2026-self-pairs-included/README.md",
      "kind": "modified",
      "previous_sha256": "fff863e1bc2cee9fa91eeb12741dc3cfe0ff9ba2000de7d8ea8aa665218eda3e",
      "current_sha256": "f709f455af7b5f12bfbf31f5be71545506504a3bbd2cea4415b280c88d4b93ee",
      "reason": "Retire confirmed-active-bug evaluation reports and grades; maintain retained evaluation references."
    },
    {
      "path": "resources/sampler-140626/results/figure1-2026-self-pairs-included/before-fixes/prec_recall.out",
      "kind": "deleted",
      "previous_sha256": "7d60c903285543a78c395935dcb5ae5fe97a0303e26dc365adf8a69ad94b6e85",
      "current_sha256": null,
      "reason": "Retire confirmed-active-bug evaluation reports and grades; maintain retained evaluation references."
    },
    {
      "path": "resources/sampler-140626/results/figure1-2026-self-pairs-included/comparison_at_recall.csv",
      "kind": "modified",
      "previous_sha256": "0f24025d82f14dc3bf84c0951d576e7bf8ee83c6f593528991062cf0c1b4b402",
      "current_sha256": "ad2b72b6ea80ca602983984b14099d8d56eea1a8adf49a9fe1e5a1cd48bb0a2f",
      "reason": "Retire confirmed-active-bug evaluation reports and grades; maintain retained evaluation references."
    },
    {
      "path": "resources/sampler-140626/results/figure1-2026-self-pairs-included/comparison_before_after_with_self_pairs.png",
      "kind": "deleted",
      "previous_sha256": "3014adc415c13abce778538b9eb3958e8311df0a7a04bfb4335d28cc2be59055",
      "current_sha256": null,
      "reason": "Retire confirmed-active-bug evaluation reports and grades; maintain retained evaluation references."
    },
    {
      "path": "resources/sampler-140626/results/figure1-2026-self-pairs-included/comparison_before_after_with_self_pairs.svg",
      "kind": "deleted",
      "previous_sha256": "5ca0e847c2d6ac947d007590051d26700048eab1df99a1458904579cdcf620fd",
      "current_sha256": null,
      "reason": "Retire confirmed-active-bug evaluation reports and grades; maintain retained evaluation references."
    },
    {
      "path": "resources/sampler-140626/results/figure1-2026-self-pairs-included/comparison_details.json",
      "kind": "modified",
      "previous_sha256": "97732d47008bfff288a6f496d655bc9bea5ef633fbe459b8258dd4c2339f2c1d",
      "current_sha256": "58b37f9591107c6391682fecb5cc0f6a5a93ea4d288cecf2da1a392d5f2c6fb7",
      "reason": "Retire confirmed-active-bug evaluation reports and grades; maintain retained evaluation references."
    },
    {
      "path": "resources/sampler-140626/results/figure1-2026-self-pairs-included/metadata.json",
      "kind": "modified",
      "previous_sha256": "bfd74ef5b1c1881c87c0175f20b9c32209ee54636c17276622a38954abc2c704",
      "current_sha256": "934d2beeb2d37008dc4074019f7255ef200199fb53d89bc93d750e3e41204bd4",
      "reason": "Retire confirmed-active-bug evaluation reports and grades; maintain retained evaluation references."
    },
    {
      "path": "resources/sampler-140626/results/figure1-2026-self-pairs-included/regression_tests.txt",
      "kind": "modified",
      "previous_sha256": "7ef6872b0b7c2e13398a379f44f34942394a24621fd452619e5674ba8eb66775",
      "current_sha256": "2b337123abf610cb420b142f30f3627e613e715a0eadab44213f9e3667ae7c8d",
      "reason": "Retire confirmed-active-bug evaluation reports and grades; maintain retained evaluation references."
    },
    {
      "path": "resources/sampler-140626/results/figure1-2026-self-pairs-included/self_pair_effect.png",
      "kind": "modified",
      "previous_sha256": "7c85efca81e8e0a0785601ce5d9ccc5763347ab01c2e12d7c59764540e1e62b7",
      "current_sha256": "7ed9c8ac46850c301a820607fdbbbbbabb1e3177a4a4658cc5f04be53ed30a1a",
      "reason": "Retire confirmed-active-bug evaluation reports and grades; maintain retained evaluation references."
    },
    {
      "path": "resources/sampler-140626/results/figure1-2026-self-pairs-included/self_pair_effect.svg",
      "kind": "modified",
      "previous_sha256": "e17716861b9160c28ac7452614f869526a43dca8f6cc5033ab265d62f7780c88",
      "current_sha256": "d50a569e33691b3c431bb1d5de46827722b380d6f820e092f435fe43cebada11",
      "reason": "Retire confirmed-active-bug evaluation reports and grades; maintain retained evaluation references."
    },
    {
      "path": "resources/sampler-140626/results/nyt-2026/evaluation/README.md",
      "kind": "modified",
      "previous_sha256": "04ccd2e4fb339bf77b4b7e94f6e253c32ffb8da80e603d95ff878cc778db75e4",
      "current_sha256": "3b58b64ea85b3c99f31457f19f58d32747c357fbe75ac67249ee27acd4973ffa",
      "reason": "Retire confirmed-active-bug evaluation reports and grades; maintain retained evaluation references."
    },
    {
      "path": "resources/sampler-140626/results/nyt-2026/evaluation/ambiguous_cases.md",
      "kind": "deleted",
      "previous_sha256": "1e3f96180c456d482d46f69f8f523e5466a36f4a2fbe81840d365a306637eee8",
      "current_sha256": null,
      "reason": "Retire confirmed-active-bug evaluation reports and grades; maintain retained evaluation references."
    },
    {
      "path": "resources/sampler-140626/results/nyt-2026/evaluation/annotations/rel_110.json",
      "kind": "deleted",
      "previous_sha256": "735e3640a41e49734c3b6acce4682cd2bae04187438042bb58450ebc7d91f071",
      "current_sha256": null,
      "reason": "Retire confirmed-active-bug evaluation reports and grades; maintain retained evaluation references."
    },
    {
      "path": "resources/sampler-140626/results/nyt-2026/evaluation/annotations/rel_118.json",
      "kind": "deleted",
      "previous_sha256": "0017590ea1d9ae2a8bf79369b187fd952ea96bad16af7721b7797722fc1d47e1",
      "current_sha256": null,
      "reason": "Retire confirmed-active-bug evaluation reports and grades; maintain retained evaluation references."
    },
    {
      "path": "resources/sampler-140626/results/nyt-2026/evaluation/annotations/rel_134.json",
      "kind": "deleted",
      "previous_sha256": "087476d6c55b5777723c6a344be38b1cecc8a0cd64f143f03eab64923f0d9e59",
      "current_sha256": null,
      "reason": "Retire confirmed-active-bug evaluation reports and grades; maintain retained evaluation references."
    },
    {
      "path": "resources/sampler-140626/results/nyt-2026/evaluation/annotations/rel_136.json",
      "kind": "deleted",
      "previous_sha256": "83ed09431d40ed940e222f4646a58181f2bd57d1f14c662f9dcf286565ebe12d",
      "current_sha256": null,
      "reason": "Retire confirmed-active-bug evaluation reports and grades; maintain retained evaluation references."
    },
    {
      "path": "resources/sampler-140626/results/nyt-2026/evaluation/annotations/rel_144.json",
      "kind": "deleted",
      "previous_sha256": "acfaca243b27a6f4c966f91e995694518cae2a98a8df5a8373c53b23695f82b5",
      "current_sha256": null,
      "reason": "Retire confirmed-active-bug evaluation reports and grades; maintain retained evaluation references."
    },
    {
      "path": "resources/sampler-140626/results/nyt-2026/evaluation/annotations/rel_180.json",
      "kind": "deleted",
      "previous_sha256": "0001c01a759369e3679657f7e3dbc2caabead6cb3a2acd3c1c1f9bdda16ccad0",
      "current_sha256": null,
      "reason": "Retire confirmed-active-bug evaluation reports and grades; maintain retained evaluation references."
    },
    {
      "path": "resources/sampler-140626/results/nyt-2026/evaluation/annotations/rel_185.json",
      "kind": "deleted",
      "previous_sha256": "a27484522e0afceadc5cfc6bc24eeaf2171ff23cc9f2f8141114bf4db9ea6b82",
      "current_sha256": null,
      "reason": "Retire confirmed-active-bug evaluation reports and grades; maintain retained evaluation references."
    },
    {
      "path": "resources/sampler-140626/results/nyt-2026/evaluation/annotations/rel_192.json",
      "kind": "deleted",
      "previous_sha256": "efc99f293db13203aabd86a97c092896860638f37dc0b9a176aff6be2d531a35",
      "current_sha256": null,
      "reason": "Retire confirmed-active-bug evaluation reports and grades; maintain retained evaluation references."
    },
    {
      "path": "resources/sampler-140626/results/nyt-2026/evaluation/annotations/rel_20.json",
      "kind": "deleted",
      "previous_sha256": "615868a6508e95e486bc546eb3bd2966c543f9e33568ecb78974e31656c17108",
      "current_sha256": null,
      "reason": "Retire confirmed-active-bug evaluation reports and grades; maintain retained evaluation references."
    },
    {
      "path": "resources/sampler-140626/results/nyt-2026/evaluation/annotations/rel_27.json",
      "kind": "deleted",
      "previous_sha256": "49435a2975465ef65f33bb5f7f70aec30de93d7e0575ea0c1c49e372aacbd42d",
      "current_sha256": null,
      "reason": "Retire confirmed-active-bug evaluation reports and grades; maintain retained evaluation references."
    },
    {
      "path": "resources/sampler-140626/results/nyt-2026/evaluation/annotations/rel_294.json",
      "kind": "deleted",
      "previous_sha256": "2f3a70b6de7d1372878f97f3fbe7d6a59861d60085ab4becd330a95760d16fae",
      "current_sha256": null,
      "reason": "Retire confirmed-active-bug evaluation reports and grades; maintain retained evaluation references."
    },
    {
      "path": "resources/sampler-140626/results/nyt-2026/evaluation/annotations/rel_298.json",
      "kind": "deleted",
      "previous_sha256": "07ef3bb01fa22f01b020c2825648af4fc67beba0bfb431a0012683f3428f9e75",
      "current_sha256": null,
      "reason": "Retire confirmed-active-bug evaluation reports and grades; maintain retained evaluation references."
    },
    {
      "path": "resources/sampler-140626/results/nyt-2026/evaluation/annotations/rel_299.json",
      "kind": "deleted",
      "previous_sha256": "1e7ac72432209524f3e836117ca953629cad48d882cd7798cdc984d5e6b16c58",
      "current_sha256": null,
      "reason": "Retire confirmed-active-bug evaluation reports and grades; maintain retained evaluation references."
    },
    {
      "path": "resources/sampler-140626/results/nyt-2026/evaluation/annotations/rel_325.json",
      "kind": "deleted",
      "previous_sha256": "24f91f2a6680cb41671faf7af0a9d412e3976c24d26c8f15464e8917a249f97e",
      "current_sha256": null,
      "reason": "Retire confirmed-active-bug evaluation reports and grades; maintain retained evaluation references."
    },
    {
      "path": "resources/sampler-140626/results/nyt-2026/evaluation/annotations/rel_330.json",
      "kind": "deleted",
      "previous_sha256": "c36d4396159928bf6dca6331939f2ad847d67ad165d41996fd4507b447d1aeea",
      "current_sha256": null,
      "reason": "Retire confirmed-active-bug evaluation reports and grades; maintain retained evaluation references."
    },
    {
      "path": "resources/sampler-140626/results/nyt-2026/evaluation/annotations/rel_353.json",
      "kind": "deleted",
      "previous_sha256": "40a9130b59deb7e40a23045044dd006f1a37ce12dfbabfc5a9d8f4831a4379d5",
      "current_sha256": null,
      "reason": "Retire confirmed-active-bug evaluation reports and grades; maintain retained evaluation references."
    },
    {
      "path": "resources/sampler-140626/results/nyt-2026/evaluation/annotations/rel_355.json",
      "kind": "deleted",
      "previous_sha256": "c46491c205c8ccd3ed60d3a445c4e464e0dba14436b2f0cc7d0db477f6de729d",
      "current_sha256": null,
      "reason": "Retire confirmed-active-bug evaluation reports and grades; maintain retained evaluation references."
    },
    {
      "path": "resources/sampler-140626/results/nyt-2026/evaluation/annotations/rel_365.json",
      "kind": "deleted",
      "previous_sha256": "926d53047a7ac19158b1d8d3eb47b8361947584f207728d240f12140947c0b89",
      "current_sha256": null,
      "reason": "Retire confirmed-active-bug evaluation reports and grades; maintain retained evaluation references."
    },
    {
      "path": "resources/sampler-140626/results/nyt-2026/evaluation/annotations/rel_399.json",
      "kind": "deleted",
      "previous_sha256": "fdaa1e383db17ceafd75fdff3fadadb655fb523e6307c1b07651e2f7d2f1d169",
      "current_sha256": null,
      "reason": "Retire confirmed-active-bug evaluation reports and grades; maintain retained evaluation references."
    },
    {
      "path": "resources/sampler-140626/results/nyt-2026/evaluation/annotations/rel_80.json",
      "kind": "deleted",
      "previous_sha256": "c4c5c023cdfe8792ee165f7c7226aacb6f8979c071ebdbae2cd36f2dd3ee0ff2",
      "current_sha256": null,
      "reason": "Retire confirmed-active-bug evaluation reports and grades; maintain retained evaluation references."
    },
    {
      "path": "resources/sampler-140626/results/nyt-2026/evaluation/annotations/rel_92.json",
      "kind": "deleted",
      "previous_sha256": "65d5d40ca0e177953f2b9bbf3e393c10e95cebb08dfd9983c0fb89151a12e5e0",
      "current_sha256": null,
      "reason": "Retire confirmed-active-bug evaluation reports and grades; maintain retained evaluation references."
    },
    {
      "path": "resources/sampler-140626/results/nyt-2026/evaluation/archive_comparison.json",
      "kind": "modified",
      "previous_sha256": "9dc2185595da6df1ef59b0ded41d83ad20c581faaeefa590e5fc0651ff21ac36",
      "current_sha256": "4e27f9a932edea6d832e1d3f101aac1dddd7fd239e61232c279986edd87b5a7b",
      "reason": "Retire confirmed-active-bug evaluation reports and grades; maintain retained evaluation references."
    },
    {
      "path": "resources/sampler-140626/results/nyt-2026/evaluation/archived_comparison.md",
      "kind": "modified",
      "previous_sha256": "6097a0cd0d120d0718065f7b791c436a923bbd00a1691f056d57fc1f6a51fc38",
      "current_sha256": "02eeadf36cdc432836bcaacf6a96bd2dd022435831dfe291dc8898c2fd5a3b86",
      "reason": "Retire confirmed-active-bug evaluation reports and grades; maintain retained evaluation references."
    },
    {
      "path": "resources/sampler-140626/results/nyt-2026/evaluation/archived_fact_pairs.md",
      "kind": "modified",
      "previous_sha256": "08c32bc400d48ed080b501bf7fd4fa7ce6d9e75aaff7d4f3924e48db5de1523e",
      "current_sha256": "45d68fc0e2c1454501d90a67057bd4c7abdd85c3dbe17df737f04f9198800ab1",
      "reason": "Retire confirmed-active-bug evaluation reports and grades; maintain retained evaluation references."
    },
    {
      "path": "resources/sampler-140626/results/nyt-2026/evaluation/cases/rel_110.json",
      "kind": "deleted",
      "previous_sha256": "a5f147aece635354f744d63159c916410972c2d0c340e6fec802d67ac7fe354f",
      "current_sha256": null,
      "reason": "Retire confirmed-active-bug evaluation reports and grades; maintain retained evaluation references."
    },
    {
      "path": "resources/sampler-140626/results/nyt-2026/evaluation/cases/rel_110.txt",
      "kind": "deleted",
      "previous_sha256": "a3ff91a475a92f69fd29746cbdbd4a610d3b062c4c8c57b07189e9d30cf64950",
      "current_sha256": null,
      "reason": "Retire confirmed-active-bug evaluation reports and grades; maintain retained evaluation references."
    },
    {
      "path": "resources/sampler-140626/results/nyt-2026/evaluation/cases/rel_118.json",
      "kind": "deleted",
      "previous_sha256": "aa7bd79f85771bd3a31b9fd00e3b5dbaeb99a7f14bea1ee7e93bd918f9d2706f",
      "current_sha256": null,
      "reason": "Retire confirmed-active-bug evaluation reports and grades; maintain retained evaluation references."
    },
    {
      "path": "resources/sampler-140626/results/nyt-2026/evaluation/cases/rel_118.txt",
      "kind": "deleted",
      "previous_sha256": "8880f1aea022754ec3635cace7ef47394c049b017dca7e0bf15a936d7694bde4",
      "current_sha256": null,
      "reason": "Retire confirmed-active-bug evaluation reports and grades; maintain retained evaluation references."
    },
    {
      "path": "resources/sampler-140626/results/nyt-2026/evaluation/cases/rel_134.json",
      "kind": "deleted",
      "previous_sha256": "d16de801bcf8c1e510f07b75bdf5fc0567b023dcedae4ba008bf7566861ea35a",
      "current_sha256": null,
      "reason": "Retire confirmed-active-bug evaluation reports and grades; maintain retained evaluation references."
    },
    {
      "path": "resources/sampler-140626/results/nyt-2026/evaluation/cases/rel_134.txt",
      "kind": "deleted",
      "previous_sha256": "312a040a09b803c41c7676fc13022fab645d64dd44937331a79f6c69defa5247",
      "current_sha256": null,
      "reason": "Retire confirmed-active-bug evaluation reports and grades; maintain retained evaluation references."
    },
    {
      "path": "resources/sampler-140626/results/nyt-2026/evaluation/cases/rel_136.json",
      "kind": "deleted",
      "previous_sha256": "ebabfab1e2a4b88894a3dc969a27975c36c0ed654259508ab8b333d263a0b1cf",
      "current_sha256": null,
      "reason": "Retire confirmed-active-bug evaluation reports and grades; maintain retained evaluation references."
    },
    {
      "path": "resources/sampler-140626/results/nyt-2026/evaluation/cases/rel_136.txt",
      "kind": "deleted",
      "previous_sha256": "1526c24b3f87f21d18047c40788815a9188e3441882b3e37a53de75e55304989",
      "current_sha256": null,
      "reason": "Retire confirmed-active-bug evaluation reports and grades; maintain retained evaluation references."
    },
    {
      "path": "resources/sampler-140626/results/nyt-2026/evaluation/cases/rel_144.json",
      "kind": "deleted",
      "previous_sha256": "f7c8b0e4acbf4c1d15a640950e2c942c3f7713674fef569b57f16cbaefc65dbc",
      "current_sha256": null,
      "reason": "Retire confirmed-active-bug evaluation reports and grades; maintain retained evaluation references."
    },
    {
      "path": "resources/sampler-140626/results/nyt-2026/evaluation/cases/rel_144.txt",
      "kind": "deleted",
      "previous_sha256": "47af6278200cac257d8c53b08a2fb4d0f713b39f9645eb69530b3fbbdacd7f6d",
      "current_sha256": null,
      "reason": "Retire confirmed-active-bug evaluation reports and grades; maintain retained evaluation references."
    },
    {
      "path": "resources/sampler-140626/results/nyt-2026/evaluation/cases/rel_180.json",
      "kind": "deleted",
      "previous_sha256": "55b1be916cdca72652589d31baefcc59a0ed7cbf764fae2bf82057359f2adf79",
      "current_sha256": null,
      "reason": "Retire confirmed-active-bug evaluation reports and grades; maintain retained evaluation references."
    },
    {
      "path": "resources/sampler-140626/results/nyt-2026/evaluation/cases/rel_180.txt",
      "kind": "deleted",
      "previous_sha256": "9408f8f96e46322626b8981f72f7c5196c70db977f9d55cec94f46f07670e387",
      "current_sha256": null,
      "reason": "Retire confirmed-active-bug evaluation reports and grades; maintain retained evaluation references."
    },
    {
      "path": "resources/sampler-140626/results/nyt-2026/evaluation/cases/rel_185.json",
      "kind": "deleted",
      "previous_sha256": "f66a32f88c2b68fa0f2796f10267e0e8c937f6108c7e7d6b08e5b768cf412ab9",
      "current_sha256": null,
      "reason": "Retire confirmed-active-bug evaluation reports and grades; maintain retained evaluation references."
    },
    {
      "path": "resources/sampler-140626/results/nyt-2026/evaluation/cases/rel_185.txt",
      "kind": "deleted",
      "previous_sha256": "26ce2404ecf414061fc37516cd826649bf33b617c4c2eb29d0f70f48a48ec8ef",
      "current_sha256": null,
      "reason": "Retire confirmed-active-bug evaluation reports and grades; maintain retained evaluation references."
    },
    {
      "path": "resources/sampler-140626/results/nyt-2026/evaluation/cases/rel_192.json",
      "kind": "deleted",
      "previous_sha256": "b548cc6e79986559daadd4dbe6ac2c7e2f56849378d75d7c5f38779a98701dd9",
      "current_sha256": null,
      "reason": "Retire confirmed-active-bug evaluation reports and grades; maintain retained evaluation references."
    },
    {
      "path": "resources/sampler-140626/results/nyt-2026/evaluation/cases/rel_192.txt",
      "kind": "deleted",
      "previous_sha256": "e5f3ea7bc89eeefdf88d7144f35d329ea724b9e6c0e787125046a28d94142a6d",
      "current_sha256": null,
      "reason": "Retire confirmed-active-bug evaluation reports and grades; maintain retained evaluation references."
    },
    {
      "path": "resources/sampler-140626/results/nyt-2026/evaluation/cases/rel_20.json",
      "kind": "deleted",
      "previous_sha256": "d60757593de5487b22f2bc85d156a70209217018ada9e1fb9e9d4dcd6dffbbf0",
      "current_sha256": null,
      "reason": "Retire confirmed-active-bug evaluation reports and grades; maintain retained evaluation references."
    },
    {
      "path": "resources/sampler-140626/results/nyt-2026/evaluation/cases/rel_20.txt",
      "kind": "deleted",
      "previous_sha256": "7192b03a5c3db52abd3209e958f38a98ae15e533ab00d8855726b564068f9d53",
      "current_sha256": null,
      "reason": "Retire confirmed-active-bug evaluation reports and grades; maintain retained evaluation references."
    },
    {
      "path": "resources/sampler-140626/results/nyt-2026/evaluation/cases/rel_27.json",
      "kind": "deleted",
      "previous_sha256": "358d619b4c0b3c472ae29b154086a27afbeaaf8ddbfee45824a085ac66b1bfaf",
      "current_sha256": null,
      "reason": "Retire confirmed-active-bug evaluation reports and grades; maintain retained evaluation references."
    },
    {
      "path": "resources/sampler-140626/results/nyt-2026/evaluation/cases/rel_27.txt",
      "kind": "deleted",
      "previous_sha256": "6a47e72c3a8774f360899c61407c11ec08a191e8d3d4f0a734e27048cc39f615",
      "current_sha256": null,
      "reason": "Retire confirmed-active-bug evaluation reports and grades; maintain retained evaluation references."
    },
    {
      "path": "resources/sampler-140626/results/nyt-2026/evaluation/cases/rel_294.json",
      "kind": "deleted",
      "previous_sha256": "d3c460623cf5d3dd351f1253fa4b8a2f796a6aa17963cd244dff5d2149f92ef8",
      "current_sha256": null,
      "reason": "Retire confirmed-active-bug evaluation reports and grades; maintain retained evaluation references."
    },
    {
      "path": "resources/sampler-140626/results/nyt-2026/evaluation/cases/rel_294.txt",
      "kind": "deleted",
      "previous_sha256": "493940cb943f02cce68b33f9f92b86d610602cec7c1fe2c981e210b0ffba03b8",
      "current_sha256": null,
      "reason": "Retire confirmed-active-bug evaluation reports and grades; maintain retained evaluation references."
    },
    {
      "path": "resources/sampler-140626/results/nyt-2026/evaluation/cases/rel_298.json",
      "kind": "deleted",
      "previous_sha256": "3ec8661e3e672581ba937583ec878802648a06aa73d0e7cf6263280f53ac8a70",
      "current_sha256": null,
      "reason": "Retire confirmed-active-bug evaluation reports and grades; maintain retained evaluation references."
    },
    {
      "path": "resources/sampler-140626/results/nyt-2026/evaluation/cases/rel_298.txt",
      "kind": "deleted",
      "previous_sha256": "b85d596e61ff379d49ed78d4858b8259fcb7367c964bc6cc369bef60b98a1697",
      "current_sha256": null,
      "reason": "Retire confirmed-active-bug evaluation reports and grades; maintain retained evaluation references."
    },
    {
      "path": "resources/sampler-140626/results/nyt-2026/evaluation/cases/rel_299.json",
      "kind": "deleted",
      "previous_sha256": "f0dc05b37f774b16796f28a8beeed87a545b35b603e4056d6182cf3fdf3f3891",
      "current_sha256": null,
      "reason": "Retire confirmed-active-bug evaluation reports and grades; maintain retained evaluation references."
    },
    {
      "path": "resources/sampler-140626/results/nyt-2026/evaluation/cases/rel_299.txt",
      "kind": "deleted",
      "previous_sha256": "d04865c1652dc571481ba51284dbb4ee41db204e629166f441f31458edb1fc86",
      "current_sha256": null,
      "reason": "Retire confirmed-active-bug evaluation reports and grades; maintain retained evaluation references."
    },
    {
      "path": "resources/sampler-140626/results/nyt-2026/evaluation/cases/rel_325.json",
      "kind": "deleted",
      "previous_sha256": "4760dc52d3463ee53ffe5af25b49b22657ec745f7ed7cb2f62545deba2822519",
      "current_sha256": null,
      "reason": "Retire confirmed-active-bug evaluation reports and grades; maintain retained evaluation references."
    },
    {
      "path": "resources/sampler-140626/results/nyt-2026/evaluation/cases/rel_325.txt",
      "kind": "deleted",
      "previous_sha256": "e2aeb4bbf70bd2b383014b38b4f74223740d71d8652edc02c3e62703e91de77c",
      "current_sha256": null,
      "reason": "Retire confirmed-active-bug evaluation reports and grades; maintain retained evaluation references."
    },
    {
      "path": "resources/sampler-140626/results/nyt-2026/evaluation/cases/rel_330.json",
      "kind": "deleted",
      "previous_sha256": "3ad62bfce6fef1eca43be0c712d6d9e92ad03bcc3bd22c2a4aa2a558775f5da0",
      "current_sha256": null,
      "reason": "Retire confirmed-active-bug evaluation reports and grades; maintain retained evaluation references."
    },
    {
      "path": "resources/sampler-140626/results/nyt-2026/evaluation/cases/rel_330.txt",
      "kind": "deleted",
      "previous_sha256": "c8a5537420f25b434976f8a43088d8248bc10dc878cc7e1721cb0d31e60a1bba",
      "current_sha256": null,
      "reason": "Retire confirmed-active-bug evaluation reports and grades; maintain retained evaluation references."
    },
    {
      "path": "resources/sampler-140626/results/nyt-2026/evaluation/cases/rel_353.json",
      "kind": "deleted",
      "previous_sha256": "2695050782b5581ce55b4de6f151c9d9a3463db0bad331524df255c29e5d1a7c",
      "current_sha256": null,
      "reason": "Retire confirmed-active-bug evaluation reports and grades; maintain retained evaluation references."
    },
    {
      "path": "resources/sampler-140626/results/nyt-2026/evaluation/cases/rel_353.txt",
      "kind": "deleted",
      "previous_sha256": "8a9e334ac9aff094b4db19030e18d41a0ec960b12f955ec89230a6155ec93209",
      "current_sha256": null,
      "reason": "Retire confirmed-active-bug evaluation reports and grades; maintain retained evaluation references."
    },
    {
      "path": "resources/sampler-140626/results/nyt-2026/evaluation/cases/rel_355.json",
      "kind": "deleted",
      "previous_sha256": "d19ccb70dd2c99724cfd0f86a0eb3c81b97d36228a22896cb1e1835c4fa7366a",
      "current_sha256": null,
      "reason": "Retire confirmed-active-bug evaluation reports and grades; maintain retained evaluation references."
    },
    {
      "path": "resources/sampler-140626/results/nyt-2026/evaluation/cases/rel_355.txt",
      "kind": "deleted",
      "previous_sha256": "fea83bd0035f7eca71974a3a3878a56436eb3f685dd3fca5371e7d725907ab79",
      "current_sha256": null,
      "reason": "Retire confirmed-active-bug evaluation reports and grades; maintain retained evaluation references."
    },
    {
      "path": "resources/sampler-140626/results/nyt-2026/evaluation/cases/rel_365.json",
      "kind": "deleted",
      "previous_sha256": "6a853f9b512499badaa9e5b4d367fbf40658cffc3b8adb19a66570c8975cc477",
      "current_sha256": null,
      "reason": "Retire confirmed-active-bug evaluation reports and grades; maintain retained evaluation references."
    },
    {
      "path": "resources/sampler-140626/results/nyt-2026/evaluation/cases/rel_365.txt",
      "kind": "deleted",
      "previous_sha256": "3fc387ecddcdf3e7331e3d5ceaea334b63dc8fb8e8d9a0ca65d26ae130cb80f3",
      "current_sha256": null,
      "reason": "Retire confirmed-active-bug evaluation reports and grades; maintain retained evaluation references."
    },
    {
      "path": "resources/sampler-140626/results/nyt-2026/evaluation/cases/rel_399.json",
      "kind": "deleted",
      "previous_sha256": "9d9b792b2dae040e9be4b9085708a899888dadf782f775e45dcdbf32e3254eb2",
      "current_sha256": null,
      "reason": "Retire confirmed-active-bug evaluation reports and grades; maintain retained evaluation references."
    },
    {
      "path": "resources/sampler-140626/results/nyt-2026/evaluation/cases/rel_399.txt",
      "kind": "deleted",
      "previous_sha256": "261189c46c3e6ede119a6e510edbeaa9366f0ba9fd559ea08a77ea766aa8a084",
      "current_sha256": null,
      "reason": "Retire confirmed-active-bug evaluation reports and grades; maintain retained evaluation references."
    },
    {
      "path": "resources/sampler-140626/results/nyt-2026/evaluation/cases/rel_80.json",
      "kind": "deleted",
      "previous_sha256": "52f1aa8bdf003ba634c846a24b1150cf24a4b662e06fd85cc1366591cc9bf55d",
      "current_sha256": null,
      "reason": "Retire confirmed-active-bug evaluation reports and grades; maintain retained evaluation references."
    },
    {
      "path": "resources/sampler-140626/results/nyt-2026/evaluation/cases/rel_80.txt",
      "kind": "deleted",
      "previous_sha256": "0ba86ec7394e828997c3e38ba3838986f7d159715ad1734fb9d1dc714c0cf4fe",
      "current_sha256": null,
      "reason": "Retire confirmed-active-bug evaluation reports and grades; maintain retained evaluation references."
    },
    {
      "path": "resources/sampler-140626/results/nyt-2026/evaluation/cases/rel_92.json",
      "kind": "deleted",
      "previous_sha256": "3d931b9324d4d689be369c159ed2fc6b69bde35e070ca55913c86a5c741a9fbb",
      "current_sha256": null,
      "reason": "Retire confirmed-active-bug evaluation reports and grades; maintain retained evaluation references."
    },
    {
      "path": "resources/sampler-140626/results/nyt-2026/evaluation/cases/rel_92.txt",
      "kind": "deleted",
      "previous_sha256": "86c6c7648bcc9793dbf001567a73a1e39826c3bc13a9cef870253440b9d4b63f",
      "current_sha256": null,
      "reason": "Retire confirmed-active-bug evaluation reports and grades; maintain retained evaluation references."
    },
    {
      "path": "resources/sampler-140626/results/nyt-2026/evaluation/code_audit.md",
      "kind": "modified",
      "previous_sha256": "91cdbd31f82b274eb9e24dce8c150ff628d0d2cb86c6f584c75448609e44da25",
      "current_sha256": "485cf05d22b3f8b96efad1d4daa0fb6715b29ef0cc79eb0086ee528661eee008",
      "reason": "Retire confirmed-active-bug evaluation reports and grades; maintain retained evaluation references."
    },
    {
      "path": "resources/sampler-140626/results/nyt-2026/evaluation/evaluations.json",
      "kind": "deleted",
      "previous_sha256": "83f80370134b3eba19750e8ef11097d47c6477b5ebfe089e4aa4db6127a56c72",
      "current_sha256": null,
      "reason": "Retire confirmed-active-bug evaluation reports and grades; maintain retained evaluation references."
    },
    {
      "path": "resources/sampler-140626/results/nyt-2026/evaluation/human_review.json",
      "kind": "deleted",
      "previous_sha256": "26ee41113c15105de65a5054f566aa6e3d3f6c037ee6c131f090d0299ac276f1",
      "current_sha256": null,
      "reason": "Retire confirmed-active-bug evaluation reports and grades; maintain retained evaluation references."
    },
    {
      "path": "resources/sampler-140626/results/nyt-2026/evaluation/paper_path_comparison.json",
      "kind": "deleted",
      "previous_sha256": "ef43c9b3104ee447a6b40145ade66798034820a81ab651bb77eff40730c1569f",
      "current_sha256": null,
      "reason": "Retire confirmed-active-bug evaluation reports and grades; maintain retained evaluation references."
    },
    {
      "path": "resources/sampler-140626/results/nyt-2026/evaluation/predicate_choices.md",
      "kind": "deleted",
      "previous_sha256": "4cdc928ca651f82c381e90f11010e18118dac63c6b84f87052e5e5a1bb0ea3cf",
      "current_sha256": null,
      "reason": "Retire confirmed-active-bug evaluation reports and grades; maintain retained evaluation references."
    },
    {
      "path": "resources/sampler-140626/results/nyt-2026/evaluation/relations/rel_110.md",
      "kind": "deleted",
      "previous_sha256": "a62484ad730282994e86e1a255c075b36bcb56ca9757b40763dba9c29487d174",
      "current_sha256": null,
      "reason": "Retire confirmed-active-bug evaluation reports and grades; maintain retained evaluation references."
    },
    {
      "path": "resources/sampler-140626/results/nyt-2026/evaluation/relations/rel_118.md",
      "kind": "deleted",
      "previous_sha256": "5f360074655b9ceb7b6e5e8a121961db68442d504c9976ff7689afacb5601733",
      "current_sha256": null,
      "reason": "Retire confirmed-active-bug evaluation reports and grades; maintain retained evaluation references."
    },
    {
      "path": "resources/sampler-140626/results/nyt-2026/evaluation/relations/rel_134.md",
      "kind": "deleted",
      "previous_sha256": "84d5128a51c18b201b863256b0c9215323cd98d43871666c392435bed9b4bd8c",
      "current_sha256": null,
      "reason": "Retire confirmed-active-bug evaluation reports and grades; maintain retained evaluation references."
    },
    {
      "path": "resources/sampler-140626/results/nyt-2026/evaluation/relations/rel_136.md",
      "kind": "deleted",
      "previous_sha256": "18be6bdf48c15d1677dc61494ea6ca468d05270ebc01be2bfc9fa6bbfa07a8df",
      "current_sha256": null,
      "reason": "Retire confirmed-active-bug evaluation reports and grades; maintain retained evaluation references."
    },
    {
      "path": "resources/sampler-140626/results/nyt-2026/evaluation/relations/rel_144.md",
      "kind": "deleted",
      "previous_sha256": "894a89e40d4f9595275dc62cc50fa0646fb1b5436674b226abb54283f542c231",
      "current_sha256": null,
      "reason": "Retire confirmed-active-bug evaluation reports and grades; maintain retained evaluation references."
    },
    {
      "path": "resources/sampler-140626/results/nyt-2026/evaluation/relations/rel_180.md",
      "kind": "deleted",
      "previous_sha256": "60f0a45ac3faf3eb8743e145b986c4efcd31a42fc60ec9492d29d13d9d33ff57",
      "current_sha256": null,
      "reason": "Retire confirmed-active-bug evaluation reports and grades; maintain retained evaluation references."
    },
    {
      "path": "resources/sampler-140626/results/nyt-2026/evaluation/relations/rel_185.md",
      "kind": "deleted",
      "previous_sha256": "047774bf947fe19dc7b2d1943aa1bf366b1486bd1d79cbecd7568cf217ccba14",
      "current_sha256": null,
      "reason": "Retire confirmed-active-bug evaluation reports and grades; maintain retained evaluation references."
    },
    {
      "path": "resources/sampler-140626/results/nyt-2026/evaluation/relations/rel_192.md",
      "kind": "deleted",
      "previous_sha256": "98dc5d4255ba2b28800e01e51203b08f491eef291eb43aacc0feed71ae1099b3",
      "current_sha256": null,
      "reason": "Retire confirmed-active-bug evaluation reports and grades; maintain retained evaluation references."
    },
    {
      "path": "resources/sampler-140626/results/nyt-2026/evaluation/relations/rel_20.md",
      "kind": "deleted",
      "previous_sha256": "624c557a0effcc18f62b30404b68be5a95ad2d59238684667bb2f37e91376201",
      "current_sha256": null,
      "reason": "Retire confirmed-active-bug evaluation reports and grades; maintain retained evaluation references."
    },
    {
      "path": "resources/sampler-140626/results/nyt-2026/evaluation/relations/rel_27.md",
      "kind": "deleted",
      "previous_sha256": "eb9961ab330ec64c6bb553dc016073ac05d52c74f7b9c765ed15e60c734eec93",
      "current_sha256": null,
      "reason": "Retire confirmed-active-bug evaluation reports and grades; maintain retained evaluation references."
    },
    {
      "path": "resources/sampler-140626/results/nyt-2026/evaluation/relations/rel_294.md",
      "kind": "deleted",
      "previous_sha256": "8549ca939767115522f0ed6d129d9eb02a64d11b222d3765c51248e76ea7316d",
      "current_sha256": null,
      "reason": "Retire confirmed-active-bug evaluation reports and grades; maintain retained evaluation references."
    },
    {
      "path": "resources/sampler-140626/results/nyt-2026/evaluation/relations/rel_298.md",
      "kind": "deleted",
      "previous_sha256": "0bdce6cea140f474ff0c06e1ed7017e84654a53368525e24a96f3430952ee4d6",
      "current_sha256": null,
      "reason": "Retire confirmed-active-bug evaluation reports and grades; maintain retained evaluation references."
    },
    {
      "path": "resources/sampler-140626/results/nyt-2026/evaluation/relations/rel_299.md",
      "kind": "deleted",
      "previous_sha256": "149dcf20ed944bbc09fe20fe5d2f3e2427e308660cf4761aafb52c37396d04c1",
      "current_sha256": null,
      "reason": "Retire confirmed-active-bug evaluation reports and grades; maintain retained evaluation references."
    },
    {
      "path": "resources/sampler-140626/results/nyt-2026/evaluation/relations/rel_325.md",
      "kind": "deleted",
      "previous_sha256": "b5f91f6aa545a6acf25a6c5416f54cc0ea22cd47471df3caad6daf95a55b5072",
      "current_sha256": null,
      "reason": "Retire confirmed-active-bug evaluation reports and grades; maintain retained evaluation references."
    },
    {
      "path": "resources/sampler-140626/results/nyt-2026/evaluation/relations/rel_330.md",
      "kind": "deleted",
      "previous_sha256": "3ed10294e27aef45e629244275e9aa02eb75a67abc69d30aea6332ac3ad30afa",
      "current_sha256": null,
      "reason": "Retire confirmed-active-bug evaluation reports and grades; maintain retained evaluation references."
    },
    {
      "path": "resources/sampler-140626/results/nyt-2026/evaluation/relations/rel_353.md",
      "kind": "deleted",
      "previous_sha256": "6585b1c8e9e8a9523c5ca0aa07d7ea8ba20181997c0428d66aa8c98d2a90e458",
      "current_sha256": null,
      "reason": "Retire confirmed-active-bug evaluation reports and grades; maintain retained evaluation references."
    },
    {
      "path": "resources/sampler-140626/results/nyt-2026/evaluation/relations/rel_355.md",
      "kind": "deleted",
      "previous_sha256": "ad87247a327371195f7ca3e8d059109d73ea77d7f897629e08b680e1e7bf15f2",
      "current_sha256": null,
      "reason": "Retire confirmed-active-bug evaluation reports and grades; maintain retained evaluation references."
    },
    {
      "path": "resources/sampler-140626/results/nyt-2026/evaluation/relations/rel_365.md",
      "kind": "deleted",
      "previous_sha256": "f3232e133c81e382042134c5d1d5b69dbddb03a56b52e12333eec190fa046650",
      "current_sha256": null,
      "reason": "Retire confirmed-active-bug evaluation reports and grades; maintain retained evaluation references."
    },
    {
      "path": "resources/sampler-140626/results/nyt-2026/evaluation/relations/rel_399.md",
      "kind": "deleted",
      "previous_sha256": "b5b06d167437b21f9a6ae3354b12154d690eedfc32bffe94a1f40f3ca777e466",
      "current_sha256": null,
      "reason": "Retire confirmed-active-bug evaluation reports and grades; maintain retained evaluation references."
    },
    {
      "path": "resources/sampler-140626/results/nyt-2026/evaluation/relations/rel_80.md",
      "kind": "deleted",
      "previous_sha256": "7fb91d02e404b0015d27ce657aaa08c66a1e26ec49c00b29da1c8cd1184e011b",
      "current_sha256": null,
      "reason": "Retire confirmed-active-bug evaluation reports and grades; maintain retained evaluation references."
    },
    {
      "path": "resources/sampler-140626/results/nyt-2026/evaluation/relations/rel_92.md",
      "kind": "deleted",
      "previous_sha256": "6267fbd722c5b787244d33da24e33fb1b20f48b8accb0d8bad88e41dc400d808",
      "current_sha256": null,
      "reason": "Retire confirmed-active-bug evaluation reports and grades; maintain retained evaluation references."
    },
    {
      "path": "resources/sampler-140626/results/nyt-2026/evaluation/sampling_fixes.md",
      "kind": "modified",
      "previous_sha256": "9bd52e753d08b1845e5a03a880a6f25617eadae8ac3efcf35c9b1c942c30f9d5",
      "current_sha256": "3174cf74d62b398e54f412922eadcb66bc0a1d40d82b245c3eca93c7023d9e89",
      "reason": "Retire confirmed-active-bug evaluation reports and grades; maintain retained evaluation references."
    },
    {
      "path": "resources/sampler-140626/results/nyt-2026/evaluation/subsidiary_audit.md",
      "kind": "deleted",
      "previous_sha256": "0d6b781efd46d7ddd196d8ce9ca15c270486d26aa87627fa033ba6b255c223e5",
      "current_sha256": null,
      "reason": "Retire confirmed-active-bug evaluation reports and grades; maintain retained evaluation references."
    },
    {
      "path": "resources/sampler-140626/results/nyt-2026-fixed-400/README.md",
      "kind": "modified",
      "previous_sha256": "69a40b836f373ae14aac29153886ce472a76a0da1d0d96d32aaa85d4b268690a",
      "current_sha256": "d31d478354570df63cec6912c222c77b820fbdd6ec02c927c9321ceb93e05338",
      "reason": "Retire confirmed-active-bug evaluation reports and grades; maintain retained evaluation references."
    },
    {
      "path": "resources/sampler-140626/results/nyt-2026-fixed-400/comparison.json",
      "kind": "deleted",
      "previous_sha256": "32182b2f66f6b16d9d7e72b16a319c42455af49232d160429f04e9510a3c3d57",
      "current_sha256": null,
      "reason": "Retire confirmed-active-bug evaluation reports and grades; maintain retained evaluation references."
    },
    {
      "path": "resources/sampler-140626/results/nyt-2026-fixed-400/comparison.md",
      "kind": "deleted",
      "previous_sha256": "583aaf0205936876c040876847758d48aed6e37646470f4075a47bd02943cf83",
      "current_sha256": null,
      "reason": "Retire confirmed-active-bug evaluation reports and grades; maintain retained evaluation references."
    },
    {
      "path": "resources/sampler-140626/results/nyt-2026-fixed-400/evaluation/README.md",
      "kind": "modified",
      "previous_sha256": "9c5b7bd6a99429b1ea6caf48a42417f51bf87eb3748f0bd5d6160298c04bfbce",
      "current_sha256": "170ea8847802c1f8bca61c7bf5931e53686d6ce55a2212c744765ccc52a84d21",
      "reason": "Retire confirmed-active-bug evaluation reports and grades; maintain retained evaluation references."
    },
    {
      "path": "resources/sampler-140626/results/nyt-2026-fixed-400/evaluation/all_relations.md",
      "kind": "deleted",
      "previous_sha256": "eb405707c13b9b6f7dbab54b8471014694bc46162cbd791905b117dfc865c363",
      "current_sha256": null,
      "reason": "Retire confirmed-active-bug evaluation reports and grades; maintain retained evaluation references."
    },
    {
      "path": "resources/sampler-140626/results/nyt-2026-fixed-400/evaluation/ambiguous_cases.md",
      "kind": "deleted",
      "previous_sha256": "b7c9c67ff124ba23236ab7a4ff78a18e9d12aede868ed319c3d82c2261e98241",
      "current_sha256": null,
      "reason": "Retire confirmed-active-bug evaluation reports and grades; maintain retained evaluation references."
    },
    {
      "path": "resources/sampler-140626/results/nyt-2026-fixed-400/evaluation/annotations/rel_118.json",
      "kind": "deleted",
      "previous_sha256": "7072c49ac73e152755a36a4700b781a005c1899d4536e5a5f1bef089eed2576e",
      "current_sha256": null,
      "reason": "Retire confirmed-active-bug evaluation reports and grades; maintain retained evaluation references."
    },
    {
      "path": "resources/sampler-140626/results/nyt-2026-fixed-400/evaluation/annotations/rel_123.json",
      "kind": "deleted",
      "previous_sha256": "ddf302fd0b44732367ded2388febe5e45f0ccc0c175df4842ca679850e77a3ae",
      "current_sha256": null,
      "reason": "Retire confirmed-active-bug evaluation reports and grades; maintain retained evaluation references."
    },
    {
      "path": "resources/sampler-140626/results/nyt-2026-fixed-400/evaluation/annotations/rel_150.json",
      "kind": "deleted",
      "previous_sha256": "3201543e7c47e8879ea01fe5436e7a309b178cda71dbac745efc60fa5fcc22ee",
      "current_sha256": null,
      "reason": "Retire confirmed-active-bug evaluation reports and grades; maintain retained evaluation references."
    },
    {
      "path": "resources/sampler-140626/results/nyt-2026-fixed-400/evaluation/annotations/rel_16.json",
      "kind": "deleted",
      "previous_sha256": "f8dd21dd71ed6f38c8394e39b853f1f14ef0b768826c75f58569af81a457311b",
      "current_sha256": null,
      "reason": "Retire confirmed-active-bug evaluation reports and grades; maintain retained evaluation references."
    },
    {
      "path": "resources/sampler-140626/results/nyt-2026-fixed-400/evaluation/annotations/rel_162.json",
      "kind": "deleted",
      "previous_sha256": "9a63a62b6d977ea32596132e7fc80c5b1ec3e2a001e6208675ceb06e55a83126",
      "current_sha256": null,
      "reason": "Retire confirmed-active-bug evaluation reports and grades; maintain retained evaluation references."
    },
    {
      "path": "resources/sampler-140626/results/nyt-2026-fixed-400/evaluation/annotations/rel_173.json",
      "kind": "deleted",
      "previous_sha256": "a4344dc5af90bfe5efdc07abff0292468293d2429957d512920953159df1ee7d",
      "current_sha256": null,
      "reason": "Retire confirmed-active-bug evaluation reports and grades; maintain retained evaluation references."
    },
    {
      "path": "resources/sampler-140626/results/nyt-2026-fixed-400/evaluation/annotations/rel_175.json",
      "kind": "deleted",
      "previous_sha256": "ced7054b038d0289a3a4718cb5a69caeab24ff99ee4b6ffe23a27013c3c0e493",
      "current_sha256": null,
      "reason": "Retire confirmed-active-bug evaluation reports and grades; maintain retained evaluation references."
    },
    {
      "path": "resources/sampler-140626/results/nyt-2026-fixed-400/evaluation/annotations/rel_195.json",
      "kind": "deleted",
      "previous_sha256": "63a34d1b7c94b08a12a67d5dcba28230712a3c0fc56d306e0b4f1ddaee080dd1",
      "current_sha256": null,
      "reason": "Retire confirmed-active-bug evaluation reports and grades; maintain retained evaluation references."
    },
    {
      "path": "resources/sampler-140626/results/nyt-2026-fixed-400/evaluation/annotations/rel_201.json",
      "kind": "deleted",
      "previous_sha256": "1d2179643f275d15c2f5dbdda3ef05b79b3243bdcc393a5608a8fde1985b2a95",
      "current_sha256": null,
      "reason": "Retire confirmed-active-bug evaluation reports and grades; maintain retained evaluation references."
    },
    {
      "path": "resources/sampler-140626/results/nyt-2026-fixed-400/evaluation/annotations/rel_202.json",
      "kind": "deleted",
      "previous_sha256": "73a1479bbe4f58fd980210027feb8791630bb424fac09f3c45ada767192fa4a2",
      "current_sha256": null,
      "reason": "Retire confirmed-active-bug evaluation reports and grades; maintain retained evaluation references."
    },
    {
      "path": "resources/sampler-140626/results/nyt-2026-fixed-400/evaluation/annotations/rel_224.json",
      "kind": "deleted",
      "previous_sha256": "12560bbd40e93caad5de296de6809a042243427829ba4ed01c352b2c3787002d",
      "current_sha256": null,
      "reason": "Retire confirmed-active-bug evaluation reports and grades; maintain retained evaluation references."
    },
    {
      "path": "resources/sampler-140626/results/nyt-2026-fixed-400/evaluation/annotations/rel_286.json",
      "kind": "deleted",
      "previous_sha256": "d808f5c5d464b8ae940a5387f09b5b7dd68144795a6c57ee52d94c929459a92b",
      "current_sha256": null,
      "reason": "Retire confirmed-active-bug evaluation reports and grades; maintain retained evaluation references."
    },
    {
      "path": "resources/sampler-140626/results/nyt-2026-fixed-400/evaluation/annotations/rel_294.json",
      "kind": "deleted",
      "previous_sha256": "a8c89a64505662729705a002bb07a11fc047685fad513882d7c13a41257ae784",
      "current_sha256": null,
      "reason": "Retire confirmed-active-bug evaluation reports and grades; maintain retained evaluation references."
    },
    {
      "path": "resources/sampler-140626/results/nyt-2026-fixed-400/evaluation/annotations/rel_329.json",
      "kind": "deleted",
      "previous_sha256": "b88e27a2b48bd7c3dca175273b6c6a5a26e3616eca8f2e1b25d3ce8cf2dd51b2",
      "current_sha256": null,
      "reason": "Retire confirmed-active-bug evaluation reports and grades; maintain retained evaluation references."
    },
    {
      "path": "resources/sampler-140626/results/nyt-2026-fixed-400/evaluation/annotations/rel_330.json",
      "kind": "deleted",
      "previous_sha256": "13f1e77a72931f0186c69d4026becd68788b7b2414e900981140be651a45f89b",
      "current_sha256": null,
      "reason": "Retire confirmed-active-bug evaluation reports and grades; maintain retained evaluation references."
    },
    {
      "path": "resources/sampler-140626/results/nyt-2026-fixed-400/evaluation/annotations/rel_340.json",
      "kind": "deleted",
      "previous_sha256": "f70c075c53fc7cabbc255c6fb0ab8d59b026fa92786dc87d211db554a8232eb1",
      "current_sha256": null,
      "reason": "Retire confirmed-active-bug evaluation reports and grades; maintain retained evaluation references."
    },
    {
      "path": "resources/sampler-140626/results/nyt-2026-fixed-400/evaluation/annotations/rel_361.json",
      "kind": "deleted",
      "previous_sha256": "1661bbdd7e298c9d36b3b1bd79b433bdcc0e1df0fadc95fbe16f3931f1568e96",
      "current_sha256": null,
      "reason": "Retire confirmed-active-bug evaluation reports and grades; maintain retained evaluation references."
    },
    {
      "path": "resources/sampler-140626/results/nyt-2026-fixed-400/evaluation/annotations/rel_393.json",
      "kind": "deleted",
      "previous_sha256": "8163245d5d52c126847455fa22750652e09f5d8eba1f2874ea8a98be5852f3b6",
      "current_sha256": null,
      "reason": "Retire confirmed-active-bug evaluation reports and grades; maintain retained evaluation references."
    },
    {
      "path": "resources/sampler-140626/results/nyt-2026-fixed-400/evaluation/annotations/rel_7.json",
      "kind": "deleted",
      "previous_sha256": "8e93748fb7a2e50065a347d8b87dcc1ef70fdc6eea2b01b5f7603ffe2081465c",
      "current_sha256": null,
      "reason": "Retire confirmed-active-bug evaluation reports and grades; maintain retained evaluation references."
    },
    {
      "path": "resources/sampler-140626/results/nyt-2026-fixed-400/evaluation/annotations/rel_80.json",
      "kind": "deleted",
      "previous_sha256": "f8db1cad0f9823fbd4f60076ca1086a5eb0e23c23cc6faf48f544469dee8c555",
      "current_sha256": null,
      "reason": "Retire confirmed-active-bug evaluation reports and grades; maintain retained evaluation references."
    },
    {
      "path": "resources/sampler-140626/results/nyt-2026-fixed-400/evaluation/cases/rel_1.json",
      "kind": "deleted",
      "previous_sha256": "3f82b2b754a9566c2f47ed1dababe98e5d7324d1a73d3155e03977d39982b383",
      "current_sha256": null,
      "reason": "Retire confirmed-active-bug evaluation reports and grades; maintain retained evaluation references."
    },
    {
      "path": "resources/sampler-140626/results/nyt-2026-fixed-400/evaluation/cases/rel_1.txt",
      "kind": "deleted",
      "previous_sha256": "9cd5d84a89a8ac27eda8fdb7d236e1072246a6cabf6afa4576e8f55f0e5da6d8",
      "current_sha256": null,
      "reason": "Retire confirmed-active-bug evaluation reports and grades; maintain retained evaluation references."
    },
    {
      "path": "resources/sampler-140626/results/nyt-2026-fixed-400/evaluation/cases/rel_10.json",
      "kind": "deleted",
      "previous_sha256": "604b5158f2a398cc282c0bb4f78064626d0b7afe4e0cf040b5491804bb03d0fd",
      "current_sha256": null,
      "reason": "Retire confirmed-active-bug evaluation reports and grades; maintain retained evaluation references."
    },
    {
      "path": "resources/sampler-140626/results/nyt-2026-fixed-400/evaluation/cases/rel_10.txt",
      "kind": "deleted",
      "previous_sha256": "63db4d8b315704cdcbd86415fdc571284274f326c6843915dcc7991c869d7308",
      "current_sha256": null,
      "reason": "Retire confirmed-active-bug evaluation reports and grades; maintain retained evaluation references."
    },
    {
      "path": "resources/sampler-140626/results/nyt-2026-fixed-400/evaluation/cases/rel_104.json",
      "kind": "deleted",
      "previous_sha256": "e81772449978d1a6257556bec73838e5916b696315366d0ac279a6a519d8c827",
      "current_sha256": null,
      "reason": "Retire confirmed-active-bug evaluation reports and grades; maintain retained evaluation references."
    },
    {
      "path": "resources/sampler-140626/results/nyt-2026-fixed-400/evaluation/cases/rel_104.txt",
      "kind": "deleted",
      "previous_sha256": "a3a1be526ec1156f38d3ce1a724ad74249f595ce9db259f886fa93c512fe0366",
      "current_sha256": null,
      "reason": "Retire confirmed-active-bug evaluation reports and grades; maintain retained evaluation references."
    },
    {
      "path": "resources/sampler-140626/results/nyt-2026-fixed-400/evaluation/cases/rel_105.json",
      "kind": "deleted",
      "previous_sha256": "627a2e61e4817c53e2fd07f1382ff75caf5b87b89d1259d59b5d803cbc385f87",
      "current_sha256": null,
      "reason": "Retire confirmed-active-bug evaluation reports and grades; maintain retained evaluation references."
    },
    {
      "path": "resources/sampler-140626/results/nyt-2026-fixed-400/evaluation/cases/rel_105.txt",
      "kind": "deleted",
      "previous_sha256": "a2eacfa91012182e0c523211d4c526a4dd153debeba14025c6a7096d8577a7a1",
      "current_sha256": null,
      "reason": "Retire confirmed-active-bug evaluation reports and grades; maintain retained evaluation references."
    },
    {
      "path": "resources/sampler-140626/results/nyt-2026-fixed-400/evaluation/cases/rel_107.json",
      "kind": "deleted",
      "previous_sha256": "5a631418102776a44095935073dda215ecaf9592464b418a89f4da126716c7d7",
      "current_sha256": null,
      "reason": "Retire confirmed-active-bug evaluation reports and grades; maintain retained evaluation references."
    },
    {
      "path": "resources/sampler-140626/results/nyt-2026-fixed-400/evaluation/cases/rel_107.txt",
      "kind": "deleted",
      "previous_sha256": "6a879da7b40610d135075c0a58273b60f0fb28e9d2b522cc6dfe62c8b5c0f398",
      "current_sha256": null,
      "reason": "Retire confirmed-active-bug evaluation reports and grades; maintain retained evaluation references."
    },
    {
      "path": "resources/sampler-140626/results/nyt-2026-fixed-400/evaluation/cases/rel_11.json",
      "kind": "deleted",
      "previous_sha256": "4682b2f5b1237790dad40dfe9ad6e0ff96e7b137fe486828eabbe7dc68443e94",
      "current_sha256": null,
      "reason": "Retire confirmed-active-bug evaluation reports and grades; maintain retained evaluation references."
    },
    {
      "path": "resources/sampler-140626/results/nyt-2026-fixed-400/evaluation/cases/rel_11.txt",
      "kind": "deleted",
      "previous_sha256": "1adc40876587673e77727872275dba2c8eecd37a9b05ff34eae94f6329d27f48",
      "current_sha256": null,
      "reason": "Retire confirmed-active-bug evaluation reports and grades; maintain retained evaluation references."
    },
    {
      "path": "resources/sampler-140626/results/nyt-2026-fixed-400/evaluation/cases/rel_110.json",
      "kind": "deleted",
      "previous_sha256": "8045884a443e6d218b1e8a6410c6df4cfeef9deecdbb0f3a90f7e5a22622a9ec",
      "current_sha256": null,
      "reason": "Retire confirmed-active-bug evaluation reports and grades; maintain retained evaluation references."
    },
    {
      "path": "resources/sampler-140626/results/nyt-2026-fixed-400/evaluation/cases/rel_110.txt",
      "kind": "deleted",
      "previous_sha256": "d013531a466a660387bb2c7472ef78ffdb5c01a9905f1b132f16c07c73094b1e",
      "current_sha256": null,
      "reason": "Retire confirmed-active-bug evaluation reports and grades; maintain retained evaluation references."
    },
    {
      "path": "resources/sampler-140626/results/nyt-2026-fixed-400/evaluation/cases/rel_111.json",
      "kind": "deleted",
      "previous_sha256": "e391233091dfa25fe00b3a89eb8510c12bf7277db003c1f0d687d82a54a96d63",
      "current_sha256": null,
      "reason": "Retire confirmed-active-bug evaluation reports and grades; maintain retained evaluation references."
    },
    {
      "path": "resources/sampler-140626/results/nyt-2026-fixed-400/evaluation/cases/rel_111.txt",
      "kind": "deleted",
      "previous_sha256": "a63c03a610110d1ddb8133ac5ad91d6972089ac605a81a56db4fd60db0547580",
      "current_sha256": null,
      "reason": "Retire confirmed-active-bug evaluation reports and grades; maintain retained evaluation references."
    },
    {
      "path": "resources/sampler-140626/results/nyt-2026-fixed-400/evaluation/cases/rel_112.json",
      "kind": "deleted",
      "previous_sha256": "38b769d1b20fec5d67464a2c580ba095b16afaf9d947fbb32615fb9972baa007",
      "current_sha256": null,
      "reason": "Retire confirmed-active-bug evaluation reports and grades; maintain retained evaluation references."
    },
    {
      "path": "resources/sampler-140626/results/nyt-2026-fixed-400/evaluation/cases/rel_112.txt",
      "kind": "deleted",
      "previous_sha256": "a72156a6bd721e751f5869cfbf0f6d679c7cdd90a73618556222273d58e5dfb0",
      "current_sha256": null,
      "reason": "Retire confirmed-active-bug evaluation reports and grades; maintain retained evaluation references."
    },
    {
      "path": "resources/sampler-140626/results/nyt-2026-fixed-400/evaluation/cases/rel_113.json",
      "kind": "deleted",
      "previous_sha256": "07dfb09fc82210d2d7c636f9ecb11da568b4c72e9d0636a2bc536771a3235473",
      "current_sha256": null,
      "reason": "Retire confirmed-active-bug evaluation reports and grades; maintain retained evaluation references."
    },
    {
      "path": "resources/sampler-140626/results/nyt-2026-fixed-400/evaluation/cases/rel_113.txt",
      "kind": "deleted",
      "previous_sha256": "3f32150165a46f97ef89f52ff4fc5d6ea78bef8a9d0c431cf5aa8085bb28db87",
      "current_sha256": null,
      "reason": "Retire confirmed-active-bug evaluation reports and grades; maintain retained evaluation references."
    },
    {
      "path": "resources/sampler-140626/results/nyt-2026-fixed-400/evaluation/cases/rel_118.json",
      "kind": "deleted",
      "previous_sha256": "58d4710642478ccc1bbede2bd57c794101aa012a6b6ab374a0d8bfe6ede33282",
      "current_sha256": null,
      "reason": "Retire confirmed-active-bug evaluation reports and grades; maintain retained evaluation references."
    },
    {
      "path": "resources/sampler-140626/results/nyt-2026-fixed-400/evaluation/cases/rel_118.txt",
      "kind": "deleted",
      "previous_sha256": "eeac0921c4bc5f811e89e8ae38119ad51e4374c2aa839d13c3c97933368c7308",
      "current_sha256": null,
      "reason": "Retire confirmed-active-bug evaluation reports and grades; maintain retained evaluation references."
    },
    {
      "path": "resources/sampler-140626/results/nyt-2026-fixed-400/evaluation/cases/rel_12.json",
      "kind": "deleted",
      "previous_sha256": "63f47fa3a6f9b34e9681633267e8295b132a7d09c7759e7307053845ac514652",
      "current_sha256": null,
      "reason": "Retire confirmed-active-bug evaluation reports and grades; maintain retained evaluation references."
    },
    {
      "path": "resources/sampler-140626/results/nyt-2026-fixed-400/evaluation/cases/rel_12.txt",
      "kind": "deleted",
      "previous_sha256": "479d6e76989455bf873daab5ceea67145cd96b2941acab599e2553677a8b7dae",
      "current_sha256": null,
      "reason": "Retire confirmed-active-bug evaluation reports and grades; maintain retained evaluation references."
    },
    {
      "path": "resources/sampler-140626/results/nyt-2026-fixed-400/evaluation/cases/rel_121.json",
      "kind": "deleted",
      "previous_sha256": "8b63aaba1f72af12d7ef687cab2f96da4adcac0832be166f4882abbe853e4cd5",
      "current_sha256": null,
      "reason": "Retire confirmed-active-bug evaluation reports and grades; maintain retained evaluation references."
    },
    {
      "path": "resources/sampler-140626/results/nyt-2026-fixed-400/evaluation/cases/rel_121.txt",
      "kind": "deleted",
      "previous_sha256": "01f83fd4529e30fe4096009b1f56fcdb1ccebed04aa0960e97f99001f8707ece",
      "current_sha256": null,
      "reason": "Retire confirmed-active-bug evaluation reports and grades; maintain retained evaluation references."
    },
    {
      "path": "resources/sampler-140626/results/nyt-2026-fixed-400/evaluation/cases/rel_122.json",
      "kind": "deleted",
      "previous_sha256": "826a6ce560aad4f312c711188276e0ea2d5eae96d7336209e7d622ca3f2a08f5",
      "current_sha256": null,
      "reason": "Retire confirmed-active-bug evaluation reports and grades; maintain retained evaluation references."
    },
    {
      "path": "resources/sampler-140626/results/nyt-2026-fixed-400/evaluation/cases/rel_122.txt",
      "kind": "deleted",
      "previous_sha256": "536409395b8ca2dd3febe3dacd7c59213f39acf1d9db7e8945056d43c4e1e7a5",
      "current_sha256": null,
      "reason": "Retire confirmed-active-bug evaluation reports and grades; maintain retained evaluation references."
    },
    {
      "path": "resources/sampler-140626/results/nyt-2026-fixed-400/evaluation/cases/rel_123.json",
      "kind": "deleted",
      "previous_sha256": "44897ef975abe6c032e60423940b6e0a25135bc297a6cc8abec7dc0517ea480a",
      "current_sha256": null,
      "reason": "Retire confirmed-active-bug evaluation reports and grades; maintain retained evaluation references."
    },
    {
      "path": "resources/sampler-140626/results/nyt-2026-fixed-400/evaluation/cases/rel_123.txt",
      "kind": "deleted",
      "previous_sha256": "ad323ca3ae2c852a2bcbed072535d97ecba4d695586e042e61e3b5ba51be7e68",
      "current_sha256": null,
      "reason": "Retire confirmed-active-bug evaluation reports and grades; maintain retained evaluation references."
    },
    {
      "path": "resources/sampler-140626/results/nyt-2026-fixed-400/evaluation/cases/rel_124.json",
      "kind": "deleted",
      "previous_sha256": "a58d437b3058884079138299eb0e21ec7b46df1c22ad865cb267a3f4b713f169",
      "current_sha256": null,
      "reason": "Retire confirmed-active-bug evaluation reports and grades; maintain retained evaluation references."
    },
    {
      "path": "resources/sampler-140626/results/nyt-2026-fixed-400/evaluation/cases/rel_124.txt",
      "kind": "deleted",
      "previous_sha256": "428441b513e13b696cb32618255b570191786f8a0c725096b6dd63ae0164d6c3",
      "current_sha256": null,
      "reason": "Retire confirmed-active-bug evaluation reports and grades; maintain retained evaluation references."
    },
    {
      "path": "resources/sampler-140626/results/nyt-2026-fixed-400/evaluation/cases/rel_126.json",
      "kind": "deleted",
      "previous_sha256": "f6ae300624005f83d62c113688fd98458023bfabaae6f6d28511c346f39cbd55",
      "current_sha256": null,
      "reason": "Retire confirmed-active-bug evaluation reports and grades; maintain retained evaluation references."
    },
    {
      "path": "resources/sampler-140626/results/nyt-2026-fixed-400/evaluation/cases/rel_126.txt",
      "kind": "deleted",
      "previous_sha256": "88d959d65e78db2f39ba835820cfed0122c13f025928c3916e7ac0feafda5af5",
      "current_sha256": null,
      "reason": "Retire confirmed-active-bug evaluation reports and grades; maintain retained evaluation references."
    },
    {
      "path": "resources/sampler-140626/results/nyt-2026-fixed-400/evaluation/cases/rel_128.json",
      "kind": "deleted",
      "previous_sha256": "1d202b5fa475b33717c228e225b57a4df8d859c34dc7a14f1ee80fa64380b9da",
      "current_sha256": null,
      "reason": "Retire confirmed-active-bug evaluation reports and grades; maintain retained evaluation references."
    },
    {
      "path": "resources/sampler-140626/results/nyt-2026-fixed-400/evaluation/cases/rel_128.txt",
      "kind": "deleted",
      "previous_sha256": "3c3abba8208c7db410cb76cb4d368628b5ad0bb4f81e4e71345d1edf5bbac675",
      "current_sha256": null,
      "reason": "Retire confirmed-active-bug evaluation reports and grades; maintain retained evaluation references."
    },
    {
      "path": "resources/sampler-140626/results/nyt-2026-fixed-400/evaluation/cases/rel_131.json",
      "kind": "deleted",
      "previous_sha256": "7f9273f09efb7694b1bae2b8bf49c32f1b643fd866ebf67bbbc0a3656ff3368a",
      "current_sha256": null,
      "reason": "Retire confirmed-active-bug evaluation reports and grades; maintain retained evaluation references."
    },
    {
      "path": "resources/sampler-140626/results/nyt-2026-fixed-400/evaluation/cases/rel_131.txt",
      "kind": "deleted",
      "previous_sha256": "57f1093fc0c67e591a13379a93da3419c9f3baabdba8afdcb06e4c408066f396",
      "current_sha256": null,
      "reason": "Retire confirmed-active-bug evaluation reports and grades; maintain retained evaluation references."
    },
    {
      "path": "resources/sampler-140626/results/nyt-2026-fixed-400/evaluation/cases/rel_132.json",
      "kind": "deleted",
      "previous_sha256": "d796f44f97d8378baaa055db39b01503cc833ce2244bd92f52e878985b77c9ca",
      "current_sha256": null,
      "reason": "Retire confirmed-active-bug evaluation reports and grades; maintain retained evaluation references."
    },
    {
      "path": "resources/sampler-140626/results/nyt-2026-fixed-400/evaluation/cases/rel_132.txt",
      "kind": "deleted",
      "previous_sha256": "74c51d423c2b93ce8423ec004d8c28dff2e138cfdeca86608b9eb565bf350695",
      "current_sha256": null,
      "reason": "Retire confirmed-active-bug evaluation reports and grades; maintain retained evaluation references."
    },
    {
      "path": "resources/sampler-140626/results/nyt-2026-fixed-400/evaluation/cases/rel_136.json",
      "kind": "deleted",
      "previous_sha256": "7649e078df0d8ff056771206c67cb3e72b7be1196abb46ff44120e15413547a1",
      "current_sha256": null,
      "reason": "Retire confirmed-active-bug evaluation reports and grades; maintain retained evaluation references."
    },
    {
      "path": "resources/sampler-140626/results/nyt-2026-fixed-400/evaluation/cases/rel_136.txt",
      "kind": "deleted",
      "previous_sha256": "3659b48c2ed20806449fd4360215a5729841a0801cf58f1761faffb9656a81b5",
      "current_sha256": null,
      "reason": "Retire confirmed-active-bug evaluation reports and grades; maintain retained evaluation references."
    },
    {
      "path": "resources/sampler-140626/results/nyt-2026-fixed-400/evaluation/cases/rel_138.json",
      "kind": "deleted",
      "previous_sha256": "ef8da6c8514b6a0e266a1720f1119009e464b9fa8c8b7016b5b1639ef793bd94",
      "current_sha256": null,
      "reason": "Retire confirmed-active-bug evaluation reports and grades; maintain retained evaluation references."
    },
    {
      "path": "resources/sampler-140626/results/nyt-2026-fixed-400/evaluation/cases/rel_138.txt",
      "kind": "deleted",
      "previous_sha256": "fb79cfe38d8e4436bbfcc569dc81554ed9856cdaf1eb764fc449f9340aa78118",
      "current_sha256": null,
      "reason": "Retire confirmed-active-bug evaluation reports and grades; maintain retained evaluation references."
    },
    {
      "path": "resources/sampler-140626/results/nyt-2026-fixed-400/evaluation/cases/rel_140.json",
      "kind": "deleted",
      "previous_sha256": "9fc35f7f9e61cb32e468e84cb7d3c94e1593051d299b7c7413d64e2a664d00d5",
      "current_sha256": null,
      "reason": "Retire confirmed-active-bug evaluation reports and grades; maintain retained evaluation references."
    },
    {
      "path": "resources/sampler-140626/results/nyt-2026-fixed-400/evaluation/cases/rel_140.txt",
      "kind": "deleted",
      "previous_sha256": "599f6d4829833b2bd8b2600f3707a2036f22aa64396c58e7f7034ece25fca810",
      "current_sha256": null,
      "reason": "Retire confirmed-active-bug evaluation reports and grades; maintain retained evaluation references."
    },
    {
      "path": "resources/sampler-140626/results/nyt-2026-fixed-400/evaluation/cases/rel_145.json",
      "kind": "deleted",
      "previous_sha256": "b93f3bf1d745e0ef1ebaca589f11d1cbb6514fcbbaaead3dad6abacc49b85601",
      "current_sha256": null,
      "reason": "Retire confirmed-active-bug evaluation reports and grades; maintain retained evaluation references."
    },
    {
      "path": "resources/sampler-140626/results/nyt-2026-fixed-400/evaluation/cases/rel_145.txt",
      "kind": "deleted",
      "previous_sha256": "84d57b8ce63da69a5c8ff63eb08b7766ecf9cbb3558b637ef164268ccaf134e2",
      "current_sha256": null,
      "reason": "Retire confirmed-active-bug evaluation reports and grades; maintain retained evaluation references."
    },
    {
      "path": "resources/sampler-140626/results/nyt-2026-fixed-400/evaluation/cases/rel_146.json",
      "kind": "deleted",
      "previous_sha256": "43205428e155e8ae3a6213a308046821a6b4acc30f6c9e477646b1900a586f45",
      "current_sha256": null,
      "reason": "Retire confirmed-active-bug evaluation reports and grades; maintain retained evaluation references."
    },
    {
      "path": "resources/sampler-140626/results/nyt-2026-fixed-400/evaluation/cases/rel_146.txt",
      "kind": "deleted",
      "previous_sha256": "7277e673fc55aba9e2068d92b8f41fe299fa493fa6e9cfac3b4d089c58ecaeeb",
      "current_sha256": null,
      "reason": "Retire confirmed-active-bug evaluation reports and grades; maintain retained evaluation references."
    },
    {
      "path": "resources/sampler-140626/results/nyt-2026-fixed-400/evaluation/cases/rel_15.json",
      "kind": "deleted",
      "previous_sha256": "7e34554f5825c8c92e52f1a870f92fdc29de375256411cbceffef584c8b947d0",
      "current_sha256": null,
      "reason": "Retire confirmed-active-bug evaluation reports and grades; maintain retained evaluation references."
    },
    {
      "path": "resources/sampler-140626/results/nyt-2026-fixed-400/evaluation/cases/rel_15.txt",
      "kind": "deleted",
      "previous_sha256": "8bc23053980abf7998adb6536fed315f458b44cf47931310fd427ec8864536f9",
      "current_sha256": null,
      "reason": "Retire confirmed-active-bug evaluation reports and grades; maintain retained evaluation references."
    },
    {
      "path": "resources/sampler-140626/results/nyt-2026-fixed-400/evaluation/cases/rel_150.json",
      "kind": "deleted",
      "previous_sha256": "231ca1392032aafd118ecdda8562c13adce6e9e96c183cabf52446ebf61f18d7",
      "current_sha256": null,
      "reason": "Retire confirmed-active-bug evaluation reports and grades; maintain retained evaluation references."
    },
    {
      "path": "resources/sampler-140626/results/nyt-2026-fixed-400/evaluation/cases/rel_150.txt",
      "kind": "deleted",
      "previous_sha256": "7cb7fbe9e3fe5d18cef4a1882c391b34c92f17ecb7fa707c90207df44c9bf0d6",
      "current_sha256": null,
      "reason": "Retire confirmed-active-bug evaluation reports and grades; maintain retained evaluation references."
    },
    {
      "path": "resources/sampler-140626/results/nyt-2026-fixed-400/evaluation/cases/rel_151.json",
      "kind": "deleted",
      "previous_sha256": "70f1b608f6ba4db52a440b9b4fc95de9d66b686c236fc1417d354888ac6cea86",
      "current_sha256": null,
      "reason": "Retire confirmed-active-bug evaluation reports and grades; maintain retained evaluation references."
    },
    {
      "path": "resources/sampler-140626/results/nyt-2026-fixed-400/evaluation/cases/rel_151.txt",
      "kind": "deleted",
      "previous_sha256": "adc0c9b8e669b4cbece8abddc242dde0e3a83ee88bc21a52eef74ac8342d771b",
      "current_sha256": null,
      "reason": "Retire confirmed-active-bug evaluation reports and grades; maintain retained evaluation references."
    },
    {
      "path": "resources/sampler-140626/results/nyt-2026-fixed-400/evaluation/cases/rel_152.json",
      "kind": "deleted",
      "previous_sha256": "c2afc5abe293cadbda5711d10d9b8d41cc1e27e64da6c6287d5d0a7eafede8cf",
      "current_sha256": null,
      "reason": "Retire confirmed-active-bug evaluation reports and grades; maintain retained evaluation references."
    },
    {
      "path": "resources/sampler-140626/results/nyt-2026-fixed-400/evaluation/cases/rel_152.txt",
      "kind": "deleted",
      "previous_sha256": "5bd69b787fbf7c9704a06a8dddd4d3d3f5127194f4b3f58747ea0b871fc7e0ff",
      "current_sha256": null,
      "reason": "Retire confirmed-active-bug evaluation reports and grades; maintain retained evaluation references."
    },
    {
      "path": "resources/sampler-140626/results/nyt-2026-fixed-400/evaluation/cases/rel_157.json",
      "kind": "deleted",
      "previous_sha256": "7c1d91f272802641a582dab5aed43ce7897a508785ec9e831b22dd44adf16013",
      "current_sha256": null,
      "reason": "Retire confirmed-active-bug evaluation reports and grades; maintain retained evaluation references."
    },
    {
      "path": "resources/sampler-140626/results/nyt-2026-fixed-400/evaluation/cases/rel_157.txt",
      "kind": "deleted",
      "previous_sha256": "eaec77675d451ee1385beae2065880a7362ac66163fa641e8885f02d038460ce",
      "current_sha256": null,
      "reason": "Retire confirmed-active-bug evaluation reports and grades; maintain retained evaluation references."
    },
    {
      "path": "resources/sampler-140626/results/nyt-2026-fixed-400/evaluation/cases/rel_158.json",
      "kind": "deleted",
      "previous_sha256": "ff769a5346b01a1cae8ef75b4027d7cf5adcede590546b8248beef7416866cd9",
      "current_sha256": null,
      "reason": "Retire confirmed-active-bug evaluation reports and grades; maintain retained evaluation references."
    },
    {
      "path": "resources/sampler-140626/results/nyt-2026-fixed-400/evaluation/cases/rel_158.txt",
      "kind": "deleted",
      "previous_sha256": "351ab7b59d45b1d6dcce191fba722e283c4ca3b9349345a263b623ded51f6a33",
      "current_sha256": null,
      "reason": "Retire confirmed-active-bug evaluation reports and grades; maintain retained evaluation references."
    },
    {
      "path": "resources/sampler-140626/results/nyt-2026-fixed-400/evaluation/cases/rel_159.json",
      "kind": "deleted",
      "previous_sha256": "5ee5751e765bedf4e35f508e5de208931b65f074230a65665a818324696e5b03",
      "current_sha256": null,
      "reason": "Retire confirmed-active-bug evaluation reports and grades; maintain retained evaluation references."
    },
    {
      "path": "resources/sampler-140626/results/nyt-2026-fixed-400/evaluation/cases/rel_159.txt",
      "kind": "deleted",
      "previous_sha256": "0b50bcbaf32d98a553e91ba03f869452aa9a835f2a76e75cee7efefcacb9bd45",
      "current_sha256": null,
      "reason": "Retire confirmed-active-bug evaluation reports and grades; maintain retained evaluation references."
    },
    {
      "path": "resources/sampler-140626/results/nyt-2026-fixed-400/evaluation/cases/rel_16.json",
      "kind": "deleted",
      "previous_sha256": "0d12422fcb4502176765c0f60564547f0462c2b786bba9b69d10830803e27454",
      "current_sha256": null,
      "reason": "Retire confirmed-active-bug evaluation reports and grades; maintain retained evaluation references."
    },
    {
      "path": "resources/sampler-140626/results/nyt-2026-fixed-400/evaluation/cases/rel_16.txt",
      "kind": "deleted",
      "previous_sha256": "52c9ca48a50ee3c051660e6f0c5e64a6a46c62ea11de26c59ae95d27216945a6",
      "current_sha256": null,
      "reason": "Retire confirmed-active-bug evaluation reports and grades; maintain retained evaluation references."
    },
    {
      "path": "resources/sampler-140626/results/nyt-2026-fixed-400/evaluation/cases/rel_160.json",
      "kind": "deleted",
      "previous_sha256": "89e3d5d9186b0e65cf8df3f090f90126b043d95c0a2ff0ecf0e76c4f6935ce03",
      "current_sha256": null,
      "reason": "Retire confirmed-active-bug evaluation reports and grades; maintain retained evaluation references."
    },
    {
      "path": "resources/sampler-140626/results/nyt-2026-fixed-400/evaluation/cases/rel_160.txt",
      "kind": "deleted",
      "previous_sha256": "5968880e5a13f9f92a693926722aaa65d1619ea5963adbcbd52e2f92ab475f50",
      "current_sha256": null,
      "reason": "Retire confirmed-active-bug evaluation reports and grades; maintain retained evaluation references."
    },
    {
      "path": "resources/sampler-140626/results/nyt-2026-fixed-400/evaluation/cases/rel_162.json",
      "kind": "deleted",
      "previous_sha256": "fa2cbb0a0ab9efea79264321af8ed465d54e1bccbf67c01c9b486d5d8144fa6d",
      "current_sha256": null,
      "reason": "Retire confirmed-active-bug evaluation reports and grades; maintain retained evaluation references."
    },
    {
      "path": "resources/sampler-140626/results/nyt-2026-fixed-400/evaluation/cases/rel_162.txt",
      "kind": "deleted",
      "previous_sha256": "09304412d0a83c46a6bbcbe147ed420ed39199977a7bd4d02a79fb4cc9f0223e",
      "current_sha256": null,
      "reason": "Retire confirmed-active-bug evaluation reports and grades; maintain retained evaluation references."
    },
    {
      "path": "resources/sampler-140626/results/nyt-2026-fixed-400/evaluation/cases/rel_163.json",
      "kind": "deleted",
      "previous_sha256": "2de45580ba5ec3df624a840d5ca4daf26228c72006e441ff04124340be6b90f0",
      "current_sha256": null,
      "reason": "Retire confirmed-active-bug evaluation reports and grades; maintain retained evaluation references."
    },
    {
      "path": "resources/sampler-140626/results/nyt-2026-fixed-400/evaluation/cases/rel_163.txt",
      "kind": "deleted",
      "previous_sha256": "f27e68a5bb94e3224d9fa0996afb9c008df7b9a6bc432160cbb5c1cd5003fa74",
      "current_sha256": null,
      "reason": "Retire confirmed-active-bug evaluation reports and grades; maintain retained evaluation references."
    },
    {
      "path": "resources/sampler-140626/results/nyt-2026-fixed-400/evaluation/cases/rel_164.json",
      "kind": "deleted",
      "previous_sha256": "77439fa638bce148cd4d11aa4a391badf48888291f89c5c5d743f45da5e0492f",
      "current_sha256": null,
      "reason": "Retire confirmed-active-bug evaluation reports and grades; maintain retained evaluation references."
    },
    {
      "path": "resources/sampler-140626/results/nyt-2026-fixed-400/evaluation/cases/rel_164.txt",
      "kind": "deleted",
      "previous_sha256": "ac48a47705c4cc7dad2e0c2329b761d94831c7b76f39eef8b56da06042b699dd",
      "current_sha256": null,
      "reason": "Retire confirmed-active-bug evaluation reports and grades; maintain retained evaluation references."
    },
    {
      "path": "resources/sampler-140626/results/nyt-2026-fixed-400/evaluation/cases/rel_165.json",
      "kind": "deleted",
      "previous_sha256": "372a74bdb9459d068d1133d7d68b2aa89ae24c966cabfadcb04f1a38abaf87b0",
      "current_sha256": null,
      "reason": "Retire confirmed-active-bug evaluation reports and grades; maintain retained evaluation references."
    },
    {
      "path": "resources/sampler-140626/results/nyt-2026-fixed-400/evaluation/cases/rel_165.txt",
      "kind": "deleted",
      "previous_sha256": "3063cef382ad0a942e69190113bf76dbaea9536554b6cfe7e18c3860ff2f0ed0",
      "current_sha256": null,
      "reason": "Retire confirmed-active-bug evaluation reports and grades; maintain retained evaluation references."
    },
    {
      "path": "resources/sampler-140626/results/nyt-2026-fixed-400/evaluation/cases/rel_166.json",
      "kind": "deleted",
      "previous_sha256": "9c6e9e9e2dae81d6020f8f93863131e80670fe3a8679d8e47efff719f62f0068",
      "current_sha256": null,
      "reason": "Retire confirmed-active-bug evaluation reports and grades; maintain retained evaluation references."
    },
    {
      "path": "resources/sampler-140626/results/nyt-2026-fixed-400/evaluation/cases/rel_166.txt",
      "kind": "deleted",
      "previous_sha256": "24375aa77a8d7e921b279782ea0d12ed65483f049a41f0e9d4a5b689f8488cdf",
      "current_sha256": null,
      "reason": "Retire confirmed-active-bug evaluation reports and grades; maintain retained evaluation references."
    },
    {
      "path": "resources/sampler-140626/results/nyt-2026-fixed-400/evaluation/cases/rel_167.json",
      "kind": "deleted",
      "previous_sha256": "a285d6e64abe6dd7c5f1f6e6c743467649c499ff0f09923819e42230edd8a6b4",
      "current_sha256": null,
      "reason": "Retire confirmed-active-bug evaluation reports and grades; maintain retained evaluation references."
    },
    {
      "path": "resources/sampler-140626/results/nyt-2026-fixed-400/evaluation/cases/rel_167.txt",
      "kind": "deleted",
      "previous_sha256": "0497341eaef815e4e2e1d19ad9a8d1878166d6d4c6fba9f2f362e9e9b2b98aad",
      "current_sha256": null,
      "reason": "Retire confirmed-active-bug evaluation reports and grades; maintain retained evaluation references."
    },
    {
      "path": "resources/sampler-140626/results/nyt-2026-fixed-400/evaluation/cases/rel_168.json",
      "kind": "deleted",
      "previous_sha256": "9408da8dd1b5a09a495a8ec82740a6ba76a198a3801cf0bd06d656cfbacda67e",
      "current_sha256": null,
      "reason": "Retire confirmed-active-bug evaluation reports and grades; maintain retained evaluation references."
    },
    {
      "path": "resources/sampler-140626/results/nyt-2026-fixed-400/evaluation/cases/rel_168.txt",
      "kind": "deleted",
      "previous_sha256": "db0ea9caef17e8a52b6682cdf315257af833737e14796c40e5489793d92bcfaf",
      "current_sha256": null,
      "reason": "Retire confirmed-active-bug evaluation reports and grades; maintain retained evaluation references."
    },
    {
      "path": "resources/sampler-140626/results/nyt-2026-fixed-400/evaluation/cases/rel_169.json",
      "kind": "deleted",
      "previous_sha256": "ec10279de2762c4fb250b9e4a53ffad64f82751c718140a9023b7d19d4068952",
      "current_sha256": null,
      "reason": "Retire confirmed-active-bug evaluation reports and grades; maintain retained evaluation references."
    },
    {
      "path": "resources/sampler-140626/results/nyt-2026-fixed-400/evaluation/cases/rel_169.txt",
      "kind": "deleted",
      "previous_sha256": "fa0b5299125d110cc8b4c5b9eaaa51877e19c703442a28ec79a37ec22597fa6b",
      "current_sha256": null,
      "reason": "Retire confirmed-active-bug evaluation reports and grades; maintain retained evaluation references."
    },
    {
      "path": "resources/sampler-140626/results/nyt-2026-fixed-400/evaluation/cases/rel_172.json",
      "kind": "deleted",
      "previous_sha256": "004b37a87683f815ef4541865e552c3d12a03d20b94e89fc2150f2e7cf9fbc06",
      "current_sha256": null,
      "reason": "Retire confirmed-active-bug evaluation reports and grades; maintain retained evaluation references."
    },
    {
      "path": "resources/sampler-140626/results/nyt-2026-fixed-400/evaluation/cases/rel_172.txt",
      "kind": "deleted",
      "previous_sha256": "4e0a0e54457cd38188df21bf4f655b0a6fa324ed7d2ff3ffe49c1af05b644664",
      "current_sha256": null,
      "reason": "Retire confirmed-active-bug evaluation reports and grades; maintain retained evaluation references."
    },
    {
      "path": "resources/sampler-140626/results/nyt-2026-fixed-400/evaluation/cases/rel_173.json",
      "kind": "deleted",
      "previous_sha256": "cbe4b6d664e9d26733f680af1e639cda7b171949c6b0a15ad4dfe3222e0ee971",
      "current_sha256": null,
      "reason": "Retire confirmed-active-bug evaluation reports and grades; maintain retained evaluation references."
    },
    {
      "path": "resources/sampler-140626/results/nyt-2026-fixed-400/evaluation/cases/rel_173.txt",
      "kind": "deleted",
      "previous_sha256": "f7c25b8d8b1788c37a93b0b8b1da7724f55612382cf355d0007f8970557f2bc4",
      "current_sha256": null,
      "reason": "Retire confirmed-active-bug evaluation reports and grades; maintain retained evaluation references."
    },
    {
      "path": "resources/sampler-140626/results/nyt-2026-fixed-400/evaluation/cases/rel_174.json",
      "kind": "deleted",
      "previous_sha256": "47505f8c9aa3adf0820ffe3fbb17fa1c0e5142a07a328acb0b8e701b425552fb",
      "current_sha256": null,
      "reason": "Retire confirmed-active-bug evaluation reports and grades; maintain retained evaluation references."
    },
    {
      "path": "resources/sampler-140626/results/nyt-2026-fixed-400/evaluation/cases/rel_174.txt",
      "kind": "deleted",
      "previous_sha256": "8a4122f42dbca2b5ba8eda2a03456311fbaff04c9f7fb25efbfb36edc6ef9b41",
      "current_sha256": null,
      "reason": "Retire confirmed-active-bug evaluation reports and grades; maintain retained evaluation references."
    },
    {
      "path": "resources/sampler-140626/results/nyt-2026-fixed-400/evaluation/cases/rel_175.json",
      "kind": "deleted",
      "previous_sha256": "4503505101c38d33fc03ae885508de3d31f438d9cf3053b547c9c00c2ca9f7ca",
      "current_sha256": null,
      "reason": "Retire confirmed-active-bug evaluation reports and grades; maintain retained evaluation references."
    },
    {
      "path": "resources/sampler-140626/results/nyt-2026-fixed-400/evaluation/cases/rel_175.txt",
      "kind": "deleted",
      "previous_sha256": "bb5e0142cf8e791921f401709eff2ca542dce99496f699ec738713947278255d",
      "current_sha256": null,
      "reason": "Retire confirmed-active-bug evaluation reports and grades; maintain retained evaluation references."
    },
    {
      "path": "resources/sampler-140626/results/nyt-2026-fixed-400/evaluation/cases/rel_177.json",
      "kind": "deleted",
      "previous_sha256": "cc9bf487546e70aad4f2397b080d6458ae1ebe0242c1ae2078ec76cb4f85b2cf",
      "current_sha256": null,
      "reason": "Retire confirmed-active-bug evaluation reports and grades; maintain retained evaluation references."
    },
    {
      "path": "resources/sampler-140626/results/nyt-2026-fixed-400/evaluation/cases/rel_177.txt",
      "kind": "deleted",
      "previous_sha256": "a3631a6f32b9d82fed81c9d89a25fc95afb60344af26526370cb757e9db55a72",
      "current_sha256": null,
      "reason": "Retire confirmed-active-bug evaluation reports and grades; maintain retained evaluation references."
    },
    {
      "path": "resources/sampler-140626/results/nyt-2026-fixed-400/evaluation/cases/rel_179.json",
      "kind": "deleted",
      "previous_sha256": "1d019abf25a351d1c326d23093662b25f8b6d20da02e90e57832a7b8a00d7170",
      "current_sha256": null,
      "reason": "Retire confirmed-active-bug evaluation reports and grades; maintain retained evaluation references."
    },
    {
      "path": "resources/sampler-140626/results/nyt-2026-fixed-400/evaluation/cases/rel_179.txt",
      "kind": "deleted",
      "previous_sha256": "1f7ac1f099cc3d8a2fa5752b86e6d0991fb13387e576865d7bc09f8e5cd44031",
      "current_sha256": null,
      "reason": "Retire confirmed-active-bug evaluation reports and grades; maintain retained evaluation references."
    },
    {
      "path": "resources/sampler-140626/results/nyt-2026-fixed-400/evaluation/cases/rel_18.json",
      "kind": "deleted",
      "previous_sha256": "2a262b3c2fab199fbde61dbc377a3b0d7227425215155017d134e035b7335167",
      "current_sha256": null,
      "reason": "Retire confirmed-active-bug evaluation reports and grades; maintain retained evaluation references."
    },
    {
      "path": "resources/sampler-140626/results/nyt-2026-fixed-400/evaluation/cases/rel_18.txt",
      "kind": "deleted",
      "previous_sha256": "b69e3f9a2b360fbee881d2cc083c19c7bd7bd367385f20268066eb6939d8425d",
      "current_sha256": null,
      "reason": "Retire confirmed-active-bug evaluation reports and grades; maintain retained evaluation references."
    },
    {
      "path": "resources/sampler-140626/results/nyt-2026-fixed-400/evaluation/cases/rel_180.json",
      "kind": "deleted",
      "previous_sha256": "e9b25923b324d7fe454fef6cbb573517c86166aec0f04b1dba39c502fe43f376",
      "current_sha256": null,
      "reason": "Retire confirmed-active-bug evaluation reports and grades; maintain retained evaluation references."
    },
    {
      "path": "resources/sampler-140626/results/nyt-2026-fixed-400/evaluation/cases/rel_180.txt",
      "kind": "deleted",
      "previous_sha256": "67e5e50b4a85f705981926a9382e6bef89de704b80e1f12b4b1c38d9974fbb80",
      "current_sha256": null,
      "reason": "Retire confirmed-active-bug evaluation reports and grades; maintain retained evaluation references."
    },
    {
      "path": "resources/sampler-140626/results/nyt-2026-fixed-400/evaluation/cases/rel_182.json",
      "kind": "deleted",
      "previous_sha256": "b46bc1fb434a7db64d02927ce2f476d1b1d69cf85610cec893cdb98a5d059798",
      "current_sha256": null,
      "reason": "Retire confirmed-active-bug evaluation reports and grades; maintain retained evaluation references."
    },
    {
      "path": "resources/sampler-140626/results/nyt-2026-fixed-400/evaluation/cases/rel_182.txt",
      "kind": "deleted",
      "previous_sha256": "d5738f324419d446d5a28c3dfa6f36f570547c18dc09d2e6f395c9f76729f4bb",
      "current_sha256": null,
      "reason": "Retire confirmed-active-bug evaluation reports and grades; maintain retained evaluation references."
    },
    {
      "path": "resources/sampler-140626/results/nyt-2026-fixed-400/evaluation/cases/rel_183.json",
      "kind": "deleted",
      "previous_sha256": "dc34545dd8b8297c6be37efac083c4dcb3729b145df61294463b24eeb6295ef4",
      "current_sha256": null,
      "reason": "Retire confirmed-active-bug evaluation reports and grades; maintain retained evaluation references."
    },
    {
      "path": "resources/sampler-140626/results/nyt-2026-fixed-400/evaluation/cases/rel_183.txt",
      "kind": "deleted",
      "previous_sha256": "6ecc4e8ed14ba03870d66255c8638e7293f2e6b9cb90fdcb6618761473d76347",
      "current_sha256": null,
      "reason": "Retire confirmed-active-bug evaluation reports and grades; maintain retained evaluation references."
    },
    {
      "path": "resources/sampler-140626/results/nyt-2026-fixed-400/evaluation/cases/rel_185.json",
      "kind": "deleted",
      "previous_sha256": "67c213049721db2f242e1b51cb2b103b86c71ac9407770819fb6d0a561031780",
      "current_sha256": null,
      "reason": "Retire confirmed-active-bug evaluation reports and grades; maintain retained evaluation references."
    },
    {
      "path": "resources/sampler-140626/results/nyt-2026-fixed-400/evaluation/cases/rel_185.txt",
      "kind": "deleted",
      "previous_sha256": "0354f9e59df891a3f5db20385808559e9925fa745a04ea4d5816ba0a50e67e45",
      "current_sha256": null,
      "reason": "Retire confirmed-active-bug evaluation reports and grades; maintain retained evaluation references."
    },
    {
      "path": "resources/sampler-140626/results/nyt-2026-fixed-400/evaluation/cases/rel_186.json",
      "kind": "deleted",
      "previous_sha256": "c78470959d9d7540046bc8a1517ee5f3bd995f5265aab663f80a72ac0dba1baf",
      "current_sha256": null,
      "reason": "Retire confirmed-active-bug evaluation reports and grades; maintain retained evaluation references."
    },
    {
      "path": "resources/sampler-140626/results/nyt-2026-fixed-400/evaluation/cases/rel_186.txt",
      "kind": "deleted",
      "previous_sha256": "844e53d022e0980899112dce9be090508e6510077ee835aa63b25c8245ded1c6",
      "current_sha256": null,
      "reason": "Retire confirmed-active-bug evaluation reports and grades; maintain retained evaluation references."
    },
    {
      "path": "resources/sampler-140626/results/nyt-2026-fixed-400/evaluation/cases/rel_188.json",
      "kind": "deleted",
      "previous_sha256": "0565fdefcee38b666f12aa34ebf909f89f8d83ae990e0597ace39c774f80410e",
      "current_sha256": null,
      "reason": "Retire confirmed-active-bug evaluation reports and grades; maintain retained evaluation references."
    },
    {
      "path": "resources/sampler-140626/results/nyt-2026-fixed-400/evaluation/cases/rel_188.txt",
      "kind": "deleted",
      "previous_sha256": "007d9158dd6632824eae9b489cb618d5f912c558dcd6fbbfc430d9513c8f03c7",
      "current_sha256": null,
      "reason": "Retire confirmed-active-bug evaluation reports and grades; maintain retained evaluation references."
    },
    {
      "path": "resources/sampler-140626/results/nyt-2026-fixed-400/evaluation/cases/rel_189.json",
      "kind": "deleted",
      "previous_sha256": "c463f3d4d6f73f87bd3602979d75a7214ce8b369ce6c238e7d930bdee9c5435d",
      "current_sha256": null,
      "reason": "Retire confirmed-active-bug evaluation reports and grades; maintain retained evaluation references."
    },
    {
      "path": "resources/sampler-140626/results/nyt-2026-fixed-400/evaluation/cases/rel_189.txt",
      "kind": "deleted",
      "previous_sha256": "d58837084f96877282e9f1bd78b53175b7d56bdad6f8673bb19ff06fbbc06552",
      "current_sha256": null,
      "reason": "Retire confirmed-active-bug evaluation reports and grades; maintain retained evaluation references."
    },
    {
      "path": "resources/sampler-140626/results/nyt-2026-fixed-400/evaluation/cases/rel_19.json",
      "kind": "deleted",
      "previous_sha256": "514c092b67cfd1f8a4f449e831fe80f2636aadca0468546822e89601a07219d5",
      "current_sha256": null,
      "reason": "Retire confirmed-active-bug evaluation reports and grades; maintain retained evaluation references."
    },
    {
      "path": "resources/sampler-140626/results/nyt-2026-fixed-400/evaluation/cases/rel_19.txt",
      "kind": "deleted",
      "previous_sha256": "cd01a863bea8241c8489dcf0756bffdcba2964a99bceec911fc7062859396317",
      "current_sha256": null,
      "reason": "Retire confirmed-active-bug evaluation reports and grades; maintain retained evaluation references."
    },
    {
      "path": "resources/sampler-140626/results/nyt-2026-fixed-400/evaluation/cases/rel_190.json",
      "kind": "deleted",
      "previous_sha256": "7a0811a1db7d842e4e0d258aaef9f627014c336f9a537af5fbab6105a5a0a73c",
      "current_sha256": null,
      "reason": "Retire confirmed-active-bug evaluation reports and grades; maintain retained evaluation references."
    },
    {
      "path": "resources/sampler-140626/results/nyt-2026-fixed-400/evaluation/cases/rel_190.txt",
      "kind": "deleted",
      "previous_sha256": "1d2027fc92328f0a13f0c2870d3878c65e142abdab12240f48775b7a8b552c84",
      "current_sha256": null,
      "reason": "Retire confirmed-active-bug evaluation reports and grades; maintain retained evaluation references."
    },
    {
      "path": "resources/sampler-140626/results/nyt-2026-fixed-400/evaluation/cases/rel_193.json",
      "kind": "deleted",
      "previous_sha256": "0df5b9f5c35de96362773af6be1426cb2a5832146d373fbf0880b8bdf0a6eb49",
      "current_sha256": null,
      "reason": "Retire confirmed-active-bug evaluation reports and grades; maintain retained evaluation references."
    },
    {
      "path": "resources/sampler-140626/results/nyt-2026-fixed-400/evaluation/cases/rel_193.txt",
      "kind": "deleted",
      "previous_sha256": "6d385f4dca8f54645d31d8db73bdf9e7900c34d36cdf1249e34e6a7d0df1651a",
      "current_sha256": null,
      "reason": "Retire confirmed-active-bug evaluation reports and grades; maintain retained evaluation references."
    },
    {
      "path": "resources/sampler-140626/results/nyt-2026-fixed-400/evaluation/cases/rel_194.json",
      "kind": "deleted",
      "previous_sha256": "8257981bdc7fadbd7eab63706b908b914cdddfbbf684c6a9ada10a717a3d4857",
      "current_sha256": null,
      "reason": "Retire confirmed-active-bug evaluation reports and grades; maintain retained evaluation references."
    },
    {
      "path": "resources/sampler-140626/results/nyt-2026-fixed-400/evaluation/cases/rel_194.txt",
      "kind": "deleted",
      "previous_sha256": "df34f7b8c33d2b471dba7d9cb94028a7f81a2670ba800f679f2d2f52b199e5ce",
      "current_sha256": null,
      "reason": "Retire confirmed-active-bug evaluation reports and grades; maintain retained evaluation references."
    },
    {
      "path": "resources/sampler-140626/results/nyt-2026-fixed-400/evaluation/cases/rel_195.json",
      "kind": "deleted",
      "previous_sha256": "0a4d98dd385162e9773e46bd1339b009e4f434b3ae01687277025b11cb8700ef",
      "current_sha256": null,
      "reason": "Retire confirmed-active-bug evaluation reports and grades; maintain retained evaluation references."
    },
    {
      "path": "resources/sampler-140626/results/nyt-2026-fixed-400/evaluation/cases/rel_195.txt",
      "kind": "deleted",
      "previous_sha256": "c997065f30b70be5c10ad18e3126d18f7b3854c47fe4c55347d47d252f9e90f4",
      "current_sha256": null,
      "reason": "Retire confirmed-active-bug evaluation reports and grades; maintain retained evaluation references."
    },
    {
      "path": "resources/sampler-140626/results/nyt-2026-fixed-400/evaluation/cases/rel_196.json",
      "kind": "deleted",
      "previous_sha256": "7d899cd2f46b85152e6e589c09e6e7e520615da997a9d9c596d8ff00be085033",
      "current_sha256": null,
      "reason": "Retire confirmed-active-bug evaluation reports and grades; maintain retained evaluation references."
    },
    {
      "path": "resources/sampler-140626/results/nyt-2026-fixed-400/evaluation/cases/rel_196.txt",
      "kind": "deleted",
      "previous_sha256": "c729f1d7f19b9ce1992242f3595b75a4f2a8c713b24f8e4e75735cda5dc556f4",
      "current_sha256": null,
      "reason": "Retire confirmed-active-bug evaluation reports and grades; maintain retained evaluation references."
    },
    {
      "path": "resources/sampler-140626/results/nyt-2026-fixed-400/evaluation/cases/rel_197.json",
      "kind": "deleted",
      "previous_sha256": "c75a837ebbde647f293d5ceac505a8634f69ac19b37dd512586f03aa2ab9467f",
      "current_sha256": null,
      "reason": "Retire confirmed-active-bug evaluation reports and grades; maintain retained evaluation references."
    },
    {
      "path": "resources/sampler-140626/results/nyt-2026-fixed-400/evaluation/cases/rel_197.txt",
      "kind": "deleted",
      "previous_sha256": "ffbdf7764df2ac9f48c0e5891cb659518106e00ac62118a0c4d5d8ad8f639aad",
      "current_sha256": null,
      "reason": "Retire confirmed-active-bug evaluation reports and grades; maintain retained evaluation references."
    },
    {
      "path": "resources/sampler-140626/results/nyt-2026-fixed-400/evaluation/cases/rel_199.json",
      "kind": "deleted",
      "previous_sha256": "f387aa9a8cd45a9c1a861c84286fe979cd365592bf84afa53cdc6df358425a69",
      "current_sha256": null,
      "reason": "Retire confirmed-active-bug evaluation reports and grades; maintain retained evaluation references."
    },
    {
      "path": "resources/sampler-140626/results/nyt-2026-fixed-400/evaluation/cases/rel_199.txt",
      "kind": "deleted",
      "previous_sha256": "584d1b1c979b976dcd3289303d01c4c56a57f16d662f6bf3079cbee1f3cc7602",
      "current_sha256": null,
      "reason": "Retire confirmed-active-bug evaluation reports and grades; maintain retained evaluation references."
    },
    {
      "path": "resources/sampler-140626/results/nyt-2026-fixed-400/evaluation/cases/rel_20.json",
      "kind": "deleted",
      "previous_sha256": "94a06bfdfaf4743a7c52b5c4bb2f35a55bfae916a2531fde1e6b50ac1918342e",
      "current_sha256": null,
      "reason": "Retire confirmed-active-bug evaluation reports and grades; maintain retained evaluation references."
    },
    {
      "path": "resources/sampler-140626/results/nyt-2026-fixed-400/evaluation/cases/rel_20.txt",
      "kind": "deleted",
      "previous_sha256": "526a65a8a0fe16f08338325899fcd55466976e836a9051892347eef1e496d516",
      "current_sha256": null,
      "reason": "Retire confirmed-active-bug evaluation reports and grades; maintain retained evaluation references."
    },
    {
      "path": "resources/sampler-140626/results/nyt-2026-fixed-400/evaluation/cases/rel_201.json",
      "kind": "deleted",
      "previous_sha256": "61ac356e511277bcc935ec57a82b152c317803dab9b6dbea5576143942e87afd",
      "current_sha256": null,
      "reason": "Retire confirmed-active-bug evaluation reports and grades; maintain retained evaluation references."
    },
    {
      "path": "resources/sampler-140626/results/nyt-2026-fixed-400/evaluation/cases/rel_201.txt",
      "kind": "deleted",
      "previous_sha256": "dd42dc83713e2ccd72ffd455c27e07f9f26dae43ac122dd571e635e9ad1a208f",
      "current_sha256": null,
      "reason": "Retire confirmed-active-bug evaluation reports and grades; maintain retained evaluation references."
    },
    {
      "path": "resources/sampler-140626/results/nyt-2026-fixed-400/evaluation/cases/rel_202.json",
      "kind": "deleted",
      "previous_sha256": "990f6ee65b044bc4e74c821e5a1ae02e5fea1328b358408305ae6bba2918d261",
      "current_sha256": null,
      "reason": "Retire confirmed-active-bug evaluation reports and grades; maintain retained evaluation references."
    },
    {
      "path": "resources/sampler-140626/results/nyt-2026-fixed-400/evaluation/cases/rel_202.txt",
      "kind": "deleted",
      "previous_sha256": "67027e72dd892322c350553b9b6c477498bcf0524ef088b76374ed7bc3f47fad",
      "current_sha256": null,
      "reason": "Retire confirmed-active-bug evaluation reports and grades; maintain retained evaluation references."
    },
    {
      "path": "resources/sampler-140626/results/nyt-2026-fixed-400/evaluation/cases/rel_203.json",
      "kind": "deleted",
      "previous_sha256": "e16bfd2eba8ea7746884a4159a3bf01c3f20b99d3dad8a1c16b3ad827d614feb",
      "current_sha256": null,
      "reason": "Retire confirmed-active-bug evaluation reports and grades; maintain retained evaluation references."
    },
    {
      "path": "resources/sampler-140626/results/nyt-2026-fixed-400/evaluation/cases/rel_203.txt",
      "kind": "deleted",
      "previous_sha256": "84e50bae704531838acc499b32f8f4c1661614df95a2c1d0fa100c91d4d8a143",
      "current_sha256": null,
      "reason": "Retire confirmed-active-bug evaluation reports and grades; maintain retained evaluation references."
    },
    {
      "path": "resources/sampler-140626/results/nyt-2026-fixed-400/evaluation/cases/rel_204.json",
      "kind": "deleted",
      "previous_sha256": "82d597e6af677a0a1851f7fe8206dc246d2798404dff9d5a8308a7b28978ade4",
      "current_sha256": null,
      "reason": "Retire confirmed-active-bug evaluation reports and grades; maintain retained evaluation references."
    },
    {
      "path": "resources/sampler-140626/results/nyt-2026-fixed-400/evaluation/cases/rel_204.txt",
      "kind": "deleted",
      "previous_sha256": "635b75e2c19d741f08084fe3bdcf0d444f913e69dd2d415e17475061d1846cf5",
      "current_sha256": null,
      "reason": "Retire confirmed-active-bug evaluation reports and grades; maintain retained evaluation references."
    },
    {
      "path": "resources/sampler-140626/results/nyt-2026-fixed-400/evaluation/cases/rel_205.json",
      "kind": "deleted",
      "previous_sha256": "4e3fb45b5433e3ee5f2239d463a44460e4b38121006bc988c2e040a8925f9773",
      "current_sha256": null,
      "reason": "Retire confirmed-active-bug evaluation reports and grades; maintain retained evaluation references."
    },
    {
      "path": "resources/sampler-140626/results/nyt-2026-fixed-400/evaluation/cases/rel_205.txt",
      "kind": "deleted",
      "previous_sha256": "31be98bb927964e5dbdd07cb8e86110a9a2fbd064b310915bd00e300496bf4d6",
      "current_sha256": null,
      "reason": "Retire confirmed-active-bug evaluation reports and grades; maintain retained evaluation references."
    },
    {
      "path": "resources/sampler-140626/results/nyt-2026-fixed-400/evaluation/cases/rel_206.json",
      "kind": "deleted",
      "previous_sha256": "dd47475b03ea92eca8c055604aec6ab9773a6fdcffa21b45030eb41829cfaa7b",
      "current_sha256": null,
      "reason": "Retire confirmed-active-bug evaluation reports and grades; maintain retained evaluation references."
    },
    {
      "path": "resources/sampler-140626/results/nyt-2026-fixed-400/evaluation/cases/rel_206.txt",
      "kind": "deleted",
      "previous_sha256": "5f6e54d30b252d6d63d9050008551b7eba243306160eaf21d0734f61e37c7663",
      "current_sha256": null,
      "reason": "Retire confirmed-active-bug evaluation reports and grades; maintain retained evaluation references."
    },
    {
      "path": "resources/sampler-140626/results/nyt-2026-fixed-400/evaluation/cases/rel_21.json",
      "kind": "deleted",
      "previous_sha256": "5f8fb0789f385686f7a0f099854abaab20964f6fd210efe5d1d90d82f423f3a8",
      "current_sha256": null,
      "reason": "Retire confirmed-active-bug evaluation reports and grades; maintain retained evaluation references."
    },
    {
      "path": "resources/sampler-140626/results/nyt-2026-fixed-400/evaluation/cases/rel_21.txt",
      "kind": "deleted",
      "previous_sha256": "de2303395d244a3b89667d2e807aa12d283e92a02f8130608317a344fa5f92b7",
      "current_sha256": null,
      "reason": "Retire confirmed-active-bug evaluation reports and grades; maintain retained evaluation references."
    },
    {
      "path": "resources/sampler-140626/results/nyt-2026-fixed-400/evaluation/cases/rel_210.json",
      "kind": "deleted",
      "previous_sha256": "c673d4ec1e450adc041c3d7e585295e08130d1fc0415e49bfa69f445f7c88456",
      "current_sha256": null,
      "reason": "Retire confirmed-active-bug evaluation reports and grades; maintain retained evaluation references."
    },
    {
      "path": "resources/sampler-140626/results/nyt-2026-fixed-400/evaluation/cases/rel_210.txt",
      "kind": "deleted",
      "previous_sha256": "36f4d6e38a6b2ced7ec471868bc624d33e354d33b5a8ba0bd8afe849a3f6cfb0",
      "current_sha256": null,
      "reason": "Retire confirmed-active-bug evaluation reports and grades; maintain retained evaluation references."
    },
    {
      "path": "resources/sampler-140626/results/nyt-2026-fixed-400/evaluation/cases/rel_211.json",
      "kind": "deleted",
      "previous_sha256": "20a4fded664e6183fae0d0844c4ea2b51c034c192eaead065fa30a0e2dd751e0",
      "current_sha256": null,
      "reason": "Retire confirmed-active-bug evaluation reports and grades; maintain retained evaluation references."
    },
    {
      "path": "resources/sampler-140626/results/nyt-2026-fixed-400/evaluation/cases/rel_211.txt",
      "kind": "deleted",
      "previous_sha256": "8be4871f6c4f9ff5d507ac888f9ffeb4a60416322d512411f1ebc1461742ff82",
      "current_sha256": null,
      "reason": "Retire confirmed-active-bug evaluation reports and grades; maintain retained evaluation references."
    },
    {
      "path": "resources/sampler-140626/results/nyt-2026-fixed-400/evaluation/cases/rel_212.json",
      "kind": "deleted",
      "previous_sha256": "8475a2f4deadabe4d2c30e1d2c2284227ebc95c8872171d58109d5e219017be0",
      "current_sha256": null,
      "reason": "Retire confirmed-active-bug evaluation reports and grades; maintain retained evaluation references."
    },
    {
      "path": "resources/sampler-140626/results/nyt-2026-fixed-400/evaluation/cases/rel_212.txt",
      "kind": "deleted",
      "previous_sha256": "f234ca9d0fd961b78589bf104d31dbfdf9957a134ca464eaff1cc6fb2b3c3c74",
      "current_sha256": null,
      "reason": "Retire confirmed-active-bug evaluation reports and grades; maintain retained evaluation references."
    },
    {
      "path": "resources/sampler-140626/results/nyt-2026-fixed-400/evaluation/cases/rel_214.json",
      "kind": "deleted",
      "previous_sha256": "77c2a9f05efaece44caaa556763849274f84ce07f94ae169f0f4e3d984e59b4f",
      "current_sha256": null,
      "reason": "Retire confirmed-active-bug evaluation reports and grades; maintain retained evaluation references."
    },
    {
      "path": "resources/sampler-140626/results/nyt-2026-fixed-400/evaluation/cases/rel_214.txt",
      "kind": "deleted",
      "previous_sha256": "3851ff892e9090ad05bc77e4c86d1a955d1ed8e56bcd2cfd2abce025dba483fa",
      "current_sha256": null,
      "reason": "Retire confirmed-active-bug evaluation reports and grades; maintain retained evaluation references."
    },
    {
      "path": "resources/sampler-140626/results/nyt-2026-fixed-400/evaluation/cases/rel_216.json",
      "kind": "deleted",
      "previous_sha256": "8eb93d680cc824441c98115d839a8387e3f381375eee3ff9ac3c6753bf8d92bf",
      "current_sha256": null,
      "reason": "Retire confirmed-active-bug evaluation reports and grades; maintain retained evaluation references."
    },
    {
      "path": "resources/sampler-140626/results/nyt-2026-fixed-400/evaluation/cases/rel_216.txt",
      "kind": "deleted",
      "previous_sha256": "1c8004cd34b391c983ae1c7ddad3dcf94452a7b7f30804edaca564bfb4e98bde",
      "current_sha256": null,
      "reason": "Retire confirmed-active-bug evaluation reports and grades; maintain retained evaluation references."
    },
    {
      "path": "resources/sampler-140626/results/nyt-2026-fixed-400/evaluation/cases/rel_219.json",
      "kind": "deleted",
      "previous_sha256": "e94a9210e569f564d7ac8f158e60c62e7b26a93be454661b3814a6542bc93872",
      "current_sha256": null,
      "reason": "Retire confirmed-active-bug evaluation reports and grades; maintain retained evaluation references."
    },
    {
      "path": "resources/sampler-140626/results/nyt-2026-fixed-400/evaluation/cases/rel_219.txt",
      "kind": "deleted",
      "previous_sha256": "4327a71f5d3e13a2875f5d01227427ec02aead6214f3554c3ee57a3eb82194b4",
      "current_sha256": null,
      "reason": "Retire confirmed-active-bug evaluation reports and grades; maintain retained evaluation references."
    },
    {
      "path": "resources/sampler-140626/results/nyt-2026-fixed-400/evaluation/cases/rel_22.json",
      "kind": "deleted",
      "previous_sha256": "2d097477106b175ff7d116518bdc59ba2de3ea2d9f104208616ba58117c839d2",
      "current_sha256": null,
      "reason": "Retire confirmed-active-bug evaluation reports and grades; maintain retained evaluation references."
    },
    {
      "path": "resources/sampler-140626/results/nyt-2026-fixed-400/evaluation/cases/rel_22.txt",
      "kind": "deleted",
      "previous_sha256": "e3b63a8b5ff72118ca31e6dba9c3db54d33a188822786e43615e76071bfaed96",
      "current_sha256": null,
      "reason": "Retire confirmed-active-bug evaluation reports and grades; maintain retained evaluation references."
    },
    {
      "path": "resources/sampler-140626/results/nyt-2026-fixed-400/evaluation/cases/rel_221.json",
      "kind": "deleted",
      "previous_sha256": "06665f718759e2ca995eb2c14100c8512068a814a8e0d8a9da1311944b52c0b4",
      "current_sha256": null,
      "reason": "Retire confirmed-active-bug evaluation reports and grades; maintain retained evaluation references."
    },
    {
      "path": "resources/sampler-140626/results/nyt-2026-fixed-400/evaluation/cases/rel_221.txt",
      "kind": "deleted",
      "previous_sha256": "d79d180160fa04c79d2cf7415c65d5653536219f1d40350898edce7d2a7cfed4",
      "current_sha256": null,
      "reason": "Retire confirmed-active-bug evaluation reports and grades; maintain retained evaluation references."
    },
    {
      "path": "resources/sampler-140626/results/nyt-2026-fixed-400/evaluation/cases/rel_223.json",
      "kind": "deleted",
      "previous_sha256": "af9ff68d2096389901ce0725d5548178f282d215101af4c1ca6e225b0f85a21e",
      "current_sha256": null,
      "reason": "Retire confirmed-active-bug evaluation reports and grades; maintain retained evaluation references."
    },
    {
      "path": "resources/sampler-140626/results/nyt-2026-fixed-400/evaluation/cases/rel_223.txt",
      "kind": "deleted",
      "previous_sha256": "716a71a61d025c228a2d0ea2e9630bbf8b561ae162957d8d9eb1a68016bbc084",
      "current_sha256": null,
      "reason": "Retire confirmed-active-bug evaluation reports and grades; maintain retained evaluation references."
    },
    {
      "path": "resources/sampler-140626/results/nyt-2026-fixed-400/evaluation/cases/rel_224.json",
      "kind": "deleted",
      "previous_sha256": "402ea821060b3c2a1d05c4ae5f77433f57a500a8e27690042d95236744e4285b",
      "current_sha256": null,
      "reason": "Retire confirmed-active-bug evaluation reports and grades; maintain retained evaluation references."
    },
    {
      "path": "resources/sampler-140626/results/nyt-2026-fixed-400/evaluation/cases/rel_224.txt",
      "kind": "deleted",
      "previous_sha256": "173a4066ce4313d22263b50d42e65c5f94b3eb15aa9eab755a8268899ee6f2b8",
      "current_sha256": null,
      "reason": "Retire confirmed-active-bug evaluation reports and grades; maintain retained evaluation references."
    },
    {
      "path": "resources/sampler-140626/results/nyt-2026-fixed-400/evaluation/cases/rel_225.json",
      "kind": "deleted",
      "previous_sha256": "1b8111fb0dbf6b48168008b5f323e23ddff52f0bfc5afcbfeffdb090b79217f9",
      "current_sha256": null,
      "reason": "Retire confirmed-active-bug evaluation reports and grades; maintain retained evaluation references."
    },
    {
      "path": "resources/sampler-140626/results/nyt-2026-fixed-400/evaluation/cases/rel_225.txt",
      "kind": "deleted",
      "previous_sha256": "b4c421dd8b8efd8a47688d5112669b3472c96c5db28659bfdae2cbfc4e52a373",
      "current_sha256": null,
      "reason": "Retire confirmed-active-bug evaluation reports and grades; maintain retained evaluation references."
    },
    {
      "path": "resources/sampler-140626/results/nyt-2026-fixed-400/evaluation/cases/rel_227.json",
      "kind": "deleted",
      "previous_sha256": "ab60b8f0978e981b014773c3ed200dd07ef99b543a7782ee99e3198f8e3bb76e",
      "current_sha256": null,
      "reason": "Retire confirmed-active-bug evaluation reports and grades; maintain retained evaluation references."
    },
    {
      "path": "resources/sampler-140626/results/nyt-2026-fixed-400/evaluation/cases/rel_227.txt",
      "kind": "deleted",
      "previous_sha256": "b7375e7767e057da31662f32cbecd805e356edbb511679888701484e37947f0f",
      "current_sha256": null,
      "reason": "Retire confirmed-active-bug evaluation reports and grades; maintain retained evaluation references."
    },
    {
      "path": "resources/sampler-140626/results/nyt-2026-fixed-400/evaluation/cases/rel_228.json",
      "kind": "deleted",
      "previous_sha256": "785494d4f9f88843f8a4b8c7810ce42b3e9d6d10f99aa7e3bfd3f1381257ad68",
      "current_sha256": null,
      "reason": "Retire confirmed-active-bug evaluation reports and grades; maintain retained evaluation references."
    },
    {
      "path": "resources/sampler-140626/results/nyt-2026-fixed-400/evaluation/cases/rel_228.txt",
      "kind": "deleted",
      "previous_sha256": "b3419ef96c59ea5e17b93d1b1e9583634644fea20aff53c8c986545b42915313",
      "current_sha256": null,
      "reason": "Retire confirmed-active-bug evaluation reports and grades; maintain retained evaluation references."
    },
    {
      "path": "resources/sampler-140626/results/nyt-2026-fixed-400/evaluation/cases/rel_229.json",
      "kind": "deleted",
      "previous_sha256": "9bec7f7bf245ef53a500b8f4219357349e066f3971930c7842cbc685a96b7f6d",
      "current_sha256": null,
      "reason": "Retire confirmed-active-bug evaluation reports and grades; maintain retained evaluation references."
    },
    {
      "path": "resources/sampler-140626/results/nyt-2026-fixed-400/evaluation/cases/rel_229.txt",
      "kind": "deleted",
      "previous_sha256": "6dd688f2fb098685626a41a450b216017782314ec36d94300b23c0f79e7b66a2",
      "current_sha256": null,
      "reason": "Retire confirmed-active-bug evaluation reports and grades; maintain retained evaluation references."
    },
    {
      "path": "resources/sampler-140626/results/nyt-2026-fixed-400/evaluation/cases/rel_23.json",
      "kind": "deleted",
      "previous_sha256": "413431bf2c60d0182a0cc5c954419ec4de2488e930002c1aa755e73a00320138",
      "current_sha256": null,
      "reason": "Retire confirmed-active-bug evaluation reports and grades; maintain retained evaluation references."
    },
    {
      "path": "resources/sampler-140626/results/nyt-2026-fixed-400/evaluation/cases/rel_23.txt",
      "kind": "deleted",
      "previous_sha256": "a0e8f9b3cfe7ee9c1e07640181d9ba4ed04762f63f13b986cfb224bd2980f00c",
      "current_sha256": null,
      "reason": "Retire confirmed-active-bug evaluation reports and grades; maintain retained evaluation references."
    },
    {
      "path": "resources/sampler-140626/results/nyt-2026-fixed-400/evaluation/cases/rel_230.json",
      "kind": "deleted",
      "previous_sha256": "28f3eab645da115f9fd4c194c06682c9dea2dffa239989a27fc2a343679faab6",
      "current_sha256": null,
      "reason": "Retire confirmed-active-bug evaluation reports and grades; maintain retained evaluation references."
    },
    {
      "path": "resources/sampler-140626/results/nyt-2026-fixed-400/evaluation/cases/rel_230.txt",
      "kind": "deleted",
      "previous_sha256": "187cdaecaee094b21117b09ecb4bd3f9e8ffee8e5b2392a299a2f0f52d15a540",
      "current_sha256": null,
      "reason": "Retire confirmed-active-bug evaluation reports and grades; maintain retained evaluation references."
    },
    {
      "path": "resources/sampler-140626/results/nyt-2026-fixed-400/evaluation/cases/rel_231.json",
      "kind": "deleted",
      "previous_sha256": "293e666bd9f152395d6f9dac24ed64e9de52d8684a1edbabfdb35d0757dc2c49",
      "current_sha256": null,
      "reason": "Retire confirmed-active-bug evaluation reports and grades; maintain retained evaluation references."
    },
    {
      "path": "resources/sampler-140626/results/nyt-2026-fixed-400/evaluation/cases/rel_231.txt",
      "kind": "deleted",
      "previous_sha256": "731b3fcdafd445f1551251cb2550d288ca357a742d05e387269fa394bffae44e",
      "current_sha256": null,
      "reason": "Retire confirmed-active-bug evaluation reports and grades; maintain retained evaluation references."
    },
    {
      "path": "resources/sampler-140626/results/nyt-2026-fixed-400/evaluation/cases/rel_232.json",
      "kind": "deleted",
      "previous_sha256": "cb6651bc76e419a22bb3f52cd6cfc13155dc30443c0b0e2686b5a7a9a8eb402f",
      "current_sha256": null,
      "reason": "Retire confirmed-active-bug evaluation reports and grades; maintain retained evaluation references."
    },
    {
      "path": "resources/sampler-140626/results/nyt-2026-fixed-400/evaluation/cases/rel_232.txt",
      "kind": "deleted",
      "previous_sha256": "53ffcbec283706ecd8b048bba8082366ed8ef4cbd4941585d101543b07169777",
      "current_sha256": null,
      "reason": "Retire confirmed-active-bug evaluation reports and grades; maintain retained evaluation references."
    },
    {
      "path": "resources/sampler-140626/results/nyt-2026-fixed-400/evaluation/cases/rel_233.json",
      "kind": "deleted",
      "previous_sha256": "978b226f54dc2ba79d1657591a9ed84959ca1916ab220118b7f954fe2c18f33e",
      "current_sha256": null,
      "reason": "Retire confirmed-active-bug evaluation reports and grades; maintain retained evaluation references."
    },
    {
      "path": "resources/sampler-140626/results/nyt-2026-fixed-400/evaluation/cases/rel_233.txt",
      "kind": "deleted",
      "previous_sha256": "690f959e6a89faf84cc46d17f40812700bff3b9cc5f87858e93ff114dcdc0fb6",
      "current_sha256": null,
      "reason": "Retire confirmed-active-bug evaluation reports and grades; maintain retained evaluation references."
    },
    {
      "path": "resources/sampler-140626/results/nyt-2026-fixed-400/evaluation/cases/rel_235.json",
      "kind": "deleted",
      "previous_sha256": "654eca1b413a7f8eac4a0b8ca152b473631b1ce5755d2b2045329f266f1affb2",
      "current_sha256": null,
      "reason": "Retire confirmed-active-bug evaluation reports and grades; maintain retained evaluation references."
    },
    {
      "path": "resources/sampler-140626/results/nyt-2026-fixed-400/evaluation/cases/rel_235.txt",
      "kind": "deleted",
      "previous_sha256": "2331018c9e9fd64e16a77bfca3d2736820238a9c66d7fb3e3d6ceffb5ac92c96",
      "current_sha256": null,
      "reason": "Retire confirmed-active-bug evaluation reports and grades; maintain retained evaluation references."
    },
    {
      "path": "resources/sampler-140626/results/nyt-2026-fixed-400/evaluation/cases/rel_236.json",
      "kind": "deleted",
      "previous_sha256": "4506a063178afc0ba6d685ecc419beb1bad70edd232137defc0c5fec0c25c326",
      "current_sha256": null,
      "reason": "Retire confirmed-active-bug evaluation reports and grades; maintain retained evaluation references."
    },
    {
      "path": "resources/sampler-140626/results/nyt-2026-fixed-400/evaluation/cases/rel_236.txt",
      "kind": "deleted",
      "previous_sha256": "a862a0a03e780c163d62eb38bf5d28acae8ad85c09f48062de2d11e732c73e72",
      "current_sha256": null,
      "reason": "Retire confirmed-active-bug evaluation reports and grades; maintain retained evaluation references."
    },
    {
      "path": "resources/sampler-140626/results/nyt-2026-fixed-400/evaluation/cases/rel_237.json",
      "kind": "deleted",
      "previous_sha256": "025defcf351b4c546af9587cd5c0b8c805f07f9d6f850b73381a51a8f07de700",
      "current_sha256": null,
      "reason": "Retire confirmed-active-bug evaluation reports and grades; maintain retained evaluation references."
    },
    {
      "path": "resources/sampler-140626/results/nyt-2026-fixed-400/evaluation/cases/rel_237.txt",
      "kind": "deleted",
      "previous_sha256": "586fcd1d17f36d4d8fa736577717d699b2994af52c9b98883f1a9d542a90c64c",
      "current_sha256": null,
      "reason": "Retire confirmed-active-bug evaluation reports and grades; maintain retained evaluation references."
    },
    {
      "path": "resources/sampler-140626/results/nyt-2026-fixed-400/evaluation/cases/rel_239.json",
      "kind": "deleted",
      "previous_sha256": "b02a543208fbf9551ef26d390cd144b673565cbafc584751b909c00b666acd08",
      "current_sha256": null,
      "reason": "Retire confirmed-active-bug evaluation reports and grades; maintain retained evaluation references."
    },
    {
      "path": "resources/sampler-140626/results/nyt-2026-fixed-400/evaluation/cases/rel_239.txt",
      "kind": "deleted",
      "previous_sha256": "5b385e191b80bb65aaba8a986d99da822fb7f019193650443158dca867573948",
      "current_sha256": null,
      "reason": "Retire confirmed-active-bug evaluation reports and grades; maintain retained evaluation references."
    },
    {
      "path": "resources/sampler-140626/results/nyt-2026-fixed-400/evaluation/cases/rel_24.json",
      "kind": "deleted",
      "previous_sha256": "b410e75687eadeef1ece3051740ffaaaaeeca751c31eb862d0d766541f03d8ba",
      "current_sha256": null,
      "reason": "Retire confirmed-active-bug evaluation reports and grades; maintain retained evaluation references."
    },
    {
      "path": "resources/sampler-140626/results/nyt-2026-fixed-400/evaluation/cases/rel_24.txt",
      "kind": "deleted",
      "previous_sha256": "6c583b863c1ed3968adef933a49570b41539419ae06a95ee7de0342638209e65",
      "current_sha256": null,
      "reason": "Retire confirmed-active-bug evaluation reports and grades; maintain retained evaluation references."
    },
    {
      "path": "resources/sampler-140626/results/nyt-2026-fixed-400/evaluation/cases/rel_240.json",
      "kind": "deleted",
      "previous_sha256": "2b593b777e45e90d2fd6e7f417a46496994d60304f6989ef25a098b239700241",
      "current_sha256": null,
      "reason": "Retire confirmed-active-bug evaluation reports and grades; maintain retained evaluation references."
    },
    {
      "path": "resources/sampler-140626/results/nyt-2026-fixed-400/evaluation/cases/rel_240.txt",
      "kind": "deleted",
      "previous_sha256": "47a951d833a448fce90bd98618e4d463f7707ed88ed02b83430419a5860d9469",
      "current_sha256": null,
      "reason": "Retire confirmed-active-bug evaluation reports and grades; maintain retained evaluation references."
    },
    {
      "path": "resources/sampler-140626/results/nyt-2026-fixed-400/evaluation/cases/rel_241.json",
      "kind": "deleted",
      "previous_sha256": "12b2fff954697432f4b90aebf97c08fdce99856a428189cb80c3828d542621d2",
      "current_sha256": null,
      "reason": "Retire confirmed-active-bug evaluation reports and grades; maintain retained evaluation references."
    },
    {
      "path": "resources/sampler-140626/results/nyt-2026-fixed-400/evaluation/cases/rel_241.txt",
      "kind": "deleted",
      "previous_sha256": "fbda374bd06b2262669b0f76d44e46ffb630174532a42d26560b4ad8eb35c551",
      "current_sha256": null,
      "reason": "Retire confirmed-active-bug evaluation reports and grades; maintain retained evaluation references."
    },
    {
      "path": "resources/sampler-140626/results/nyt-2026-fixed-400/evaluation/cases/rel_242.json",
      "kind": "deleted",
      "previous_sha256": "7c4b2517d4967ed13c71ac04da9eb5582676c502ffdd2c9315eb7e5f34c7e6ba",
      "current_sha256": null,
      "reason": "Retire confirmed-active-bug evaluation reports and grades; maintain retained evaluation references."
    },
    {
      "path": "resources/sampler-140626/results/nyt-2026-fixed-400/evaluation/cases/rel_242.txt",
      "kind": "deleted",
      "previous_sha256": "bea720eea2b3f70559c6168ea535e1c84c185a11aede1c6aee5cca74bc1ec1e8",
      "current_sha256": null,
      "reason": "Retire confirmed-active-bug evaluation reports and grades; maintain retained evaluation references."
    },
    {
      "path": "resources/sampler-140626/results/nyt-2026-fixed-400/evaluation/cases/rel_243.json",
      "kind": "deleted",
      "previous_sha256": "cff962620c1f9c37b365a1831f974c1ee4db52eb19c7abb18bb6d38af389dbe8",
      "current_sha256": null,
      "reason": "Retire confirmed-active-bug evaluation reports and grades; maintain retained evaluation references."
    },
    {
      "path": "resources/sampler-140626/results/nyt-2026-fixed-400/evaluation/cases/rel_243.txt",
      "kind": "deleted",
      "previous_sha256": "8f5066143e6a183c3052baa74b40966456de6e8a444a01c45364123bd001fa52",
      "current_sha256": null,
      "reason": "Retire confirmed-active-bug evaluation reports and grades; maintain retained evaluation references."
    },
    {
      "path": "resources/sampler-140626/results/nyt-2026-fixed-400/evaluation/cases/rel_244.json",
      "kind": "deleted",
      "previous_sha256": "9ca2ff6b4f8203a39e9fc7d6196be08469b9657bd7c480a382123c1e7c55ea94",
      "current_sha256": null,
      "reason": "Retire confirmed-active-bug evaluation reports and grades; maintain retained evaluation references."
    },
    {
      "path": "resources/sampler-140626/results/nyt-2026-fixed-400/evaluation/cases/rel_244.txt",
      "kind": "deleted",
      "previous_sha256": "1aee4dc18121137e98b96a8f17cc8dd66dcd76fd3f010dcdb568a31bf244ec37",
      "current_sha256": null,
      "reason": "Retire confirmed-active-bug evaluation reports and grades; maintain retained evaluation references."
    },
    {
      "path": "resources/sampler-140626/results/nyt-2026-fixed-400/evaluation/cases/rel_245.json",
      "kind": "deleted",
      "previous_sha256": "e98edf7009606e585e5472c2099172d425cc6e5bea5db856544215c3a16f464c",
      "current_sha256": null,
      "reason": "Retire confirmed-active-bug evaluation reports and grades; maintain retained evaluation references."
    },
    {
      "path": "resources/sampler-140626/results/nyt-2026-fixed-400/evaluation/cases/rel_245.txt",
      "kind": "deleted",
      "previous_sha256": "5c42c1c3bf170681b4199f9042d6be7eadf3ba08501b3a73bf8f27214c1f586b",
      "current_sha256": null,
      "reason": "Retire confirmed-active-bug evaluation reports and grades; maintain retained evaluation references."
    },
    {
      "path": "resources/sampler-140626/results/nyt-2026-fixed-400/evaluation/cases/rel_247.json",
      "kind": "deleted",
      "previous_sha256": "6f9b019a7610e1d6975c4089839ee1bd8338c8978ebb7a3e12ba6c815f734a40",
      "current_sha256": null,
      "reason": "Retire confirmed-active-bug evaluation reports and grades; maintain retained evaluation references."
    },
    {
      "path": "resources/sampler-140626/results/nyt-2026-fixed-400/evaluation/cases/rel_247.txt",
      "kind": "deleted",
      "previous_sha256": "3ce35a0e49f5adab5bf47f0481d9c2101382b0950751ae171f811b3a39839e9d",
      "current_sha256": null,
      "reason": "Retire confirmed-active-bug evaluation reports and grades; maintain retained evaluation references."
    },
    {
      "path": "resources/sampler-140626/results/nyt-2026-fixed-400/evaluation/cases/rel_248.json",
      "kind": "deleted",
      "previous_sha256": "2d49f25b97a8c6e6304e84c038a791aabc4a733b5bb571b3d18ac7643bbe459b",
      "current_sha256": null,
      "reason": "Retire confirmed-active-bug evaluation reports and grades; maintain retained evaluation references."
    },
    {
      "path": "resources/sampler-140626/results/nyt-2026-fixed-400/evaluation/cases/rel_248.txt",
      "kind": "deleted",
      "previous_sha256": "bbd5510c18fcb5f5f6caf3e9b48e95f107fec1f407b61248e14aee1053890e9b",
      "current_sha256": null,
      "reason": "Retire confirmed-active-bug evaluation reports and grades; maintain retained evaluation references."
    },
    {
      "path": "resources/sampler-140626/results/nyt-2026-fixed-400/evaluation/cases/rel_25.json",
      "kind": "deleted",
      "previous_sha256": "693c5cba5f2168209d700ae0513a7a68d4b0ae95df866a5e47e30dd85610ed30",
      "current_sha256": null,
      "reason": "Retire confirmed-active-bug evaluation reports and grades; maintain retained evaluation references."
    },
    {
      "path": "resources/sampler-140626/results/nyt-2026-fixed-400/evaluation/cases/rel_25.txt",
      "kind": "deleted",
      "previous_sha256": "eedec7d41c4dfa15a73a8d4418b5e54d427cf1d0e017a5440ca77cee288604ed",
      "current_sha256": null,
      "reason": "Retire confirmed-active-bug evaluation reports and grades; maintain retained evaluation references."
    },
    {
      "path": "resources/sampler-140626/results/nyt-2026-fixed-400/evaluation/cases/rel_251.json",
      "kind": "deleted",
      "previous_sha256": "cd93f3bf9cc9405efced265643b8e32db7b7b794be4a4623e4aad130eb5c19f4",
      "current_sha256": null,
      "reason": "Retire confirmed-active-bug evaluation reports and grades; maintain retained evaluation references."
    },
    {
      "path": "resources/sampler-140626/results/nyt-2026-fixed-400/evaluation/cases/rel_251.txt",
      "kind": "deleted",
      "previous_sha256": "fbc6a64a8a12c8920a487d1da30b7a8c3ae729b3d30578d416b606bcc3eee097",
      "current_sha256": null,
      "reason": "Retire confirmed-active-bug evaluation reports and grades; maintain retained evaluation references."
    },
    {
      "path": "resources/sampler-140626/results/nyt-2026-fixed-400/evaluation/cases/rel_252.json",
      "kind": "deleted",
      "previous_sha256": "b815b5413a4be479a9ad4c41e72d24fccfc16414a2176457ea1ee2e0b9977381",
      "current_sha256": null,
      "reason": "Retire confirmed-active-bug evaluation reports and grades; maintain retained evaluation references."
    },
    {
      "path": "resources/sampler-140626/results/nyt-2026-fixed-400/evaluation/cases/rel_252.txt",
      "kind": "deleted",
      "previous_sha256": "4100f50e13bafe7064dc6523e26a33b20617fed3ede3873cc8e394df13bbc362",
      "current_sha256": null,
      "reason": "Retire confirmed-active-bug evaluation reports and grades; maintain retained evaluation references."
    },
    {
      "path": "resources/sampler-140626/results/nyt-2026-fixed-400/evaluation/cases/rel_253.json",
      "kind": "deleted",
      "previous_sha256": "91068590ce5519ffc5d17343d6bccd0bc1a66b8f8e12fadb3701fbe88355ea44",
      "current_sha256": null,
      "reason": "Retire confirmed-active-bug evaluation reports and grades; maintain retained evaluation references."
    },
    {
      "path": "resources/sampler-140626/results/nyt-2026-fixed-400/evaluation/cases/rel_253.txt",
      "kind": "deleted",
      "previous_sha256": "443c8bbe2eb6ac4c2b6c10de154b120883d6fa53ec47e0017832fbc74e37dca1",
      "current_sha256": null,
      "reason": "Retire confirmed-active-bug evaluation reports and grades; maintain retained evaluation references."
    },
    {
      "path": "resources/sampler-140626/results/nyt-2026-fixed-400/evaluation/cases/rel_254.json",
      "kind": "deleted",
      "previous_sha256": "505c1533566b7aa1af439c039da801d853524bc980fbc4ed48d6bbc61cc1f93d",
      "current_sha256": null,
      "reason": "Retire confirmed-active-bug evaluation reports and grades; maintain retained evaluation references."
    },
    {
      "path": "resources/sampler-140626/results/nyt-2026-fixed-400/evaluation/cases/rel_254.txt",
      "kind": "deleted",
      "previous_sha256": "6913e1e3086698172e4282774b31fb8519e1013c6831ac7162eaa368c0160d72",
      "current_sha256": null,
      "reason": "Retire confirmed-active-bug evaluation reports and grades; maintain retained evaluation references."
    },
    {
      "path": "resources/sampler-140626/results/nyt-2026-fixed-400/evaluation/cases/rel_255.json",
      "kind": "deleted",
      "previous_sha256": "b61b01e69d5fa82e77fe68acdd0db4cb8960cbc56bff7f219973e176fd233ab9",
      "current_sha256": null,
      "reason": "Retire confirmed-active-bug evaluation reports and grades; maintain retained evaluation references."
    },
    {
      "path": "resources/sampler-140626/results/nyt-2026-fixed-400/evaluation/cases/rel_255.txt",
      "kind": "deleted",
      "previous_sha256": "cf51a8b66e9c9e9314927ef6442a1b14c37698229bff3a541f583580802d50ab",
      "current_sha256": null,
      "reason": "Retire confirmed-active-bug evaluation reports and grades; maintain retained evaluation references."
    },
    {
      "path": "resources/sampler-140626/results/nyt-2026-fixed-400/evaluation/cases/rel_256.json",
      "kind": "deleted",
      "previous_sha256": "bc383979d07b8a49321f6327c28fb46f0984e94e67d1ce3abaec03ddcc629cfb",
      "current_sha256": null,
      "reason": "Retire confirmed-active-bug evaluation reports and grades; maintain retained evaluation references."
    },
    {
      "path": "resources/sampler-140626/results/nyt-2026-fixed-400/evaluation/cases/rel_256.txt",
      "kind": "deleted",
      "previous_sha256": "1b9755063b4212ec49ec26d628e96fc7b46060a03b68b84b19aa7207d387b815",
      "current_sha256": null,
      "reason": "Retire confirmed-active-bug evaluation reports and grades; maintain retained evaluation references."
    },
    {
      "path": "resources/sampler-140626/results/nyt-2026-fixed-400/evaluation/cases/rel_258.json",
      "kind": "deleted",
      "previous_sha256": "4f583860ee1e939beba2c0a2c135235e4e5cc1a2d0291ced7abb5c7efec2496b",
      "current_sha256": null,
      "reason": "Retire confirmed-active-bug evaluation reports and grades; maintain retained evaluation references."
    },
    {
      "path": "resources/sampler-140626/results/nyt-2026-fixed-400/evaluation/cases/rel_258.txt",
      "kind": "deleted",
      "previous_sha256": "2c872e4852d78336e2fd67277c065fefb67ce74d2d3ca1a71a81de9eff1e3da5",
      "current_sha256": null,
      "reason": "Retire confirmed-active-bug evaluation reports and grades; maintain retained evaluation references."
    },
    {
      "path": "resources/sampler-140626/results/nyt-2026-fixed-400/evaluation/cases/rel_259.json",
      "kind": "deleted",
      "previous_sha256": "21b251edc2c8d830efe74334deaad57107fad8ceb7e7cf68bf9aafed7f9e6783",
      "current_sha256": null,
      "reason": "Retire confirmed-active-bug evaluation reports and grades; maintain retained evaluation references."
    },
    {
      "path": "resources/sampler-140626/results/nyt-2026-fixed-400/evaluation/cases/rel_259.txt",
      "kind": "deleted",
      "previous_sha256": "2ec3649016def75050151f68bcb6453556b2ff3f97f2121d69a9628d27d3e81e",
      "current_sha256": null,
      "reason": "Retire confirmed-active-bug evaluation reports and grades; maintain retained evaluation references."
    },
    {
      "path": "resources/sampler-140626/results/nyt-2026-fixed-400/evaluation/cases/rel_26.json",
      "kind": "deleted",
      "previous_sha256": "90e99755fc83af27eb2211a13471436d666fdb2177b95fa62bf8fe487b970a69",
      "current_sha256": null,
      "reason": "Retire confirmed-active-bug evaluation reports and grades; maintain retained evaluation references."
    },
    {
      "path": "resources/sampler-140626/results/nyt-2026-fixed-400/evaluation/cases/rel_26.txt",
      "kind": "deleted",
      "previous_sha256": "c5f85f0e7f2ea5b95b5f5bf7c129d331298d538976e4ff6366bada541bcad583",
      "current_sha256": null,
      "reason": "Retire confirmed-active-bug evaluation reports and grades; maintain retained evaluation references."
    },
    {
      "path": "resources/sampler-140626/results/nyt-2026-fixed-400/evaluation/cases/rel_262.json",
      "kind": "deleted",
      "previous_sha256": "1a03cc293c1f384f7567bec27d39083791099bab9ca337680c1dbf8cebc53410",
      "current_sha256": null,
      "reason": "Retire confirmed-active-bug evaluation reports and grades; maintain retained evaluation references."
    },
    {
      "path": "resources/sampler-140626/results/nyt-2026-fixed-400/evaluation/cases/rel_262.txt",
      "kind": "deleted",
      "previous_sha256": "aa2fe5b2020d3c636ad365fcea76c10ae90303f4a9322439e4e0b7ca2c3bf5d1",
      "current_sha256": null,
      "reason": "Retire confirmed-active-bug evaluation reports and grades; maintain retained evaluation references."
    },
    {
      "path": "resources/sampler-140626/results/nyt-2026-fixed-400/evaluation/cases/rel_263.json",
      "kind": "deleted",
      "previous_sha256": "7a4f1dedf64b280bd57d9a8b76b3159c0dc4531ebc96bfa462ca9228513cf0a6",
      "current_sha256": null,
      "reason": "Retire confirmed-active-bug evaluation reports and grades; maintain retained evaluation references."
    },
    {
      "path": "resources/sampler-140626/results/nyt-2026-fixed-400/evaluation/cases/rel_263.txt",
      "kind": "deleted",
      "previous_sha256": "9d17cf6ed47bc670f0fc55bdc1682ba34fee0dee9924037b9e5a75d0c7ccbbb8",
      "current_sha256": null,
      "reason": "Retire confirmed-active-bug evaluation reports and grades; maintain retained evaluation references."
    },
    {
      "path": "resources/sampler-140626/results/nyt-2026-fixed-400/evaluation/cases/rel_264.json",
      "kind": "deleted",
      "previous_sha256": "a56501fe956745b23775ec704b97f1357447f1f774ca8be58bfeb8b88b217a3b",
      "current_sha256": null,
      "reason": "Retire confirmed-active-bug evaluation reports and grades; maintain retained evaluation references."
    },
    {
      "path": "resources/sampler-140626/results/nyt-2026-fixed-400/evaluation/cases/rel_264.txt",
      "kind": "deleted",
      "previous_sha256": "699cde593dddb1f7bbdfd00513598642b38559ed22ae3fa1c6a6ce44f6344217",
      "current_sha256": null,
      "reason": "Retire confirmed-active-bug evaluation reports and grades; maintain retained evaluation references."
    },
    {
      "path": "resources/sampler-140626/results/nyt-2026-fixed-400/evaluation/cases/rel_267.json",
      "kind": "deleted",
      "previous_sha256": "2d4b91c950490d83630fd3fec17ea7742845b23b569f9fbf8342cc1ef5647c2d",
      "current_sha256": null,
      "reason": "Retire confirmed-active-bug evaluation reports and grades; maintain retained evaluation references."
    },
    {
      "path": "resources/sampler-140626/results/nyt-2026-fixed-400/evaluation/cases/rel_267.txt",
      "kind": "deleted",
      "previous_sha256": "68063738529fd601f9db9d9f5b8574e8bc3fac2ea08d376bf80dad36c22bc255",
      "current_sha256": null,
      "reason": "Retire confirmed-active-bug evaluation reports and grades; maintain retained evaluation references."
    },
    {
      "path": "resources/sampler-140626/results/nyt-2026-fixed-400/evaluation/cases/rel_268.json",
      "kind": "deleted",
      "previous_sha256": "c4d195fe7b4083ba1952d2dbc21842aec18619c5ebc0bd7ba164d840568c2cf3",
      "current_sha256": null,
      "reason": "Retire confirmed-active-bug evaluation reports and grades; maintain retained evaluation references."
    },
    {
      "path": "resources/sampler-140626/results/nyt-2026-fixed-400/evaluation/cases/rel_268.txt",
      "kind": "deleted",
      "previous_sha256": "94de834e81f047cf4ca9e46a04d6bdfaa8374c49c26c226d215a54b01b15e0af",
      "current_sha256": null,
      "reason": "Retire confirmed-active-bug evaluation reports and grades; maintain retained evaluation references."
    },
    {
      "path": "resources/sampler-140626/results/nyt-2026-fixed-400/evaluation/cases/rel_270.json",
      "kind": "deleted",
      "previous_sha256": "1887be2fd58f499902b72303ad2d5ff0750097ff26c956753f288cff90c3b49e",
      "current_sha256": null,
      "reason": "Retire confirmed-active-bug evaluation reports and grades; maintain retained evaluation references."
    },
    {
      "path": "resources/sampler-140626/results/nyt-2026-fixed-400/evaluation/cases/rel_270.txt",
      "kind": "deleted",
      "previous_sha256": "113de4015093894dacdcd33e137fd16dcb76d3141b4b4ba4462489bf69fcf3e9",
      "current_sha256": null,
      "reason": "Retire confirmed-active-bug evaluation reports and grades; maintain retained evaluation references."
    },
    {
      "path": "resources/sampler-140626/results/nyt-2026-fixed-400/evaluation/cases/rel_271.json",
      "kind": "deleted",
      "previous_sha256": "ab62101829aeb42bee70b2e24e814574a3ee5eed645e9a31fb6befb12573d9f3",
      "current_sha256": null,
      "reason": "Retire confirmed-active-bug evaluation reports and grades; maintain retained evaluation references."
    },
    {
      "path": "resources/sampler-140626/results/nyt-2026-fixed-400/evaluation/cases/rel_271.txt",
      "kind": "deleted",
      "previous_sha256": "1235369ebdcdf9b1f9833b0b194839c1ccb8d2e6aca41dfda000861c874fe477",
      "current_sha256": null,
      "reason": "Retire confirmed-active-bug evaluation reports and grades; maintain retained evaluation references."
    },
    {
      "path": "resources/sampler-140626/results/nyt-2026-fixed-400/evaluation/cases/rel_272.json",
      "kind": "deleted",
      "previous_sha256": "d31c076df0cda679979ff25fcafb7becd837a9d89dfb5501c0e8a65d511321cd",
      "current_sha256": null,
      "reason": "Retire confirmed-active-bug evaluation reports and grades; maintain retained evaluation references."
    },
    {
      "path": "resources/sampler-140626/results/nyt-2026-fixed-400/evaluation/cases/rel_272.txt",
      "kind": "deleted",
      "previous_sha256": "267ff664ee893dc479815633f55283ecf1d290c929537e11ad83f8b57401a9bd",
      "current_sha256": null,
      "reason": "Retire confirmed-active-bug evaluation reports and grades; maintain retained evaluation references."
    },
    {
      "path": "resources/sampler-140626/results/nyt-2026-fixed-400/evaluation/cases/rel_273.json",
      "kind": "deleted",
      "previous_sha256": "40bdb48426546851c7867b7e53b921df9f92aed9d3bc11b79b2381bf1af0b779",
      "current_sha256": null,
      "reason": "Retire confirmed-active-bug evaluation reports and grades; maintain retained evaluation references."
    },
    {
      "path": "resources/sampler-140626/results/nyt-2026-fixed-400/evaluation/cases/rel_273.txt",
      "kind": "deleted",
      "previous_sha256": "eeffac9526b66db52b36aa6294166acfd58f11f44ce33ebeaa88a06a3a14ac85",
      "current_sha256": null,
      "reason": "Retire confirmed-active-bug evaluation reports and grades; maintain retained evaluation references."
    },
    {
      "path": "resources/sampler-140626/results/nyt-2026-fixed-400/evaluation/cases/rel_275.json",
      "kind": "deleted",
      "previous_sha256": "7822c9ea81550fd77ceb4c691963d58225d39468c3815e7a3dbbcb318dc23a06",
      "current_sha256": null,
      "reason": "Retire confirmed-active-bug evaluation reports and grades; maintain retained evaluation references."
    },
    {
      "path": "resources/sampler-140626/results/nyt-2026-fixed-400/evaluation/cases/rel_275.txt",
      "kind": "deleted",
      "previous_sha256": "6342e2b2eff3a028c3f686130d260013d1e82660443230979e8dc7607376ea51",
      "current_sha256": null,
      "reason": "Retire confirmed-active-bug evaluation reports and grades; maintain retained evaluation references."
    },
    {
      "path": "resources/sampler-140626/results/nyt-2026-fixed-400/evaluation/cases/rel_276.json",
      "kind": "deleted",
      "previous_sha256": "78d96eaef71d1d2c278129da84b906d7a473b02c6d03c2084c5411d6c7dd52f1",
      "current_sha256": null,
      "reason": "Retire confirmed-active-bug evaluation reports and grades; maintain retained evaluation references."
    },
    {
      "path": "resources/sampler-140626/results/nyt-2026-fixed-400/evaluation/cases/rel_276.txt",
      "kind": "deleted",
      "previous_sha256": "22def82b02a4f61add9a8e9fb4a72ea55565b5b4b0816f2cf070d17ddd5af292",
      "current_sha256": null,
      "reason": "Retire confirmed-active-bug evaluation reports and grades; maintain retained evaluation references."
    },
    {
      "path": "resources/sampler-140626/results/nyt-2026-fixed-400/evaluation/cases/rel_277.json",
      "kind": "deleted",
      "previous_sha256": "c9e4277e35868a33118ccc110fbf38dc425dcb98bea043260476632bad0587f3",
      "current_sha256": null,
      "reason": "Retire confirmed-active-bug evaluation reports and grades; maintain retained evaluation references."
    },
    {
      "path": "resources/sampler-140626/results/nyt-2026-fixed-400/evaluation/cases/rel_277.txt",
      "kind": "deleted",
      "previous_sha256": "646892b8718430dfc9583cb7aa9153e75af6b788658334ca7ce2080acfc684fc",
      "current_sha256": null,
      "reason": "Retire confirmed-active-bug evaluation reports and grades; maintain retained evaluation references."
    },
    {
      "path": "resources/sampler-140626/results/nyt-2026-fixed-400/evaluation/cases/rel_278.json",
      "kind": "deleted",
      "previous_sha256": "11438736711e9ac3600219c4c87b17cb7280bc56223cce9a16056632e5bafc94",
      "current_sha256": null,
      "reason": "Retire confirmed-active-bug evaluation reports and grades; maintain retained evaluation references."
    },
    {
      "path": "resources/sampler-140626/results/nyt-2026-fixed-400/evaluation/cases/rel_278.txt",
      "kind": "deleted",
      "previous_sha256": "a9a453c68b7e121f0c019e868b2d1a524f5d6ead9406556ec0e34560b0644e6b",
      "current_sha256": null,
      "reason": "Retire confirmed-active-bug evaluation reports and grades; maintain retained evaluation references."
    },
    {
      "path": "resources/sampler-140626/results/nyt-2026-fixed-400/evaluation/cases/rel_279.json",
      "kind": "deleted",
      "previous_sha256": "911971d7c13b8ca0eb8d2cf60dbc3a8271eba73bc694d23726c2886ae2d3bbf3",
      "current_sha256": null,
      "reason": "Retire confirmed-active-bug evaluation reports and grades; maintain retained evaluation references."
    },
    {
      "path": "resources/sampler-140626/results/nyt-2026-fixed-400/evaluation/cases/rel_279.txt",
      "kind": "deleted",
      "previous_sha256": "a7cb744eebdd63d03780a040fd5dd2e59cae26636eadcb4421e830beb24dfd8a",
      "current_sha256": null,
      "reason": "Retire confirmed-active-bug evaluation reports and grades; maintain retained evaluation references."
    },
    {
      "path": "resources/sampler-140626/results/nyt-2026-fixed-400/evaluation/cases/rel_28.json",
      "kind": "deleted",
      "previous_sha256": "960d62d01e46882e580778dcce6250bdd7be3590be8dd10d805679cd26d222da",
      "current_sha256": null,
      "reason": "Retire confirmed-active-bug evaluation reports and grades; maintain retained evaluation references."
    },
    {
      "path": "resources/sampler-140626/results/nyt-2026-fixed-400/evaluation/cases/rel_28.txt",
      "kind": "deleted",
      "previous_sha256": "e7d6eb1fb56c7ffd28718db7e7b5f179960b205e36cca9ce8656a2d8e6d69373",
      "current_sha256": null,
      "reason": "Retire confirmed-active-bug evaluation reports and grades; maintain retained evaluation references."
    },
    {
      "path": "resources/sampler-140626/results/nyt-2026-fixed-400/evaluation/cases/rel_280.json",
      "kind": "deleted",
      "previous_sha256": "91b90ec1b8b4240ae77262166f9486394890d9931d363616ed8bf3f948ab80ee",
      "current_sha256": null,
      "reason": "Retire confirmed-active-bug evaluation reports and grades; maintain retained evaluation references."
    },
    {
      "path": "resources/sampler-140626/results/nyt-2026-fixed-400/evaluation/cases/rel_280.txt",
      "kind": "deleted",
      "previous_sha256": "1e7400d490cc9332a1c4443ee1e3d853f17e2f6eabb6932196244601bb5cf69c",
      "current_sha256": null,
      "reason": "Retire confirmed-active-bug evaluation reports and grades; maintain retained evaluation references."
    },
    {
      "path": "resources/sampler-140626/results/nyt-2026-fixed-400/evaluation/cases/rel_282.json",
      "kind": "deleted",
      "previous_sha256": "0ebaaa37cd1714cca644d0c9b3f406720f900a871e78ed032f40e7f9c85b81b3",
      "current_sha256": null,
      "reason": "Retire confirmed-active-bug evaluation reports and grades; maintain retained evaluation references."
    },
    {
      "path": "resources/sampler-140626/results/nyt-2026-fixed-400/evaluation/cases/rel_282.txt",
      "kind": "deleted",
      "previous_sha256": "c395548a433637759248e8061fc4841cef92fc3750891b0a4c66a521fc30b122",
      "current_sha256": null,
      "reason": "Retire confirmed-active-bug evaluation reports and grades; maintain retained evaluation references."
    },
    {
      "path": "resources/sampler-140626/results/nyt-2026-fixed-400/evaluation/cases/rel_284.json",
      "kind": "deleted",
      "previous_sha256": "3c2d88c65b056f76d9c8113514d19836ff9b30b0a576b7dcab8ea21f3f865737",
      "current_sha256": null,
      "reason": "Retire confirmed-active-bug evaluation reports and grades; maintain retained evaluation references."
    },
    {
      "path": "resources/sampler-140626/results/nyt-2026-fixed-400/evaluation/cases/rel_284.txt",
      "kind": "deleted",
      "previous_sha256": "fa2d22e49643d7e7c7940eede379f84004085dcd748624ecd2ab666ec1feed4b",
      "current_sha256": null,
      "reason": "Retire confirmed-active-bug evaluation reports and grades; maintain retained evaluation references."
    },
    {
      "path": "resources/sampler-140626/results/nyt-2026-fixed-400/evaluation/cases/rel_286.json",
      "kind": "deleted",
      "previous_sha256": "f0ad6830507afdbc3804a79db6ea9f1318e165a390d9d29a1bbb734735d7500b",
      "current_sha256": null,
      "reason": "Retire confirmed-active-bug evaluation reports and grades; maintain retained evaluation references."
    },
    {
      "path": "resources/sampler-140626/results/nyt-2026-fixed-400/evaluation/cases/rel_286.txt",
      "kind": "deleted",
      "previous_sha256": "8b503cfdcf094a11452ea1d4f8bfdf9fccffe8061b8c9e60f35295cdb6b98e33",
      "current_sha256": null,
      "reason": "Retire confirmed-active-bug evaluation reports and grades; maintain retained evaluation references."
    },
    {
      "path": "resources/sampler-140626/results/nyt-2026-fixed-400/evaluation/cases/rel_288.json",
      "kind": "deleted",
      "previous_sha256": "24ca09b3531d53d26798b8fb653a1cbd7fe435136afcb97bc6c4a3d2cc13dc40",
      "current_sha256": null,
      "reason": "Retire confirmed-active-bug evaluation reports and grades; maintain retained evaluation references."
    },
    {
      "path": "resources/sampler-140626/results/nyt-2026-fixed-400/evaluation/cases/rel_288.txt",
      "kind": "deleted",
      "previous_sha256": "12e21dd58ac37d6dd0eb444c05f0821536659f8263e6685bf1ab1d87bfe19ea8",
      "current_sha256": null,
      "reason": "Retire confirmed-active-bug evaluation reports and grades; maintain retained evaluation references."
    },
    {
      "path": "resources/sampler-140626/results/nyt-2026-fixed-400/evaluation/cases/rel_289.json",
      "kind": "deleted",
      "previous_sha256": "744287ee81e71a4ade969554e6866c0d70f1cc35be81e4aea9fdc6362f2c2abd",
      "current_sha256": null,
      "reason": "Retire confirmed-active-bug evaluation reports and grades; maintain retained evaluation references."
    },
    {
      "path": "resources/sampler-140626/results/nyt-2026-fixed-400/evaluation/cases/rel_289.txt",
      "kind": "deleted",
      "previous_sha256": "77f11fb4bc82cf5ebbf19ce16891368a011fba4544c52b21f1f96929387d2061",
      "current_sha256": null,
      "reason": "Retire confirmed-active-bug evaluation reports and grades; maintain retained evaluation references."
    },
    {
      "path": "resources/sampler-140626/results/nyt-2026-fixed-400/evaluation/cases/rel_290.json",
      "kind": "deleted",
      "previous_sha256": "eefdca4e6147392d983202f80db6def4245598c01286cbbbfe5e574c30981037",
      "current_sha256": null,
      "reason": "Retire confirmed-active-bug evaluation reports and grades; maintain retained evaluation references."
    },
    {
      "path": "resources/sampler-140626/results/nyt-2026-fixed-400/evaluation/cases/rel_290.txt",
      "kind": "deleted",
      "previous_sha256": "9fd793fb35b608e9e08935c3792f0937f4363670f15aa61d224449c6ba0a3ac6",
      "current_sha256": null,
      "reason": "Retire confirmed-active-bug evaluation reports and grades; maintain retained evaluation references."
    },
    {
      "path": "resources/sampler-140626/results/nyt-2026-fixed-400/evaluation/cases/rel_291.json",
      "kind": "deleted",
      "previous_sha256": "40ad7ffd0d9a5e7a52f64dd1e6fda7c8ad9470b0cbdfadd9c953eb1b5a2272d4",
      "current_sha256": null,
      "reason": "Retire confirmed-active-bug evaluation reports and grades; maintain retained evaluation references."
    },
    {
      "path": "resources/sampler-140626/results/nyt-2026-fixed-400/evaluation/cases/rel_291.txt",
      "kind": "deleted",
      "previous_sha256": "1ddeec4f5cfeecd7c5fcd0070982e9e1e359d85000b0379544ef2fa629d27bb3",
      "current_sha256": null,
      "reason": "Retire confirmed-active-bug evaluation reports and grades; maintain retained evaluation references."
    },
    {
      "path": "resources/sampler-140626/results/nyt-2026-fixed-400/evaluation/cases/rel_293.json",
      "kind": "deleted",
      "previous_sha256": "b03c2b1557634194eec548d334d82ad88a9d997a501321339946bd2194fcceed",
      "current_sha256": null,
      "reason": "Retire confirmed-active-bug evaluation reports and grades; maintain retained evaluation references."
    },
    {
      "path": "resources/sampler-140626/results/nyt-2026-fixed-400/evaluation/cases/rel_293.txt",
      "kind": "deleted",
      "previous_sha256": "25eb29e3db88f7d873ea92dda72bb767b979eab86b5646f5b7f5ba06300cfbeb",
      "current_sha256": null,
      "reason": "Retire confirmed-active-bug evaluation reports and grades; maintain retained evaluation references."
    },
    {
      "path": "resources/sampler-140626/results/nyt-2026-fixed-400/evaluation/cases/rel_294.json",
      "kind": "deleted",
      "previous_sha256": "fc594df5eff70c4ac5d779fd1452de5c25e6a02c34a6cbab984530073d31fc39",
      "current_sha256": null,
      "reason": "Retire confirmed-active-bug evaluation reports and grades; maintain retained evaluation references."
    },
    {
      "path": "resources/sampler-140626/results/nyt-2026-fixed-400/evaluation/cases/rel_294.txt",
      "kind": "deleted",
      "previous_sha256": "aafe30b4bf95bd4d444afdf4470bdf44892083f67cbc29cbcd33a68fd33a1195",
      "current_sha256": null,
      "reason": "Retire confirmed-active-bug evaluation reports and grades; maintain retained evaluation references."
    },
    {
      "path": "resources/sampler-140626/results/nyt-2026-fixed-400/evaluation/cases/rel_295.json",
      "kind": "deleted",
      "previous_sha256": "c16dcbf7501f1d1f742d2a2eca8693e6324f54d0fb4233970f786a24ca31195d",
      "current_sha256": null,
      "reason": "Retire confirmed-active-bug evaluation reports and grades; maintain retained evaluation references."
    },
    {
      "path": "resources/sampler-140626/results/nyt-2026-fixed-400/evaluation/cases/rel_295.txt",
      "kind": "deleted",
      "previous_sha256": "5c995a10464b2df1932bae800502cf5d922ed2d1571bfb575dc078a3e663f767",
      "current_sha256": null,
      "reason": "Retire confirmed-active-bug evaluation reports and grades; maintain retained evaluation references."
    },
    {
      "path": "resources/sampler-140626/results/nyt-2026-fixed-400/evaluation/cases/rel_296.json",
      "kind": "deleted",
      "previous_sha256": "f78e672ee7bcff97b9352ccf588cbd73298c1eed480b3d808abe738230b070ef",
      "current_sha256": null,
      "reason": "Retire confirmed-active-bug evaluation reports and grades; maintain retained evaluation references."
    },
    {
      "path": "resources/sampler-140626/results/nyt-2026-fixed-400/evaluation/cases/rel_296.txt",
      "kind": "deleted",
      "previous_sha256": "9021e36d06c5414ce776cb9f55b8be65b9d94e5886ef701179e7b81f79e3404b",
      "current_sha256": null,
      "reason": "Retire confirmed-active-bug evaluation reports and grades; maintain retained evaluation references."
    },
    {
      "path": "resources/sampler-140626/results/nyt-2026-fixed-400/evaluation/cases/rel_299.json",
      "kind": "deleted",
      "previous_sha256": "341d3316112bf58e1098dff80d6e43f43a1efdec2ce72bbd1cb9980b3d6b1492",
      "current_sha256": null,
      "reason": "Retire confirmed-active-bug evaluation reports and grades; maintain retained evaluation references."
    },
    {
      "path": "resources/sampler-140626/results/nyt-2026-fixed-400/evaluation/cases/rel_299.txt",
      "kind": "deleted",
      "previous_sha256": "7a299f83f38da69400e4c4dc9e6af51cd20ba92ba3250512164f6cd1712cde88",
      "current_sha256": null,
      "reason": "Retire confirmed-active-bug evaluation reports and grades; maintain retained evaluation references."
    },
    {
      "path": "resources/sampler-140626/results/nyt-2026-fixed-400/evaluation/cases/rel_300.json",
      "kind": "deleted",
      "previous_sha256": "03c76c6c826c1fff9f6bb6ef868886863f52179f734b3ccc9ac7f0495233d8ef",
      "current_sha256": null,
      "reason": "Retire confirmed-active-bug evaluation reports and grades; maintain retained evaluation references."
    },
    {
      "path": "resources/sampler-140626/results/nyt-2026-fixed-400/evaluation/cases/rel_300.txt",
      "kind": "deleted",
      "previous_sha256": "f85794c30c71877b611a60eadcb6d6071633ccfd11701264493bd84e7759bd56",
      "current_sha256": null,
      "reason": "Retire confirmed-active-bug evaluation reports and grades; maintain retained evaluation references."
    },
    {
      "path": "resources/sampler-140626/results/nyt-2026-fixed-400/evaluation/cases/rel_302.json",
      "kind": "deleted",
      "previous_sha256": "5db0258710911091f2b85e57b277cde81b4bd4c4daf75e053fa43f8a24a8358e",
      "current_sha256": null,
      "reason": "Retire confirmed-active-bug evaluation reports and grades; maintain retained evaluation references."
    },
    {
      "path": "resources/sampler-140626/results/nyt-2026-fixed-400/evaluation/cases/rel_302.txt",
      "kind": "deleted",
      "previous_sha256": "56e4927f3095fbec5d2eefe9396ff1fd5e2dfbec0e02c5aac2d496c30ab83d77",
      "current_sha256": null,
      "reason": "Retire confirmed-active-bug evaluation reports and grades; maintain retained evaluation references."
    },
    {
      "path": "resources/sampler-140626/results/nyt-2026-fixed-400/evaluation/cases/rel_306.json",
      "kind": "deleted",
      "previous_sha256": "9881a2a5fd0109affe8eb5df0cd41f20ef32e7b95ebf74a3a9e40bf96abb4b52",
      "current_sha256": null,
      "reason": "Retire confirmed-active-bug evaluation reports and grades; maintain retained evaluation references."
    },
    {
      "path": "resources/sampler-140626/results/nyt-2026-fixed-400/evaluation/cases/rel_306.txt",
      "kind": "deleted",
      "previous_sha256": "6c698999437da36e0995a085194c79df304eee618de5325562b005e4bc7d02ef",
      "current_sha256": null,
      "reason": "Retire confirmed-active-bug evaluation reports and grades; maintain retained evaluation references."
    },
    {
      "path": "resources/sampler-140626/results/nyt-2026-fixed-400/evaluation/cases/rel_307.json",
      "kind": "deleted",
      "previous_sha256": "724fab6d2a16495e2a464208a285f391906b006c2164792fdb3215a9047773e2",
      "current_sha256": null,
      "reason": "Retire confirmed-active-bug evaluation reports and grades; maintain retained evaluation references."
    },
    {
      "path": "resources/sampler-140626/results/nyt-2026-fixed-400/evaluation/cases/rel_307.txt",
      "kind": "deleted",
      "previous_sha256": "d760a7e44dd711f3b46962ae1ab3098ba0c2c62975126c717a6b9824c49d9336",
      "current_sha256": null,
      "reason": "Retire confirmed-active-bug evaluation reports and grades; maintain retained evaluation references."
    },
    {
      "path": "resources/sampler-140626/results/nyt-2026-fixed-400/evaluation/cases/rel_308.json",
      "kind": "deleted",
      "previous_sha256": "2e581298d3b84ee8c359096e71c8cfc1301380bd7957230409c07b596fa94b04",
      "current_sha256": null,
      "reason": "Retire confirmed-active-bug evaluation reports and grades; maintain retained evaluation references."
    },
    {
      "path": "resources/sampler-140626/results/nyt-2026-fixed-400/evaluation/cases/rel_308.txt",
      "kind": "deleted",
      "previous_sha256": "90456223d5340af4d7aa833fdad83f6c53a1ed817eeb85a4432fdc440cddf2d9",
      "current_sha256": null,
      "reason": "Retire confirmed-active-bug evaluation reports and grades; maintain retained evaluation references."
    },
    {
      "path": "resources/sampler-140626/results/nyt-2026-fixed-400/evaluation/cases/rel_31.json",
      "kind": "deleted",
      "previous_sha256": "d141707a520638417de1ec2716b094964f997786e6885fbb01d7b4cb42076513",
      "current_sha256": null,
      "reason": "Retire confirmed-active-bug evaluation reports and grades; maintain retained evaluation references."
    },
    {
      "path": "resources/sampler-140626/results/nyt-2026-fixed-400/evaluation/cases/rel_31.txt",
      "kind": "deleted",
      "previous_sha256": "8e41af17e29fdce010e0b64f38b4b6ade606bf427d0f185218b638ad594e002f",
      "current_sha256": null,
      "reason": "Retire confirmed-active-bug evaluation reports and grades; maintain retained evaluation references."
    },
    {
      "path": "resources/sampler-140626/results/nyt-2026-fixed-400/evaluation/cases/rel_310.json",
      "kind": "deleted",
      "previous_sha256": "625167922115783a377ab4a1c2ac974bd953f1bcb3b7660b7852b20aabf0039d",
      "current_sha256": null,
      "reason": "Retire confirmed-active-bug evaluation reports and grades; maintain retained evaluation references."
    },
    {
      "path": "resources/sampler-140626/results/nyt-2026-fixed-400/evaluation/cases/rel_310.txt",
      "kind": "deleted",
      "previous_sha256": "ab64d7d2789948addc93e5fa6ba2e085c36cc4e52e42d3fb7ef8c8a3f0e4b3a9",
      "current_sha256": null,
      "reason": "Retire confirmed-active-bug evaluation reports and grades; maintain retained evaluation references."
    },
    {
      "path": "resources/sampler-140626/results/nyt-2026-fixed-400/evaluation/cases/rel_311.json",
      "kind": "deleted",
      "previous_sha256": "0a3373fcbea4c6663c5e0a94c10ed262953707c06e49af696a1b6513e05cd703",
      "current_sha256": null,
      "reason": "Retire confirmed-active-bug evaluation reports and grades; maintain retained evaluation references."
    },
    {
      "path": "resources/sampler-140626/results/nyt-2026-fixed-400/evaluation/cases/rel_311.txt",
      "kind": "deleted",
      "previous_sha256": "368678ae15b706560315a8a711db2f97c2e2a8f3554d822be191971c82fb4cb5",
      "current_sha256": null,
      "reason": "Retire confirmed-active-bug evaluation reports and grades; maintain retained evaluation references."
    },
    {
      "path": "resources/sampler-140626/results/nyt-2026-fixed-400/evaluation/cases/rel_312.json",
      "kind": "deleted",
      "previous_sha256": "42af44fa4d5090bb2e6911ed09a474283d644cfc89fb3b9fff0b54fa85f7f40e",
      "current_sha256": null,
      "reason": "Retire confirmed-active-bug evaluation reports and grades; maintain retained evaluation references."
    },
    {
      "path": "resources/sampler-140626/results/nyt-2026-fixed-400/evaluation/cases/rel_312.txt",
      "kind": "deleted",
      "previous_sha256": "24f5fe7b25564366d984267ecd5c0b30e4e49411a2f0157a635f99b406028c04",
      "current_sha256": null,
      "reason": "Retire confirmed-active-bug evaluation reports and grades; maintain retained evaluation references."
    },
    {
      "path": "resources/sampler-140626/results/nyt-2026-fixed-400/evaluation/cases/rel_314.json",
      "kind": "deleted",
      "previous_sha256": "261a00ea1bc58e9624d2ab5e256648af461f9e938533a462fcc9769fa6ea5f2f",
      "current_sha256": null,
      "reason": "Retire confirmed-active-bug evaluation reports and grades; maintain retained evaluation references."
    },
    {
      "path": "resources/sampler-140626/results/nyt-2026-fixed-400/evaluation/cases/rel_314.txt",
      "kind": "deleted",
      "previous_sha256": "de8b60f6c43fc2e76e985ff8220eb11c6253d4847ff3eee319b313d8a35a8433",
      "current_sha256": null,
      "reason": "Retire confirmed-active-bug evaluation reports and grades; maintain retained evaluation references."
    },
    {
      "path": "resources/sampler-140626/results/nyt-2026-fixed-400/evaluation/cases/rel_315.json",
      "kind": "deleted",
      "previous_sha256": "8a4d42cf1e723d2745141dd818096ba6721d1c40609370d4f331d8454ba5647a",
      "current_sha256": null,
      "reason": "Retire confirmed-active-bug evaluation reports and grades; maintain retained evaluation references."
    },
    {
      "path": "resources/sampler-140626/results/nyt-2026-fixed-400/evaluation/cases/rel_315.txt",
      "kind": "deleted",
      "previous_sha256": "aa314fe0579a7cf6619b808a614fed720d2a6dda94a4db0f7961879962c02d13",
      "current_sha256": null,
      "reason": "Retire confirmed-active-bug evaluation reports and grades; maintain retained evaluation references."
    },
    {
      "path": "resources/sampler-140626/results/nyt-2026-fixed-400/evaluation/cases/rel_316.json",
      "kind": "deleted",
      "previous_sha256": "157418bcdfb336efef192c014f4e00c45a293b3a2f1ffd4c24f175ca853cbcfa",
      "current_sha256": null,
      "reason": "Retire confirmed-active-bug evaluation reports and grades; maintain retained evaluation references."
    },
    {
      "path": "resources/sampler-140626/results/nyt-2026-fixed-400/evaluation/cases/rel_316.txt",
      "kind": "deleted",
      "previous_sha256": "ac16532653cc07c6f6cc0fd26c67ba1440b480be1c3c50980b1f58abfaaa6333",
      "current_sha256": null,
      "reason": "Retire confirmed-active-bug evaluation reports and grades; maintain retained evaluation references."
    },
    {
      "path": "resources/sampler-140626/results/nyt-2026-fixed-400/evaluation/cases/rel_317.json",
      "kind": "deleted",
      "previous_sha256": "86ea7eb5503aff04ecbaf5419de4483911082a0fd79ca122c1cfe0f3f7d3f037",
      "current_sha256": null,
      "reason": "Retire confirmed-active-bug evaluation reports and grades; maintain retained evaluation references."
    },
    {
      "path": "resources/sampler-140626/results/nyt-2026-fixed-400/evaluation/cases/rel_317.txt",
      "kind": "deleted",
      "previous_sha256": "6de837dd2aa5e4a3a2c1547beba4a33b9de86be3d9279f789ac75790848cc738",
      "current_sha256": null,
      "reason": "Retire confirmed-active-bug evaluation reports and grades; maintain retained evaluation references."
    },
    {
      "path": "resources/sampler-140626/results/nyt-2026-fixed-400/evaluation/cases/rel_319.json",
      "kind": "deleted",
      "previous_sha256": "71ff015e58838310ea6f2abbc779e306c39de3e9dd60fcadc9a0544b4ae0c473",
      "current_sha256": null,
      "reason": "Retire confirmed-active-bug evaluation reports and grades; maintain retained evaluation references."
    },
    {
      "path": "resources/sampler-140626/results/nyt-2026-fixed-400/evaluation/cases/rel_319.txt",
      "kind": "deleted",
      "previous_sha256": "174e43d7e409c1828b96ed8604458b573931925d59a81d43a2d970f24530827b",
      "current_sha256": null,
      "reason": "Retire confirmed-active-bug evaluation reports and grades; maintain retained evaluation references."
    },
    {
      "path": "resources/sampler-140626/results/nyt-2026-fixed-400/evaluation/cases/rel_32.json",
      "kind": "deleted",
      "previous_sha256": "a700ee21f4eba94b68d46b55ac6c60b42d5795814461258ec9d994f0b0ef0f28",
      "current_sha256": null,
      "reason": "Retire confirmed-active-bug evaluation reports and grades; maintain retained evaluation references."
    },
    {
      "path": "resources/sampler-140626/results/nyt-2026-fixed-400/evaluation/cases/rel_32.txt",
      "kind": "deleted",
      "previous_sha256": "b52fb7d34857e3ff7bc1e6ccec1a58cfcff81ec0ffb11f4b465eef903f64ea08",
      "current_sha256": null,
      "reason": "Retire confirmed-active-bug evaluation reports and grades; maintain retained evaluation references."
    },
    {
      "path": "resources/sampler-140626/results/nyt-2026-fixed-400/evaluation/cases/rel_320.json",
      "kind": "deleted",
      "previous_sha256": "6b9e795eedf9f479d1de4227642abc0c1e59d42feb7ebbdf4fb984adb4457a03",
      "current_sha256": null,
      "reason": "Retire confirmed-active-bug evaluation reports and grades; maintain retained evaluation references."
    },
    {
      "path": "resources/sampler-140626/results/nyt-2026-fixed-400/evaluation/cases/rel_320.txt",
      "kind": "deleted",
      "previous_sha256": "02e342af9aa308ee4cf9a9747f38f7f32e29c433e0156e5ce266d144b25b4da0",
      "current_sha256": null,
      "reason": "Retire confirmed-active-bug evaluation reports and grades; maintain retained evaluation references."
    },
    {
      "path": "resources/sampler-140626/results/nyt-2026-fixed-400/evaluation/cases/rel_321.json",
      "kind": "deleted",
      "previous_sha256": "e8f21ca00f98d0f0ea1421b8833e803ce8b830cb019382f6fe2bcf0de9e9fe3e",
      "current_sha256": null,
      "reason": "Retire confirmed-active-bug evaluation reports and grades; maintain retained evaluation references."
    },
    {
      "path": "resources/sampler-140626/results/nyt-2026-fixed-400/evaluation/cases/rel_321.txt",
      "kind": "deleted",
      "previous_sha256": "08284fd1a11b0711d4246ab65dba71c1dce9d18829c5aacf5be820a58c7beb4e",
      "current_sha256": null,
      "reason": "Retire confirmed-active-bug evaluation reports and grades; maintain retained evaluation references."
    },
    {
      "path": "resources/sampler-140626/results/nyt-2026-fixed-400/evaluation/cases/rel_322.json",
      "kind": "deleted",
      "previous_sha256": "f093d84a7b1aaa0f7544c3a1a4f7913087e73e8e160865b5b109372136b62478",
      "current_sha256": null,
      "reason": "Retire confirmed-active-bug evaluation reports and grades; maintain retained evaluation references."
    },
    {
      "path": "resources/sampler-140626/results/nyt-2026-fixed-400/evaluation/cases/rel_322.txt",
      "kind": "deleted",
      "previous_sha256": "4b550c9046044ba3cc4183a6785f43ecbe36598b46383a9f761faa83fe196ae3",
      "current_sha256": null,
      "reason": "Retire confirmed-active-bug evaluation reports and grades; maintain retained evaluation references."
    },
    {
      "path": "resources/sampler-140626/results/nyt-2026-fixed-400/evaluation/cases/rel_323.json",
      "kind": "deleted",
      "previous_sha256": "58949b2ee0e98880925fa08f07b473e849ec389e3125a4109ecd519b89df531a",
      "current_sha256": null,
      "reason": "Retire confirmed-active-bug evaluation reports and grades; maintain retained evaluation references."
    },
    {
      "path": "resources/sampler-140626/results/nyt-2026-fixed-400/evaluation/cases/rel_323.txt",
      "kind": "deleted",
      "previous_sha256": "a7fc27f3d312822aed91c995b6ed6e150c2580468a9b03515afd0ff40b764965",
      "current_sha256": null,
      "reason": "Retire confirmed-active-bug evaluation reports and grades; maintain retained evaluation references."
    },
    {
      "path": "resources/sampler-140626/results/nyt-2026-fixed-400/evaluation/cases/rel_324.json",
      "kind": "deleted",
      "previous_sha256": "167333138aa85710cb4dc4303902d3fc67750a73f76a6b505f826424ab5174ae",
      "current_sha256": null,
      "reason": "Retire confirmed-active-bug evaluation reports and grades; maintain retained evaluation references."
    },
    {
      "path": "resources/sampler-140626/results/nyt-2026-fixed-400/evaluation/cases/rel_324.txt",
      "kind": "deleted",
      "previous_sha256": "37f6a3f58c9b4f32d3b88fd8409154b89c9142c75adf25be8a8bdd5a332de9e2",
      "current_sha256": null,
      "reason": "Retire confirmed-active-bug evaluation reports and grades; maintain retained evaluation references."
    },
    {
      "path": "resources/sampler-140626/results/nyt-2026-fixed-400/evaluation/cases/rel_325.json",
      "kind": "deleted",
      "previous_sha256": "3d94fa7fbf0c8b588bbd714e3dbbc5f818d9e994f5622cd09311a0bdfe6b64d5",
      "current_sha256": null,
      "reason": "Retire confirmed-active-bug evaluation reports and grades; maintain retained evaluation references."
    },
    {
      "path": "resources/sampler-140626/results/nyt-2026-fixed-400/evaluation/cases/rel_325.txt",
      "kind": "deleted",
      "previous_sha256": "17882b324770da8a5afda8081ebe4b4810fb9083ae4c6c85fced7de62b10e88e",
      "current_sha256": null,
      "reason": "Retire confirmed-active-bug evaluation reports and grades; maintain retained evaluation references."
    },
    {
      "path": "resources/sampler-140626/results/nyt-2026-fixed-400/evaluation/cases/rel_327.json",
      "kind": "deleted",
      "previous_sha256": "d13074669062f4571aa22d60e2319dc8611747fd52c59f139ff9f515474d4f0f",
      "current_sha256": null,
      "reason": "Retire confirmed-active-bug evaluation reports and grades; maintain retained evaluation references."
    },
    {
      "path": "resources/sampler-140626/results/nyt-2026-fixed-400/evaluation/cases/rel_327.txt",
      "kind": "deleted",
      "previous_sha256": "8ad18806573b2d395007d01d2583515ddfa3fc715b2441cc6ab779c310d48a25",
      "current_sha256": null,
      "reason": "Retire confirmed-active-bug evaluation reports and grades; maintain retained evaluation references."
    },
    {
      "path": "resources/sampler-140626/results/nyt-2026-fixed-400/evaluation/cases/rel_328.json",
      "kind": "deleted",
      "previous_sha256": "6b5c97adbab24971f78141313ed38762f90a008d08d22df0480b8f8e1e20059e",
      "current_sha256": null,
      "reason": "Retire confirmed-active-bug evaluation reports and grades; maintain retained evaluation references."
    },
    {
      "path": "resources/sampler-140626/results/nyt-2026-fixed-400/evaluation/cases/rel_328.txt",
      "kind": "deleted",
      "previous_sha256": "9f763f6da12beaa5abb8293fd55325e12f0edd8b4127381521f33a963c66d366",
      "current_sha256": null,
      "reason": "Retire confirmed-active-bug evaluation reports and grades; maintain retained evaluation references."
    },
    {
      "path": "resources/sampler-140626/results/nyt-2026-fixed-400/evaluation/cases/rel_329.json",
      "kind": "deleted",
      "previous_sha256": "9178f95b9b658cc853aa87bfe38480de0f0c4daf7da89616d203684567612dd6",
      "current_sha256": null,
      "reason": "Retire confirmed-active-bug evaluation reports and grades; maintain retained evaluation references."
    },
    {
      "path": "resources/sampler-140626/results/nyt-2026-fixed-400/evaluation/cases/rel_329.txt",
      "kind": "deleted",
      "previous_sha256": "d0e6c1c44249db4b51094b2cf540a496b4d04b0debb60763e06d3db9db3d6559",
      "current_sha256": null,
      "reason": "Retire confirmed-active-bug evaluation reports and grades; maintain retained evaluation references."
    },
    {
      "path": "resources/sampler-140626/results/nyt-2026-fixed-400/evaluation/cases/rel_33.json",
      "kind": "deleted",
      "previous_sha256": "75d713ddf7ff4017d8dbc106a8f8b58413d8d3df894bf44832f6ea0b54b22998",
      "current_sha256": null,
      "reason": "Retire confirmed-active-bug evaluation reports and grades; maintain retained evaluation references."
    },
    {
      "path": "resources/sampler-140626/results/nyt-2026-fixed-400/evaluation/cases/rel_33.txt",
      "kind": "deleted",
      "previous_sha256": "f8f6aa08544dc46b40658764f0b3f845f4d5b129dbbc75075de2b992c630ac21",
      "current_sha256": null,
      "reason": "Retire confirmed-active-bug evaluation reports and grades; maintain retained evaluation references."
    },
    {
      "path": "resources/sampler-140626/results/nyt-2026-fixed-400/evaluation/cases/rel_330.json",
      "kind": "deleted",
      "previous_sha256": "67be0f048a7f24fa110b5317c1d63935b5d38d279c51ad3020d1e90646783939",
      "current_sha256": null,
      "reason": "Retire confirmed-active-bug evaluation reports and grades; maintain retained evaluation references."
    },
    {
      "path": "resources/sampler-140626/results/nyt-2026-fixed-400/evaluation/cases/rel_330.txt",
      "kind": "deleted",
      "previous_sha256": "279ea9bcfc149463e98111ea6d632b257751c8b4fda0b7fc13be36213ee16fcb",
      "current_sha256": null,
      "reason": "Retire confirmed-active-bug evaluation reports and grades; maintain retained evaluation references."
    },
    {
      "path": "resources/sampler-140626/results/nyt-2026-fixed-400/evaluation/cases/rel_332.json",
      "kind": "deleted",
      "previous_sha256": "4fab660a7863b97e46f81594f78ea43e6053bfb6d695c6beee78a16aa7ff42b6",
      "current_sha256": null,
      "reason": "Retire confirmed-active-bug evaluation reports and grades; maintain retained evaluation references."
    },
    {
      "path": "resources/sampler-140626/results/nyt-2026-fixed-400/evaluation/cases/rel_332.txt",
      "kind": "deleted",
      "previous_sha256": "c8094e6263440772f72e590630619177ebcfffde2a51038cb56bcc90d7a154b7",
      "current_sha256": null,
      "reason": "Retire confirmed-active-bug evaluation reports and grades; maintain retained evaluation references."
    },
    {
      "path": "resources/sampler-140626/results/nyt-2026-fixed-400/evaluation/cases/rel_334.json",
      "kind": "deleted",
      "previous_sha256": "6e015897b5b7f0d0766cabeea28a6b7c619ce4d68dd6fb41b2cfc46e2b322e88",
      "current_sha256": null,
      "reason": "Retire confirmed-active-bug evaluation reports and grades; maintain retained evaluation references."
    },
    {
      "path": "resources/sampler-140626/results/nyt-2026-fixed-400/evaluation/cases/rel_334.txt",
      "kind": "deleted",
      "previous_sha256": "dc6355960bf259e6e5cdfa72ca48731bbeecd5cbf8cb94e2f686f3f932ac50dc",
      "current_sha256": null,
      "reason": "Retire confirmed-active-bug evaluation reports and grades; maintain retained evaluation references."
    },
    {
      "path": "resources/sampler-140626/results/nyt-2026-fixed-400/evaluation/cases/rel_338.json",
      "kind": "deleted",
      "previous_sha256": "3b8bdebce18cf989ffdf44f40a6b1892f7afcc3ae6e09aacbe4b6ec7e31a9312",
      "current_sha256": null,
      "reason": "Retire confirmed-active-bug evaluation reports and grades; maintain retained evaluation references."
    },
    {
      "path": "resources/sampler-140626/results/nyt-2026-fixed-400/evaluation/cases/rel_338.txt",
      "kind": "deleted",
      "previous_sha256": "5ca20471a5de7e73589c8d5b6d455d6d16493882368b5121afb3932047f44165",
      "current_sha256": null,
      "reason": "Retire confirmed-active-bug evaluation reports and grades; maintain retained evaluation references."
    },
    {
      "path": "resources/sampler-140626/results/nyt-2026-fixed-400/evaluation/cases/rel_339.json",
      "kind": "deleted",
      "previous_sha256": "d4ebb477d913ff4f6fbb6c25464ae03aac55ec9138a8ebf16cafe3a1f2b71fa1",
      "current_sha256": null,
      "reason": "Retire confirmed-active-bug evaluation reports and grades; maintain retained evaluation references."
    },
    {
      "path": "resources/sampler-140626/results/nyt-2026-fixed-400/evaluation/cases/rel_339.txt",
      "kind": "deleted",
      "previous_sha256": "55388492709e1cb9573c12db75cb9c28161c2e88c464f6a39a0c1895b3860d11",
      "current_sha256": null,
      "reason": "Retire confirmed-active-bug evaluation reports and grades; maintain retained evaluation references."
    },
    {
      "path": "resources/sampler-140626/results/nyt-2026-fixed-400/evaluation/cases/rel_34.json",
      "kind": "deleted",
      "previous_sha256": "1f9e634fad85876ff03d0dd10806d612451a7fcb3cdcaa79c263e0c14646c8a6",
      "current_sha256": null,
      "reason": "Retire confirmed-active-bug evaluation reports and grades; maintain retained evaluation references."
    },
    {
      "path": "resources/sampler-140626/results/nyt-2026-fixed-400/evaluation/cases/rel_34.txt",
      "kind": "deleted",
      "previous_sha256": "2ed2442dfbf0442d0448a1e7a69697a62efff7167b6f94b661055a8239ebb1dd",
      "current_sha256": null,
      "reason": "Retire confirmed-active-bug evaluation reports and grades; maintain retained evaluation references."
    },
    {
      "path": "resources/sampler-140626/results/nyt-2026-fixed-400/evaluation/cases/rel_340.json",
      "kind": "deleted",
      "previous_sha256": "fc0d9204b6024ac383a6851c86c4e9ca47316deb5f04e3e58b5ba670848e01a3",
      "current_sha256": null,
      "reason": "Retire confirmed-active-bug evaluation reports and grades; maintain retained evaluation references."
    },
    {
      "path": "resources/sampler-140626/results/nyt-2026-fixed-400/evaluation/cases/rel_340.txt",
      "kind": "deleted",
      "previous_sha256": "6cf62f7d3dfbefde5324cb961f18f6572c8d8987efa4cc2dca4f8a520bba5bf8",
      "current_sha256": null,
      "reason": "Retire confirmed-active-bug evaluation reports and grades; maintain retained evaluation references."
    },
    {
      "path": "resources/sampler-140626/results/nyt-2026-fixed-400/evaluation/cases/rel_341.json",
      "kind": "deleted",
      "previous_sha256": "7b8f3214932d0ebaf666837d4300f2a7fc80c127ca155cfea9e25d5d8538f20b",
      "current_sha256": null,
      "reason": "Retire confirmed-active-bug evaluation reports and grades; maintain retained evaluation references."
    },
    {
      "path": "resources/sampler-140626/results/nyt-2026-fixed-400/evaluation/cases/rel_341.txt",
      "kind": "deleted",
      "previous_sha256": "c912667219ea81631e71404c272a314354dfd9783d89f1237c2978c714adb01a",
      "current_sha256": null,
      "reason": "Retire confirmed-active-bug evaluation reports and grades; maintain retained evaluation references."
    },
    {
      "path": "resources/sampler-140626/results/nyt-2026-fixed-400/evaluation/cases/rel_342.json",
      "kind": "deleted",
      "previous_sha256": "454ad79b4cb9d5fb74c73b6790697613c7ad846e90f3b4ede026752fc79f6790",
      "current_sha256": null,
      "reason": "Retire confirmed-active-bug evaluation reports and grades; maintain retained evaluation references."
    },
    {
      "path": "resources/sampler-140626/results/nyt-2026-fixed-400/evaluation/cases/rel_342.txt",
      "kind": "deleted",
      "previous_sha256": "d9b81e884227384c2bbbf3503885c7abf290451e1e0cee6332a67e0c4ea7398b",
      "current_sha256": null,
      "reason": "Retire confirmed-active-bug evaluation reports and grades; maintain retained evaluation references."
    },
    {
      "path": "resources/sampler-140626/results/nyt-2026-fixed-400/evaluation/cases/rel_343.json",
      "kind": "deleted",
      "previous_sha256": "9aa63f4f9644bdf14e75d784f9a5904553d11e2b0f3321f1f469c80938241d5f",
      "current_sha256": null,
      "reason": "Retire confirmed-active-bug evaluation reports and grades; maintain retained evaluation references."
    },
    {
      "path": "resources/sampler-140626/results/nyt-2026-fixed-400/evaluation/cases/rel_343.txt",
      "kind": "deleted",
      "previous_sha256": "cfa993e3412de38788149de373d8073ff3062188b99dc34be53d3cb95dad0926",
      "current_sha256": null,
      "reason": "Retire confirmed-active-bug evaluation reports and grades; maintain retained evaluation references."
    },
    {
      "path": "resources/sampler-140626/results/nyt-2026-fixed-400/evaluation/cases/rel_344.json",
      "kind": "deleted",
      "previous_sha256": "6db5ce05034c440faa9f0f9b2babf9926d88cd9d662bc171efd33e5eb47e3910",
      "current_sha256": null,
      "reason": "Retire confirmed-active-bug evaluation reports and grades; maintain retained evaluation references."
    },
    {
      "path": "resources/sampler-140626/results/nyt-2026-fixed-400/evaluation/cases/rel_344.txt",
      "kind": "deleted",
      "previous_sha256": "3cd7fde823798d3acb3edc1b0c6521d0961c2d6ed64a1a05453fd6a66a8078f4",
      "current_sha256": null,
      "reason": "Retire confirmed-active-bug evaluation reports and grades; maintain retained evaluation references."
    },
    {
      "path": "resources/sampler-140626/results/nyt-2026-fixed-400/evaluation/cases/rel_346.json",
      "kind": "deleted",
      "previous_sha256": "80925a73788829c0a0732e79d4937937ce62ee9ba573abb96bf6320771e106e5",
      "current_sha256": null,
      "reason": "Retire confirmed-active-bug evaluation reports and grades; maintain retained evaluation references."
    },
    {
      "path": "resources/sampler-140626/results/nyt-2026-fixed-400/evaluation/cases/rel_346.txt",
      "kind": "deleted",
      "previous_sha256": "21215dcce085c954411c83cbc1ee46cc3467225602201eebb2791b2dac1d36e0",
      "current_sha256": null,
      "reason": "Retire confirmed-active-bug evaluation reports and grades; maintain retained evaluation references."
    },
    {
      "path": "resources/sampler-140626/results/nyt-2026-fixed-400/evaluation/cases/rel_347.json",
      "kind": "deleted",
      "previous_sha256": "4676533f93c378d69531a193b95d94b0891c111005cf7522792d7a26d3194665",
      "current_sha256": null,
      "reason": "Retire confirmed-active-bug evaluation reports and grades; maintain retained evaluation references."
    },
    {
      "path": "resources/sampler-140626/results/nyt-2026-fixed-400/evaluation/cases/rel_347.txt",
      "kind": "deleted",
      "previous_sha256": "6b5b57865adf6f15e69914d69f6809b30d4427a77807539da492f45b70edd11e",
      "current_sha256": null,
      "reason": "Retire confirmed-active-bug evaluation reports and grades; maintain retained evaluation references."
    },
    {
      "path": "resources/sampler-140626/results/nyt-2026-fixed-400/evaluation/cases/rel_349.json",
      "kind": "deleted",
      "previous_sha256": "d73acddc1b3c3532a633d0df5822bb3c974dcfbb852c421d3b01c7640b28ddfa",
      "current_sha256": null,
      "reason": "Retire confirmed-active-bug evaluation reports and grades; maintain retained evaluation references."
    },
    {
      "path": "resources/sampler-140626/results/nyt-2026-fixed-400/evaluation/cases/rel_349.txt",
      "kind": "deleted",
      "previous_sha256": "2fe9297d6d4d31786dcfa2ab3eea0c36adcdddd7e3cecc71231e6be600df6ee2",
      "current_sha256": null,
      "reason": "Retire confirmed-active-bug evaluation reports and grades; maintain retained evaluation references."
    },
    {
      "path": "resources/sampler-140626/results/nyt-2026-fixed-400/evaluation/cases/rel_35.json",
      "kind": "deleted",
      "previous_sha256": "5fc8b60cb2ce0474f0bd1c66527c2b3b630f8325e3e9ec5a04e8c90b3fa9c7c8",
      "current_sha256": null,
      "reason": "Retire confirmed-active-bug evaluation reports and grades; maintain retained evaluation references."
    },
    {
      "path": "resources/sampler-140626/results/nyt-2026-fixed-400/evaluation/cases/rel_35.txt",
      "kind": "deleted",
      "previous_sha256": "39b84b1ee33733557b206f952a9e6211731fb2c0cf7f414250c9f16156267d66",
      "current_sha256": null,
      "reason": "Retire confirmed-active-bug evaluation reports and grades; maintain retained evaluation references."
    },
    {
      "path": "resources/sampler-140626/results/nyt-2026-fixed-400/evaluation/cases/rel_352.json",
      "kind": "deleted",
      "previous_sha256": "6f6064b40991c64b65d563cb13c6325481ed4ef62e19e9f6dc51d6256800ad58",
      "current_sha256": null,
      "reason": "Retire confirmed-active-bug evaluation reports and grades; maintain retained evaluation references."
    },
    {
      "path": "resources/sampler-140626/results/nyt-2026-fixed-400/evaluation/cases/rel_352.txt",
      "kind": "deleted",
      "previous_sha256": "72b982d1d81232f10919fc482fa506012c19df50d098df1d8ecc6077e552677f",
      "current_sha256": null,
      "reason": "Retire confirmed-active-bug evaluation reports and grades; maintain retained evaluation references."
    },
    {
      "path": "resources/sampler-140626/results/nyt-2026-fixed-400/evaluation/cases/rel_355.json",
      "kind": "deleted",
      "previous_sha256": "b4d510b8fb6e6a3904f52c70b4617465ada0c6e84478bea1cb8f0f6d5c2965ff",
      "current_sha256": null,
      "reason": "Retire confirmed-active-bug evaluation reports and grades; maintain retained evaluation references."
    },
    {
      "path": "resources/sampler-140626/results/nyt-2026-fixed-400/evaluation/cases/rel_355.txt",
      "kind": "deleted",
      "previous_sha256": "fead529a52c409735b99e67c15429d94a28a64ca90e2b717d9263b617207f4d5",
      "current_sha256": null,
      "reason": "Retire confirmed-active-bug evaluation reports and grades; maintain retained evaluation references."
    },
    {
      "path": "resources/sampler-140626/results/nyt-2026-fixed-400/evaluation/cases/rel_357.json",
      "kind": "deleted",
      "previous_sha256": "623bcae852657de8e9a7718ba4c2ef8c0b7f7bb63c5dffb4e275f3e546de8da9",
      "current_sha256": null,
      "reason": "Retire confirmed-active-bug evaluation reports and grades; maintain retained evaluation references."
    },
    {
      "path": "resources/sampler-140626/results/nyt-2026-fixed-400/evaluation/cases/rel_357.txt",
      "kind": "deleted",
      "previous_sha256": "508d9df61f23ce557c44acc79b21a9baf5e1131776edfa4790a7568a4707c138",
      "current_sha256": null,
      "reason": "Retire confirmed-active-bug evaluation reports and grades; maintain retained evaluation references."
    },
    {
      "path": "resources/sampler-140626/results/nyt-2026-fixed-400/evaluation/cases/rel_358.json",
      "kind": "deleted",
      "previous_sha256": "98e1ef2bf69ac74bbd707e22cbed88d0bf6e30b78ad05a4f57efe784c84de1f5",
      "current_sha256": null,
      "reason": "Retire confirmed-active-bug evaluation reports and grades; maintain retained evaluation references."
    },
    {
      "path": "resources/sampler-140626/results/nyt-2026-fixed-400/evaluation/cases/rel_358.txt",
      "kind": "deleted",
      "previous_sha256": "5ca0e2c317166d5e3da7046540f4381bbbaa7a7152d04e12a9c335570824239a",
      "current_sha256": null,
      "reason": "Retire confirmed-active-bug evaluation reports and grades; maintain retained evaluation references."
    },
    {
      "path": "resources/sampler-140626/results/nyt-2026-fixed-400/evaluation/cases/rel_361.json",
      "kind": "deleted",
      "previous_sha256": "6932a1a40abd8649e59b705d1d8230589d7ae408c4862ceeba99ea9ad7f449e8",
      "current_sha256": null,
      "reason": "Retire confirmed-active-bug evaluation reports and grades; maintain retained evaluation references."
    },
    {
      "path": "resources/sampler-140626/results/nyt-2026-fixed-400/evaluation/cases/rel_361.txt",
      "kind": "deleted",
      "previous_sha256": "592ea90b2237cfed2d71d02ce622c9dc7e2278a13e4c81a107a683ab4d51ee58",
      "current_sha256": null,
      "reason": "Retire confirmed-active-bug evaluation reports and grades; maintain retained evaluation references."
    },
    {
      "path": "resources/sampler-140626/results/nyt-2026-fixed-400/evaluation/cases/rel_364.json",
      "kind": "deleted",
      "previous_sha256": "5cec92847de0debb8c84df4529fd2df7e663aa3c60db607af43510519e11dff8",
      "current_sha256": null,
      "reason": "Retire confirmed-active-bug evaluation reports and grades; maintain retained evaluation references."
    },
    {
      "path": "resources/sampler-140626/results/nyt-2026-fixed-400/evaluation/cases/rel_364.txt",
      "kind": "deleted",
      "previous_sha256": "3c6682320e6570d76b2e61dcf532a72197eac592ab02ed5aa6811be88386d45c",
      "current_sha256": null,
      "reason": "Retire confirmed-active-bug evaluation reports and grades; maintain retained evaluation references."
    },
    {
      "path": "resources/sampler-140626/results/nyt-2026-fixed-400/evaluation/cases/rel_366.json",
      "kind": "deleted",
      "previous_sha256": "5540b1ab486b8d47cf936f19af97b3c4a11768341a70dc0402be179c959db10b",
      "current_sha256": null,
      "reason": "Retire confirmed-active-bug evaluation reports and grades; maintain retained evaluation references."
    },
    {
      "path": "resources/sampler-140626/results/nyt-2026-fixed-400/evaluation/cases/rel_366.txt",
      "kind": "deleted",
      "previous_sha256": "ab005e1047ce145b962a6bceadc92e95972a6c56710aae791d3db961857a5428",
      "current_sha256": null,
      "reason": "Retire confirmed-active-bug evaluation reports and grades; maintain retained evaluation references."
    },
    {
      "path": "resources/sampler-140626/results/nyt-2026-fixed-400/evaluation/cases/rel_369.json",
      "kind": "deleted",
      "previous_sha256": "0136a74e28ac6866d348bee980ed460b91dbc8fd992f1f58ad505e4b2cae252d",
      "current_sha256": null,
      "reason": "Retire confirmed-active-bug evaluation reports and grades; maintain retained evaluation references."
    },
    {
      "path": "resources/sampler-140626/results/nyt-2026-fixed-400/evaluation/cases/rel_369.txt",
      "kind": "deleted",
      "previous_sha256": "cd86067b31132e0275cadf23b4908c9d7e58b808fbebb2bb0afab04527cc1fd2",
      "current_sha256": null,
      "reason": "Retire confirmed-active-bug evaluation reports and grades; maintain retained evaluation references."
    },
    {
      "path": "resources/sampler-140626/results/nyt-2026-fixed-400/evaluation/cases/rel_37.json",
      "kind": "deleted",
      "previous_sha256": "647d2086a175d6135737abfa40d840196ecfe4adac1da8225ee7340d114d560b",
      "current_sha256": null,
      "reason": "Retire confirmed-active-bug evaluation reports and grades; maintain retained evaluation references."
    },
    {
      "path": "resources/sampler-140626/results/nyt-2026-fixed-400/evaluation/cases/rel_37.txt",
      "kind": "deleted",
      "previous_sha256": "dfa00bad66ba6e6c5a179e9eb4134ee2bf45939620bfe32bd265eee9a654cc3c",
      "current_sha256": null,
      "reason": "Retire confirmed-active-bug evaluation reports and grades; maintain retained evaluation references."
    },
    {
      "path": "resources/sampler-140626/results/nyt-2026-fixed-400/evaluation/cases/rel_370.json",
      "kind": "deleted",
      "previous_sha256": "f6e90a55a10566d6cd433258798b8403d8b0f00f20c88432e706acf5c081a89a",
      "current_sha256": null,
      "reason": "Retire confirmed-active-bug evaluation reports and grades; maintain retained evaluation references."
    },
    {
      "path": "resources/sampler-140626/results/nyt-2026-fixed-400/evaluation/cases/rel_370.txt",
      "kind": "deleted",
      "previous_sha256": "a7c94f5868aa4a53a2af83e3b1922ed372b31ae92d76893a3ca8e3f1ef5eb421",
      "current_sha256": null,
      "reason": "Retire confirmed-active-bug evaluation reports and grades; maintain retained evaluation references."
    },
    {
      "path": "resources/sampler-140626/results/nyt-2026-fixed-400/evaluation/cases/rel_371.json",
      "kind": "deleted",
      "previous_sha256": "d764610341a1ff9ace8d2cc0375f4984ad8d34e0607af2c1e1d7a8548ce1d1f8",
      "current_sha256": null,
      "reason": "Retire confirmed-active-bug evaluation reports and grades; maintain retained evaluation references."
    },
    {
      "path": "resources/sampler-140626/results/nyt-2026-fixed-400/evaluation/cases/rel_371.txt",
      "kind": "deleted",
      "previous_sha256": "f5d6cc1d196e52661d17f63ed8c47b275deeea1dabc336c20faa2a6b76a1aecd",
      "current_sha256": null,
      "reason": "Retire confirmed-active-bug evaluation reports and grades; maintain retained evaluation references."
    },
    {
      "path": "resources/sampler-140626/results/nyt-2026-fixed-400/evaluation/cases/rel_372.json",
      "kind": "deleted",
      "previous_sha256": "807868ae431d250c1dce1c3e52a78224157fd4d6831a7fdb54c8e53e715899ea",
      "current_sha256": null,
      "reason": "Retire confirmed-active-bug evaluation reports and grades; maintain retained evaluation references."
    },
    {
      "path": "resources/sampler-140626/results/nyt-2026-fixed-400/evaluation/cases/rel_372.txt",
      "kind": "deleted",
      "previous_sha256": "08c3c596d9e83fe8d5aa905f3b58889371a13de7595fb98121444b8eb433b282",
      "current_sha256": null,
      "reason": "Retire confirmed-active-bug evaluation reports and grades; maintain retained evaluation references."
    },
    {
      "path": "resources/sampler-140626/results/nyt-2026-fixed-400/evaluation/cases/rel_373.json",
      "kind": "deleted",
      "previous_sha256": "aad891d54aea66f823ff811e0d84c8adf0cf61afe4499c32359a01430e0b6a6b",
      "current_sha256": null,
      "reason": "Retire confirmed-active-bug evaluation reports and grades; maintain retained evaluation references."
    },
    {
      "path": "resources/sampler-140626/results/nyt-2026-fixed-400/evaluation/cases/rel_373.txt",
      "kind": "deleted",
      "previous_sha256": "fe939cd535b3933ce92a5abd07c4cca007cd5bae4a52e5a7243bc790e3d97e87",
      "current_sha256": null,
      "reason": "Retire confirmed-active-bug evaluation reports and grades; maintain retained evaluation references."
    },
    {
      "path": "resources/sampler-140626/results/nyt-2026-fixed-400/evaluation/cases/rel_374.json",
      "kind": "deleted",
      "previous_sha256": "19adced762925ed51744b298de94b7806f5831967f58979428a05725ce9db3fd",
      "current_sha256": null,
      "reason": "Retire confirmed-active-bug evaluation reports and grades; maintain retained evaluation references."
    },
    {
      "path": "resources/sampler-140626/results/nyt-2026-fixed-400/evaluation/cases/rel_374.txt",
      "kind": "deleted",
      "previous_sha256": "354bda202c221bb758dc72d76fc1892c94708a27456da772596b1b1a1622979e",
      "current_sha256": null,
      "reason": "Retire confirmed-active-bug evaluation reports and grades; maintain retained evaluation references."
    },
    {
      "path": "resources/sampler-140626/results/nyt-2026-fixed-400/evaluation/cases/rel_375.json",
      "kind": "deleted",
      "previous_sha256": "c99e7e4e8d6321e952e5781c59fa12842e6076b70c5efd912634774dce6df96f",
      "current_sha256": null,
      "reason": "Retire confirmed-active-bug evaluation reports and grades; maintain retained evaluation references."
    },
    {
      "path": "resources/sampler-140626/results/nyt-2026-fixed-400/evaluation/cases/rel_375.txt",
      "kind": "deleted",
      "previous_sha256": "c6ee276c5cbcd9066cad523fdd3a484b8a0a5a0eaeff0f9d073a29c26418eafd",
      "current_sha256": null,
      "reason": "Retire confirmed-active-bug evaluation reports and grades; maintain retained evaluation references."
    },
    {
      "path": "resources/sampler-140626/results/nyt-2026-fixed-400/evaluation/cases/rel_376.json",
      "kind": "deleted",
      "previous_sha256": "2f2a22caa04d3aa65778f72856115a30a9384a9913f26b899ee4f9c81a64544c",
      "current_sha256": null,
      "reason": "Retire confirmed-active-bug evaluation reports and grades; maintain retained evaluation references."
    },
    {
      "path": "resources/sampler-140626/results/nyt-2026-fixed-400/evaluation/cases/rel_376.txt",
      "kind": "deleted",
      "previous_sha256": "550a75ad3fe75239648c8d350f1af1b74a5f616777399da2324da23e7e3042e6",
      "current_sha256": null,
      "reason": "Retire confirmed-active-bug evaluation reports and grades; maintain retained evaluation references."
    },
    {
      "path": "resources/sampler-140626/results/nyt-2026-fixed-400/evaluation/cases/rel_38.json",
      "kind": "deleted",
      "previous_sha256": "888079d1997e00cf3b219fe6bc9d1a2fa6276829aa3ba633368cae12f89a5f7f",
      "current_sha256": null,
      "reason": "Retire confirmed-active-bug evaluation reports and grades; maintain retained evaluation references."
    },
    {
      "path": "resources/sampler-140626/results/nyt-2026-fixed-400/evaluation/cases/rel_38.txt",
      "kind": "deleted",
      "previous_sha256": "f87d949dbc7c0c729ab2b6f569aebc850b1c2f509bf44a1c48ed02beddcbc191",
      "current_sha256": null,
      "reason": "Retire confirmed-active-bug evaluation reports and grades; maintain retained evaluation references."
    },
    {
      "path": "resources/sampler-140626/results/nyt-2026-fixed-400/evaluation/cases/rel_382.json",
      "kind": "deleted",
      "previous_sha256": "f7f50cfcded0ab282741b0b261fbbb561c7b3825e1565217f65c0cfba94bb019",
      "current_sha256": null,
      "reason": "Retire confirmed-active-bug evaluation reports and grades; maintain retained evaluation references."
    },
    {
      "path": "resources/sampler-140626/results/nyt-2026-fixed-400/evaluation/cases/rel_382.txt",
      "kind": "deleted",
      "previous_sha256": "88a8ee27cd02c4847086a575e32ab74b094ed1943ee8a08592b585a003721bc3",
      "current_sha256": null,
      "reason": "Retire confirmed-active-bug evaluation reports and grades; maintain retained evaluation references."
    },
    {
      "path": "resources/sampler-140626/results/nyt-2026-fixed-400/evaluation/cases/rel_383.json",
      "kind": "deleted",
      "previous_sha256": "0f54180e4e10d2c0b8f37747538e8d4f61ccb33ee4445f0017d9d85025831dde",
      "current_sha256": null,
      "reason": "Retire confirmed-active-bug evaluation reports and grades; maintain retained evaluation references."
    },
    {
      "path": "resources/sampler-140626/results/nyt-2026-fixed-400/evaluation/cases/rel_383.txt",
      "kind": "deleted",
      "previous_sha256": "5cf48b48b1a79febf8fa27d959c8b36e92a2d292620c05f336097f42ef20e0e9",
      "current_sha256": null,
      "reason": "Retire confirmed-active-bug evaluation reports and grades; maintain retained evaluation references."
    },
    {
      "path": "resources/sampler-140626/results/nyt-2026-fixed-400/evaluation/cases/rel_384.json",
      "kind": "deleted",
      "previous_sha256": "19fa82f833e451bd1e264e3300d9124b0f624abdd5199da468aa8bd39c4f1088",
      "current_sha256": null,
      "reason": "Retire confirmed-active-bug evaluation reports and grades; maintain retained evaluation references."
    },
    {
      "path": "resources/sampler-140626/results/nyt-2026-fixed-400/evaluation/cases/rel_384.txt",
      "kind": "deleted",
      "previous_sha256": "ab6792374eade442f1119e295e2af7a30dc1f9989c21e8ad1abc870bef2ccacf",
      "current_sha256": null,
      "reason": "Retire confirmed-active-bug evaluation reports and grades; maintain retained evaluation references."
    },
    {
      "path": "resources/sampler-140626/results/nyt-2026-fixed-400/evaluation/cases/rel_388.json",
      "kind": "deleted",
      "previous_sha256": "3cbdaa722eac29fa87d951d17ba26bbbe4f759ec6bcbc18b183e7d46fe3c2686",
      "current_sha256": null,
      "reason": "Retire confirmed-active-bug evaluation reports and grades; maintain retained evaluation references."
    },
    {
      "path": "resources/sampler-140626/results/nyt-2026-fixed-400/evaluation/cases/rel_388.txt",
      "kind": "deleted",
      "previous_sha256": "4fecb4b00db01500656279c87d2b69a720e0eec28c5422e5791c7b5c99c00e24",
      "current_sha256": null,
      "reason": "Retire confirmed-active-bug evaluation reports and grades; maintain retained evaluation references."
    },
    {
      "path": "resources/sampler-140626/results/nyt-2026-fixed-400/evaluation/cases/rel_389.json",
      "kind": "deleted",
      "previous_sha256": "9c2989307dd393b1dcfc8e1fdc6e9e707a376bf78027c42f216daac0a95c9c29",
      "current_sha256": null,
      "reason": "Retire confirmed-active-bug evaluation reports and grades; maintain retained evaluation references."
    },
    {
      "path": "resources/sampler-140626/results/nyt-2026-fixed-400/evaluation/cases/rel_389.txt",
      "kind": "deleted",
      "previous_sha256": "53ba8ee6c530d06e59af27fdb844ba593e5a7dbcc2901b0aa984dca0b165d645",
      "current_sha256": null,
      "reason": "Retire confirmed-active-bug evaluation reports and grades; maintain retained evaluation references."
    },
    {
      "path": "resources/sampler-140626/results/nyt-2026-fixed-400/evaluation/cases/rel_39.json",
      "kind": "deleted",
      "previous_sha256": "d56ea48e342694ecdc2a1d7263d934e3e8c5b6d3f721e6e3dd7536fefe9be50f",
      "current_sha256": null,
      "reason": "Retire confirmed-active-bug evaluation reports and grades; maintain retained evaluation references."
    },
    {
      "path": "resources/sampler-140626/results/nyt-2026-fixed-400/evaluation/cases/rel_39.txt",
      "kind": "deleted",
      "previous_sha256": "6ed20a6e5d260e2f304085f8d161662283487dd64ed96102db965f36ef2b0ccb",
      "current_sha256": null,
      "reason": "Retire confirmed-active-bug evaluation reports and grades; maintain retained evaluation references."
    },
    {
      "path": "resources/sampler-140626/results/nyt-2026-fixed-400/evaluation/cases/rel_390.json",
      "kind": "deleted",
      "previous_sha256": "fc1a34fa4fa2ca0b575f0536fffaf9cc963fd1c8403ac5308c74f26e260975e6",
      "current_sha256": null,
      "reason": "Retire confirmed-active-bug evaluation reports and grades; maintain retained evaluation references."
    },
    {
      "path": "resources/sampler-140626/results/nyt-2026-fixed-400/evaluation/cases/rel_390.txt",
      "kind": "deleted",
      "previous_sha256": "7ce9a1210cb7e90cf680ea9b722cecd41f1eeec17715d7cc2f652fc29f78dfcd",
      "current_sha256": null,
      "reason": "Retire confirmed-active-bug evaluation reports and grades; maintain retained evaluation references."
    },
    {
      "path": "resources/sampler-140626/results/nyt-2026-fixed-400/evaluation/cases/rel_393.json",
      "kind": "deleted",
      "previous_sha256": "762a5001109985253cd85dad82254dc4640126ddbaa128bd230efda53df8b5c3",
      "current_sha256": null,
      "reason": "Retire confirmed-active-bug evaluation reports and grades; maintain retained evaluation references."
    },
    {
      "path": "resources/sampler-140626/results/nyt-2026-fixed-400/evaluation/cases/rel_393.txt",
      "kind": "deleted",
      "previous_sha256": "25419b0e73058c49bccfdda6d0cdce0269498824a88a97b04c6e69119c69a536",
      "current_sha256": null,
      "reason": "Retire confirmed-active-bug evaluation reports and grades; maintain retained evaluation references."
    },
    {
      "path": "resources/sampler-140626/results/nyt-2026-fixed-400/evaluation/cases/rel_395.json",
      "kind": "deleted",
      "previous_sha256": "2b4dcb246bdc38b028a13accb2f466d98b446dbfd0398f14b07950dc6e0c4b24",
      "current_sha256": null,
      "reason": "Retire confirmed-active-bug evaluation reports and grades; maintain retained evaluation references."
    },
    {
      "path": "resources/sampler-140626/results/nyt-2026-fixed-400/evaluation/cases/rel_395.txt",
      "kind": "deleted",
      "previous_sha256": "86c4fbb67f85ebb519ac238c75d217e2ad8dd623cfc8fa4ab0df31996ae91045",
      "current_sha256": null,
      "reason": "Retire confirmed-active-bug evaluation reports and grades; maintain retained evaluation references."
    },
    {
      "path": "resources/sampler-140626/results/nyt-2026-fixed-400/evaluation/cases/rel_4.json",
      "kind": "deleted",
      "previous_sha256": "79529859f40ecd8666612d3e5ac2b6dee4a2f77edd0cebe9063f2c303ef1ec6b",
      "current_sha256": null,
      "reason": "Retire confirmed-active-bug evaluation reports and grades; maintain retained evaluation references."
    },
    {
      "path": "resources/sampler-140626/results/nyt-2026-fixed-400/evaluation/cases/rel_4.txt",
      "kind": "deleted",
      "previous_sha256": "9639b88b4fd1d52037140b6ef01da8b57b0e50bb45f788e0babfe461c974e4e1",
      "current_sha256": null,
      "reason": "Retire confirmed-active-bug evaluation reports and grades; maintain retained evaluation references."
    },
    {
      "path": "resources/sampler-140626/results/nyt-2026-fixed-400/evaluation/cases/rel_40.json",
      "kind": "deleted",
      "previous_sha256": "180f0abba6f02ec22f36cbd481e73efd008fcdd5171a459212d180c4df98314c",
      "current_sha256": null,
      "reason": "Retire confirmed-active-bug evaluation reports and grades; maintain retained evaluation references."
    },
    {
      "path": "resources/sampler-140626/results/nyt-2026-fixed-400/evaluation/cases/rel_40.txt",
      "kind": "deleted",
      "previous_sha256": "5d8fd883498a0b4656e9dbd1609848aa92acb8da6b2c9af2a8ec423ead186731",
      "current_sha256": null,
      "reason": "Retire confirmed-active-bug evaluation reports and grades; maintain retained evaluation references."
    },
    {
      "path": "resources/sampler-140626/results/nyt-2026-fixed-400/evaluation/cases/rel_42.json",
      "kind": "deleted",
      "previous_sha256": "7d5bb598405e0c9135fd621705cfc58c9b1853f249da64936b6b0f898d37ebe3",
      "current_sha256": null,
      "reason": "Retire confirmed-active-bug evaluation reports and grades; maintain retained evaluation references."
    },
    {
      "path": "resources/sampler-140626/results/nyt-2026-fixed-400/evaluation/cases/rel_42.txt",
      "kind": "deleted",
      "previous_sha256": "20d9f4d0a9c7bb2d91132a55b4e8f4fb8958f85da9c32eb930e28237cfd1b3dd",
      "current_sha256": null,
      "reason": "Retire confirmed-active-bug evaluation reports and grades; maintain retained evaluation references."
    },
    {
      "path": "resources/sampler-140626/results/nyt-2026-fixed-400/evaluation/cases/rel_43.json",
      "kind": "deleted",
      "previous_sha256": "98846d760f4530329cd9f02c9e4047ccd1af29ad93a8a692ca26a9dbd12b44ff",
      "current_sha256": null,
      "reason": "Retire confirmed-active-bug evaluation reports and grades; maintain retained evaluation references."
    },
    {
      "path": "resources/sampler-140626/results/nyt-2026-fixed-400/evaluation/cases/rel_43.txt",
      "kind": "deleted",
      "previous_sha256": "b6943f9c1491b145fb47f38c3a817c3f949ad3fe201beefdf5550e5a0065c440",
      "current_sha256": null,
      "reason": "Retire confirmed-active-bug evaluation reports and grades; maintain retained evaluation references."
    },
    {
      "path": "resources/sampler-140626/results/nyt-2026-fixed-400/evaluation/cases/rel_44.json",
      "kind": "deleted",
      "previous_sha256": "776a453f6849e90e4189c760e983ddb7bacd10dfca246bb6e38b4a3769a58b97",
      "current_sha256": null,
      "reason": "Retire confirmed-active-bug evaluation reports and grades; maintain retained evaluation references."
    },
    {
      "path": "resources/sampler-140626/results/nyt-2026-fixed-400/evaluation/cases/rel_44.txt",
      "kind": "deleted",
      "previous_sha256": "0aabe29f5c5d9d8975562556a22fc45642319149668c9504d1fffd8d0a8905b7",
      "current_sha256": null,
      "reason": "Retire confirmed-active-bug evaluation reports and grades; maintain retained evaluation references."
    },
    {
      "path": "resources/sampler-140626/results/nyt-2026-fixed-400/evaluation/cases/rel_45.json",
      "kind": "deleted",
      "previous_sha256": "167fc56cc3608feb585dbeb673f43e60e6b933769092e49d80d206ea754751f0",
      "current_sha256": null,
      "reason": "Retire confirmed-active-bug evaluation reports and grades; maintain retained evaluation references."
    },
    {
      "path": "resources/sampler-140626/results/nyt-2026-fixed-400/evaluation/cases/rel_45.txt",
      "kind": "deleted",
      "previous_sha256": "b9c93a76736c079bebd6b073ab89be92afbbedfec5965cddaadd35747fbab65d",
      "current_sha256": null,
      "reason": "Retire confirmed-active-bug evaluation reports and grades; maintain retained evaluation references."
    },
    {
      "path": "resources/sampler-140626/results/nyt-2026-fixed-400/evaluation/cases/rel_46.json",
      "kind": "deleted",
      "previous_sha256": "a655bb8ec049ea72d1439a5d56a667df8486e61aa2084e09b72763cac04dda75",
      "current_sha256": null,
      "reason": "Retire confirmed-active-bug evaluation reports and grades; maintain retained evaluation references."
    },
    {
      "path": "resources/sampler-140626/results/nyt-2026-fixed-400/evaluation/cases/rel_46.txt",
      "kind": "deleted",
      "previous_sha256": "7951d59222b0a0a0bd10d073473e668f2e7416b6cd465c9922e31179efa0d69a",
      "current_sha256": null,
      "reason": "Retire confirmed-active-bug evaluation reports and grades; maintain retained evaluation references."
    },
    {
      "path": "resources/sampler-140626/results/nyt-2026-fixed-400/evaluation/cases/rel_47.json",
      "kind": "deleted",
      "previous_sha256": "204284eba4db2c4677250c29d831d1d24a93d4ae1137f10f8a27b5893eb14e63",
      "current_sha256": null,
      "reason": "Retire confirmed-active-bug evaluation reports and grades; maintain retained evaluation references."
    },
    {
      "path": "resources/sampler-140626/results/nyt-2026-fixed-400/evaluation/cases/rel_47.txt",
      "kind": "deleted",
      "previous_sha256": "2ba304daca3bbdce4edc822ced3839f0cb19a83f9e6a235c09be0424fe75b04f",
      "current_sha256": null,
      "reason": "Retire confirmed-active-bug evaluation reports and grades; maintain retained evaluation references."
    },
    {
      "path": "resources/sampler-140626/results/nyt-2026-fixed-400/evaluation/cases/rel_48.json",
      "kind": "deleted",
      "previous_sha256": "03d78c1c59b2c324caeb7431623d74e324169c898f6b0e43d7011ae9cdccb7aa",
      "current_sha256": null,
      "reason": "Retire confirmed-active-bug evaluation reports and grades; maintain retained evaluation references."
    },
    {
      "path": "resources/sampler-140626/results/nyt-2026-fixed-400/evaluation/cases/rel_48.txt",
      "kind": "deleted",
      "previous_sha256": "82fc27c2fd3d3454cb7a254377c15cdc6833cba1c65e0b4111dcfeae06a3d4b7",
      "current_sha256": null,
      "reason": "Retire confirmed-active-bug evaluation reports and grades; maintain retained evaluation references."
    },
    {
      "path": "resources/sampler-140626/results/nyt-2026-fixed-400/evaluation/cases/rel_49.json",
      "kind": "deleted",
      "previous_sha256": "c852949254ca7cfa0ad21ed8938c45c93c1c3cc11b9b05ebc621b838e1fbf14f",
      "current_sha256": null,
      "reason": "Retire confirmed-active-bug evaluation reports and grades; maintain retained evaluation references."
    },
    {
      "path": "resources/sampler-140626/results/nyt-2026-fixed-400/evaluation/cases/rel_49.txt",
      "kind": "deleted",
      "previous_sha256": "6f0f5c61324f39d66e57344d8496b2da90a30f8bd50d48b60ee32fd14ae4d737",
      "current_sha256": null,
      "reason": "Retire confirmed-active-bug evaluation reports and grades; maintain retained evaluation references."
    },
    {
      "path": "resources/sampler-140626/results/nyt-2026-fixed-400/evaluation/cases/rel_5.json",
      "kind": "deleted",
      "previous_sha256": "4542027f6688668471fe1eebeadff7a3142255cfad26f06e5d11bdc5b4d21f96",
      "current_sha256": null,
      "reason": "Retire confirmed-active-bug evaluation reports and grades; maintain retained evaluation references."
    },
    {
      "path": "resources/sampler-140626/results/nyt-2026-fixed-400/evaluation/cases/rel_5.txt",
      "kind": "deleted",
      "previous_sha256": "a541aa3172e8bbbcf7ad536ef082f25410880e3c549629cfade7ef08f9241e34",
      "current_sha256": null,
      "reason": "Retire confirmed-active-bug evaluation reports and grades; maintain retained evaluation references."
    },
    {
      "path": "resources/sampler-140626/results/nyt-2026-fixed-400/evaluation/cases/rel_50.json",
      "kind": "deleted",
      "previous_sha256": "cbec3fadc310b8bb7f1890245b955c0056e37a4308f50b9198e1aca8610b0d66",
      "current_sha256": null,
      "reason": "Retire confirmed-active-bug evaluation reports and grades; maintain retained evaluation references."
    },
    {
      "path": "resources/sampler-140626/results/nyt-2026-fixed-400/evaluation/cases/rel_50.txt",
      "kind": "deleted",
      "previous_sha256": "6af6ad1e10797136e93e9ad598c07319147d421fa6fa0e2a6be26a78612ae9a6",
      "current_sha256": null,
      "reason": "Retire confirmed-active-bug evaluation reports and grades; maintain retained evaluation references."
    },
    {
      "path": "resources/sampler-140626/results/nyt-2026-fixed-400/evaluation/cases/rel_51.json",
      "kind": "deleted",
      "previous_sha256": "b4229ce0b3461fd6f28402a2c4b51ff225c94dd789fa9ba1187682ca6b65e708",
      "current_sha256": null,
      "reason": "Retire confirmed-active-bug evaluation reports and grades; maintain retained evaluation references."
    },
    {
      "path": "resources/sampler-140626/results/nyt-2026-fixed-400/evaluation/cases/rel_51.txt",
      "kind": "deleted",
      "previous_sha256": "48ec5531efd79f53d60a05d4d0206f03b1656985b30b824b98c0b7450509593b",
      "current_sha256": null,
      "reason": "Retire confirmed-active-bug evaluation reports and grades; maintain retained evaluation references."
    },
    {
      "path": "resources/sampler-140626/results/nyt-2026-fixed-400/evaluation/cases/rel_52.json",
      "kind": "deleted",
      "previous_sha256": "459b70d7e25d7624e3bed8a12b328da3ab2fb20b7a4391ffbd5bb86249d8f46a",
      "current_sha256": null,
      "reason": "Retire confirmed-active-bug evaluation reports and grades; maintain retained evaluation references."
    },
    {
      "path": "resources/sampler-140626/results/nyt-2026-fixed-400/evaluation/cases/rel_52.txt",
      "kind": "deleted",
      "previous_sha256": "cc6720216d6404711ada42eaa3ba63775f937f3fade9d750a85a10287c1f35b7",
      "current_sha256": null,
      "reason": "Retire confirmed-active-bug evaluation reports and grades; maintain retained evaluation references."
    },
    {
      "path": "resources/sampler-140626/results/nyt-2026-fixed-400/evaluation/cases/rel_54.json",
      "kind": "deleted",
      "previous_sha256": "8a98c3b676aeb05eaae735065a5e6d2f3c9516467b0d37a210f31f6ab101510c",
      "current_sha256": null,
      "reason": "Retire confirmed-active-bug evaluation reports and grades; maintain retained evaluation references."
    },
    {
      "path": "resources/sampler-140626/results/nyt-2026-fixed-400/evaluation/cases/rel_54.txt",
      "kind": "deleted",
      "previous_sha256": "767c20c60030d52f51d72335954cf09ccec56674e95bbd123e6d1ed289f369e0",
      "current_sha256": null,
      "reason": "Retire confirmed-active-bug evaluation reports and grades; maintain retained evaluation references."
    },
    {
      "path": "resources/sampler-140626/results/nyt-2026-fixed-400/evaluation/cases/rel_55.json",
      "kind": "deleted",
      "previous_sha256": "d8ed32fc2023b14d6eb1876fd5c444f6c699500fa2a48888d2d18751839670d5",
      "current_sha256": null,
      "reason": "Retire confirmed-active-bug evaluation reports and grades; maintain retained evaluation references."
    },
    {
      "path": "resources/sampler-140626/results/nyt-2026-fixed-400/evaluation/cases/rel_55.txt",
      "kind": "deleted",
      "previous_sha256": "7974907b53d44efcca74e22c36aac5e40db8259c5d42b18c7ab2529be8ae2549",
      "current_sha256": null,
      "reason": "Retire confirmed-active-bug evaluation reports and grades; maintain retained evaluation references."
    },
    {
      "path": "resources/sampler-140626/results/nyt-2026-fixed-400/evaluation/cases/rel_56.json",
      "kind": "deleted",
      "previous_sha256": "992cc079acf84de683a7e627a38d4361a18653960d9a2ef603f237770c163469",
      "current_sha256": null,
      "reason": "Retire confirmed-active-bug evaluation reports and grades; maintain retained evaluation references."
    },
    {
      "path": "resources/sampler-140626/results/nyt-2026-fixed-400/evaluation/cases/rel_56.txt",
      "kind": "deleted",
      "previous_sha256": "d072a95b5b2a608249e289911f27f203f14efb72f1f49e02c2134542c2420369",
      "current_sha256": null,
      "reason": "Retire confirmed-active-bug evaluation reports and grades; maintain retained evaluation references."
    },
    {
      "path": "resources/sampler-140626/results/nyt-2026-fixed-400/evaluation/cases/rel_57.json",
      "kind": "deleted",
      "previous_sha256": "47011fed42c0e030a0d70eb9166c3380382ebaf947eec37cf7ac7499fef024cf",
      "current_sha256": null,
      "reason": "Retire confirmed-active-bug evaluation reports and grades; maintain retained evaluation references."
    },
    {
      "path": "resources/sampler-140626/results/nyt-2026-fixed-400/evaluation/cases/rel_57.txt",
      "kind": "deleted",
      "previous_sha256": "f856a1c674185ad885a9190f7ed0280920e61096fc078943f43d804a65fd3fe0",
      "current_sha256": null,
      "reason": "Retire confirmed-active-bug evaluation reports and grades; maintain retained evaluation references."
    },
    {
      "path": "resources/sampler-140626/results/nyt-2026-fixed-400/evaluation/cases/rel_58.json",
      "kind": "deleted",
      "previous_sha256": "366b9efac2b596257c826ce0516d4c0a58f17dbaadf29aa8c86c7bef9df964ad",
      "current_sha256": null,
      "reason": "Retire confirmed-active-bug evaluation reports and grades; maintain retained evaluation references."
    },
    {
      "path": "resources/sampler-140626/results/nyt-2026-fixed-400/evaluation/cases/rel_58.txt",
      "kind": "deleted",
      "previous_sha256": "c5f5fcc8886c0bb18427748b674c7a0667fe2c404965b3e6ebf7e7d21287172d",
      "current_sha256": null,
      "reason": "Retire confirmed-active-bug evaluation reports and grades; maintain retained evaluation references."
    },
    {
      "path": "resources/sampler-140626/results/nyt-2026-fixed-400/evaluation/cases/rel_59.json",
      "kind": "deleted",
      "previous_sha256": "7ad13fb0d46604e6102ff756bf440c7d9a10d93c29c7550dd05c9dcc0d7cac2e",
      "current_sha256": null,
      "reason": "Retire confirmed-active-bug evaluation reports and grades; maintain retained evaluation references."
    },
    {
      "path": "resources/sampler-140626/results/nyt-2026-fixed-400/evaluation/cases/rel_59.txt",
      "kind": "deleted",
      "previous_sha256": "6fb8a4fc76eade76340816a55ffa8cc0e83bed8a1aa7894948abe05111ac7d03",
      "current_sha256": null,
      "reason": "Retire confirmed-active-bug evaluation reports and grades; maintain retained evaluation references."
    },
    {
      "path": "resources/sampler-140626/results/nyt-2026-fixed-400/evaluation/cases/rel_6.json",
      "kind": "deleted",
      "previous_sha256": "945e76189533dbb39b6ca80d0b795c3afdc17a6e61da51c74849f96f1c050f6b",
      "current_sha256": null,
      "reason": "Retire confirmed-active-bug evaluation reports and grades; maintain retained evaluation references."
    },
    {
      "path": "resources/sampler-140626/results/nyt-2026-fixed-400/evaluation/cases/rel_6.txt",
      "kind": "deleted",
      "previous_sha256": "57299d97afa6f6543c6a0ced14fd036dd84089ccc20e660df4500925ab529bab",
      "current_sha256": null,
      "reason": "Retire confirmed-active-bug evaluation reports and grades; maintain retained evaluation references."
    },
    {
      "path": "resources/sampler-140626/results/nyt-2026-fixed-400/evaluation/cases/rel_62.json",
      "kind": "deleted",
      "previous_sha256": "27d4cbe837570289ceeb58c9321cf6d6bb1364f156c8a5de97928a05718b5e66",
      "current_sha256": null,
      "reason": "Retire confirmed-active-bug evaluation reports and grades; maintain retained evaluation references."
    },
    {
      "path": "resources/sampler-140626/results/nyt-2026-fixed-400/evaluation/cases/rel_62.txt",
      "kind": "deleted",
      "previous_sha256": "16461a8879bae24ceac115df144bb3d24a11c325c369a069bc20967031b25e5d",
      "current_sha256": null,
      "reason": "Retire confirmed-active-bug evaluation reports and grades; maintain retained evaluation references."
    },
    {
      "path": "resources/sampler-140626/results/nyt-2026-fixed-400/evaluation/cases/rel_64.json",
      "kind": "deleted",
      "previous_sha256": "356f92eb9859c46331202d7b0a4e544efc9f6cd4030899ef9ccbdbf482c5bb39",
      "current_sha256": null,
      "reason": "Retire confirmed-active-bug evaluation reports and grades; maintain retained evaluation references."
    },
    {
      "path": "resources/sampler-140626/results/nyt-2026-fixed-400/evaluation/cases/rel_64.txt",
      "kind": "deleted",
      "previous_sha256": "3cc16b6d3e671365d997e42119ccfd18e8611bf4a67f56c98f13b43bdd53f483",
      "current_sha256": null,
      "reason": "Retire confirmed-active-bug evaluation reports and grades; maintain retained evaluation references."
    },
    {
      "path": "resources/sampler-140626/results/nyt-2026-fixed-400/evaluation/cases/rel_65.json",
      "kind": "deleted",
      "previous_sha256": "5ed95d9e4c5d44eacbadd12aed6821a479baba03dde8921636be286ae07a563a",
      "current_sha256": null,
      "reason": "Retire confirmed-active-bug evaluation reports and grades; maintain retained evaluation references."
    },
    {
      "path": "resources/sampler-140626/results/nyt-2026-fixed-400/evaluation/cases/rel_65.txt",
      "kind": "deleted",
      "previous_sha256": "5ec118a5ae561a61f36db8cfc0b08bc077396bad24a15ed5b7c66be015e05c54",
      "current_sha256": null,
      "reason": "Retire confirmed-active-bug evaluation reports and grades; maintain retained evaluation references."
    },
    {
      "path": "resources/sampler-140626/results/nyt-2026-fixed-400/evaluation/cases/rel_67.json",
      "kind": "deleted",
      "previous_sha256": "9e8ec3cd975268b27693e3915843fb2de793255198037cce856d370215baee31",
      "current_sha256": null,
      "reason": "Retire confirmed-active-bug evaluation reports and grades; maintain retained evaluation references."
    },
    {
      "path": "resources/sampler-140626/results/nyt-2026-fixed-400/evaluation/cases/rel_67.txt",
      "kind": "deleted",
      "previous_sha256": "0039fb4cd4db7d8e676e6b2133b3b42dd50cd53971109b064725520bf6cbcb14",
      "current_sha256": null,
      "reason": "Retire confirmed-active-bug evaluation reports and grades; maintain retained evaluation references."
    },
    {
      "path": "resources/sampler-140626/results/nyt-2026-fixed-400/evaluation/cases/rel_69.json",
      "kind": "deleted",
      "previous_sha256": "7b10913f937823936a358c99df484ca47aebe27f89c57e69cad5279e89fa94f7",
      "current_sha256": null,
      "reason": "Retire confirmed-active-bug evaluation reports and grades; maintain retained evaluation references."
    },
    {
      "path": "resources/sampler-140626/results/nyt-2026-fixed-400/evaluation/cases/rel_69.txt",
      "kind": "deleted",
      "previous_sha256": "c684d5c6bdc0ce5c6d56fdf7deeef4c982ff592e75dc4bb9ea75bea0fac54958",
      "current_sha256": null,
      "reason": "Retire confirmed-active-bug evaluation reports and grades; maintain retained evaluation references."
    },
    {
      "path": "resources/sampler-140626/results/nyt-2026-fixed-400/evaluation/cases/rel_7.json",
      "kind": "deleted",
      "previous_sha256": "07c4502ebe9bac034124c498c5a88e826fffb79f9eee009578b48e3b39815e7a",
      "current_sha256": null,
      "reason": "Retire confirmed-active-bug evaluation reports and grades; maintain retained evaluation references."
    },
    {
      "path": "resources/sampler-140626/results/nyt-2026-fixed-400/evaluation/cases/rel_7.txt",
      "kind": "deleted",
      "previous_sha256": "980d28e34baa7f6ee9d9833a39a7b9ae2a80d252fb33102767806f3594968e42",
      "current_sha256": null,
      "reason": "Retire confirmed-active-bug evaluation reports and grades; maintain retained evaluation references."
    },
    {
      "path": "resources/sampler-140626/results/nyt-2026-fixed-400/evaluation/cases/rel_72.json",
      "kind": "deleted",
      "previous_sha256": "e46f661e7483e7e91b162f322b23f1d94af1c0778b457b61ee711508f87d07de",
      "current_sha256": null,
      "reason": "Retire confirmed-active-bug evaluation reports and grades; maintain retained evaluation references."
    },
    {
      "path": "resources/sampler-140626/results/nyt-2026-fixed-400/evaluation/cases/rel_72.txt",
      "kind": "deleted",
      "previous_sha256": "364b45b52eabb25aa4c2cc631ca07cbdab9855ff5faa4bf7b11dcf87f231a671",
      "current_sha256": null,
      "reason": "Retire confirmed-active-bug evaluation reports and grades; maintain retained evaluation references."
    },
    {
      "path": "resources/sampler-140626/results/nyt-2026-fixed-400/evaluation/cases/rel_75.json",
      "kind": "deleted",
      "previous_sha256": "966e10db04365739a7daeb984010a76f2e45c8d45aa2009809882cbdaa74a171",
      "current_sha256": null,
      "reason": "Retire confirmed-active-bug evaluation reports and grades; maintain retained evaluation references."
    },
    {
      "path": "resources/sampler-140626/results/nyt-2026-fixed-400/evaluation/cases/rel_75.txt",
      "kind": "deleted",
      "previous_sha256": "19b493b4431093e374fedb083abc6ac216e2abcecd5f784e0a22b27c57606fb3",
      "current_sha256": null,
      "reason": "Retire confirmed-active-bug evaluation reports and grades; maintain retained evaluation references."
    },
    {
      "path": "resources/sampler-140626/results/nyt-2026-fixed-400/evaluation/cases/rel_76.json",
      "kind": "deleted",
      "previous_sha256": "fa1a934c50a5456ce3ded101218f52718d5460ee8dbcb8998f8741744d3ab54a",
      "current_sha256": null,
      "reason": "Retire confirmed-active-bug evaluation reports and grades; maintain retained evaluation references."
    },
    {
      "path": "resources/sampler-140626/results/nyt-2026-fixed-400/evaluation/cases/rel_76.txt",
      "kind": "deleted",
      "previous_sha256": "e60850fb94dc44851ee3ec7d5c0a62c718af126b1f4770353fd11cea5a6ba85a",
      "current_sha256": null,
      "reason": "Retire confirmed-active-bug evaluation reports and grades; maintain retained evaluation references."
    },
    {
      "path": "resources/sampler-140626/results/nyt-2026-fixed-400/evaluation/cases/rel_77.json",
      "kind": "deleted",
      "previous_sha256": "56e0440188ad7ff8f0f80b338dc6bf70a7531be28c05108854f2fa0091c33872",
      "current_sha256": null,
      "reason": "Retire confirmed-active-bug evaluation reports and grades; maintain retained evaluation references."
    },
    {
      "path": "resources/sampler-140626/results/nyt-2026-fixed-400/evaluation/cases/rel_77.txt",
      "kind": "deleted",
      "previous_sha256": "0b1d2d76924f19539e4ddfd6e93bf92b1bb4f77a996f200a11af382b35682626",
      "current_sha256": null,
      "reason": "Retire confirmed-active-bug evaluation reports and grades; maintain retained evaluation references."
    },
    {
      "path": "resources/sampler-140626/results/nyt-2026-fixed-400/evaluation/cases/rel_78.json",
      "kind": "deleted",
      "previous_sha256": "f78fc48800cfcb8c1a6994b392477d53d59c7add9fe75184182eadb9d280f6bc",
      "current_sha256": null,
      "reason": "Retire confirmed-active-bug evaluation reports and grades; maintain retained evaluation references."
    },
    {
      "path": "resources/sampler-140626/results/nyt-2026-fixed-400/evaluation/cases/rel_78.txt",
      "kind": "deleted",
      "previous_sha256": "fd33603cc623a4d4d8e86c1e50a460f9e2875132abdb53c4f1cd89cb44e1eeb4",
      "current_sha256": null,
      "reason": "Retire confirmed-active-bug evaluation reports and grades; maintain retained evaluation references."
    },
    {
      "path": "resources/sampler-140626/results/nyt-2026-fixed-400/evaluation/cases/rel_79.json",
      "kind": "deleted",
      "previous_sha256": "2517c66c7db50e27645a7bfa9e82d406b7bb1fd925f0df61636f54bfc397628b",
      "current_sha256": null,
      "reason": "Retire confirmed-active-bug evaluation reports and grades; maintain retained evaluation references."
    },
    {
      "path": "resources/sampler-140626/results/nyt-2026-fixed-400/evaluation/cases/rel_79.txt",
      "kind": "deleted",
      "previous_sha256": "c54eb50eac84c8298b4dbd00a6fc7523ac00961927d4001929fd8334bf614778",
      "current_sha256": null,
      "reason": "Retire confirmed-active-bug evaluation reports and grades; maintain retained evaluation references."
    },
    {
      "path": "resources/sampler-140626/results/nyt-2026-fixed-400/evaluation/cases/rel_80.json",
      "kind": "deleted",
      "previous_sha256": "33edec209d4d1c8e4ed9fa5fb24f14e6230c96487b02bdb2db61a1022e795820",
      "current_sha256": null,
      "reason": "Retire confirmed-active-bug evaluation reports and grades; maintain retained evaluation references."
    },
    {
      "path": "resources/sampler-140626/results/nyt-2026-fixed-400/evaluation/cases/rel_80.txt",
      "kind": "deleted",
      "previous_sha256": "4076701a1df51e199974cb97032247ac049030d485fcd37470666d5ddbfd1502",
      "current_sha256": null,
      "reason": "Retire confirmed-active-bug evaluation reports and grades; maintain retained evaluation references."
    },
    {
      "path": "resources/sampler-140626/results/nyt-2026-fixed-400/evaluation/cases/rel_82.json",
      "kind": "deleted",
      "previous_sha256": "a5c7d1b51596cf65cf01637ab615e122dfc3f6e6bdb2bd45312eba9a126eab4f",
      "current_sha256": null,
      "reason": "Retire confirmed-active-bug evaluation reports and grades; maintain retained evaluation references."
    },
    {
      "path": "resources/sampler-140626/results/nyt-2026-fixed-400/evaluation/cases/rel_82.txt",
      "kind": "deleted",
      "previous_sha256": "567c54a6c4e19b9783ec98e9426e6a6d912a0fbe6b3dca3aa961e78b8b337aaa",
      "current_sha256": null,
      "reason": "Retire confirmed-active-bug evaluation reports and grades; maintain retained evaluation references."
    },
    {
      "path": "resources/sampler-140626/results/nyt-2026-fixed-400/evaluation/cases/rel_84.json",
      "kind": "deleted",
      "previous_sha256": "bb51456fb74ff06693d40adf467be33d2f6f27752e59153a4010d45fc1e17122",
      "current_sha256": null,
      "reason": "Retire confirmed-active-bug evaluation reports and grades; maintain retained evaluation references."
    },
    {
      "path": "resources/sampler-140626/results/nyt-2026-fixed-400/evaluation/cases/rel_84.txt",
      "kind": "deleted",
      "previous_sha256": "cf6836327bf3999e02653f9d1d60bc6f6ab88501350e77f5640c2e5f60e50cd2",
      "current_sha256": null,
      "reason": "Retire confirmed-active-bug evaluation reports and grades; maintain retained evaluation references."
    },
    {
      "path": "resources/sampler-140626/results/nyt-2026-fixed-400/evaluation/cases/rel_86.json",
      "kind": "deleted",
      "previous_sha256": "284a32e190e8e79036c91e6001d061f8384392d255d83868cc10b6af515fabbf",
      "current_sha256": null,
      "reason": "Retire confirmed-active-bug evaluation reports and grades; maintain retained evaluation references."
    },
    {
      "path": "resources/sampler-140626/results/nyt-2026-fixed-400/evaluation/cases/rel_86.txt",
      "kind": "deleted",
      "previous_sha256": "bb6b22fd471c8a3664d56f17a1bcafe43554c505c86ea8ecb664b6afb9445d73",
      "current_sha256": null,
      "reason": "Retire confirmed-active-bug evaluation reports and grades; maintain retained evaluation references."
    },
    {
      "path": "resources/sampler-140626/results/nyt-2026-fixed-400/evaluation/cases/rel_87.json",
      "kind": "deleted",
      "previous_sha256": "a1580cee7b77ffa42ce4805e09f07ffb8b3e97bc07a25d1a220a4ad12146f339",
      "current_sha256": null,
      "reason": "Retire confirmed-active-bug evaluation reports and grades; maintain retained evaluation references."
    },
    {
      "path": "resources/sampler-140626/results/nyt-2026-fixed-400/evaluation/cases/rel_87.txt",
      "kind": "deleted",
      "previous_sha256": "43f88fc97ae8e32600eed3bef402e69781bcf24550e7ec537f1ad73b50de110b",
      "current_sha256": null,
      "reason": "Retire confirmed-active-bug evaluation reports and grades; maintain retained evaluation references."
    },
    {
      "path": "resources/sampler-140626/results/nyt-2026-fixed-400/evaluation/cases/rel_89.json",
      "kind": "deleted",
      "previous_sha256": "34401c49e42cf92c6b135aac01777c8efa65060e237c66c69db45d5f8a405684",
      "current_sha256": null,
      "reason": "Retire confirmed-active-bug evaluation reports and grades; maintain retained evaluation references."
    },
    {
      "path": "resources/sampler-140626/results/nyt-2026-fixed-400/evaluation/cases/rel_89.txt",
      "kind": "deleted",
      "previous_sha256": "fa3f84f7734635e83079b99a900a7e6405491be379ec731aa204fa26ab834b69",
      "current_sha256": null,
      "reason": "Retire confirmed-active-bug evaluation reports and grades; maintain retained evaluation references."
    },
    {
      "path": "resources/sampler-140626/results/nyt-2026-fixed-400/evaluation/cases/rel_9.json",
      "kind": "deleted",
      "previous_sha256": "3be447cedda9bbdc27a8dbf4defbf11a8aeb43343869b02edaa6a9b4d422df20",
      "current_sha256": null,
      "reason": "Retire confirmed-active-bug evaluation reports and grades; maintain retained evaluation references."
    },
    {
      "path": "resources/sampler-140626/results/nyt-2026-fixed-400/evaluation/cases/rel_9.txt",
      "kind": "deleted",
      "previous_sha256": "3c948f43ab4de2d6b912ff2da02f34669ade5bbf10f0c3bfc7367eba38508582",
      "current_sha256": null,
      "reason": "Retire confirmed-active-bug evaluation reports and grades; maintain retained evaluation references."
    },
    {
      "path": "resources/sampler-140626/results/nyt-2026-fixed-400/evaluation/cases/rel_92.json",
      "kind": "deleted",
      "previous_sha256": "5d657879023079d857f72d8d179932925061b8fe39d600527ef1b8cc736810a1",
      "current_sha256": null,
      "reason": "Retire confirmed-active-bug evaluation reports and grades; maintain retained evaluation references."
    },
    {
      "path": "resources/sampler-140626/results/nyt-2026-fixed-400/evaluation/cases/rel_92.txt",
      "kind": "deleted",
      "previous_sha256": "6be5793da6130b1aff2c991d1d80642da479b22014248b1e6774cf0a53b4782b",
      "current_sha256": null,
      "reason": "Retire confirmed-active-bug evaluation reports and grades; maintain retained evaluation references."
    },
    {
      "path": "resources/sampler-140626/results/nyt-2026-fixed-400/evaluation/cases/rel_94.json",
      "kind": "deleted",
      "previous_sha256": "f0423d1dc32bef4ee324d516971c6141a688ad79ece06b09256009362e86eb08",
      "current_sha256": null,
      "reason": "Retire confirmed-active-bug evaluation reports and grades; maintain retained evaluation references."
    },
    {
      "path": "resources/sampler-140626/results/nyt-2026-fixed-400/evaluation/cases/rel_94.txt",
      "kind": "deleted",
      "previous_sha256": "82e76848c20356f154969a9a713ded820f4ad25166cea2742e288499fecc5702",
      "current_sha256": null,
      "reason": "Retire confirmed-active-bug evaluation reports and grades; maintain retained evaluation references."
    },
    {
      "path": "resources/sampler-140626/results/nyt-2026-fixed-400/evaluation/cases/rel_95.json",
      "kind": "deleted",
      "previous_sha256": "314fae756793dbfc9ad079f0ac2440a60ec70b70c33e84ee96f6a613f4b56512",
      "current_sha256": null,
      "reason": "Retire confirmed-active-bug evaluation reports and grades; maintain retained evaluation references."
    },
    {
      "path": "resources/sampler-140626/results/nyt-2026-fixed-400/evaluation/cases/rel_95.txt",
      "kind": "deleted",
      "previous_sha256": "a515d43586a622b03ff0f13f7980b8130e4987b2d55e9fe171d3b24aee5ed826",
      "current_sha256": null,
      "reason": "Retire confirmed-active-bug evaluation reports and grades; maintain retained evaluation references."
    },
    {
      "path": "resources/sampler-140626/results/nyt-2026-fixed-400/evaluation/cases/rel_97.json",
      "kind": "deleted",
      "previous_sha256": "41756e726550cee54e9fea5583e0ae71f3fb8fdc678dda9772f9cb68f468b701",
      "current_sha256": null,
      "reason": "Retire confirmed-active-bug evaluation reports and grades; maintain retained evaluation references."
    },
    {
      "path": "resources/sampler-140626/results/nyt-2026-fixed-400/evaluation/cases/rel_97.txt",
      "kind": "deleted",
      "previous_sha256": "6cbb7cd3cdab725e1b450f86b725a176a967f6b7a9681c24813df3f9221ca431",
      "current_sha256": null,
      "reason": "Retire confirmed-active-bug evaluation reports and grades; maintain retained evaluation references."
    },
    {
      "path": "resources/sampler-140626/results/nyt-2026-fixed-400/evaluation/comparison.json",
      "kind": "deleted",
      "previous_sha256": "5ec34ea0d7a51c14dd68ba014f1247789f684329bde32f72d9a1afea0adebef2",
      "current_sha256": null,
      "reason": "Retire confirmed-active-bug evaluation reports and grades; maintain retained evaluation references."
    },
    {
      "path": "resources/sampler-140626/results/nyt-2026-fixed-400/evaluation/comparison.md",
      "kind": "deleted",
      "previous_sha256": "4b77eefccf5a1475fe4157dbdbf4850647c33abeebd5917ec85a8d1cbfa2a740",
      "current_sha256": null,
      "reason": "Retire confirmed-active-bug evaluation reports and grades; maintain retained evaluation references."
    },
    {
      "path": "resources/sampler-140626/results/nyt-2026-fixed-400/evaluation/diagnostics.json",
      "kind": "deleted",
      "previous_sha256": "b08cb4cee28da13d77034cf971549867bac3d4a617ef5cd3f19db51980623d8b",
      "current_sha256": null,
      "reason": "Retire confirmed-active-bug evaluation reports and grades; maintain retained evaluation references."
    },
    {
      "path": "resources/sampler-140626/results/nyt-2026-fixed-400/evaluation/diagnostics.md",
      "kind": "deleted",
      "previous_sha256": "48e3735e6f0407a90adcdf3bc43688ef6a1192ec99ba5da1731ad600e8ef1dcc",
      "current_sha256": null,
      "reason": "Retire confirmed-active-bug evaluation reports and grades; maintain retained evaluation references."
    },
    {
      "path": "resources/sampler-140626/results/nyt-2026-fixed-400/evaluation/evaluations.json",
      "kind": "deleted",
      "previous_sha256": "13bda736bea6c5d8b8f9f0a2bc83dd54de33a7b8d072322b52c247f073ab54a8",
      "current_sha256": null,
      "reason": "Retire confirmed-active-bug evaluation reports and grades; maintain retained evaluation references."
    },
    {
      "path": "resources/sampler-140626/results/nyt-2026-fixed-400/evaluation/human_review.json",
      "kind": "deleted",
      "previous_sha256": "1aa0bcef7ab93083134b437bbd02cbee22ce5d6e48ced678859bb5fbad7c75f9",
      "current_sha256": null,
      "reason": "Retire confirmed-active-bug evaluation reports and grades; maintain retained evaluation references."
    },
    {
      "path": "resources/sampler-140626/results/nyt-2026-fixed-400/evaluation/predicate_choices.md",
      "kind": "deleted",
      "previous_sha256": "ce14f145812e34c1e68732a5b7255f7713ea1a4edfa62d45036b0d23a884ecb3",
      "current_sha256": null,
      "reason": "Retire confirmed-active-bug evaluation reports and grades; maintain retained evaluation references."
    },
    {
      "path": "resources/sampler-140626/results/nyt-2026-fixed-400/evaluation/relation_ranking.json",
      "kind": "deleted",
      "previous_sha256": "7718e2dc6f76b1fe2a7abbf31c8c534d276527e3d669177ada2e16a7a34d0885",
      "current_sha256": null,
      "reason": "Retire confirmed-active-bug evaluation reports and grades; maintain retained evaluation references."
    },
    {
      "path": "resources/sampler-140626/results/nyt-2026-fixed-400/evaluation/relations/rel_1.md",
      "kind": "deleted",
      "previous_sha256": "93395b8855e174a5d8ac5a65c80fdd1412b9b6f32c1d37b0412cd7c198540c3f",
      "current_sha256": null,
      "reason": "Retire confirmed-active-bug evaluation reports and grades; maintain retained evaluation references."
    },
    {
      "path": "resources/sampler-140626/results/nyt-2026-fixed-400/evaluation/relations/rel_10.md",
      "kind": "deleted",
      "previous_sha256": "5c2e170b620442a779d429ed0d16fda2363ed48d94c448e2db7b249535292ab9",
      "current_sha256": null,
      "reason": "Retire confirmed-active-bug evaluation reports and grades; maintain retained evaluation references."
    },
    {
      "path": "resources/sampler-140626/results/nyt-2026-fixed-400/evaluation/relations/rel_104.md",
      "kind": "deleted",
      "previous_sha256": "b2f24bad5dc1e5dbac985739e415f61280a3ea40b62f49c28871ef4c8b8c8dc8",
      "current_sha256": null,
      "reason": "Retire confirmed-active-bug evaluation reports and grades; maintain retained evaluation references."
    },
    {
      "path": "resources/sampler-140626/results/nyt-2026-fixed-400/evaluation/relations/rel_105.md",
      "kind": "deleted",
      "previous_sha256": "00d374e60a2f7b0d7997b44f9e2fea334e50927af7b8a564fd74c00d50223d53",
      "current_sha256": null,
      "reason": "Retire confirmed-active-bug evaluation reports and grades; maintain retained evaluation references."
    },
    {
      "path": "resources/sampler-140626/results/nyt-2026-fixed-400/evaluation/relations/rel_107.md",
      "kind": "deleted",
      "previous_sha256": "af9bd4ae39c5f313198dfe8f3cf711f0a445550a9bdbc1319a09eb4baab871b0",
      "current_sha256": null,
      "reason": "Retire confirmed-active-bug evaluation reports and grades; maintain retained evaluation references."
    },
    {
      "path": "resources/sampler-140626/results/nyt-2026-fixed-400/evaluation/relations/rel_11.md",
      "kind": "deleted",
      "previous_sha256": "977fa25c0768c2eb3110730087b1035a19a05fe55981bd33283905841e450cc2",
      "current_sha256": null,
      "reason": "Retire confirmed-active-bug evaluation reports and grades; maintain retained evaluation references."
    },
    {
      "path": "resources/sampler-140626/results/nyt-2026-fixed-400/evaluation/relations/rel_110.md",
      "kind": "deleted",
      "previous_sha256": "dc4055b10c2c424f525e593ed8511c72f6b803cf039c3285f04a221b65cfc5ca",
      "current_sha256": null,
      "reason": "Retire confirmed-active-bug evaluation reports and grades; maintain retained evaluation references."
    },
    {
      "path": "resources/sampler-140626/results/nyt-2026-fixed-400/evaluation/relations/rel_111.md",
      "kind": "deleted",
      "previous_sha256": "846632f27589737e377289712966ae537f47a142557825ea6b36e96f46422a9e",
      "current_sha256": null,
      "reason": "Retire confirmed-active-bug evaluation reports and grades; maintain retained evaluation references."
    },
    {
      "path": "resources/sampler-140626/results/nyt-2026-fixed-400/evaluation/relations/rel_112.md",
      "kind": "deleted",
      "previous_sha256": "fa19265b48b5628dc4a7235170c4cfc827326d482bc5acb267be017cea0d9296",
      "current_sha256": null,
      "reason": "Retire confirmed-active-bug evaluation reports and grades; maintain retained evaluation references."
    },
    {
      "path": "resources/sampler-140626/results/nyt-2026-fixed-400/evaluation/relations/rel_113.md",
      "kind": "deleted",
      "previous_sha256": "c5603a00106001a47fb548de13968e110576606027681e69694cb08a36f25c18",
      "current_sha256": null,
      "reason": "Retire confirmed-active-bug evaluation reports and grades; maintain retained evaluation references."
    },
    {
      "path": "resources/sampler-140626/results/nyt-2026-fixed-400/evaluation/relations/rel_118.md",
      "kind": "deleted",
      "previous_sha256": "c17d902ed283465034297fdecb3b0a8c35e1d608790b3b9eb591297362e53212",
      "current_sha256": null,
      "reason": "Retire confirmed-active-bug evaluation reports and grades; maintain retained evaluation references."
    },
    {
      "path": "resources/sampler-140626/results/nyt-2026-fixed-400/evaluation/relations/rel_12.md",
      "kind": "deleted",
      "previous_sha256": "84f91a4fbe6beaa7fe4d4baa9fc3aeafc25125a5b73137285e2bd73b9890da37",
      "current_sha256": null,
      "reason": "Retire confirmed-active-bug evaluation reports and grades; maintain retained evaluation references."
    },
    {
      "path": "resources/sampler-140626/results/nyt-2026-fixed-400/evaluation/relations/rel_121.md",
      "kind": "deleted",
      "previous_sha256": "06e6dc24a8a1f9886f3652daedede46408b0e4720fea1f42cc5dac6fcfeffe9a",
      "current_sha256": null,
      "reason": "Retire confirmed-active-bug evaluation reports and grades; maintain retained evaluation references."
    },
    {
      "path": "resources/sampler-140626/results/nyt-2026-fixed-400/evaluation/relations/rel_122.md",
      "kind": "deleted",
      "previous_sha256": "471d703a30c004473a0a4530a48a7df467e42ce9f655d257245e6f0551ee3389",
      "current_sha256": null,
      "reason": "Retire confirmed-active-bug evaluation reports and grades; maintain retained evaluation references."
    },
    {
      "path": "resources/sampler-140626/results/nyt-2026-fixed-400/evaluation/relations/rel_123.md",
      "kind": "deleted",
      "previous_sha256": "c156ef0650514a95dbac72f0e33468ebaf02b96989c93fbbd3d79b06fa77d4cd",
      "current_sha256": null,
      "reason": "Retire confirmed-active-bug evaluation reports and grades; maintain retained evaluation references."
    },
    {
      "path": "resources/sampler-140626/results/nyt-2026-fixed-400/evaluation/relations/rel_124.md",
      "kind": "deleted",
      "previous_sha256": "5c4f180fed16939c3e1a0604b6d1185124df9d14f4b989dd19ff442c110bf351",
      "current_sha256": null,
      "reason": "Retire confirmed-active-bug evaluation reports and grades; maintain retained evaluation references."
    },
    {
      "path": "resources/sampler-140626/results/nyt-2026-fixed-400/evaluation/relations/rel_126.md",
      "kind": "deleted",
      "previous_sha256": "f1059821d16cd414e3de2342380f81ae14634c64b6f287e1488694018b09a455",
      "current_sha256": null,
      "reason": "Retire confirmed-active-bug evaluation reports and grades; maintain retained evaluation references."
    },
    {
      "path": "resources/sampler-140626/results/nyt-2026-fixed-400/evaluation/relations/rel_128.md",
      "kind": "deleted",
      "previous_sha256": "acea95bff9dbacdb0e50174925f6da86130c79a81949c42d29322fe5ac3832da",
      "current_sha256": null,
      "reason": "Retire confirmed-active-bug evaluation reports and grades; maintain retained evaluation references."
    },
    {
      "path": "resources/sampler-140626/results/nyt-2026-fixed-400/evaluation/relations/rel_131.md",
      "kind": "deleted",
      "previous_sha256": "5aa93bc34b66c50ccef96035172908d877ac2bd1eb7daac0c35d2017c7624180",
      "current_sha256": null,
      "reason": "Retire confirmed-active-bug evaluation reports and grades; maintain retained evaluation references."
    },
    {
      "path": "resources/sampler-140626/results/nyt-2026-fixed-400/evaluation/relations/rel_132.md",
      "kind": "deleted",
      "previous_sha256": "d38dbd1ee8e21451e9df5e4432393bd2d5bef12677cd7fb2ff326ad143b393c7",
      "current_sha256": null,
      "reason": "Retire confirmed-active-bug evaluation reports and grades; maintain retained evaluation references."
    },
    {
      "path": "resources/sampler-140626/results/nyt-2026-fixed-400/evaluation/relations/rel_136.md",
      "kind": "deleted",
      "previous_sha256": "a8446d9201f198eb6ecc8dc5b557b8dafb6d2c3e706837b165502b873975be36",
      "current_sha256": null,
      "reason": "Retire confirmed-active-bug evaluation reports and grades; maintain retained evaluation references."
    },
    {
      "path": "resources/sampler-140626/results/nyt-2026-fixed-400/evaluation/relations/rel_138.md",
      "kind": "deleted",
      "previous_sha256": "742d210f6f67fad2efcef1fa2560aa93915747de57e193c14066643bbb237845",
      "current_sha256": null,
      "reason": "Retire confirmed-active-bug evaluation reports and grades; maintain retained evaluation references."
    },
    {
      "path": "resources/sampler-140626/results/nyt-2026-fixed-400/evaluation/relations/rel_140.md",
      "kind": "deleted",
      "previous_sha256": "28bf527828039c55338b625cf486e9c0db3a94a69719c207235137343712302f",
      "current_sha256": null,
      "reason": "Retire confirmed-active-bug evaluation reports and grades; maintain retained evaluation references."
    },
    {
      "path": "resources/sampler-140626/results/nyt-2026-fixed-400/evaluation/relations/rel_145.md",
      "kind": "deleted",
      "previous_sha256": "1d3d1e11e23b2bd0048035b6e8411f6221d8bf7c583337cf2b328b3b02903148",
      "current_sha256": null,
      "reason": "Retire confirmed-active-bug evaluation reports and grades; maintain retained evaluation references."
    },
    {
      "path": "resources/sampler-140626/results/nyt-2026-fixed-400/evaluation/relations/rel_146.md",
      "kind": "deleted",
      "previous_sha256": "f87915382eee1dbffd8668644860b88dd63ef7821d600dc0b2f25b896dda9f24",
      "current_sha256": null,
      "reason": "Retire confirmed-active-bug evaluation reports and grades; maintain retained evaluation references."
    },
    {
      "path": "resources/sampler-140626/results/nyt-2026-fixed-400/evaluation/relations/rel_15.md",
      "kind": "deleted",
      "previous_sha256": "8ed3ecc820d5aee21535fa5351d82fa025e16d6edc4571a1361984b060c2a089",
      "current_sha256": null,
      "reason": "Retire confirmed-active-bug evaluation reports and grades; maintain retained evaluation references."
    },
    {
      "path": "resources/sampler-140626/results/nyt-2026-fixed-400/evaluation/relations/rel_150.md",
      "kind": "deleted",
      "previous_sha256": "6910c1dc7d6876400e207add7d6b612f5967538ded21010e429cb1e8b5e7e965",
      "current_sha256": null,
      "reason": "Retire confirmed-active-bug evaluation reports and grades; maintain retained evaluation references."
    },
    {
      "path": "resources/sampler-140626/results/nyt-2026-fixed-400/evaluation/relations/rel_151.md",
      "kind": "deleted",
      "previous_sha256": "bf2c470cade93090b4450490d34480d4139d445809dac4526df38e393ef12ef5",
      "current_sha256": null,
      "reason": "Retire confirmed-active-bug evaluation reports and grades; maintain retained evaluation references."
    },
    {
      "path": "resources/sampler-140626/results/nyt-2026-fixed-400/evaluation/relations/rel_152.md",
      "kind": "deleted",
      "previous_sha256": "464a84514e84fb907d9e011c06bc94029e5a276631cb7c0be7cd81d304a9fc1a",
      "current_sha256": null,
      "reason": "Retire confirmed-active-bug evaluation reports and grades; maintain retained evaluation references."
    },
    {
      "path": "resources/sampler-140626/results/nyt-2026-fixed-400/evaluation/relations/rel_157.md",
      "kind": "deleted",
      "previous_sha256": "551e51c20c8ffb23dba5015969e51a452d07c8038156d324ff2a65d5d2f83bf4",
      "current_sha256": null,
      "reason": "Retire confirmed-active-bug evaluation reports and grades; maintain retained evaluation references."
    },
    {
      "path": "resources/sampler-140626/results/nyt-2026-fixed-400/evaluation/relations/rel_158.md",
      "kind": "deleted",
      "previous_sha256": "5303f4c5ce6dc0da1abe2928fdf7a66f20265084748295d84eb270c3e8120209",
      "current_sha256": null,
      "reason": "Retire confirmed-active-bug evaluation reports and grades; maintain retained evaluation references."
    },
    {
      "path": "resources/sampler-140626/results/nyt-2026-fixed-400/evaluation/relations/rel_159.md",
      "kind": "deleted",
      "previous_sha256": "88776f17e8d83f597a2745380830cc237d1ea173c01ae4bf04584a4b1f97b3f9",
      "current_sha256": null,
      "reason": "Retire confirmed-active-bug evaluation reports and grades; maintain retained evaluation references."
    },
    {
      "path": "resources/sampler-140626/results/nyt-2026-fixed-400/evaluation/relations/rel_16.md",
      "kind": "deleted",
      "previous_sha256": "bdd981fe58ca74a5a14b90b4ae0bb03fa3ed133c36791dc9ddc0f2810f23fb81",
      "current_sha256": null,
      "reason": "Retire confirmed-active-bug evaluation reports and grades; maintain retained evaluation references."
    },
    {
      "path": "resources/sampler-140626/results/nyt-2026-fixed-400/evaluation/relations/rel_160.md",
      "kind": "deleted",
      "previous_sha256": "f2347e1803a296a277743c1d3e9015ad56d15324da9b5bd68e2b515e4a125c80",
      "current_sha256": null,
      "reason": "Retire confirmed-active-bug evaluation reports and grades; maintain retained evaluation references."
    },
    {
      "path": "resources/sampler-140626/results/nyt-2026-fixed-400/evaluation/relations/rel_162.md",
      "kind": "deleted",
      "previous_sha256": "ba6ef1e931fa537b2ecfffa810e453f76121d10617212a8b24bf7dc6fe7db281",
      "current_sha256": null,
      "reason": "Retire confirmed-active-bug evaluation reports and grades; maintain retained evaluation references."
    },
    {
      "path": "resources/sampler-140626/results/nyt-2026-fixed-400/evaluation/relations/rel_163.md",
      "kind": "deleted",
      "previous_sha256": "079cceb5b4a597f38524c53307338cf9ffb8ef384bd9e134985033415b61ba0d",
      "current_sha256": null,
      "reason": "Retire confirmed-active-bug evaluation reports and grades; maintain retained evaluation references."
    },
    {
      "path": "resources/sampler-140626/results/nyt-2026-fixed-400/evaluation/relations/rel_164.md",
      "kind": "deleted",
      "previous_sha256": "6699f10cf92b1452e3a1274d178d0a9e71c7e9b4e027f76d6b921d08c45a57b3",
      "current_sha256": null,
      "reason": "Retire confirmed-active-bug evaluation reports and grades; maintain retained evaluation references."
    },
    {
      "path": "resources/sampler-140626/results/nyt-2026-fixed-400/evaluation/relations/rel_165.md",
      "kind": "deleted",
      "previous_sha256": "7164affa298a259726ef0584e302aacf964a1470e47d6b9c1fe65f1d497fd15c",
      "current_sha256": null,
      "reason": "Retire confirmed-active-bug evaluation reports and grades; maintain retained evaluation references."
    },
    {
      "path": "resources/sampler-140626/results/nyt-2026-fixed-400/evaluation/relations/rel_166.md",
      "kind": "deleted",
      "previous_sha256": "917f0efbfa1614c94f4430e3ea379919ddd346ad69595a038664b0cc9497064c",
      "current_sha256": null,
      "reason": "Retire confirmed-active-bug evaluation reports and grades; maintain retained evaluation references."
    },
    {
      "path": "resources/sampler-140626/results/nyt-2026-fixed-400/evaluation/relations/rel_167.md",
      "kind": "deleted",
      "previous_sha256": "f65d5f414c158ed642e57bd78417296417382563c21a8c37e1635814760e69d3",
      "current_sha256": null,
      "reason": "Retire confirmed-active-bug evaluation reports and grades; maintain retained evaluation references."
    },
    {
      "path": "resources/sampler-140626/results/nyt-2026-fixed-400/evaluation/relations/rel_168.md",
      "kind": "deleted",
      "previous_sha256": "a9f151e4df081152517bb7989d0f5f98304df4abbf141fac116897cd96aa5e62",
      "current_sha256": null,
      "reason": "Retire confirmed-active-bug evaluation reports and grades; maintain retained evaluation references."
    },
    {
      "path": "resources/sampler-140626/results/nyt-2026-fixed-400/evaluation/relations/rel_169.md",
      "kind": "deleted",
      "previous_sha256": "ade01af79cb147bd9f7388f42b9ed114d1e794f0dfb478fbcf2cdb431a85349d",
      "current_sha256": null,
      "reason": "Retire confirmed-active-bug evaluation reports and grades; maintain retained evaluation references."
    },
    {
      "path": "resources/sampler-140626/results/nyt-2026-fixed-400/evaluation/relations/rel_172.md",
      "kind": "deleted",
      "previous_sha256": "9247fb6226e465f7ee6e268b6e80df1e971f0e26014496f1092dc74810e82a2a",
      "current_sha256": null,
      "reason": "Retire confirmed-active-bug evaluation reports and grades; maintain retained evaluation references."
    },
    {
      "path": "resources/sampler-140626/results/nyt-2026-fixed-400/evaluation/relations/rel_173.md",
      "kind": "deleted",
      "previous_sha256": "8e80b06de558c0a8ac66465e4378383685e8ecea3b6a0b79301e97c8178df0f4",
      "current_sha256": null,
      "reason": "Retire confirmed-active-bug evaluation reports and grades; maintain retained evaluation references."
    },
    {
      "path": "resources/sampler-140626/results/nyt-2026-fixed-400/evaluation/relations/rel_174.md",
      "kind": "deleted",
      "previous_sha256": "f21020fbe41874d247a214d8b9298c6ff244cf60dca0314cbd66e7785ae6932e",
      "current_sha256": null,
      "reason": "Retire confirmed-active-bug evaluation reports and grades; maintain retained evaluation references."
    },
    {
      "path": "resources/sampler-140626/results/nyt-2026-fixed-400/evaluation/relations/rel_175.md",
      "kind": "deleted",
      "previous_sha256": "14f318d02824a626f7aa3c5ba369ba9ad380afb40cf2516b9495932d699462a7",
      "current_sha256": null,
      "reason": "Retire confirmed-active-bug evaluation reports and grades; maintain retained evaluation references."
    },
    {
      "path": "resources/sampler-140626/results/nyt-2026-fixed-400/evaluation/relations/rel_177.md",
      "kind": "deleted",
      "previous_sha256": "17afaee028949b28a79f84c3201210a72b3aee90c24f91fe384860985842e9ea",
      "current_sha256": null,
      "reason": "Retire confirmed-active-bug evaluation reports and grades; maintain retained evaluation references."
    },
    {
      "path": "resources/sampler-140626/results/nyt-2026-fixed-400/evaluation/relations/rel_179.md",
      "kind": "deleted",
      "previous_sha256": "27746fd1f29010d2708881a99002bd399ecdb33e5ae2af711fda446b03f2c849",
      "current_sha256": null,
      "reason": "Retire confirmed-active-bug evaluation reports and grades; maintain retained evaluation references."
    },
    {
      "path": "resources/sampler-140626/results/nyt-2026-fixed-400/evaluation/relations/rel_18.md",
      "kind": "deleted",
      "previous_sha256": "7a80b23608408d90970fe975be1eafffb210a2045b73d3451c70eb3ad2ef97a0",
      "current_sha256": null,
      "reason": "Retire confirmed-active-bug evaluation reports and grades; maintain retained evaluation references."
    },
    {
      "path": "resources/sampler-140626/results/nyt-2026-fixed-400/evaluation/relations/rel_180.md",
      "kind": "deleted",
      "previous_sha256": "ee8bb14bdfa9f9f27bfc0e95cb978f0bbd14def361dd4ab09ea816289b3a0193",
      "current_sha256": null,
      "reason": "Retire confirmed-active-bug evaluation reports and grades; maintain retained evaluation references."
    },
    {
      "path": "resources/sampler-140626/results/nyt-2026-fixed-400/evaluation/relations/rel_182.md",
      "kind": "deleted",
      "previous_sha256": "6f33a8c7d59de5fac5c4ac1474f39960ae7c73fc29020d12f33208d5244712c0",
      "current_sha256": null,
      "reason": "Retire confirmed-active-bug evaluation reports and grades; maintain retained evaluation references."
    },
    {
      "path": "resources/sampler-140626/results/nyt-2026-fixed-400/evaluation/relations/rel_183.md",
      "kind": "deleted",
      "previous_sha256": "27926e828752853ca10bdb6fda858a09880f44f02d7983468c46cd19f9070094",
      "current_sha256": null,
      "reason": "Retire confirmed-active-bug evaluation reports and grades; maintain retained evaluation references."
    },
    {
      "path": "resources/sampler-140626/results/nyt-2026-fixed-400/evaluation/relations/rel_185.md",
      "kind": "deleted",
      "previous_sha256": "b205c7fcb5f5046a0696d58fbe43716a1e63f3f398ac78f1b431b2c4eef138c7",
      "current_sha256": null,
      "reason": "Retire confirmed-active-bug evaluation reports and grades; maintain retained evaluation references."
    },
    {
      "path": "resources/sampler-140626/results/nyt-2026-fixed-400/evaluation/relations/rel_186.md",
      "kind": "deleted",
      "previous_sha256": "f05e695a6a02c8efb12db500a15cb6c508f027407d70edc9a248dd375e19e1f9",
      "current_sha256": null,
      "reason": "Retire confirmed-active-bug evaluation reports and grades; maintain retained evaluation references."
    },
    {
      "path": "resources/sampler-140626/results/nyt-2026-fixed-400/evaluation/relations/rel_188.md",
      "kind": "deleted",
      "previous_sha256": "1bddb2e17f335287d0ffee2aeb3e9515cb5fc3bbfa2e0b18e2ce351377ec975c",
      "current_sha256": null,
      "reason": "Retire confirmed-active-bug evaluation reports and grades; maintain retained evaluation references."
    },
    {
      "path": "resources/sampler-140626/results/nyt-2026-fixed-400/evaluation/relations/rel_189.md",
      "kind": "deleted",
      "previous_sha256": "9a0bdeed79db48b0bfb04454f2a69ed874f3ac7ccef1af6274f706d1a72589bc",
      "current_sha256": null,
      "reason": "Retire confirmed-active-bug evaluation reports and grades; maintain retained evaluation references."
    },
    {
      "path": "resources/sampler-140626/results/nyt-2026-fixed-400/evaluation/relations/rel_19.md",
      "kind": "deleted",
      "previous_sha256": "cd3554b1603f588d3658da38833c1a1a6d419da3999678b6d84e1c2b74d5916f",
      "current_sha256": null,
      "reason": "Retire confirmed-active-bug evaluation reports and grades; maintain retained evaluation references."
    },
    {
      "path": "resources/sampler-140626/results/nyt-2026-fixed-400/evaluation/relations/rel_190.md",
      "kind": "deleted",
      "previous_sha256": "5ffb68d493a44da84697ed473b994d07f26eae3cff935c9cab755ee402082c71",
      "current_sha256": null,
      "reason": "Retire confirmed-active-bug evaluation reports and grades; maintain retained evaluation references."
    },
    {
      "path": "resources/sampler-140626/results/nyt-2026-fixed-400/evaluation/relations/rel_193.md",
      "kind": "deleted",
      "previous_sha256": "da4f66b12e7211925e67edbd22b698088af59105df0673705a92304ad11664a9",
      "current_sha256": null,
      "reason": "Retire confirmed-active-bug evaluation reports and grades; maintain retained evaluation references."
    },
    {
      "path": "resources/sampler-140626/results/nyt-2026-fixed-400/evaluation/relations/rel_194.md",
      "kind": "deleted",
      "previous_sha256": "887f29eebb3b91a443323e17037041506a40daa36fde6f168c50af0b26021d87",
      "current_sha256": null,
      "reason": "Retire confirmed-active-bug evaluation reports and grades; maintain retained evaluation references."
    },
    {
      "path": "resources/sampler-140626/results/nyt-2026-fixed-400/evaluation/relations/rel_195.md",
      "kind": "deleted",
      "previous_sha256": "0d6772732cb0d248de048ee9005bdfc056061eb0922f920c4cd0329076c8c71b",
      "current_sha256": null,
      "reason": "Retire confirmed-active-bug evaluation reports and grades; maintain retained evaluation references."
    },
    {
      "path": "resources/sampler-140626/results/nyt-2026-fixed-400/evaluation/relations/rel_196.md",
      "kind": "deleted",
      "previous_sha256": "502770b286b924daebb08adb47b62e37d95ebd83dc43a4f941b4172cabd2d131",
      "current_sha256": null,
      "reason": "Retire confirmed-active-bug evaluation reports and grades; maintain retained evaluation references."
    },
    {
      "path": "resources/sampler-140626/results/nyt-2026-fixed-400/evaluation/relations/rel_197.md",
      "kind": "deleted",
      "previous_sha256": "aedb80a3e77e6b21db74ea4b4f40bd87da25dfbec94404d69bee59142bcb6d64",
      "current_sha256": null,
      "reason": "Retire confirmed-active-bug evaluation reports and grades; maintain retained evaluation references."
    },
    {
      "path": "resources/sampler-140626/results/nyt-2026-fixed-400/evaluation/relations/rel_199.md",
      "kind": "deleted",
      "previous_sha256": "349127c505dd3dba40d7d40fb8d3df990806677e594de3a405e280652c1e8300",
      "current_sha256": null,
      "reason": "Retire confirmed-active-bug evaluation reports and grades; maintain retained evaluation references."
    },
    {
      "path": "resources/sampler-140626/results/nyt-2026-fixed-400/evaluation/relations/rel_20.md",
      "kind": "deleted",
      "previous_sha256": "8848489d835f415b0909c3426644e3e7b9b32086f5ab4aa7195ac3728403234f",
      "current_sha256": null,
      "reason": "Retire confirmed-active-bug evaluation reports and grades; maintain retained evaluation references."
    },
    {
      "path": "resources/sampler-140626/results/nyt-2026-fixed-400/evaluation/relations/rel_201.md",
      "kind": "deleted",
      "previous_sha256": "81068e414bbbd79c39db65e9cea202fd4ae20c6748b6a205846bfa4f3a1159ca",
      "current_sha256": null,
      "reason": "Retire confirmed-active-bug evaluation reports and grades; maintain retained evaluation references."
    },
    {
      "path": "resources/sampler-140626/results/nyt-2026-fixed-400/evaluation/relations/rel_202.md",
      "kind": "deleted",
      "previous_sha256": "775a155fb6c9da19192eaf2897a40a5df29155290d2f2c2f60ff0ba02c39f7a9",
      "current_sha256": null,
      "reason": "Retire confirmed-active-bug evaluation reports and grades; maintain retained evaluation references."
    },
    {
      "path": "resources/sampler-140626/results/nyt-2026-fixed-400/evaluation/relations/rel_203.md",
      "kind": "deleted",
      "previous_sha256": "8286cef8a6e1c7c55bacaa2b6be550cc2807a86b62a3652b2f75e3803f76b779",
      "current_sha256": null,
      "reason": "Retire confirmed-active-bug evaluation reports and grades; maintain retained evaluation references."
    },
    {
      "path": "resources/sampler-140626/results/nyt-2026-fixed-400/evaluation/relations/rel_204.md",
      "kind": "deleted",
      "previous_sha256": "29b6e01da8263410fd8f72e93f2acf0ea30fc2911d443ac0625ab5363205f8dc",
      "current_sha256": null,
      "reason": "Retire confirmed-active-bug evaluation reports and grades; maintain retained evaluation references."
    },
    {
      "path": "resources/sampler-140626/results/nyt-2026-fixed-400/evaluation/relations/rel_205.md",
      "kind": "deleted",
      "previous_sha256": "6e2149c46e673724fb65578445fea63517b7dc3eaa2fa5449c52f5e8b3cb5115",
      "current_sha256": null,
      "reason": "Retire confirmed-active-bug evaluation reports and grades; maintain retained evaluation references."
    },
    {
      "path": "resources/sampler-140626/results/nyt-2026-fixed-400/evaluation/relations/rel_206.md",
      "kind": "deleted",
      "previous_sha256": "ab876e307281cb7a191f4b96487e5f3c5ee0f965a649ca19afc76a9ae50d5251",
      "current_sha256": null,
      "reason": "Retire confirmed-active-bug evaluation reports and grades; maintain retained evaluation references."
    },
    {
      "path": "resources/sampler-140626/results/nyt-2026-fixed-400/evaluation/relations/rel_21.md",
      "kind": "deleted",
      "previous_sha256": "e7cb9a980f2b151c56941f3f5224bfeb8c231bdbf15ac5b89c22f58a9e2d86b4",
      "current_sha256": null,
      "reason": "Retire confirmed-active-bug evaluation reports and grades; maintain retained evaluation references."
    },
    {
      "path": "resources/sampler-140626/results/nyt-2026-fixed-400/evaluation/relations/rel_210.md",
      "kind": "deleted",
      "previous_sha256": "c5dda3e909115be6c0f688c5a047dcd7d57bf5408dba5ff2cf18d8dd1bc8e626",
      "current_sha256": null,
      "reason": "Retire confirmed-active-bug evaluation reports and grades; maintain retained evaluation references."
    },
    {
      "path": "resources/sampler-140626/results/nyt-2026-fixed-400/evaluation/relations/rel_211.md",
      "kind": "deleted",
      "previous_sha256": "5bfc1e3123741fa3c63a738d62a547bf52efd0c3324d8a473756eec2350a5627",
      "current_sha256": null,
      "reason": "Retire confirmed-active-bug evaluation reports and grades; maintain retained evaluation references."
    },
    {
      "path": "resources/sampler-140626/results/nyt-2026-fixed-400/evaluation/relations/rel_212.md",
      "kind": "deleted",
      "previous_sha256": "d427d140151e3c09bc4f6999edc0015c31890cf6c153c559bc437674ee505181",
      "current_sha256": null,
      "reason": "Retire confirmed-active-bug evaluation reports and grades; maintain retained evaluation references."
    },
    {
      "path": "resources/sampler-140626/results/nyt-2026-fixed-400/evaluation/relations/rel_214.md",
      "kind": "deleted",
      "previous_sha256": "8d5ab113592868b64eacb0a0255a1700f75d9c0143a9ec986e6f19f090410386",
      "current_sha256": null,
      "reason": "Retire confirmed-active-bug evaluation reports and grades; maintain retained evaluation references."
    },
    {
      "path": "resources/sampler-140626/results/nyt-2026-fixed-400/evaluation/relations/rel_216.md",
      "kind": "deleted",
      "previous_sha256": "fd8151011024ba85d5fc0b134b8b8a89c3dd425d4a5b1f1318c07963162f3bde",
      "current_sha256": null,
      "reason": "Retire confirmed-active-bug evaluation reports and grades; maintain retained evaluation references."
    },
    {
      "path": "resources/sampler-140626/results/nyt-2026-fixed-400/evaluation/relations/rel_219.md",
      "kind": "deleted",
      "previous_sha256": "0f3ffc3a5d7e0d2aef4ec9a5d184264277e50d76f0a96d369f64146e95fdd994",
      "current_sha256": null,
      "reason": "Retire confirmed-active-bug evaluation reports and grades; maintain retained evaluation references."
    },
    {
      "path": "resources/sampler-140626/results/nyt-2026-fixed-400/evaluation/relations/rel_22.md",
      "kind": "deleted",
      "previous_sha256": "dc932bddc24331d1cc2e75244993a9600d8621c94bb8319d720ed7cf13637f41",
      "current_sha256": null,
      "reason": "Retire confirmed-active-bug evaluation reports and grades; maintain retained evaluation references."
    },
    {
      "path": "resources/sampler-140626/results/nyt-2026-fixed-400/evaluation/relations/rel_221.md",
      "kind": "deleted",
      "previous_sha256": "c8d334f4bb517ca16a244a589cbfa484798390e0058cf6b5c14b2295cba23b7a",
      "current_sha256": null,
      "reason": "Retire confirmed-active-bug evaluation reports and grades; maintain retained evaluation references."
    },
    {
      "path": "resources/sampler-140626/results/nyt-2026-fixed-400/evaluation/relations/rel_223.md",
      "kind": "deleted",
      "previous_sha256": "0069c4972a10a14a6d5d516b7889c5dfdaad18736ab5dcfff518b995cdae375a",
      "current_sha256": null,
      "reason": "Retire confirmed-active-bug evaluation reports and grades; maintain retained evaluation references."
    },
    {
      "path": "resources/sampler-140626/results/nyt-2026-fixed-400/evaluation/relations/rel_224.md",
      "kind": "deleted",
      "previous_sha256": "9e28eac00defc9cd3cc32882503a0f83ff4785322cbbc98f9dd6a57364ce52f3",
      "current_sha256": null,
      "reason": "Retire confirmed-active-bug evaluation reports and grades; maintain retained evaluation references."
    },
    {
      "path": "resources/sampler-140626/results/nyt-2026-fixed-400/evaluation/relations/rel_225.md",
      "kind": "deleted",
      "previous_sha256": "1a67675f1c5c3b2cd1ae5a941cda5ccd964ca4295d3fef615627ca6cde538ffa",
      "current_sha256": null,
      "reason": "Retire confirmed-active-bug evaluation reports and grades; maintain retained evaluation references."
    },
    {
      "path": "resources/sampler-140626/results/nyt-2026-fixed-400/evaluation/relations/rel_227.md",
      "kind": "deleted",
      "previous_sha256": "180ad7c1b511a431ff4bdb6b9550a5827bac79da89a6d3f0df1defbfff3de8aa",
      "current_sha256": null,
      "reason": "Retire confirmed-active-bug evaluation reports and grades; maintain retained evaluation references."
    },
    {
      "path": "resources/sampler-140626/results/nyt-2026-fixed-400/evaluation/relations/rel_228.md",
      "kind": "deleted",
      "previous_sha256": "4794049b0eda4e814d5e8cacba3d2440c85c57667e3c71b098bc35c43f29d7b0",
      "current_sha256": null,
      "reason": "Retire confirmed-active-bug evaluation reports and grades; maintain retained evaluation references."
    },
    {
      "path": "resources/sampler-140626/results/nyt-2026-fixed-400/evaluation/relations/rel_229.md",
      "kind": "deleted",
      "previous_sha256": "1d31fcc8b26c88ed10d3e2ee3053633e4bf91ac4464f1feba813950bf301db7f",
      "current_sha256": null,
      "reason": "Retire confirmed-active-bug evaluation reports and grades; maintain retained evaluation references."
    },
    {
      "path": "resources/sampler-140626/results/nyt-2026-fixed-400/evaluation/relations/rel_23.md",
      "kind": "deleted",
      "previous_sha256": "f49c21c6fc7d103537b10fd2917ab8270f29e9efb69c40c6cf9848317a2ca236",
      "current_sha256": null,
      "reason": "Retire confirmed-active-bug evaluation reports and grades; maintain retained evaluation references."
    },
    {
      "path": "resources/sampler-140626/results/nyt-2026-fixed-400/evaluation/relations/rel_230.md",
      "kind": "deleted",
      "previous_sha256": "7f788389563e4afe0901f9029c9faba9f598ee805758a73cd0666b1cdab58be4",
      "current_sha256": null,
      "reason": "Retire confirmed-active-bug evaluation reports and grades; maintain retained evaluation references."
    },
    {
      "path": "resources/sampler-140626/results/nyt-2026-fixed-400/evaluation/relations/rel_231.md",
      "kind": "deleted",
      "previous_sha256": "f2e8c69ce381c4fd5dbef7db32c3969abe82ae51a79153c701aa5daba9203f31",
      "current_sha256": null,
      "reason": "Retire confirmed-active-bug evaluation reports and grades; maintain retained evaluation references."
    },
    {
      "path": "resources/sampler-140626/results/nyt-2026-fixed-400/evaluation/relations/rel_232.md",
      "kind": "deleted",
      "previous_sha256": "bc92622117c66f2924a498e134dcb9661d4550d629c2a00c60ea55217d7d541a",
      "current_sha256": null,
      "reason": "Retire confirmed-active-bug evaluation reports and grades; maintain retained evaluation references."
    },
    {
      "path": "resources/sampler-140626/results/nyt-2026-fixed-400/evaluation/relations/rel_233.md",
      "kind": "deleted",
      "previous_sha256": "17bf4f2180b2d84ea6b0514e68c315837b5a02deeea023a6b54c1d3169086818",
      "current_sha256": null,
      "reason": "Retire confirmed-active-bug evaluation reports and grades; maintain retained evaluation references."
    },
    {
      "path": "resources/sampler-140626/results/nyt-2026-fixed-400/evaluation/relations/rel_235.md",
      "kind": "deleted",
      "previous_sha256": "15734b5d1b6371b78749d466f14d5a60bcd15ae6921ccdcd53e4317b07209333",
      "current_sha256": null,
      "reason": "Retire confirmed-active-bug evaluation reports and grades; maintain retained evaluation references."
    },
    {
      "path": "resources/sampler-140626/results/nyt-2026-fixed-400/evaluation/relations/rel_236.md",
      "kind": "deleted",
      "previous_sha256": "929838fbf135dacbc0ed0650d29c63ad0f9fa154c29e703ee6c81474b12dd8a4",
      "current_sha256": null,
      "reason": "Retire confirmed-active-bug evaluation reports and grades; maintain retained evaluation references."
    },
    {
      "path": "resources/sampler-140626/results/nyt-2026-fixed-400/evaluation/relations/rel_237.md",
      "kind": "deleted",
      "previous_sha256": "cb5c4edbb44d0c131675fef751c0f6d16d6f7eb32512ae97c9008ad984ede8eb",
      "current_sha256": null,
      "reason": "Retire confirmed-active-bug evaluation reports and grades; maintain retained evaluation references."
    },
    {
      "path": "resources/sampler-140626/results/nyt-2026-fixed-400/evaluation/relations/rel_239.md",
      "kind": "deleted",
      "previous_sha256": "bfef944d7516cbc5d989ff870aff05cbdecd5276932273ef8e805e293ec9c066",
      "current_sha256": null,
      "reason": "Retire confirmed-active-bug evaluation reports and grades; maintain retained evaluation references."
    },
    {
      "path": "resources/sampler-140626/results/nyt-2026-fixed-400/evaluation/relations/rel_24.md",
      "kind": "deleted",
      "previous_sha256": "e763f7623578fcc48ff11f43ebd19363d607d6603d095cba0e053cf3cf9bf2d9",
      "current_sha256": null,
      "reason": "Retire confirmed-active-bug evaluation reports and grades; maintain retained evaluation references."
    },
    {
      "path": "resources/sampler-140626/results/nyt-2026-fixed-400/evaluation/relations/rel_240.md",
      "kind": "deleted",
      "previous_sha256": "de623ac5f623968af7a1e493b96fb7f87a6fcc4eea820939866699460f6bdfce",
      "current_sha256": null,
      "reason": "Retire confirmed-active-bug evaluation reports and grades; maintain retained evaluation references."
    },
    {
      "path": "resources/sampler-140626/results/nyt-2026-fixed-400/evaluation/relations/rel_241.md",
      "kind": "deleted",
      "previous_sha256": "cac6a2639c68b5de94ab17dc71f2fa58ea947a2f525f674bc864ee616eb58e67",
      "current_sha256": null,
      "reason": "Retire confirmed-active-bug evaluation reports and grades; maintain retained evaluation references."
    },
    {
      "path": "resources/sampler-140626/results/nyt-2026-fixed-400/evaluation/relations/rel_242.md",
      "kind": "deleted",
      "previous_sha256": "66b4e64c4b02261337d8082cfcca59607763a94459aa3513ee18204315e594b4",
      "current_sha256": null,
      "reason": "Retire confirmed-active-bug evaluation reports and grades; maintain retained evaluation references."
    },
    {
      "path": "resources/sampler-140626/results/nyt-2026-fixed-400/evaluation/relations/rel_243.md",
      "kind": "deleted",
      "previous_sha256": "34d180eb9e81a89338558927ae9801ae60a31b3b94706c429a231accd461eb73",
      "current_sha256": null,
      "reason": "Retire confirmed-active-bug evaluation reports and grades; maintain retained evaluation references."
    },
    {
      "path": "resources/sampler-140626/results/nyt-2026-fixed-400/evaluation/relations/rel_244.md",
      "kind": "deleted",
      "previous_sha256": "13c1e9cf88207d1402c64b96353e349b9005d02ce5efffd63ceec89b670980f8",
      "current_sha256": null,
      "reason": "Retire confirmed-active-bug evaluation reports and grades; maintain retained evaluation references."
    },
    {
      "path": "resources/sampler-140626/results/nyt-2026-fixed-400/evaluation/relations/rel_245.md",
      "kind": "deleted",
      "previous_sha256": "3ccbc3330e65627d647db6fc0cb0f102c6797f173fb14c04aaf3355c8f550e15",
      "current_sha256": null,
      "reason": "Retire confirmed-active-bug evaluation reports and grades; maintain retained evaluation references."
    },
    {
      "path": "resources/sampler-140626/results/nyt-2026-fixed-400/evaluation/relations/rel_247.md",
      "kind": "deleted",
      "previous_sha256": "ac7c66e688981fa03e485b65fc95ee8f7f1c99b152b7dcdce244b78d0abc91f0",
      "current_sha256": null,
      "reason": "Retire confirmed-active-bug evaluation reports and grades; maintain retained evaluation references."
    },
    {
      "path": "resources/sampler-140626/results/nyt-2026-fixed-400/evaluation/relations/rel_248.md",
      "kind": "deleted",
      "previous_sha256": "893af21499538075660eadd04f500381689df25d7151d7638bcbd2a6715c8bab",
      "current_sha256": null,
      "reason": "Retire confirmed-active-bug evaluation reports and grades; maintain retained evaluation references."
    },
    {
      "path": "resources/sampler-140626/results/nyt-2026-fixed-400/evaluation/relations/rel_25.md",
      "kind": "deleted",
      "previous_sha256": "cd4f9d3a2770e5c5a2e9552f4b098f9b5285a0b45e8ae3400dffd076b4ec2767",
      "current_sha256": null,
      "reason": "Retire confirmed-active-bug evaluation reports and grades; maintain retained evaluation references."
    },
    {
      "path": "resources/sampler-140626/results/nyt-2026-fixed-400/evaluation/relations/rel_251.md",
      "kind": "deleted",
      "previous_sha256": "e8436301055bde2414ee55e025befd6f807c9587a72831349aa1ff329bbf1e00",
      "current_sha256": null,
      "reason": "Retire confirmed-active-bug evaluation reports and grades; maintain retained evaluation references."
    },
    {
      "path": "resources/sampler-140626/results/nyt-2026-fixed-400/evaluation/relations/rel_252.md",
      "kind": "deleted",
      "previous_sha256": "f886e3c00d8f399e963abd01bb3a1640fec3a13ad9d91d61175fd504c95efbae",
      "current_sha256": null,
      "reason": "Retire confirmed-active-bug evaluation reports and grades; maintain retained evaluation references."
    },
    {
      "path": "resources/sampler-140626/results/nyt-2026-fixed-400/evaluation/relations/rel_253.md",
      "kind": "deleted",
      "previous_sha256": "b54e06c8d1ec6fd766643bf1142e1bbcf70faaf3a7891ed153821f5e63ce9ae1",
      "current_sha256": null,
      "reason": "Retire confirmed-active-bug evaluation reports and grades; maintain retained evaluation references."
    },
    {
      "path": "resources/sampler-140626/results/nyt-2026-fixed-400/evaluation/relations/rel_254.md",
      "kind": "deleted",
      "previous_sha256": "552d7f12b407f432dc5ad620b63129ccb47f727bd565401787ee7241a406f477",
      "current_sha256": null,
      "reason": "Retire confirmed-active-bug evaluation reports and grades; maintain retained evaluation references."
    },
    {
      "path": "resources/sampler-140626/results/nyt-2026-fixed-400/evaluation/relations/rel_255.md",
      "kind": "deleted",
      "previous_sha256": "f7224c4fac6c94ed7ce9b648e90401da4e0b72cbfe2a8ae9a633d780944639d5",
      "current_sha256": null,
      "reason": "Retire confirmed-active-bug evaluation reports and grades; maintain retained evaluation references."
    },
    {
      "path": "resources/sampler-140626/results/nyt-2026-fixed-400/evaluation/relations/rel_256.md",
      "kind": "deleted",
      "previous_sha256": "4d65b27708e7c573b900007c0581f7794c25f22be344ed391e827266d6aa776e",
      "current_sha256": null,
      "reason": "Retire confirmed-active-bug evaluation reports and grades; maintain retained evaluation references."
    },
    {
      "path": "resources/sampler-140626/results/nyt-2026-fixed-400/evaluation/relations/rel_258.md",
      "kind": "deleted",
      "previous_sha256": "deb77cd71729860978eed90f802f69fa074e3ddf7e62e3e8862356cb26d3b6d4",
      "current_sha256": null,
      "reason": "Retire confirmed-active-bug evaluation reports and grades; maintain retained evaluation references."
    },
    {
      "path": "resources/sampler-140626/results/nyt-2026-fixed-400/evaluation/relations/rel_259.md",
      "kind": "deleted",
      "previous_sha256": "e7a83a9fda25315f4bac57a2b1391f1c694f403741d83887a8f6357a630e9c84",
      "current_sha256": null,
      "reason": "Retire confirmed-active-bug evaluation reports and grades; maintain retained evaluation references."
    },
    {
      "path": "resources/sampler-140626/results/nyt-2026-fixed-400/evaluation/relations/rel_26.md",
      "kind": "deleted",
      "previous_sha256": "cbcbe410756f9e1c91ce5d039843d3b1e0a84898ea67b23628fc9423bbc83eb2",
      "current_sha256": null,
      "reason": "Retire confirmed-active-bug evaluation reports and grades; maintain retained evaluation references."
    },
    {
      "path": "resources/sampler-140626/results/nyt-2026-fixed-400/evaluation/relations/rel_262.md",
      "kind": "deleted",
      "previous_sha256": "5b1086c603fa8c151d4b7347c5ade12a034732e18531bdf129bfe80c528734fa",
      "current_sha256": null,
      "reason": "Retire confirmed-active-bug evaluation reports and grades; maintain retained evaluation references."
    },
    {
      "path": "resources/sampler-140626/results/nyt-2026-fixed-400/evaluation/relations/rel_263.md",
      "kind": "deleted",
      "previous_sha256": "90b54eae852ae3528822c20fe6cdd11f15480aced9482087231561cccdf325bf",
      "current_sha256": null,
      "reason": "Retire confirmed-active-bug evaluation reports and grades; maintain retained evaluation references."
    },
    {
      "path": "resources/sampler-140626/results/nyt-2026-fixed-400/evaluation/relations/rel_264.md",
      "kind": "deleted",
      "previous_sha256": "1e680c299d00917b0a4626b72a13d2bf74a088c452d1378528f486db27f8eb35",
      "current_sha256": null,
      "reason": "Retire confirmed-active-bug evaluation reports and grades; maintain retained evaluation references."
    },
    {
      "path": "resources/sampler-140626/results/nyt-2026-fixed-400/evaluation/relations/rel_267.md",
      "kind": "deleted",
      "previous_sha256": "95a649900c0aa3ccce7288e640cb8ccce1399ec8fbc55cf39de23f5e3826120f",
      "current_sha256": null,
      "reason": "Retire confirmed-active-bug evaluation reports and grades; maintain retained evaluation references."
    },
    {
      "path": "resources/sampler-140626/results/nyt-2026-fixed-400/evaluation/relations/rel_268.md",
      "kind": "deleted",
      "previous_sha256": "1da6bfd8493beb60a0eac8341806be57e8197d411ae7afb8833d1e373d244d44",
      "current_sha256": null,
      "reason": "Retire confirmed-active-bug evaluation reports and grades; maintain retained evaluation references."
    },
    {
      "path": "resources/sampler-140626/results/nyt-2026-fixed-400/evaluation/relations/rel_270.md",
      "kind": "deleted",
      "previous_sha256": "1c9e157dfa786c28ebc28f70cc0ce7f17c3204c60b2f90a6344f067a71409797",
      "current_sha256": null,
      "reason": "Retire confirmed-active-bug evaluation reports and grades; maintain retained evaluation references."
    },
    {
      "path": "resources/sampler-140626/results/nyt-2026-fixed-400/evaluation/relations/rel_271.md",
      "kind": "deleted",
      "previous_sha256": "cf0ebccc8041169ae9443178a1616b452fab3fb3cd3f98edc219c88c04421d53",
      "current_sha256": null,
      "reason": "Retire confirmed-active-bug evaluation reports and grades; maintain retained evaluation references."
    },
    {
      "path": "resources/sampler-140626/results/nyt-2026-fixed-400/evaluation/relations/rel_272.md",
      "kind": "deleted",
      "previous_sha256": "67cbfb2364c5e5810978dddd9cee7ec85281d697a03e8f5f7e4e365092b838e9",
      "current_sha256": null,
      "reason": "Retire confirmed-active-bug evaluation reports and grades; maintain retained evaluation references."
    },
    {
      "path": "resources/sampler-140626/results/nyt-2026-fixed-400/evaluation/relations/rel_273.md",
      "kind": "deleted",
      "previous_sha256": "e2c90c49c75d397622cbe4c7657c836c1894d68f79ae3b612424513d0c7fdf0e",
      "current_sha256": null,
      "reason": "Retire confirmed-active-bug evaluation reports and grades; maintain retained evaluation references."
    },
    {
      "path": "resources/sampler-140626/results/nyt-2026-fixed-400/evaluation/relations/rel_275.md",
      "kind": "deleted",
      "previous_sha256": "57a1d16de0d4d31a2e0d844be3fe3ac5da7f2ebf1261091e949ed6fd7c4193a4",
      "current_sha256": null,
      "reason": "Retire confirmed-active-bug evaluation reports and grades; maintain retained evaluation references."
    },
    {
      "path": "resources/sampler-140626/results/nyt-2026-fixed-400/evaluation/relations/rel_276.md",
      "kind": "deleted",
      "previous_sha256": "f4330e205c014add71d1f64db51f5005b5e09cfa836f7de91ab480cbb8473174",
      "current_sha256": null,
      "reason": "Retire confirmed-active-bug evaluation reports and grades; maintain retained evaluation references."
    },
    {
      "path": "resources/sampler-140626/results/nyt-2026-fixed-400/evaluation/relations/rel_277.md",
      "kind": "deleted",
      "previous_sha256": "6416ffa7955a4a7d416654e6ed29c80ef73a5b187b239164b267d9ff6605f554",
      "current_sha256": null,
      "reason": "Retire confirmed-active-bug evaluation reports and grades; maintain retained evaluation references."
    },
    {
      "path": "resources/sampler-140626/results/nyt-2026-fixed-400/evaluation/relations/rel_278.md",
      "kind": "deleted",
      "previous_sha256": "5b88aeba3403c063415e01456a55f75fd68f120caf651037b51ed2cb77e33d6a",
      "current_sha256": null,
      "reason": "Retire confirmed-active-bug evaluation reports and grades; maintain retained evaluation references."
    },
    {
      "path": "resources/sampler-140626/results/nyt-2026-fixed-400/evaluation/relations/rel_279.md",
      "kind": "deleted",
      "previous_sha256": "0da8c9016774272759dcffda27eb6d04adb44ebaa306538e471fdb51f1c6d857",
      "current_sha256": null,
      "reason": "Retire confirmed-active-bug evaluation reports and grades; maintain retained evaluation references."
    },
    {
      "path": "resources/sampler-140626/results/nyt-2026-fixed-400/evaluation/relations/rel_28.md",
      "kind": "deleted",
      "previous_sha256": "886610cb557eaeebb99e5032149f180dfae3eaa5416881b917646f0673cc0538",
      "current_sha256": null,
      "reason": "Retire confirmed-active-bug evaluation reports and grades; maintain retained evaluation references."
    },
    {
      "path": "resources/sampler-140626/results/nyt-2026-fixed-400/evaluation/relations/rel_280.md",
      "kind": "deleted",
      "previous_sha256": "0a939996652809943c9c69b02695464d6af0f939f36d1f3928f44cdfd75de943",
      "current_sha256": null,
      "reason": "Retire confirmed-active-bug evaluation reports and grades; maintain retained evaluation references."
    },
    {
      "path": "resources/sampler-140626/results/nyt-2026-fixed-400/evaluation/relations/rel_282.md",
      "kind": "deleted",
      "previous_sha256": "f2635a33e1627affa101e539d0a8d65b6b7878ffc1129576a8b1b51d670a680c",
      "current_sha256": null,
      "reason": "Retire confirmed-active-bug evaluation reports and grades; maintain retained evaluation references."
    },
    {
      "path": "resources/sampler-140626/results/nyt-2026-fixed-400/evaluation/relations/rel_284.md",
      "kind": "deleted",
      "previous_sha256": "ca64a5d8226045583b16e3c94b480cefaabbe8198629ed5560d3dd261e53a4f1",
      "current_sha256": null,
      "reason": "Retire confirmed-active-bug evaluation reports and grades; maintain retained evaluation references."
    },
    {
      "path": "resources/sampler-140626/results/nyt-2026-fixed-400/evaluation/relations/rel_286.md",
      "kind": "deleted",
      "previous_sha256": "ec72d163bbd3ed3451ba1308ece2d00e3c0d402db689455aa95172c30a224e42",
      "current_sha256": null,
      "reason": "Retire confirmed-active-bug evaluation reports and grades; maintain retained evaluation references."
    },
    {
      "path": "resources/sampler-140626/results/nyt-2026-fixed-400/evaluation/relations/rel_288.md",
      "kind": "deleted",
      "previous_sha256": "7f3dbd51411398ba81f54e3de61e30bc2000a5d1dd1ce81ebdacffb6f68822af",
      "current_sha256": null,
      "reason": "Retire confirmed-active-bug evaluation reports and grades; maintain retained evaluation references."
    },
    {
      "path": "resources/sampler-140626/results/nyt-2026-fixed-400/evaluation/relations/rel_289.md",
      "kind": "deleted",
      "previous_sha256": "134759a28e5c69d8daca5a62d1e41b69d2855302fa3ceae820aed5dfcb4739d6",
      "current_sha256": null,
      "reason": "Retire confirmed-active-bug evaluation reports and grades; maintain retained evaluation references."
    },
    {
      "path": "resources/sampler-140626/results/nyt-2026-fixed-400/evaluation/relations/rel_290.md",
      "kind": "deleted",
      "previous_sha256": "4d7f2227882b7180d5a92ae5b3bb3df0ab5cc4081dd50fbb59a97612197369f7",
      "current_sha256": null,
      "reason": "Retire confirmed-active-bug evaluation reports and grades; maintain retained evaluation references."
    },
    {
      "path": "resources/sampler-140626/results/nyt-2026-fixed-400/evaluation/relations/rel_291.md",
      "kind": "deleted",
      "previous_sha256": "d1e31bade3b3ea7d5f6ed986f00cd7737d60b75096e410fcdd00201e3bc28fbb",
      "current_sha256": null,
      "reason": "Retire confirmed-active-bug evaluation reports and grades; maintain retained evaluation references."
    },
    {
      "path": "resources/sampler-140626/results/nyt-2026-fixed-400/evaluation/relations/rel_293.md",
      "kind": "deleted",
      "previous_sha256": "d50624b41a548e64fc049a37e88db6897d3801fa37582592f18470a53f8f2c4a",
      "current_sha256": null,
      "reason": "Retire confirmed-active-bug evaluation reports and grades; maintain retained evaluation references."
    },
    {
      "path": "resources/sampler-140626/results/nyt-2026-fixed-400/evaluation/relations/rel_294.md",
      "kind": "deleted",
      "previous_sha256": "24a8dbe844ceeaa1b7b91268c5253787db662d6f370e07812f66ca275c6255c2",
      "current_sha256": null,
      "reason": "Retire confirmed-active-bug evaluation reports and grades; maintain retained evaluation references."
    },
    {
      "path": "resources/sampler-140626/results/nyt-2026-fixed-400/evaluation/relations/rel_295.md",
      "kind": "deleted",
      "previous_sha256": "66cfb168ff1a297e75e409d6687c002204874bde553c3c6ffd4452040f7846ca",
      "current_sha256": null,
      "reason": "Retire confirmed-active-bug evaluation reports and grades; maintain retained evaluation references."
    },
    {
      "path": "resources/sampler-140626/results/nyt-2026-fixed-400/evaluation/relations/rel_296.md",
      "kind": "deleted",
      "previous_sha256": "af6d2603b458e346104fa2ed3ffd8300f1c6e6fa6d0c77c66d279072b46aed11",
      "current_sha256": null,
      "reason": "Retire confirmed-active-bug evaluation reports and grades; maintain retained evaluation references."
    },
    {
      "path": "resources/sampler-140626/results/nyt-2026-fixed-400/evaluation/relations/rel_299.md",
      "kind": "deleted",
      "previous_sha256": "a7732edfd461f1965429baad82787e381a436d527d49d49c46c8178cfcdb5fa1",
      "current_sha256": null,
      "reason": "Retire confirmed-active-bug evaluation reports and grades; maintain retained evaluation references."
    },
    {
      "path": "resources/sampler-140626/results/nyt-2026-fixed-400/evaluation/relations/rel_300.md",
      "kind": "deleted",
      "previous_sha256": "1b25e4dd37c2e132cac054c7703d83bfe76572ed51260b4c28d43bb7ba07f3f1",
      "current_sha256": null,
      "reason": "Retire confirmed-active-bug evaluation reports and grades; maintain retained evaluation references."
    },
    {
      "path": "resources/sampler-140626/results/nyt-2026-fixed-400/evaluation/relations/rel_302.md",
      "kind": "deleted",
      "previous_sha256": "120545a312e18eec6eec458c6bc46ea41ed7b0de9e7fd89082a06c49311cdd4d",
      "current_sha256": null,
      "reason": "Retire confirmed-active-bug evaluation reports and grades; maintain retained evaluation references."
    },
    {
      "path": "resources/sampler-140626/results/nyt-2026-fixed-400/evaluation/relations/rel_306.md",
      "kind": "deleted",
      "previous_sha256": "b133046bf457a66d6ec68287fab02bbdd9672ad4d9abadbf793afcbe09f956cb",
      "current_sha256": null,
      "reason": "Retire confirmed-active-bug evaluation reports and grades; maintain retained evaluation references."
    },
    {
      "path": "resources/sampler-140626/results/nyt-2026-fixed-400/evaluation/relations/rel_307.md",
      "kind": "deleted",
      "previous_sha256": "1acae14de375e2f640eb99f95cc3af06e808d1874acab699c42bcbcfef51e56c",
      "current_sha256": null,
      "reason": "Retire confirmed-active-bug evaluation reports and grades; maintain retained evaluation references."
    },
    {
      "path": "resources/sampler-140626/results/nyt-2026-fixed-400/evaluation/relations/rel_308.md",
      "kind": "deleted",
      "previous_sha256": "d2d00f2954866280559fe4d2a6aedbf7f8dee19b28e5724de8ab4163a085e638",
      "current_sha256": null,
      "reason": "Retire confirmed-active-bug evaluation reports and grades; maintain retained evaluation references."
    },
    {
      "path": "resources/sampler-140626/results/nyt-2026-fixed-400/evaluation/relations/rel_31.md",
      "kind": "deleted",
      "previous_sha256": "52660098d93b982e141d99d705a527a84ed803bf5cf442f5094a8c70ccce9d40",
      "current_sha256": null,
      "reason": "Retire confirmed-active-bug evaluation reports and grades; maintain retained evaluation references."
    },
    {
      "path": "resources/sampler-140626/results/nyt-2026-fixed-400/evaluation/relations/rel_310.md",
      "kind": "deleted",
      "previous_sha256": "53e07be50750cebef2448f59c9d66c7ae58b67739ba73ed7923783f44e270762",
      "current_sha256": null,
      "reason": "Retire confirmed-active-bug evaluation reports and grades; maintain retained evaluation references."
    },
    {
      "path": "resources/sampler-140626/results/nyt-2026-fixed-400/evaluation/relations/rel_311.md",
      "kind": "deleted",
      "previous_sha256": "a3802d6c6f56438c61548931af30bde39138755cbf39d2b00876b85348772148",
      "current_sha256": null,
      "reason": "Retire confirmed-active-bug evaluation reports and grades; maintain retained evaluation references."
    },
    {
      "path": "resources/sampler-140626/results/nyt-2026-fixed-400/evaluation/relations/rel_312.md",
      "kind": "deleted",
      "previous_sha256": "9d09aa57fdbfce2f2f635f7b2701566280dc84be133dc5aeb9d117ed9dfa841c",
      "current_sha256": null,
      "reason": "Retire confirmed-active-bug evaluation reports and grades; maintain retained evaluation references."
    },
    {
      "path": "resources/sampler-140626/results/nyt-2026-fixed-400/evaluation/relations/rel_314.md",
      "kind": "deleted",
      "previous_sha256": "361b4c6e1786787688eeea14a85029a4d5094c550af790bb8c12fc855a6ba62e",
      "current_sha256": null,
      "reason": "Retire confirmed-active-bug evaluation reports and grades; maintain retained evaluation references."
    },
    {
      "path": "resources/sampler-140626/results/nyt-2026-fixed-400/evaluation/relations/rel_315.md",
      "kind": "deleted",
      "previous_sha256": "77a9ce6a64e97f7c978b0c2e96f16c0e22afa2d1e5567c07fd9da8fa8fb89098",
      "current_sha256": null,
      "reason": "Retire confirmed-active-bug evaluation reports and grades; maintain retained evaluation references."
    },
    {
      "path": "resources/sampler-140626/results/nyt-2026-fixed-400/evaluation/relations/rel_316.md",
      "kind": "deleted",
      "previous_sha256": "80b9dc3e875414e4e63860b2494e9524f179aeb00714c51ae2ce68baa9bab6a5",
      "current_sha256": null,
      "reason": "Retire confirmed-active-bug evaluation reports and grades; maintain retained evaluation references."
    },
    {
      "path": "resources/sampler-140626/results/nyt-2026-fixed-400/evaluation/relations/rel_317.md",
      "kind": "deleted",
      "previous_sha256": "758640f26d7568b510a8e8a04b1d3c9e2f7750be66032ac9ec55f68619bf3c18",
      "current_sha256": null,
      "reason": "Retire confirmed-active-bug evaluation reports and grades; maintain retained evaluation references."
    },
    {
      "path": "resources/sampler-140626/results/nyt-2026-fixed-400/evaluation/relations/rel_319.md",
      "kind": "deleted",
      "previous_sha256": "9475435d92e220a4cd45daec06351e2c56c7c895d3e696fc550d80c0605b3a6a",
      "current_sha256": null,
      "reason": "Retire confirmed-active-bug evaluation reports and grades; maintain retained evaluation references."
    },
    {
      "path": "resources/sampler-140626/results/nyt-2026-fixed-400/evaluation/relations/rel_32.md",
      "kind": "deleted",
      "previous_sha256": "9d64153382c87b1eec8d61a83d5318c7c2595fc601bcca89d3982d373c4d8d13",
      "current_sha256": null,
      "reason": "Retire confirmed-active-bug evaluation reports and grades; maintain retained evaluation references."
    },
    {
      "path": "resources/sampler-140626/results/nyt-2026-fixed-400/evaluation/relations/rel_320.md",
      "kind": "deleted",
      "previous_sha256": "ac757b3b6c58f64306398c8014ae4092db04fcecc9921dcd1d310721a74f5df8",
      "current_sha256": null,
      "reason": "Retire confirmed-active-bug evaluation reports and grades; maintain retained evaluation references."
    },
    {
      "path": "resources/sampler-140626/results/nyt-2026-fixed-400/evaluation/relations/rel_321.md",
      "kind": "deleted",
      "previous_sha256": "bed5e7a389b31efa02c6d3865b65388100d09a80b2602e98d259c8bcc91251e6",
      "current_sha256": null,
      "reason": "Retire confirmed-active-bug evaluation reports and grades; maintain retained evaluation references."
    },
    {
      "path": "resources/sampler-140626/results/nyt-2026-fixed-400/evaluation/relations/rel_322.md",
      "kind": "deleted",
      "previous_sha256": "45a89feeb279cd0e8d93b3c779ca33ee175d785325493697640a6a0989d6d369",
      "current_sha256": null,
      "reason": "Retire confirmed-active-bug evaluation reports and grades; maintain retained evaluation references."
    },
    {
      "path": "resources/sampler-140626/results/nyt-2026-fixed-400/evaluation/relations/rel_323.md",
      "kind": "deleted",
      "previous_sha256": "b12717e694ed5c0b1237272ab463184f69560a33086de1fa17a73f6e7049c039",
      "current_sha256": null,
      "reason": "Retire confirmed-active-bug evaluation reports and grades; maintain retained evaluation references."
    },
    {
      "path": "resources/sampler-140626/results/nyt-2026-fixed-400/evaluation/relations/rel_324.md",
      "kind": "deleted",
      "previous_sha256": "63b16672c68f392076bfca30cb108dc1c11d872115dd9164baf631450bc9d32a",
      "current_sha256": null,
      "reason": "Retire confirmed-active-bug evaluation reports and grades; maintain retained evaluation references."
    },
    {
      "path": "resources/sampler-140626/results/nyt-2026-fixed-400/evaluation/relations/rel_325.md",
      "kind": "deleted",
      "previous_sha256": "9d0e9648c9e526a54d00b7f153fb36025af8e8f4f6d1d57e553202965e9eee08",
      "current_sha256": null,
      "reason": "Retire confirmed-active-bug evaluation reports and grades; maintain retained evaluation references."
    },
    {
      "path": "resources/sampler-140626/results/nyt-2026-fixed-400/evaluation/relations/rel_327.md",
      "kind": "deleted",
      "previous_sha256": "020857df9500281847faf684f63fedd2fcdab2991e8f22c5f2807c5abbeabde7",
      "current_sha256": null,
      "reason": "Retire confirmed-active-bug evaluation reports and grades; maintain retained evaluation references."
    },
    {
      "path": "resources/sampler-140626/results/nyt-2026-fixed-400/evaluation/relations/rel_328.md",
      "kind": "deleted",
      "previous_sha256": "c8ec80fad96977104d7ff488c4ea0a49bf1a3f17a232d30a054bb333cb77cc0e",
      "current_sha256": null,
      "reason": "Retire confirmed-active-bug evaluation reports and grades; maintain retained evaluation references."
    },
    {
      "path": "resources/sampler-140626/results/nyt-2026-fixed-400/evaluation/relations/rel_329.md",
      "kind": "deleted",
      "previous_sha256": "004c343bf198223f94e68b0c063472e626c0397141698a6284976f4117dbe898",
      "current_sha256": null,
      "reason": "Retire confirmed-active-bug evaluation reports and grades; maintain retained evaluation references."
    },
    {
      "path": "resources/sampler-140626/results/nyt-2026-fixed-400/evaluation/relations/rel_33.md",
      "kind": "deleted",
      "previous_sha256": "50d69daec4abd85e19826310a32d19a0951f2b829dfad502541a10e415706aa9",
      "current_sha256": null,
      "reason": "Retire confirmed-active-bug evaluation reports and grades; maintain retained evaluation references."
    },
    {
      "path": "resources/sampler-140626/results/nyt-2026-fixed-400/evaluation/relations/rel_330.md",
      "kind": "deleted",
      "previous_sha256": "f5947c1be4ea20a91d4d6d3060eaf674a3c199205c6c47b8a40357fbe5cf86b8",
      "current_sha256": null,
      "reason": "Retire confirmed-active-bug evaluation reports and grades; maintain retained evaluation references."
    },
    {
      "path": "resources/sampler-140626/results/nyt-2026-fixed-400/evaluation/relations/rel_332.md",
      "kind": "deleted",
      "previous_sha256": "ebc13477757642a132c9380cce47b2ab3a0eb5e6ad47ede1f070547d16574b41",
      "current_sha256": null,
      "reason": "Retire confirmed-active-bug evaluation reports and grades; maintain retained evaluation references."
    },
    {
      "path": "resources/sampler-140626/results/nyt-2026-fixed-400/evaluation/relations/rel_334.md",
      "kind": "deleted",
      "previous_sha256": "78cbfd8104a5e5f46c20e65e8bd23ac5e7c357a9d553a26705e34839866ee318",
      "current_sha256": null,
      "reason": "Retire confirmed-active-bug evaluation reports and grades; maintain retained evaluation references."
    },
    {
      "path": "resources/sampler-140626/results/nyt-2026-fixed-400/evaluation/relations/rel_338.md",
      "kind": "deleted",
      "previous_sha256": "7ed43eabf7aaccf84143e212f6c71251f6db8940013bfc92d3017958679c6c43",
      "current_sha256": null,
      "reason": "Retire confirmed-active-bug evaluation reports and grades; maintain retained evaluation references."
    },
    {
      "path": "resources/sampler-140626/results/nyt-2026-fixed-400/evaluation/relations/rel_339.md",
      "kind": "deleted",
      "previous_sha256": "3c380f2d49b778c369c6118d242ea0194c90dac1c9f7f580dda28a762789e410",
      "current_sha256": null,
      "reason": "Retire confirmed-active-bug evaluation reports and grades; maintain retained evaluation references."
    },
    {
      "path": "resources/sampler-140626/results/nyt-2026-fixed-400/evaluation/relations/rel_34.md",
      "kind": "deleted",
      "previous_sha256": "80c64753c4b9388c63aa2148b0983b3ba2c895e25efcc86d4e11666a3dd50a82",
      "current_sha256": null,
      "reason": "Retire confirmed-active-bug evaluation reports and grades; maintain retained evaluation references."
    },
    {
      "path": "resources/sampler-140626/results/nyt-2026-fixed-400/evaluation/relations/rel_340.md",
      "kind": "deleted",
      "previous_sha256": "ec71f267b20135f57ccdbba61dbb9745d4294972c23c9e653c907d9c569c2a1f",
      "current_sha256": null,
      "reason": "Retire confirmed-active-bug evaluation reports and grades; maintain retained evaluation references."
    },
    {
      "path": "resources/sampler-140626/results/nyt-2026-fixed-400/evaluation/relations/rel_341.md",
      "kind": "deleted",
      "previous_sha256": "f89035f0a4a0c2b52bafc010a0a363d8c1e690871d0e1766546e3f16179cff2f",
      "current_sha256": null,
      "reason": "Retire confirmed-active-bug evaluation reports and grades; maintain retained evaluation references."
    },
    {
      "path": "resources/sampler-140626/results/nyt-2026-fixed-400/evaluation/relations/rel_342.md",
      "kind": "deleted",
      "previous_sha256": "26c391ce9986598fb4c3271d13d0c79b1d0fda6429177b5f9b22937b3b20fa86",
      "current_sha256": null,
      "reason": "Retire confirmed-active-bug evaluation reports and grades; maintain retained evaluation references."
    },
    {
      "path": "resources/sampler-140626/results/nyt-2026-fixed-400/evaluation/relations/rel_343.md",
      "kind": "deleted",
      "previous_sha256": "f6980930e4ac93ac9ca28e08fff55e8db6be525bb2237d08fcfbdec42fca3e6f",
      "current_sha256": null,
      "reason": "Retire confirmed-active-bug evaluation reports and grades; maintain retained evaluation references."
    },
    {
      "path": "resources/sampler-140626/results/nyt-2026-fixed-400/evaluation/relations/rel_344.md",
      "kind": "deleted",
      "previous_sha256": "deea39a72a7dc04c585a60c9f8edef15024c8874799fd04284e0a82a51a38c17",
      "current_sha256": null,
      "reason": "Retire confirmed-active-bug evaluation reports and grades; maintain retained evaluation references."
    },
    {
      "path": "resources/sampler-140626/results/nyt-2026-fixed-400/evaluation/relations/rel_346.md",
      "kind": "deleted",
      "previous_sha256": "1020c332c2c8e46dd3a0da7bab45422dd2a887f3a3181130a3ad5182f1e821eb",
      "current_sha256": null,
      "reason": "Retire confirmed-active-bug evaluation reports and grades; maintain retained evaluation references."
    },
    {
      "path": "resources/sampler-140626/results/nyt-2026-fixed-400/evaluation/relations/rel_347.md",
      "kind": "deleted",
      "previous_sha256": "a86446354fe0128b6a24a9816a4d4eb9cf25a3f068134ab685fe62330add9f9f",
      "current_sha256": null,
      "reason": "Retire confirmed-active-bug evaluation reports and grades; maintain retained evaluation references."
    },
    {
      "path": "resources/sampler-140626/results/nyt-2026-fixed-400/evaluation/relations/rel_349.md",
      "kind": "deleted",
      "previous_sha256": "4b8e3f63cf164b93a6d10ecf180d66c9e9b95414e1914f87dab25cf7f65f2da4",
      "current_sha256": null,
      "reason": "Retire confirmed-active-bug evaluation reports and grades; maintain retained evaluation references."
    },
    {
      "path": "resources/sampler-140626/results/nyt-2026-fixed-400/evaluation/relations/rel_35.md",
      "kind": "deleted",
      "previous_sha256": "b5e7e170fcfaf4c5af3af2f9f913f5274a131ec65c98df273f2c28c47ebf8965",
      "current_sha256": null,
      "reason": "Retire confirmed-active-bug evaluation reports and grades; maintain retained evaluation references."
    },
    {
      "path": "resources/sampler-140626/results/nyt-2026-fixed-400/evaluation/relations/rel_352.md",
      "kind": "deleted",
      "previous_sha256": "1e9b667dea515eaa15a61790aa59e1e449037a06cac1ac2d97215171c435b857",
      "current_sha256": null,
      "reason": "Retire confirmed-active-bug evaluation reports and grades; maintain retained evaluation references."
    },
    {
      "path": "resources/sampler-140626/results/nyt-2026-fixed-400/evaluation/relations/rel_355.md",
      "kind": "deleted",
      "previous_sha256": "b667544b647e8d362dee9fd053a01f80f20eeb459604e03d757f29b708428cb5",
      "current_sha256": null,
      "reason": "Retire confirmed-active-bug evaluation reports and grades; maintain retained evaluation references."
    },
    {
      "path": "resources/sampler-140626/results/nyt-2026-fixed-400/evaluation/relations/rel_357.md",
      "kind": "deleted",
      "previous_sha256": "0c040e6e7eda7e4004ee9f012d506ce209e2f91607a95853c40157fbaa5d45e4",
      "current_sha256": null,
      "reason": "Retire confirmed-active-bug evaluation reports and grades; maintain retained evaluation references."
    },
    {
      "path": "resources/sampler-140626/results/nyt-2026-fixed-400/evaluation/relations/rel_358.md",
      "kind": "deleted",
      "previous_sha256": "042772d10fd577c30c5e2b5158f09eeb9fe50099d0e73c2e2cb8b97a16044f27",
      "current_sha256": null,
      "reason": "Retire confirmed-active-bug evaluation reports and grades; maintain retained evaluation references."
    },
    {
      "path": "resources/sampler-140626/results/nyt-2026-fixed-400/evaluation/relations/rel_361.md",
      "kind": "deleted",
      "previous_sha256": "e4055311fb71ef6468d90dde1d8d69a0b5fd7b3f462e5163a21770d3bab1a923",
      "current_sha256": null,
      "reason": "Retire confirmed-active-bug evaluation reports and grades; maintain retained evaluation references."
    },
    {
      "path": "resources/sampler-140626/results/nyt-2026-fixed-400/evaluation/relations/rel_364.md",
      "kind": "deleted",
      "previous_sha256": "0fe096cd40776cb40ae5b84dbdad75916b88cd1b6f6cd83a86678703d5c6d45c",
      "current_sha256": null,
      "reason": "Retire confirmed-active-bug evaluation reports and grades; maintain retained evaluation references."
    },
    {
      "path": "resources/sampler-140626/results/nyt-2026-fixed-400/evaluation/relations/rel_366.md",
      "kind": "deleted",
      "previous_sha256": "7d96904226ab32d12bf75b767055fdef84874f8f0e1518abca551d8857726bcd",
      "current_sha256": null,
      "reason": "Retire confirmed-active-bug evaluation reports and grades; maintain retained evaluation references."
    },
    {
      "path": "resources/sampler-140626/results/nyt-2026-fixed-400/evaluation/relations/rel_369.md",
      "kind": "deleted",
      "previous_sha256": "1a4eff0401430235c049b37af84f9ca352071734548b7b28fcf6337fc83d1775",
      "current_sha256": null,
      "reason": "Retire confirmed-active-bug evaluation reports and grades; maintain retained evaluation references."
    },
    {
      "path": "resources/sampler-140626/results/nyt-2026-fixed-400/evaluation/relations/rel_37.md",
      "kind": "deleted",
      "previous_sha256": "f5a653c76baf9d76f244fe26f0a241a8576167a1f8421e38a01e3d6dfc70c291",
      "current_sha256": null,
      "reason": "Retire confirmed-active-bug evaluation reports and grades; maintain retained evaluation references."
    },
    {
      "path": "resources/sampler-140626/results/nyt-2026-fixed-400/evaluation/relations/rel_370.md",
      "kind": "deleted",
      "previous_sha256": "6af496244d4ba49bd812dd8f211f64f651528382f8e7cfe54bea1468371368a4",
      "current_sha256": null,
      "reason": "Retire confirmed-active-bug evaluation reports and grades; maintain retained evaluation references."
    },
    {
      "path": "resources/sampler-140626/results/nyt-2026-fixed-400/evaluation/relations/rel_371.md",
      "kind": "deleted",
      "previous_sha256": "7d0f2c732932d5406bcedcbc80cc2bd2b9a6392b5bea85eb92ad0423f5ac8698",
      "current_sha256": null,
      "reason": "Retire confirmed-active-bug evaluation reports and grades; maintain retained evaluation references."
    },
    {
      "path": "resources/sampler-140626/results/nyt-2026-fixed-400/evaluation/relations/rel_372.md",
      "kind": "deleted",
      "previous_sha256": "c6931e2c2fc7d892e0a80483a28c3bf73cc004c767de7d6bcdc3a2c668b7b330",
      "current_sha256": null,
      "reason": "Retire confirmed-active-bug evaluation reports and grades; maintain retained evaluation references."
    },
    {
      "path": "resources/sampler-140626/results/nyt-2026-fixed-400/evaluation/relations/rel_373.md",
      "kind": "deleted",
      "previous_sha256": "3d337c8b872aa395a73345f5016c1c6ccbe497e80e9c10cd7651289312899f38",
      "current_sha256": null,
      "reason": "Retire confirmed-active-bug evaluation reports and grades; maintain retained evaluation references."
    },
    {
      "path": "resources/sampler-140626/results/nyt-2026-fixed-400/evaluation/relations/rel_374.md",
      "kind": "deleted",
      "previous_sha256": "1181745ebec532aaabc702cc1767e74775549a3fef4f749b2079b3b6ca7171ef",
      "current_sha256": null,
      "reason": "Retire confirmed-active-bug evaluation reports and grades; maintain retained evaluation references."
    },
    {
      "path": "resources/sampler-140626/results/nyt-2026-fixed-400/evaluation/relations/rel_375.md",
      "kind": "deleted",
      "previous_sha256": "210d2ae3d9adbbb1e30e3b9632d57d60f3de10c85fca7214accb795d9b7fe97c",
      "current_sha256": null,
      "reason": "Retire confirmed-active-bug evaluation reports and grades; maintain retained evaluation references."
    },
    {
      "path": "resources/sampler-140626/results/nyt-2026-fixed-400/evaluation/relations/rel_376.md",
      "kind": "deleted",
      "previous_sha256": "d66b04678d50d52d034b065a4d424ee6dc508a99ebfbf25270a0a8ff780cdb02",
      "current_sha256": null,
      "reason": "Retire confirmed-active-bug evaluation reports and grades; maintain retained evaluation references."
    },
    {
      "path": "resources/sampler-140626/results/nyt-2026-fixed-400/evaluation/relations/rel_38.md",
      "kind": "deleted",
      "previous_sha256": "dbeee9f6e1a379edc7d5024a66af8b294313efc8b8a93185390b12c44062b669",
      "current_sha256": null,
      "reason": "Retire confirmed-active-bug evaluation reports and grades; maintain retained evaluation references."
    },
    {
      "path": "resources/sampler-140626/results/nyt-2026-fixed-400/evaluation/relations/rel_382.md",
      "kind": "deleted",
      "previous_sha256": "37f2601464698981d7c417c8209e74c18d122e7051ebaa75750435d5fd91c116",
      "current_sha256": null,
      "reason": "Retire confirmed-active-bug evaluation reports and grades; maintain retained evaluation references."
    },
    {
      "path": "resources/sampler-140626/results/nyt-2026-fixed-400/evaluation/relations/rel_383.md",
      "kind": "deleted",
      "previous_sha256": "ff83a518fa296c69c3adf8af33101ac1140c034ef32723763329b2d115747545",
      "current_sha256": null,
      "reason": "Retire confirmed-active-bug evaluation reports and grades; maintain retained evaluation references."
    },
    {
      "path": "resources/sampler-140626/results/nyt-2026-fixed-400/evaluation/relations/rel_384.md",
      "kind": "deleted",
      "previous_sha256": "3d9f99284a4e7019cd9d9e30382902ded869f7a5babb965d86fbf32011f3b20e",
      "current_sha256": null,
      "reason": "Retire confirmed-active-bug evaluation reports and grades; maintain retained evaluation references."
    },
    {
      "path": "resources/sampler-140626/results/nyt-2026-fixed-400/evaluation/relations/rel_388.md",
      "kind": "deleted",
      "previous_sha256": "1d034a9cdf5e47c1999271dabf8ee765bb7b4550d736ace359147f72fe33b37d",
      "current_sha256": null,
      "reason": "Retire confirmed-active-bug evaluation reports and grades; maintain retained evaluation references."
    },
    {
      "path": "resources/sampler-140626/results/nyt-2026-fixed-400/evaluation/relations/rel_389.md",
      "kind": "deleted",
      "previous_sha256": "9b3db8b4c24780c1e1148cca02e9b9b7cdb4cb57b53d9d9e4895f4c2f9f5da67",
      "current_sha256": null,
      "reason": "Retire confirmed-active-bug evaluation reports and grades; maintain retained evaluation references."
    },
    {
      "path": "resources/sampler-140626/results/nyt-2026-fixed-400/evaluation/relations/rel_39.md",
      "kind": "deleted",
      "previous_sha256": "77cd5e6961846bc8d5df3585af0d56d18c42afdc5054abe8e1cabacb6b6c246c",
      "current_sha256": null,
      "reason": "Retire confirmed-active-bug evaluation reports and grades; maintain retained evaluation references."
    },
    {
      "path": "resources/sampler-140626/results/nyt-2026-fixed-400/evaluation/relations/rel_390.md",
      "kind": "deleted",
      "previous_sha256": "4f96101e1ce9c31c2b171fed348017595b100139bf80a0f780af220360adcf3e",
      "current_sha256": null,
      "reason": "Retire confirmed-active-bug evaluation reports and grades; maintain retained evaluation references."
    },
    {
      "path": "resources/sampler-140626/results/nyt-2026-fixed-400/evaluation/relations/rel_393.md",
      "kind": "deleted",
      "previous_sha256": "7f08ec961fd9d1494c2dad2d17bd9efb759e7660ca71aa9d18b16780faff4066",
      "current_sha256": null,
      "reason": "Retire confirmed-active-bug evaluation reports and grades; maintain retained evaluation references."
    },
    {
      "path": "resources/sampler-140626/results/nyt-2026-fixed-400/evaluation/relations/rel_395.md",
      "kind": "deleted",
      "previous_sha256": "8181229133a87714bcec5bab5d90095c1240d901cc8bf4286d3315e6fcc1e4b8",
      "current_sha256": null,
      "reason": "Retire confirmed-active-bug evaluation reports and grades; maintain retained evaluation references."
    },
    {
      "path": "resources/sampler-140626/results/nyt-2026-fixed-400/evaluation/relations/rel_4.md",
      "kind": "deleted",
      "previous_sha256": "2b6311505ded99b785dc39024d60c34cff3507d6bd01a738816fdc654290de5a",
      "current_sha256": null,
      "reason": "Retire confirmed-active-bug evaluation reports and grades; maintain retained evaluation references."
    },
    {
      "path": "resources/sampler-140626/results/nyt-2026-fixed-400/evaluation/relations/rel_40.md",
      "kind": "deleted",
      "previous_sha256": "4d7802ef45fdbfb93322687a654f6cc48f52d4e11ff518350d54a67f3833a572",
      "current_sha256": null,
      "reason": "Retire confirmed-active-bug evaluation reports and grades; maintain retained evaluation references."
    },
    {
      "path": "resources/sampler-140626/results/nyt-2026-fixed-400/evaluation/relations/rel_42.md",
      "kind": "deleted",
      "previous_sha256": "947a0d66fb23e6e6f181c387ddf49595cfbcc2f24361fa37d9107a19b56951c6",
      "current_sha256": null,
      "reason": "Retire confirmed-active-bug evaluation reports and grades; maintain retained evaluation references."
    },
    {
      "path": "resources/sampler-140626/results/nyt-2026-fixed-400/evaluation/relations/rel_43.md",
      "kind": "deleted",
      "previous_sha256": "ab72d597976f6b4b0d6f2a8e27c9331273fd19919d60b3065d77ccc03c936ec0",
      "current_sha256": null,
      "reason": "Retire confirmed-active-bug evaluation reports and grades; maintain retained evaluation references."
    },
    {
      "path": "resources/sampler-140626/results/nyt-2026-fixed-400/evaluation/relations/rel_44.md",
      "kind": "deleted",
      "previous_sha256": "4b13b83b2247f57b534b0c8bbf012ce7add2f6b627d21096123e30c553f5e204",
      "current_sha256": null,
      "reason": "Retire confirmed-active-bug evaluation reports and grades; maintain retained evaluation references."
    },
    {
      "path": "resources/sampler-140626/results/nyt-2026-fixed-400/evaluation/relations/rel_45.md",
      "kind": "deleted",
      "previous_sha256": "58301f24da9d2aaf8bff693a14eb5c6d21861421fd93f5b297480979c6f56659",
      "current_sha256": null,
      "reason": "Retire confirmed-active-bug evaluation reports and grades; maintain retained evaluation references."
    },
    {
      "path": "resources/sampler-140626/results/nyt-2026-fixed-400/evaluation/relations/rel_46.md",
      "kind": "deleted",
      "previous_sha256": "669380378b9e720f14a90e17005aa98d073fc802d9db9604a3fa7a011e04a202",
      "current_sha256": null,
      "reason": "Retire confirmed-active-bug evaluation reports and grades; maintain retained evaluation references."
    },
    {
      "path": "resources/sampler-140626/results/nyt-2026-fixed-400/evaluation/relations/rel_47.md",
      "kind": "deleted",
      "previous_sha256": "3831690410024248853ab8a7d845e5475a1ebb3dd29b9fc2b538e4aff7000601",
      "current_sha256": null,
      "reason": "Retire confirmed-active-bug evaluation reports and grades; maintain retained evaluation references."
    },
    {
      "path": "resources/sampler-140626/results/nyt-2026-fixed-400/evaluation/relations/rel_48.md",
      "kind": "deleted",
      "previous_sha256": "a07167e536115ef0be245505ebd8167b1c6923fb4e45fc692e3d70b85ed6db55",
      "current_sha256": null,
      "reason": "Retire confirmed-active-bug evaluation reports and grades; maintain retained evaluation references."
    },
    {
      "path": "resources/sampler-140626/results/nyt-2026-fixed-400/evaluation/relations/rel_49.md",
      "kind": "deleted",
      "previous_sha256": "396b9b1d6b5a06a4b4bccb1fb9cdc0c9a8ec7f4d6fe5fd0a8e3c26b9345dc8ec",
      "current_sha256": null,
      "reason": "Retire confirmed-active-bug evaluation reports and grades; maintain retained evaluation references."
    },
    {
      "path": "resources/sampler-140626/results/nyt-2026-fixed-400/evaluation/relations/rel_5.md",
      "kind": "deleted",
      "previous_sha256": "f5ae5a11bee36495ea702565be69dc973c00c4367e4c15f20f90f419ae18cd81",
      "current_sha256": null,
      "reason": "Retire confirmed-active-bug evaluation reports and grades; maintain retained evaluation references."
    },
    {
      "path": "resources/sampler-140626/results/nyt-2026-fixed-400/evaluation/relations/rel_50.md",
      "kind": "deleted",
      "previous_sha256": "2f640a1357cc735d602ce9e6da8fc5d80f74cd28425ef64ba4949ccd97088e24",
      "current_sha256": null,
      "reason": "Retire confirmed-active-bug evaluation reports and grades; maintain retained evaluation references."
    },
    {
      "path": "resources/sampler-140626/results/nyt-2026-fixed-400/evaluation/relations/rel_51.md",
      "kind": "deleted",
      "previous_sha256": "857f8644a4160ce2e969593163ad01588f6ec055cfeb3029b1d0e03481d2c42d",
      "current_sha256": null,
      "reason": "Retire confirmed-active-bug evaluation reports and grades; maintain retained evaluation references."
    },
    {
      "path": "resources/sampler-140626/results/nyt-2026-fixed-400/evaluation/relations/rel_52.md",
      "kind": "deleted",
      "previous_sha256": "83a8e169bd8117afd73d50e62211e15899a867e51362d8ce13acdb4936a83ba3",
      "current_sha256": null,
      "reason": "Retire confirmed-active-bug evaluation reports and grades; maintain retained evaluation references."
    },
    {
      "path": "resources/sampler-140626/results/nyt-2026-fixed-400/evaluation/relations/rel_54.md",
      "kind": "deleted",
      "previous_sha256": "4985492bb114ab3a75bbb1f672d89a05a6e9be551859019367df36c57bd0d5b9",
      "current_sha256": null,
      "reason": "Retire confirmed-active-bug evaluation reports and grades; maintain retained evaluation references."
    },
    {
      "path": "resources/sampler-140626/results/nyt-2026-fixed-400/evaluation/relations/rel_55.md",
      "kind": "deleted",
      "previous_sha256": "e46f74a19749c4d3f9bbd327bf582a8c40778b898fd5282dedfc06732bf436c3",
      "current_sha256": null,
      "reason": "Retire confirmed-active-bug evaluation reports and grades; maintain retained evaluation references."
    },
    {
      "path": "resources/sampler-140626/results/nyt-2026-fixed-400/evaluation/relations/rel_56.md",
      "kind": "deleted",
      "previous_sha256": "377f9033e657553507d11432be9f2aeb1dcc5d7d57888de1c5213dca7e96f53c",
      "current_sha256": null,
      "reason": "Retire confirmed-active-bug evaluation reports and grades; maintain retained evaluation references."
    },
    {
      "path": "resources/sampler-140626/results/nyt-2026-fixed-400/evaluation/relations/rel_57.md",
      "kind": "deleted",
      "previous_sha256": "2737d546c74c5926cc8d6b28e704dbb112617e1a353d06d419cac773c5f6be08",
      "current_sha256": null,
      "reason": "Retire confirmed-active-bug evaluation reports and grades; maintain retained evaluation references."
    },
    {
      "path": "resources/sampler-140626/results/nyt-2026-fixed-400/evaluation/relations/rel_58.md",
      "kind": "deleted",
      "previous_sha256": "de302f7ece190bc03a29fbccd97760e43356745f49ccbfaa91f593c837353c53",
      "current_sha256": null,
      "reason": "Retire confirmed-active-bug evaluation reports and grades; maintain retained evaluation references."
    },
    {
      "path": "resources/sampler-140626/results/nyt-2026-fixed-400/evaluation/relations/rel_59.md",
      "kind": "deleted",
      "previous_sha256": "a2b01bb9be9fe06b2578ff9f49be2cec8831c657b5d05bcb4b1606b3b501444c",
      "current_sha256": null,
      "reason": "Retire confirmed-active-bug evaluation reports and grades; maintain retained evaluation references."
    },
    {
      "path": "resources/sampler-140626/results/nyt-2026-fixed-400/evaluation/relations/rel_6.md",
      "kind": "deleted",
      "previous_sha256": "0dd2f205fb28673386f5307aacc948559169c93f510ce562f9e2e2c183e9cc09",
      "current_sha256": null,
      "reason": "Retire confirmed-active-bug evaluation reports and grades; maintain retained evaluation references."
    },
    {
      "path": "resources/sampler-140626/results/nyt-2026-fixed-400/evaluation/relations/rel_62.md",
      "kind": "deleted",
      "previous_sha256": "3bf8f9665ec413120d345d8d37c463a00a17f9720c047e0518356d0ad9f73870",
      "current_sha256": null,
      "reason": "Retire confirmed-active-bug evaluation reports and grades; maintain retained evaluation references."
    },
    {
      "path": "resources/sampler-140626/results/nyt-2026-fixed-400/evaluation/relations/rel_64.md",
      "kind": "deleted",
      "previous_sha256": "ecf5f02ba5db68102163f9961ea64b81a9da97623f7b17640cb10da78b48aa59",
      "current_sha256": null,
      "reason": "Retire confirmed-active-bug evaluation reports and grades; maintain retained evaluation references."
    },
    {
      "path": "resources/sampler-140626/results/nyt-2026-fixed-400/evaluation/relations/rel_65.md",
      "kind": "deleted",
      "previous_sha256": "56e46a71f42fd354b02754d58820fedf633557483be33bdc2ddbc8b16faf2f99",
      "current_sha256": null,
      "reason": "Retire confirmed-active-bug evaluation reports and grades; maintain retained evaluation references."
    },
    {
      "path": "resources/sampler-140626/results/nyt-2026-fixed-400/evaluation/relations/rel_67.md",
      "kind": "deleted",
      "previous_sha256": "5e2d458f07ee3f2d510f87cb9bcafb7bedaa7c9f7299e8192be13bbbd84ee684",
      "current_sha256": null,
      "reason": "Retire confirmed-active-bug evaluation reports and grades; maintain retained evaluation references."
    },
    {
      "path": "resources/sampler-140626/results/nyt-2026-fixed-400/evaluation/relations/rel_69.md",
      "kind": "deleted",
      "previous_sha256": "42dd0c6b835bc6fe2fc2aa4ca660acdaa9525a07c162b3126b86addf9f552acd",
      "current_sha256": null,
      "reason": "Retire confirmed-active-bug evaluation reports and grades; maintain retained evaluation references."
    },
    {
      "path": "resources/sampler-140626/results/nyt-2026-fixed-400/evaluation/relations/rel_7.md",
      "kind": "deleted",
      "previous_sha256": "0fc214eecd0b27f1ed9b4e80e14a11a7d1157b8f5b248eef4949305674d20557",
      "current_sha256": null,
      "reason": "Retire confirmed-active-bug evaluation reports and grades; maintain retained evaluation references."
    },
    {
      "path": "resources/sampler-140626/results/nyt-2026-fixed-400/evaluation/relations/rel_72.md",
      "kind": "deleted",
      "previous_sha256": "3e7c924b13ca74ba82ffe43bef80afa05157e7de2d94b332d6338fd864aff95a",
      "current_sha256": null,
      "reason": "Retire confirmed-active-bug evaluation reports and grades; maintain retained evaluation references."
    },
    {
      "path": "resources/sampler-140626/results/nyt-2026-fixed-400/evaluation/relations/rel_75.md",
      "kind": "deleted",
      "previous_sha256": "3f53591c67540275591f20b2f5704b39427c1665876b52b831ce726455e3c650",
      "current_sha256": null,
      "reason": "Retire confirmed-active-bug evaluation reports and grades; maintain retained evaluation references."
    },
    {
      "path": "resources/sampler-140626/results/nyt-2026-fixed-400/evaluation/relations/rel_76.md",
      "kind": "deleted",
      "previous_sha256": "4c8dbf9c4768ba7547006f70b0c4945e953f860f97c36fa413d933ed15bf34e2",
      "current_sha256": null,
      "reason": "Retire confirmed-active-bug evaluation reports and grades; maintain retained evaluation references."
    },
    {
      "path": "resources/sampler-140626/results/nyt-2026-fixed-400/evaluation/relations/rel_77.md",
      "kind": "deleted",
      "previous_sha256": "486ac504144d7a1fd5296e407eb323952ea73356ab19847317f833adfd98cc1d",
      "current_sha256": null,
      "reason": "Retire confirmed-active-bug evaluation reports and grades; maintain retained evaluation references."
    },
    {
      "path": "resources/sampler-140626/results/nyt-2026-fixed-400/evaluation/relations/rel_78.md",
      "kind": "deleted",
      "previous_sha256": "7a4baab9caeef9f1f4b182f6782681a4d72e5c784b8e68c84e7df3d0115cfee7",
      "current_sha256": null,
      "reason": "Retire confirmed-active-bug evaluation reports and grades; maintain retained evaluation references."
    },
    {
      "path": "resources/sampler-140626/results/nyt-2026-fixed-400/evaluation/relations/rel_79.md",
      "kind": "deleted",
      "previous_sha256": "7864b3bff2552a66ed3fb5746ceb404cc29d9e0da33653c2c8fec4d3c23d2df9",
      "current_sha256": null,
      "reason": "Retire confirmed-active-bug evaluation reports and grades; maintain retained evaluation references."
    },
    {
      "path": "resources/sampler-140626/results/nyt-2026-fixed-400/evaluation/relations/rel_80.md",
      "kind": "deleted",
      "previous_sha256": "c6b1e9820b22aebb952b16f9b798ca3e7d47c0e67d20e3a601fe7bc9d2d2f803",
      "current_sha256": null,
      "reason": "Retire confirmed-active-bug evaluation reports and grades; maintain retained evaluation references."
    },
    {
      "path": "resources/sampler-140626/results/nyt-2026-fixed-400/evaluation/relations/rel_82.md",
      "kind": "deleted",
      "previous_sha256": "5a56e0c3d4852db9d0cdbda96dbf32bf509ae4006201bdcf986c026bc285f7b7",
      "current_sha256": null,
      "reason": "Retire confirmed-active-bug evaluation reports and grades; maintain retained evaluation references."
    },
    {
      "path": "resources/sampler-140626/results/nyt-2026-fixed-400/evaluation/relations/rel_84.md",
      "kind": "deleted",
      "previous_sha256": "6e4d0208a9e7758b6f974fc563896d56991674a9717d4812d5f2d6e3532bd58b",
      "current_sha256": null,
      "reason": "Retire confirmed-active-bug evaluation reports and grades; maintain retained evaluation references."
    },
    {
      "path": "resources/sampler-140626/results/nyt-2026-fixed-400/evaluation/relations/rel_86.md",
      "kind": "deleted",
      "previous_sha256": "c8979ab5d76d4bbf9fceae6c9cab37b9241d979e15ac90e870029ddd3104207d",
      "current_sha256": null,
      "reason": "Retire confirmed-active-bug evaluation reports and grades; maintain retained evaluation references."
    },
    {
      "path": "resources/sampler-140626/results/nyt-2026-fixed-400/evaluation/relations/rel_87.md",
      "kind": "deleted",
      "previous_sha256": "477bcb6b551bbf5e2b61ecc2faaceff280c9755374c1d1880f94ce671d35ec66",
      "current_sha256": null,
      "reason": "Retire confirmed-active-bug evaluation reports and grades; maintain retained evaluation references."
    },
    {
      "path": "resources/sampler-140626/results/nyt-2026-fixed-400/evaluation/relations/rel_89.md",
      "kind": "deleted",
      "previous_sha256": "3fea400a73f6664523032a2998b835a49f185cb21890ca3e86926c892a677747",
      "current_sha256": null,
      "reason": "Retire confirmed-active-bug evaluation reports and grades; maintain retained evaluation references."
    },
    {
      "path": "resources/sampler-140626/results/nyt-2026-fixed-400/evaluation/relations/rel_9.md",
      "kind": "deleted",
      "previous_sha256": "a98825bd3ceb8e6faeb9573abd71f131c39a283dc8713dc7b22e7bf66e660ec5",
      "current_sha256": null,
      "reason": "Retire confirmed-active-bug evaluation reports and grades; maintain retained evaluation references."
    },
    {
      "path": "resources/sampler-140626/results/nyt-2026-fixed-400/evaluation/relations/rel_92.md",
      "kind": "deleted",
      "previous_sha256": "bd2f7cc5ef38781688cfdc8ae94e44aabd3a9190ba85a56e2e7a2cc19e9652e6",
      "current_sha256": null,
      "reason": "Retire confirmed-active-bug evaluation reports and grades; maintain retained evaluation references."
    },
    {
      "path": "resources/sampler-140626/results/nyt-2026-fixed-400/evaluation/relations/rel_94.md",
      "kind": "deleted",
      "previous_sha256": "73576874670b4b9f2c79850e24bbb0f34bf996b1ac2e687c1dd661d1bf08e56b",
      "current_sha256": null,
      "reason": "Retire confirmed-active-bug evaluation reports and grades; maintain retained evaluation references."
    },
    {
      "path": "resources/sampler-140626/results/nyt-2026-fixed-400/evaluation/relations/rel_95.md",
      "kind": "deleted",
      "previous_sha256": "43d06698f5ccfed72dc4a6e169ce8a6c61be8e5a742bb900a086292967fd5a7d",
      "current_sha256": null,
      "reason": "Retire confirmed-active-bug evaluation reports and grades; maintain retained evaluation references."
    },
    {
      "path": "resources/sampler-140626/results/nyt-2026-fixed-400/evaluation/relations/rel_97.md",
      "kind": "deleted",
      "previous_sha256": "345457c43ea9c51c4a645e4c6e075a606f15253bc1b70fa9eaaee1b33a5d347e",
      "current_sha256": null,
      "reason": "Retire confirmed-active-bug evaluation reports and grades; maintain retained evaluation references."
    },
    {
      "path": "resources/sampler-140626/results/nyt-2026-fixed-400/evaluation/review_guidance.md",
      "kind": "deleted",
      "previous_sha256": "a089b36642d1da1570b382250ae19a33ac3684374d0ba2261d701b679adaf4d6",
      "current_sha256": null,
      "reason": "Retire confirmed-active-bug evaluation reports and grades; maintain retained evaluation references."
    },
    {
      "path": "resources/sampler-140626/scripts/compare_figure1_runs.py",
      "kind": "modified",
      "previous_sha256": "ab5c32685cf99bbd6f4fdac762f23704d6628b8ff1ade138ee5a8b6f924bf5da",
      "current_sha256": "584d82dc843d1e787fbc372ba6f1eea93e50b7bc64d4066ed42304e4c0961218",
      "reason": "Retire confirmed-active-bug evaluation reports and grades; maintain retained evaluation references. Authorized 2026-09-29 evaluation consolidation: shared maintained implementation, compatible callers and navigation; saved scientific evidence, judgments and results unchanged."
    },
    {
      "path": "resources/sampler-140626/scripts/compare_nyt_archives.mjs",
      "kind": "modified",
      "previous_sha256": "5e3ade44ed0a83721c23b974491a7ece88664407bbc1862f643e6b29c51c39e1",
      "current_sha256": "42d64d92b4c59da2319f4311149698751946e3bb50e58bf049360a8e056bdebe",
      "reason": "Retire confirmed-active-bug evaluation reports and grades; maintain retained evaluation references. Authorized 2026-09-29 evaluation consolidation: shared maintained implementation, compatible callers and navigation; saved scientific evidence, judgments and results unchanged."
    },
    {
      "path": "resources/sampler-140626/scripts/figure1_self_pairs.py",
      "kind": "modified",
      "previous_sha256": "c288e9c5f25d5c7edf94dbbb46f4d83152596d654665ad45d15cc77fadd32216",
      "current_sha256": "5f060f1d0c9a27e5e0f450b99ac90819fc1ab4eba0c352b23adc14d74ab63fe8",
      "reason": "Retire confirmed-active-bug evaluation reports and grades; maintain retained evaluation references. Authorized 2026-09-29 evaluation consolidation: shared maintained implementation, compatible callers and navigation; saved scientific evidence, judgments and results unchanged."
    },
    {
      "path": "resources/sampler-140626/scripts/plot_precision_recall.py",
      "kind": "modified",
      "previous_sha256": "050c12c9fb28e813ce1f8bd2aacd9d4ea5652132737a48142777436f897714be",
      "current_sha256": "cb4703d904fe560ef1509b814a77c28f98715055fcc38c702df13022c81b1f35",
      "reason": "Authorized 2026-09-29 evaluation consolidation: shared maintained implementation, compatible callers and navigation; saved scientific evidence, judgments and results unchanged."
    },
    {
      "path": "resources/sampler-140626/scripts/test_figure1_self_pairs.py",
      "kind": "modified",
      "previous_sha256": "4d66d9918d3e46f858e3d98b538f6a4c0dc7217a54f76d9ad477c72cfc9cd56e",
      "current_sha256": "9bd20566aba2500be001c3f129e64aed1328273c943b090fd680d1f83f9e60c4",
      "reason": "Retire confirmed-active-bug evaluation reports and grades; maintain retained evaluation references. Authorized 2026-09-29 evaluation consolidation: shared maintained implementation, compatible callers and navigation; saved scientific evidence, judgments and results unchanged."
    },
    {
      "path": "experiments/nyt-complete-evaluation-2026-09-14/METHOD.md",
      "kind": "modified",
      "previous_sha256": "95ea2ee1cd757f9757d6bc2d339792d8b3ed3d19bf2fcb3477c643866bd61473",
      "current_sha256": "daf175602dae1ee4348b9367410600146b10f4fd58b6577f2798fc26e3200d8c",
      "reason": "Retire confirmed-active-bug evaluation reports and grades; maintain retained evaluation references."
    },
    {
      "path": "experiments/nyt-complete-evaluation-2026-09-14/README.md",
      "kind": "modified",
      "previous_sha256": "c9e45fbadfdcd14b8b3b656efa44491878f01aec52e12c6dbfba81bc766972dc",
      "current_sha256": "9040afc4b229b00f9d497757441d71945a4e98a871d92c7b4d9a50ed3a75c7fc",
      "reason": "Retire confirmed-active-bug evaluation reports and grades; maintain retained evaluation references. Authorized 2026-09-29 evaluation consolidation: shared maintained implementation, compatible callers and navigation; saved scientific evidence, judgments and results unchanged."
    },
    {
      "path": "experiments/nyt-complete-evaluation-2026-09-14/analysis/archive250_qc.md",
      "kind": "modified",
      "previous_sha256": "11a79bc9d422182799a182094af5b8e9db94c6b23502537c18b547d7801102a1",
      "current_sha256": "c7a4ec635469cdfed3a3cc3ab1f787a136d5103848a18ddaaf3e718cb8657a48",
      "reason": "Retire confirmed-active-bug evaluation reports and grades; maintain retained evaluation references."
    },
    {
      "path": "experiments/nyt-complete-evaluation-2026-09-14/analysis/archive_scope.json",
      "kind": "modified",
      "previous_sha256": "d31ac6b6e2294fe48ac4b9f563b557bf8fa6d9bc146e3e0edc18be144a8b7db5",
      "current_sha256": "332ab76452adbe198b2a2c2cfcd00100292841085eab578dc35814ebf65d7c7a",
      "reason": "Retire confirmed-active-bug evaluation reports and grades; maintain retained evaluation references."
    },
    {
      "path": "experiments/nyt-complete-evaluation-2026-09-14/analysis/archive_scope.md",
      "kind": "modified",
      "previous_sha256": "4713df8b3a5e2021deaac2ba6e4a654b2d10953ba14630ed14a0a5b0a678bb47",
      "current_sha256": "9d729ff8c1aa76532f7ff8bac6e3ea8c8013c8c1f17c9a41ec7519748b5219d6",
      "reason": "Retire confirmed-active-bug evaluation reports and grades; maintain retained evaluation references."
    },
    {
      "path": "experiments/nyt-complete-evaluation-2026-09-14/analysis/build_predicate_catalogue.mjs",
      "kind": "modified",
      "previous_sha256": "475c7d318be2624869bb4cfc009f362df0a0c1b09e982ff898aa04668973d13b",
      "current_sha256": "a25a8f3df630f1ac3a5c9e96cd4612ef68d32036a575ae6c4b3a98b68fafb8e0",
      "reason": "Retire confirmed-active-bug evaluation reports and grades; maintain retained evaluation references."
    },
    {
      "path": "experiments/nyt-complete-evaluation-2026-09-14/analysis/corpus_equivalence.json",
      "kind": "modified",
      "previous_sha256": "dba9b0e3b65a302fa23f4e5d31a52bc529c56f8a5347dbc4843acb5e689a1c42",
      "current_sha256": "bf87032150b74cfdeefaac63e507479754934fc317bdd9ab709dd0b76898087c",
      "reason": "Retire confirmed-active-bug evaluation reports and grades; maintain retained evaluation references."
    },
    {
      "path": "experiments/nyt-complete-evaluation-2026-09-14/analysis/evaluation_catalogue_worklist.json",
      "kind": "modified",
      "previous_sha256": "9147fe15b189b92488e4d4408fae98e2dbf6082d70808f3de4d264d67d56153b",
      "current_sha256": "1043d9551eec62467a76b1f2a1296cebe0385ab28b913ecd389c2b977d174e7f",
      "reason": "Retire confirmed-active-bug evaluation reports and grades; maintain retained evaluation references."
    },
    {
      "path": "experiments/nyt-complete-evaluation-2026-09-14/analysis/evaluation_manual_helpers.mjs",
      "kind": "modified",
      "previous_sha256": "4630658e8e89d013d75f5a869db6d00df98e98b94d8eeac52bdb26085bdcb5a1",
      "current_sha256": "32226133e3efbcde9a6c59effdee3be8f6e48d66abfb0a53183a16a4509cb9f8",
      "reason": "Authorized 2026-09-29 evaluation consolidation: shared maintained implementation, compatible callers and navigation; saved scientific evidence, judgments and results unchanged."
    },
    {
      "path": "experiments/nyt-complete-evaluation-2026-09-14/analysis/final_generation.log",
      "kind": "deleted",
      "previous_sha256": "fda99517e3b9126df2a16aeb49062ee98e073bdfb02ba69995b6ba02e3bf6856",
      "current_sha256": null,
      "reason": "Retire confirmed-active-bug evaluation reports and grades; maintain retained evaluation references."
    },
    {
      "path": "experiments/nyt-complete-evaluation-2026-09-14/analysis/kernel_worklist.json",
      "kind": "modified",
      "previous_sha256": "fcc889bf7387cd9297d3b6aa10f770857053cdf38ec52e993cf7a9fd094f3ecf",
      "current_sha256": "961f2fc9e6a5cefc8967f56b2a6365ad3eea3ff6196ae74543bf9b8d35b28a6f",
      "reason": "Retire confirmed-active-bug evaluation reports and grades; maintain retained evaluation references."
    },
    {
      "path": "experiments/nyt-complete-evaluation-2026-09-14/analysis/manual_records/audit_1f78d7eb1e88__rel_10.json",
      "kind": "deleted",
      "previous_sha256": "6db02f5ca49c297c041cebcc78b22efc76e30e1c51491e02bd903de1e673db17",
      "current_sha256": null,
      "reason": "Retire confirmed-active-bug evaluation reports and grades; maintain retained evaluation references."
    },
    {
      "path": "experiments/nyt-complete-evaluation-2026-09-14/analysis/manual_records/audit_1f78d7eb1e88__rel_114.json",
      "kind": "deleted",
      "previous_sha256": "4e7ca58b414eb23edea1603db0d0ce84066cd1c73a99688b4a879bff1c4c1d40",
      "current_sha256": null,
      "reason": "Retire confirmed-active-bug evaluation reports and grades; maintain retained evaluation references."
    },
    {
      "path": "experiments/nyt-complete-evaluation-2026-09-14/analysis/manual_records/audit_1f78d7eb1e88__rel_175.json",
      "kind": "deleted",
      "previous_sha256": "5528042713bbfabad3f9bb4846353a1f4f85938f703025174d260e29d11315b7",
      "current_sha256": null,
      "reason": "Retire confirmed-active-bug evaluation reports and grades; maintain retained evaluation references."
    },
    {
      "path": "experiments/nyt-complete-evaluation-2026-09-14/analysis/manual_records/audit_1f78d7eb1e88__rel_197.json",
      "kind": "deleted",
      "previous_sha256": "cca9c9ffbef9e6da11ef87beb9ea2875931efca9cb34d69420b8619ecd5bbdb9",
      "current_sha256": null,
      "reason": "Retire confirmed-active-bug evaluation reports and grades; maintain retained evaluation references."
    },
    {
      "path": "experiments/nyt-complete-evaluation-2026-09-14/analysis/manual_records/audit_1f78d7eb1e88__rel_241.json",
      "kind": "deleted",
      "previous_sha256": "f0e07a4defb10171d8828fe7d5e2f7349359fc875bceb0e48af8d228c8100464",
      "current_sha256": null,
      "reason": "Retire confirmed-active-bug evaluation reports and grades; maintain retained evaluation references."
    },
    {
      "path": "experiments/nyt-complete-evaluation-2026-09-14/analysis/manual_records/audit_1f78d7eb1e88__rel_243.json",
      "kind": "deleted",
      "previous_sha256": "dde4dc2879bf22ee8eefc965782195ca337d898996ea72ca834172ac17dfadc0",
      "current_sha256": null,
      "reason": "Retire confirmed-active-bug evaluation reports and grades; maintain retained evaluation references."
    },
    {
      "path": "experiments/nyt-complete-evaluation-2026-09-14/analysis/manual_records/audit_1f78d7eb1e88__rel_244.json",
      "kind": "deleted",
      "previous_sha256": "5a0787419535a16b5fbd87492dfe98803c582fcb7510f00cfd9f3827daebc6eb",
      "current_sha256": null,
      "reason": "Retire confirmed-active-bug evaluation reports and grades; maintain retained evaluation references."
    },
    {
      "path": "experiments/nyt-complete-evaluation-2026-09-14/analysis/manual_records/audit_1f78d7eb1e88__rel_256.json",
      "kind": "deleted",
      "previous_sha256": "c98122d2214fcc0c304f997e1fdf403a646678c3052e2745ead70d3bee62898a",
      "current_sha256": null,
      "reason": "Retire confirmed-active-bug evaluation reports and grades; maintain retained evaluation references."
    },
    {
      "path": "experiments/nyt-complete-evaluation-2026-09-14/analysis/manual_records/audit_1f78d7eb1e88__rel_266.json",
      "kind": "deleted",
      "previous_sha256": "03ca80cdd6a877b1c16b8cbe4388ff02f89e40db0a63b9a0446125ae7011440d",
      "current_sha256": null,
      "reason": "Retire confirmed-active-bug evaluation reports and grades; maintain retained evaluation references."
    },
    {
      "path": "experiments/nyt-complete-evaluation-2026-09-14/analysis/manual_records/audit_1f78d7eb1e88__rel_27.json",
      "kind": "deleted",
      "previous_sha256": "cedd964bafb332e536e1db627d496a9bbb1fd1d0277b84aec6093fa214618fc6",
      "current_sha256": null,
      "reason": "Retire confirmed-active-bug evaluation reports and grades; maintain retained evaluation references."
    },
    {
      "path": "experiments/nyt-complete-evaluation-2026-09-14/analysis/manual_records/audit_1f78d7eb1e88__rel_279.json",
      "kind": "deleted",
      "previous_sha256": "9dba6a2faac4929c4d52556353fa0979b8aae62a55828bb2730e92130c2b9e0b",
      "current_sha256": null,
      "reason": "Retire confirmed-active-bug evaluation reports and grades; maintain retained evaluation references."
    },
    {
      "path": "experiments/nyt-complete-evaluation-2026-09-14/analysis/manual_records/audit_1f78d7eb1e88__rel_296.json",
      "kind": "deleted",
      "previous_sha256": "102a1ef2ad57307b2ca76820c2b95f008e77c1f89732a8d4aeca63be9d31e38d",
      "current_sha256": null,
      "reason": "Retire confirmed-active-bug evaluation reports and grades; maintain retained evaluation references."
    },
    {
      "path": "experiments/nyt-complete-evaluation-2026-09-14/analysis/manual_records/audit_1f78d7eb1e88__rel_305.json",
      "kind": "deleted",
      "previous_sha256": "f8e4e575ed5f5a6a43d6190daa4db42ac342732d83702a7115738c28893cb07a",
      "current_sha256": null,
      "reason": "Retire confirmed-active-bug evaluation reports and grades; maintain retained evaluation references."
    },
    {
      "path": "experiments/nyt-complete-evaluation-2026-09-14/analysis/manual_records/audit_1f78d7eb1e88__rel_318.json",
      "kind": "deleted",
      "previous_sha256": "0889a9551db7d6d485c5cd14b84edd5f3c40b979ad3661511724a8a4587cf651",
      "current_sha256": null,
      "reason": "Retire confirmed-active-bug evaluation reports and grades; maintain retained evaluation references."
    },
    {
      "path": "experiments/nyt-complete-evaluation-2026-09-14/analysis/manual_records/audit_1f78d7eb1e88__rel_365.json",
      "kind": "deleted",
      "previous_sha256": "8438cca3c3236862bcfcf9ab2e962af81f6fc3f8f4dcb830c71c97642d3e1421",
      "current_sha256": null,
      "reason": "Retire confirmed-active-bug evaluation reports and grades; maintain retained evaluation references."
    },
    {
      "path": "experiments/nyt-complete-evaluation-2026-09-14/analysis/manual_records/audit_1f78d7eb1e88__rel_382.json",
      "kind": "deleted",
      "previous_sha256": "dc8776e800f0b78f4dc9d43f899c7d4bdc68ec7acead90194ef5064979da20dd",
      "current_sha256": null,
      "reason": "Retire confirmed-active-bug evaluation reports and grades; maintain retained evaluation references."
    },
    {
      "path": "experiments/nyt-complete-evaluation-2026-09-14/analysis/manual_records/audit_1f78d7eb1e88__rel_67.json",
      "kind": "deleted",
      "previous_sha256": "1758777651804801c216ed37507ed5f0b32cafc291d74da74b3e01bafede697e",
      "current_sha256": null,
      "reason": "Retire confirmed-active-bug evaluation reports and grades; maintain retained evaluation references."
    },
    {
      "path": "experiments/nyt-complete-evaluation-2026-09-14/analysis/manual_records/audit_1f78d7eb1e88__rel_80.json",
      "kind": "deleted",
      "previous_sha256": "3bdf240afe24cf8c34ca4e6b2ece2e4a5400297010bc196dc833d81efc8ede97",
      "current_sha256": null,
      "reason": "Retire confirmed-active-bug evaluation reports and grades; maintain retained evaluation references."
    },
    {
      "path": "experiments/nyt-complete-evaluation-2026-09-14/analysis/manual_records/audit_1f78d7eb1e88__rel_93.json",
      "kind": "deleted",
      "previous_sha256": "3a40d63d1991750d4f8e2fdcc45caf65c692e2ba5248ad09694a5260f4329adc",
      "current_sha256": null,
      "reason": "Retire confirmed-active-bug evaluation reports and grades; maintain retained evaluation references."
    },
    {
      "path": "experiments/nyt-complete-evaluation-2026-09-14/analysis/manual_records/audit_1f78d7eb1e88__rel_97.json",
      "kind": "deleted",
      "previous_sha256": "64b680b98fef7dc56529449156d4da8eecbe2580934d590c85db423209183930",
      "current_sha256": null,
      "reason": "Retire confirmed-active-bug evaluation reports and grades; maintain retained evaluation references."
    },
    {
      "path": "experiments/nyt-complete-evaluation-2026-09-14/analysis/manual_records/audit_27d5f11626f1__rel_110.json",
      "kind": "deleted",
      "previous_sha256": "b6aae1bdba49ea06b8c0b6e20fe370caa39a6d742a06fb96811ed3fd7ac93b32",
      "current_sha256": null,
      "reason": "Retire confirmed-active-bug evaluation reports and grades; maintain retained evaluation references."
    },
    {
      "path": "experiments/nyt-complete-evaluation-2026-09-14/analysis/manual_records/audit_27d5f11626f1__rel_118.json",
      "kind": "deleted",
      "previous_sha256": "e59a0a05c9d925e7988aad5c6809be2dc7418cebb79f733946c618538fe8d4d9",
      "current_sha256": null,
      "reason": "Retire confirmed-active-bug evaluation reports and grades; maintain retained evaluation references."
    },
    {
      "path": "experiments/nyt-complete-evaluation-2026-09-14/analysis/manual_records/audit_27d5f11626f1__rel_134.json",
      "kind": "deleted",
      "previous_sha256": "4f1c1f687508fcba65f3a554237c9fdbcce860ecad5ff5bfa9f1cfd5d8a3c3b6",
      "current_sha256": null,
      "reason": "Retire confirmed-active-bug evaluation reports and grades; maintain retained evaluation references."
    },
    {
      "path": "experiments/nyt-complete-evaluation-2026-09-14/analysis/manual_records/audit_27d5f11626f1__rel_136.json",
      "kind": "deleted",
      "previous_sha256": "d0cd2290ef7b3407afac8506a5eee54fe8083d763c3da072511894f556546395",
      "current_sha256": null,
      "reason": "Retire confirmed-active-bug evaluation reports and grades; maintain retained evaluation references."
    },
    {
      "path": "experiments/nyt-complete-evaluation-2026-09-14/analysis/manual_records/audit_27d5f11626f1__rel_144.json",
      "kind": "deleted",
      "previous_sha256": "126ec4e5084de12c7f401096dcdacc6036f3416b181879e7c8a6abd76243acdb",
      "current_sha256": null,
      "reason": "Retire confirmed-active-bug evaluation reports and grades; maintain retained evaluation references."
    },
    {
      "path": "experiments/nyt-complete-evaluation-2026-09-14/analysis/manual_records/audit_27d5f11626f1__rel_180.json",
      "kind": "deleted",
      "previous_sha256": "f33777fe80318ef7dc36e0c642a68b9882ff30c779a678e1d64df61da4414a43",
      "current_sha256": null,
      "reason": "Retire confirmed-active-bug evaluation reports and grades; maintain retained evaluation references."
    },
    {
      "path": "experiments/nyt-complete-evaluation-2026-09-14/analysis/manual_records/audit_27d5f11626f1__rel_185.json",
      "kind": "deleted",
      "previous_sha256": "e10d4393ab15312a0f89403916447ce96eab2d121c46b3928afd8e37c1c7a9d6",
      "current_sha256": null,
      "reason": "Retire confirmed-active-bug evaluation reports and grades; maintain retained evaluation references."
    },
    {
      "path": "experiments/nyt-complete-evaluation-2026-09-14/analysis/manual_records/audit_27d5f11626f1__rel_192.json",
      "kind": "deleted",
      "previous_sha256": "ca1d31ea74571e1b16f7ccecbbd6cfa44e27e4a4aa3ff57b3194cf4088b3cf13",
      "current_sha256": null,
      "reason": "Retire confirmed-active-bug evaluation reports and grades; maintain retained evaluation references."
    },
    {
      "path": "experiments/nyt-complete-evaluation-2026-09-14/analysis/manual_records/audit_27d5f11626f1__rel_20.json",
      "kind": "deleted",
      "previous_sha256": "7750b727a55e739f92f72cc27367af21585c6b669b15006608a0f8ba33e791b4",
      "current_sha256": null,
      "reason": "Retire confirmed-active-bug evaluation reports and grades; maintain retained evaluation references."
    },
    {
      "path": "experiments/nyt-complete-evaluation-2026-09-14/analysis/manual_records/audit_27d5f11626f1__rel_27.json",
      "kind": "deleted",
      "previous_sha256": "776991a586138b2acf849ea68060e8b32d052cca5cef56f7727ea34ea9b2dda0",
      "current_sha256": null,
      "reason": "Retire confirmed-active-bug evaluation reports and grades; maintain retained evaluation references."
    },
    {
      "path": "experiments/nyt-complete-evaluation-2026-09-14/analysis/manual_records/audit_27d5f11626f1__rel_294.json",
      "kind": "deleted",
      "previous_sha256": "91f1fa552ef30d6eb6a3ec1f5df65cc36c21b75b24f2c527f28ecb3bdec3af38",
      "current_sha256": null,
      "reason": "Retire confirmed-active-bug evaluation reports and grades; maintain retained evaluation references."
    },
    {
      "path": "experiments/nyt-complete-evaluation-2026-09-14/analysis/manual_records/audit_27d5f11626f1__rel_298.json",
      "kind": "deleted",
      "previous_sha256": "abed128cb171eeac8410eb0d840c899cbd60205864d9e844e4ea6dfd9bfb57a4",
      "current_sha256": null,
      "reason": "Retire confirmed-active-bug evaluation reports and grades; maintain retained evaluation references."
    },
    {
      "path": "experiments/nyt-complete-evaluation-2026-09-14/analysis/manual_records/audit_27d5f11626f1__rel_299.json",
      "kind": "deleted",
      "previous_sha256": "ddb8beab40d04153128efb21aec7e51762f7c49f93dc7153304392deb5874cd6",
      "current_sha256": null,
      "reason": "Retire confirmed-active-bug evaluation reports and grades; maintain retained evaluation references."
    },
    {
      "path": "experiments/nyt-complete-evaluation-2026-09-14/analysis/manual_records/audit_27d5f11626f1__rel_325.json",
      "kind": "deleted",
      "previous_sha256": "e89b28195643c109824c3259a921798a47cfaddcf4d7f3f2461ffa0bdf13cc83",
      "current_sha256": null,
      "reason": "Retire confirmed-active-bug evaluation reports and grades; maintain retained evaluation references."
    },
    {
      "path": "experiments/nyt-complete-evaluation-2026-09-14/analysis/manual_records/audit_27d5f11626f1__rel_330.json",
      "kind": "deleted",
      "previous_sha256": "631bb4d1527447dba552a67699673b146cbd93b567e61cef18400c04e27c9dca",
      "current_sha256": null,
      "reason": "Retire confirmed-active-bug evaluation reports and grades; maintain retained evaluation references."
    },
    {
      "path": "experiments/nyt-complete-evaluation-2026-09-14/analysis/manual_records/audit_27d5f11626f1__rel_353.json",
      "kind": "deleted",
      "previous_sha256": "e704b452d75fda103dd585838a173dfebb939b1fe8173dd25b696774fe1a73bb",
      "current_sha256": null,
      "reason": "Retire confirmed-active-bug evaluation reports and grades; maintain retained evaluation references."
    },
    {
      "path": "experiments/nyt-complete-evaluation-2026-09-14/analysis/manual_records/audit_27d5f11626f1__rel_355.json",
      "kind": "deleted",
      "previous_sha256": "595b4b0ec072e9ea2245a519ac1e5398b4c84c7f990727cd0f04685e765b5747",
      "current_sha256": null,
      "reason": "Retire confirmed-active-bug evaluation reports and grades; maintain retained evaluation references."
    },
    {
      "path": "experiments/nyt-complete-evaluation-2026-09-14/analysis/manual_records/audit_27d5f11626f1__rel_365.json",
      "kind": "deleted",
      "previous_sha256": "e2718eeea080158a55e1fa71508bc1d8ea06c08120f7ed9bc8f8f4623c7a7025",
      "current_sha256": null,
      "reason": "Retire confirmed-active-bug evaluation reports and grades; maintain retained evaluation references."
    },
    {
      "path": "experiments/nyt-complete-evaluation-2026-09-14/analysis/manual_records/audit_27d5f11626f1__rel_399.json",
      "kind": "deleted",
      "previous_sha256": "0f3383ba75d9aa06c315504606bde6281bae9adc0ad094aecfd2799d02856a69",
      "current_sha256": null,
      "reason": "Retire confirmed-active-bug evaluation reports and grades; maintain retained evaluation references."
    },
    {
      "path": "experiments/nyt-complete-evaluation-2026-09-14/analysis/manual_records/audit_27d5f11626f1__rel_92.json",
      "kind": "deleted",
      "previous_sha256": "8af9a666b9b60be45ad71f784fd4d5bb21a7fe2642e22c38f505cb1c52333b0f",
      "current_sha256": null,
      "reason": "Retire confirmed-active-bug evaluation reports and grades; maintain retained evaluation references."
    },
    {
      "path": "experiments/nyt-complete-evaluation-2026-09-14/analysis/manual_records/audit_45b8dfbac29a__rel_118.json",
      "kind": "deleted",
      "previous_sha256": "766aaf45a1320a27fb3217375884b2edc90b42988b0181764b4a5cd52d22801f",
      "current_sha256": null,
      "reason": "Retire confirmed-active-bug evaluation reports and grades; maintain retained evaluation references."
    },
    {
      "path": "experiments/nyt-complete-evaluation-2026-09-14/analysis/manual_records/audit_45b8dfbac29a__rel_123.json",
      "kind": "deleted",
      "previous_sha256": "6e3a4efb723ed5313f3864da958e727a79c95830e462188a00cf41829b012c00",
      "current_sha256": null,
      "reason": "Retire confirmed-active-bug evaluation reports and grades; maintain retained evaluation references."
    },
    {
      "path": "experiments/nyt-complete-evaluation-2026-09-14/analysis/manual_records/audit_45b8dfbac29a__rel_150.json",
      "kind": "deleted",
      "previous_sha256": "cc0e9ad42a38beec0bb56237e15486dfb87e41da0e67c103c18a701d08880c11",
      "current_sha256": null,
      "reason": "Retire confirmed-active-bug evaluation reports and grades; maintain retained evaluation references."
    },
    {
      "path": "experiments/nyt-complete-evaluation-2026-09-14/analysis/manual_records/audit_45b8dfbac29a__rel_16.json",
      "kind": "deleted",
      "previous_sha256": "8a02a6c854ba0cfa3175a22e4dfc98ec1f2dd80e4ec55af0c5ea93b56f626d98",
      "current_sha256": null,
      "reason": "Retire confirmed-active-bug evaluation reports and grades; maintain retained evaluation references."
    },
    {
      "path": "experiments/nyt-complete-evaluation-2026-09-14/analysis/manual_records/audit_45b8dfbac29a__rel_162.json",
      "kind": "deleted",
      "previous_sha256": "6302c3990da725a7ee6f2f395984449a74a2286369810a1067804e626050e216",
      "current_sha256": null,
      "reason": "Retire confirmed-active-bug evaluation reports and grades; maintain retained evaluation references."
    },
    {
      "path": "experiments/nyt-complete-evaluation-2026-09-14/analysis/manual_records/audit_45b8dfbac29a__rel_173.json",
      "kind": "deleted",
      "previous_sha256": "83c5ddf9698a3373b580ed19526c0c99d2eb52e001df4477f8272861c1f6c881",
      "current_sha256": null,
      "reason": "Retire confirmed-active-bug evaluation reports and grades; maintain retained evaluation references."
    },
    {
      "path": "experiments/nyt-complete-evaluation-2026-09-14/analysis/manual_records/audit_45b8dfbac29a__rel_175.json",
      "kind": "deleted",
      "previous_sha256": "f73548272e7e9b1a66e55c591502c3c21ae480786d137de6d4b2bd61eabf135e",
      "current_sha256": null,
      "reason": "Retire confirmed-active-bug evaluation reports and grades; maintain retained evaluation references."
    },
    {
      "path": "experiments/nyt-complete-evaluation-2026-09-14/analysis/manual_records/audit_45b8dfbac29a__rel_195.json",
      "kind": "deleted",
      "previous_sha256": "cb2d52fd0d6084c22d12f050801e0d41395107e7e6a8e847e7de18b595ba98b5",
      "current_sha256": null,
      "reason": "Retire confirmed-active-bug evaluation reports and grades; maintain retained evaluation references."
    },
    {
      "path": "experiments/nyt-complete-evaluation-2026-09-14/analysis/manual_records/audit_45b8dfbac29a__rel_201.json",
      "kind": "deleted",
      "previous_sha256": "0219154088017f35a7586b468b1efa6dbeeb291b8ae919e56e86bb621a003ab1",
      "current_sha256": null,
      "reason": "Retire confirmed-active-bug evaluation reports and grades; maintain retained evaluation references."
    },
    {
      "path": "experiments/nyt-complete-evaluation-2026-09-14/analysis/manual_records/audit_45b8dfbac29a__rel_202.json",
      "kind": "deleted",
      "previous_sha256": "be0f2251ba11eebaabe2a304fa7b07d1a56e1109a7a70d933f30faf07e8d6bed",
      "current_sha256": null,
      "reason": "Retire confirmed-active-bug evaluation reports and grades; maintain retained evaluation references."
    },
    {
      "path": "experiments/nyt-complete-evaluation-2026-09-14/analysis/manual_records/audit_45b8dfbac29a__rel_224.json",
      "kind": "deleted",
      "previous_sha256": "2f06c605c66029b92bb1493450f4c7fe3093a60f891a307fca05b56936a50c57",
      "current_sha256": null,
      "reason": "Retire confirmed-active-bug evaluation reports and grades; maintain retained evaluation references."
    },
    {
      "path": "experiments/nyt-complete-evaluation-2026-09-14/analysis/manual_records/audit_45b8dfbac29a__rel_286.json",
      "kind": "deleted",
      "previous_sha256": "7834a6b8d78296c7c6ea31e99b6b18ddd746bc071089b00b79ff1d6219106d65",
      "current_sha256": null,
      "reason": "Retire confirmed-active-bug evaluation reports and grades; maintain retained evaluation references."
    },
    {
      "path": "experiments/nyt-complete-evaluation-2026-09-14/analysis/manual_records/audit_45b8dfbac29a__rel_294.json",
      "kind": "deleted",
      "previous_sha256": "af8f6e21c1839d0d766b760c0cc2f30a8f5ec9901af64ae9cd0df1c29f751cf0",
      "current_sha256": null,
      "reason": "Retire confirmed-active-bug evaluation reports and grades; maintain retained evaluation references."
    },
    {
      "path": "experiments/nyt-complete-evaluation-2026-09-14/analysis/manual_records/audit_45b8dfbac29a__rel_329.json",
      "kind": "deleted",
      "previous_sha256": "f4b5bc18b664f8bd973ab16598e3fdd4f8e0b1d22432b98a4adfc1bc53982ed1",
      "current_sha256": null,
      "reason": "Retire confirmed-active-bug evaluation reports and grades; maintain retained evaluation references."
    },
    {
      "path": "experiments/nyt-complete-evaluation-2026-09-14/analysis/manual_records/audit_45b8dfbac29a__rel_330.json",
      "kind": "deleted",
      "previous_sha256": "dab70dc3f8477d49eb77c3bb8d3388716aee358e2669e59e9c032b9e3fbb38a1",
      "current_sha256": null,
      "reason": "Retire confirmed-active-bug evaluation reports and grades; maintain retained evaluation references."
    },
    {
      "path": "experiments/nyt-complete-evaluation-2026-09-14/analysis/manual_records/audit_45b8dfbac29a__rel_340.json",
      "kind": "deleted",
      "previous_sha256": "f8e6960ce6483a1ca65eb379ef9af752529a734d79a2c6b5644f73d69edf154e",
      "current_sha256": null,
      "reason": "Retire confirmed-active-bug evaluation reports and grades; maintain retained evaluation references."
    },
    {
      "path": "experiments/nyt-complete-evaluation-2026-09-14/analysis/manual_records/audit_45b8dfbac29a__rel_361.json",
      "kind": "deleted",
      "previous_sha256": "d1ab3c557fd8fcb614188522f95119ed2694609f0ddbece0fe037cdc30743049",
      "current_sha256": null,
      "reason": "Retire confirmed-active-bug evaluation reports and grades; maintain retained evaluation references."
    },
    {
      "path": "experiments/nyt-complete-evaluation-2026-09-14/analysis/manual_records/audit_45b8dfbac29a__rel_393.json",
      "kind": "deleted",
      "previous_sha256": "4f113afb7b0888bdb845748eb3250e8cb562f33674d73d2ee6f43edd4dc54fe8",
      "current_sha256": null,
      "reason": "Retire confirmed-active-bug evaluation reports and grades; maintain retained evaluation references."
    },
    {
      "path": "experiments/nyt-complete-evaluation-2026-09-14/analysis/manual_records/audit_45b8dfbac29a__rel_7.json",
      "kind": "deleted",
      "previous_sha256": "5d14110ae1d10e40be91f5299f5f7896b9b5447cc5a7f722ec73d6e5bf7e25a8",
      "current_sha256": null,
      "reason": "Retire confirmed-active-bug evaluation reports and grades; maintain retained evaluation references."
    },
    {
      "path": "experiments/nyt-complete-evaluation-2026-09-14/analysis/manual_records/audit_45b8dfbac29a__rel_80.json",
      "kind": "deleted",
      "previous_sha256": "3217a6ea4d754987ea77ba3e5ff636f40890a96150756f2849d0c154b23aae5e",
      "current_sha256": null,
      "reason": "Retire confirmed-active-bug evaluation reports and grades; maintain retained evaluation references."
    },
    {
      "path": "experiments/nyt-complete-evaluation-2026-09-14/analysis/manual_records/audit_7d6acecc7ec0__rel_103.json",
      "kind": "deleted",
      "previous_sha256": "cde720b4a4c945f358220cf3a45b552c98226220588a3fa2450a4315fe068b70",
      "current_sha256": null,
      "reason": "Retire confirmed-active-bug evaluation reports and grades; maintain retained evaluation references."
    },
    {
      "path": "experiments/nyt-complete-evaluation-2026-09-14/analysis/manual_records/audit_7d6acecc7ec0__rel_107.json",
      "kind": "deleted",
      "previous_sha256": "507d982f56d0509d81d06cb02778d44ee4e839a4a063be2ba991d0893c871786",
      "current_sha256": null,
      "reason": "Retire confirmed-active-bug evaluation reports and grades; maintain retained evaluation references."
    },
    {
      "path": "experiments/nyt-complete-evaluation-2026-09-14/analysis/manual_records/audit_7d6acecc7ec0__rel_111.json",
      "kind": "deleted",
      "previous_sha256": "cdfb8e16255a8a5a95175187efec5dd56c1c4e925445494de7e9a55d96dbf5d1",
      "current_sha256": null,
      "reason": "Retire confirmed-active-bug evaluation reports and grades; maintain retained evaluation references."
    },
    {
      "path": "experiments/nyt-complete-evaluation-2026-09-14/analysis/manual_records/audit_7d6acecc7ec0__rel_119.json",
      "kind": "deleted",
      "previous_sha256": "985f5d0280c1585de71d1678ebf8f557e3b49377d0e9188a57fe086d565e4ec1",
      "current_sha256": null,
      "reason": "Retire confirmed-active-bug evaluation reports and grades; maintain retained evaluation references."
    },
    {
      "path": "experiments/nyt-complete-evaluation-2026-09-14/analysis/manual_records/audit_7d6acecc7ec0__rel_157.json",
      "kind": "deleted",
      "previous_sha256": "eb7290bd3b663c6896fcbcb8f21207e8517623cee39c957710fd4b9071f5a661",
      "current_sha256": null,
      "reason": "Retire confirmed-active-bug evaluation reports and grades; maintain retained evaluation references."
    },
    {
      "path": "experiments/nyt-complete-evaluation-2026-09-14/analysis/manual_records/audit_7d6acecc7ec0__rel_169.json",
      "kind": "deleted",
      "previous_sha256": "3ac1ee88101d4a9292429676453de44c3a72dbcf5b5b1ebfdd7a9d8ce07a25a6",
      "current_sha256": null,
      "reason": "Retire confirmed-active-bug evaluation reports and grades; maintain retained evaluation references."
    },
    {
      "path": "experiments/nyt-complete-evaluation-2026-09-14/analysis/manual_records/audit_7d6acecc7ec0__rel_192.json",
      "kind": "deleted",
      "previous_sha256": "da3fcc1df59dda36938c492d47d37727aeb365d0d92998d8f0e57fbbb630c397",
      "current_sha256": null,
      "reason": "Retire confirmed-active-bug evaluation reports and grades; maintain retained evaluation references."
    },
    {
      "path": "experiments/nyt-complete-evaluation-2026-09-14/analysis/manual_records/audit_7d6acecc7ec0__rel_2.json",
      "kind": "deleted",
      "previous_sha256": "776c6248935a59f292657b9f4a98cb67e6b2515f0332564da17678798329c260",
      "current_sha256": null,
      "reason": "Retire confirmed-active-bug evaluation reports and grades; maintain retained evaluation references."
    },
    {
      "path": "experiments/nyt-complete-evaluation-2026-09-14/analysis/manual_records/audit_7d6acecc7ec0__rel_210.json",
      "kind": "deleted",
      "previous_sha256": "af78811758acddfb22161842abe49f0325c8e3d5667f37f777427a2cfae0e1f0",
      "current_sha256": null,
      "reason": "Retire confirmed-active-bug evaluation reports and grades; maintain retained evaluation references."
    },
    {
      "path": "experiments/nyt-complete-evaluation-2026-09-14/analysis/manual_records/audit_7d6acecc7ec0__rel_218.json",
      "kind": "deleted",
      "previous_sha256": "e96e4b2671b76800561fca454d3f1e0266728a9a1e9840e89fabbb99ff0912d0",
      "current_sha256": null,
      "reason": "Retire confirmed-active-bug evaluation reports and grades; maintain retained evaluation references."
    },
    {
      "path": "experiments/nyt-complete-evaluation-2026-09-14/analysis/manual_records/audit_7d6acecc7ec0__rel_220.json",
      "kind": "deleted",
      "previous_sha256": "b5a98ce53e14db4b78ea5a3de3544d94feed3516936545a507fac6385d15fadf",
      "current_sha256": null,
      "reason": "Retire confirmed-active-bug evaluation reports and grades; maintain retained evaluation references."
    },
    {
      "path": "experiments/nyt-complete-evaluation-2026-09-14/analysis/manual_records/audit_7d6acecc7ec0__rel_236.json",
      "kind": "deleted",
      "previous_sha256": "a2c442374723745c66faa21739f376d62803e857c2118e39bd167575d4a01ea3",
      "current_sha256": null,
      "reason": "Retire confirmed-active-bug evaluation reports and grades; maintain retained evaluation references."
    },
    {
      "path": "experiments/nyt-complete-evaluation-2026-09-14/analysis/manual_records/audit_7d6acecc7ec0__rel_242.json",
      "kind": "deleted",
      "previous_sha256": "d595ef4b55a39bd70e27601139c2f301ac5fd6f7acb9b45014193785f1f2638e",
      "current_sha256": null,
      "reason": "Retire confirmed-active-bug evaluation reports and grades; maintain retained evaluation references."
    },
    {
      "path": "experiments/nyt-complete-evaluation-2026-09-14/analysis/manual_records/audit_7d6acecc7ec0__rel_284.json",
      "kind": "deleted",
      "previous_sha256": "5b733d8e9fd5b98015d508cc1e968e15e33bf84682e45908b013f7ef6dde2c52",
      "current_sha256": null,
      "reason": "Retire confirmed-active-bug evaluation reports and grades; maintain retained evaluation references."
    },
    {
      "path": "experiments/nyt-complete-evaluation-2026-09-14/analysis/manual_records/audit_7d6acecc7ec0__rel_306.json",
      "kind": "deleted",
      "previous_sha256": "186877973d9e2f6e765e7667a77dbaba2f6c5d8f8219d1dc36a57264fb7b85df",
      "current_sha256": null,
      "reason": "Retire confirmed-active-bug evaluation reports and grades; maintain retained evaluation references."
    },
    {
      "path": "experiments/nyt-complete-evaluation-2026-09-14/analysis/manual_records/audit_7d6acecc7ec0__rel_307.json",
      "kind": "deleted",
      "previous_sha256": "bbd6f93417af5acf3b1a2a7d7738633093a80dddf792973ec9ab66a923e2b689",
      "current_sha256": null,
      "reason": "Retire confirmed-active-bug evaluation reports and grades; maintain retained evaluation references."
    },
    {
      "path": "experiments/nyt-complete-evaluation-2026-09-14/analysis/manual_records/audit_7d6acecc7ec0__rel_344.json",
      "kind": "deleted",
      "previous_sha256": "e9d76859c45fcccd25e6f39f11cdbc523fe1f8f9b97735c87d3ef9fac60bdf85",
      "current_sha256": null,
      "reason": "Retire confirmed-active-bug evaluation reports and grades; maintain retained evaluation references."
    },
    {
      "path": "experiments/nyt-complete-evaluation-2026-09-14/analysis/manual_records/audit_7d6acecc7ec0__rel_363.json",
      "kind": "deleted",
      "previous_sha256": "8adbbf4dc49d075a6b7f1d26378dfa7149cd0527347c20fdce465031f6d1188a",
      "current_sha256": null,
      "reason": "Retire confirmed-active-bug evaluation reports and grades; maintain retained evaluation references."
    },
    {
      "path": "experiments/nyt-complete-evaluation-2026-09-14/analysis/manual_records/audit_7d6acecc7ec0__rel_386.json",
      "kind": "deleted",
      "previous_sha256": "5d57416a0b0dfa9f042b5d5c818cc8b71b33963b64108a0564fbf282dad718e2",
      "current_sha256": null,
      "reason": "Retire confirmed-active-bug evaluation reports and grades; maintain retained evaluation references."
    },
    {
      "path": "experiments/nyt-complete-evaluation-2026-09-14/analysis/manual_records/audit_7d6acecc7ec0__rel_43.json",
      "kind": "deleted",
      "previous_sha256": "c44997e5f565959cd9bdc160d7e4d4bb4bfff1eb80e53756e3463dbd6ce37a8e",
      "current_sha256": null,
      "reason": "Retire confirmed-active-bug evaluation reports and grades; maintain retained evaluation references."
    },
    {
      "path": "experiments/nyt-complete-evaluation-2026-09-14/analysis/manual_records/audit_original_subsidiary__rel_80.json",
      "kind": "deleted",
      "previous_sha256": "41bc942013ad75ba0ffcbce7c40a714efdb9ed28688201c2a2ba688702cf7e1e",
      "current_sha256": null,
      "reason": "Retire confirmed-active-bug evaluation reports and grades; maintain retained evaluation references."
    },
    {
      "path": "experiments/nyt-complete-evaluation-2026-09-14/analysis/pauli_catalogue_worklist.json",
      "kind": "modified",
      "previous_sha256": "74aea4edd6c330a4f94bd70cae7b0a8a81f9262973ae1ff82c8c9da5536e3e4f",
      "current_sha256": "cb7c8b944ee1ce7a4aee0e3ef89047f8fa16161283d758dd548467f7d81dfc7f",
      "reason": "Retire confirmed-active-bug evaluation reports and grades; maintain retained evaluation references."
    },
    {
      "path": "experiments/nyt-complete-evaluation-2026-09-14/analysis/predicate_catalogue.md",
      "kind": "modified",
      "previous_sha256": "747ff12f15d3e1e9b1d4d1d20ac04511e4db9f4cb963df2d009e0f965c11fc96",
      "current_sha256": "d9a6340bb7e13d4e14612d51e311ff67df205b98512665d211d18a6bfe68538e",
      "reason": "Retire confirmed-active-bug evaluation reports and grades; maintain retained evaluation references."
    },
    {
      "path": "experiments/nyt-complete-evaluation-2026-09-14/analysis/prior_metric_reconstruction.json",
      "kind": "modified",
      "previous_sha256": "2d20146550a33b06f69416c8aece9464400a4ec603a73ac87262383fa57d8d87",
      "current_sha256": "dae30e7d2fca9ae30877f0106d0a0b0dcfcb360a8a4b79856fac1aa5b8bfc30a",
      "reason": "Retire confirmed-active-bug evaluation reports and grades; maintain retained evaluation references."
    },
    {
      "path": "experiments/nyt-complete-evaluation-2026-09-14/analysis/prior_predicate_definitions.json",
      "kind": "modified",
      "previous_sha256": "3ddb9c1f50c4cc0dd7b6294e149c0cad320819320b0d9c9861486d3b709410d8",
      "current_sha256": "2dbb1ed47e2eac07c933bd951e7da3c34bafa6979cdf073954f337188f65e06b",
      "reason": "Retire confirmed-active-bug evaluation reports and grades; maintain retained evaluation references."
    },
    {
      "path": "experiments/nyt-complete-evaluation-2026-09-14/analysis/relation_assignments.json",
      "kind": "modified",
      "previous_sha256": "2a41ba7fdfdfe44e0db5bcd677f210aff178fa59a335fd05a1162cc7ecf16b5e",
      "current_sha256": "de1089c505445ef95f908cb03c6d05ba6950de674a501e5bf25c51c3b85bf52f",
      "reason": "Retire confirmed-active-bug evaluation reports and grades; maintain retained evaluation references."
    },
    {
      "path": "experiments/nyt-complete-evaluation-2026-09-14/analysis/report_artifact_verification.json",
      "kind": "modified",
      "previous_sha256": "9abe850a6e88ca71bf154f93836cdbf7c7f75732809e10da576907458c921b00",
      "current_sha256": "34d4754c370ce622d7ab3c171f79b947249c333f921c4de2dbc4a39c6f3c3be6",
      "reason": "Retire confirmed-active-bug evaluation reports and grades; maintain retained evaluation references."
    },
    {
      "path": "experiments/nyt-complete-evaluation-2026-09-14/analysis/repreparation_check.log",
      "kind": "modified",
      "previous_sha256": "ce505f6c01594c2fd3529f0077aed178ea2e177f651fcdcb28a012cc5479ba3f",
      "current_sha256": "7ca144c86f4d285bf21f5e756f48a37990f7e5dc2066e245d89cbb386c03db4b",
      "reason": "Retire confirmed-active-bug evaluation reports and grades; maintain retained evaluation references."
    },
    {
      "path": "experiments/nyt-complete-evaluation-2026-09-14/analysis/reviewer_caveats_evaluation.md",
      "kind": "modified",
      "previous_sha256": "d7c5c52e9b4d9d28f0934f88f93d5c6620be14161c9df4a626aa73aea7e692e0",
      "current_sha256": "70f5549eeafc5d678849a2399be6cfef7849a1565dc9184c17462b6d1a824a1a",
      "reason": "Retire confirmed-active-bug evaluation reports and grades; maintain retained evaluation references."
    },
    {
      "path": "experiments/nyt-complete-evaluation-2026-09-14/analysis/root_catalogue_worklist.json",
      "kind": "modified",
      "previous_sha256": "61833e99a4f3992f4797ba49094c9977ce3774427cd820158256cb75dae7ebd9",
      "current_sha256": "e996a3bcc5df02e47f1ca76fedbe86be3b7a5564394e0a777b805bf179194b5b",
      "reason": "Retire confirmed-active-bug evaluation reports and grades; maintain retained evaluation references."
    },
    {
      "path": "experiments/nyt-complete-evaluation-2026-09-14/analysis/root_sports_worklist.json",
      "kind": "modified",
      "previous_sha256": "c94efbd736d43e9358915d117ccde66a1c38f07c851f6382eea1aa5abc89c6ce",
      "current_sha256": "45b68d0f24762e06b90a6eec69195b275b710eeb68157af47f5f3022e89f9905",
      "reason": "Retire confirmed-active-bug evaluation reports and grades; maintain retained evaluation references."
    },
    {
      "path": "experiments/nyt-complete-evaluation-2026-09-14/analysis/runner_catalogue_worklist.json",
      "kind": "modified",
      "previous_sha256": "6f23fd200b7c9937cac43d4fb6674d4be34ddc1b398dd988a1ed76a9b1329001",
      "current_sha256": "d248e2fbeea71704cb2529c8184d20b80f869dd93d837273946b481b20908d4f",
      "reason": "Retire confirmed-active-bug evaluation reports and grades; maintain retained evaluation references."
    },
    {
      "path": "experiments/nyt-complete-evaluation-2026-09-14/analysis/runner_completion.json",
      "kind": "modified",
      "previous_sha256": "16d72c184443d5b6d971410a4df91f54422aa0ca66c0fe65550e59b7c35b52bf",
      "current_sha256": "3d238f20ef7b6d10e5c333e6ac25051f65488393f31dfe29c1ef5fd9264d62ef",
      "reason": "Retire confirmed-active-bug evaluation reports and grades; maintain retained evaluation references."
    },
    {
      "path": "experiments/nyt-complete-evaluation-2026-09-14/analysis/runner_review_notes.md",
      "kind": "modified",
      "previous_sha256": "304b1d6edb3f55df6a80aad1270810fe9ce1e12449f9fb87ceaa038a2598058f",
      "current_sha256": "989fff40d35834f9e3ff21c874e1956b8182301af394e33f83001e64200fc944",
      "reason": "Retire confirmed-active-bug evaluation reports and grades; maintain retained evaluation references."
    },
    {
      "path": "experiments/nyt-complete-evaluation-2026-09-14/analysis/self_entity_collision_flags.json",
      "kind": "modified",
      "previous_sha256": "a39503f8f79d7ef74eecd2108918ac0d217b95854efdb8be4524c311e3c06b93",
      "current_sha256": "6f1619e6b8abfe3be9629ea782483e5fa09934ecbc8a848f462fc291742926ef",
      "reason": "Retire confirmed-active-bug evaluation reports and grades; maintain retained evaluation references."
    },
    {
      "path": "experiments/nyt-complete-evaluation-2026-09-14/analysis/semantic_consistency.json",
      "kind": "modified",
      "previous_sha256": "25b32df7bb556bc083e04c34c8cf1bfbd795e7d74c738778e5d3d7147eb6fe29",
      "current_sha256": "902365447d6a6353f20c5a2b4bf3e650117354ef4efd8975b992d4074ba98707",
      "reason": "Retire confirmed-active-bug evaluation reports and grades; maintain retained evaluation references."
    },
    {
      "path": "experiments/nyt-complete-evaluation-2026-09-14/analysis/why_the_previous_samples_were_not_equivalent.md",
      "kind": "modified",
      "previous_sha256": "3606623845e7e52511b8e09d073ee610ccbc9bc4fc59438c270d96399c091366",
      "current_sha256": "238cd14d39bb005cf4482272bce5d6e39800f0c6cda4948fc1fde29701beafec",
      "reason": "Retire confirmed-active-bug evaluation reports and grades; maintain retained evaluation references."
    },
    {
      "path": "experiments/nyt-complete-evaluation-2026-09-14/census/audit_1f78d7eb1e88/README.md",
      "kind": "modified",
      "previous_sha256": "a6c753d66db0710666f7b4239c4526b7ef5159541d142ed115a84e025f67a255",
      "current_sha256": "717162bcaea35bd45dad099e2fa54e6bf6313f085ff413908e2116f731f7d861",
      "reason": "Retire confirmed-active-bug evaluation reports and grades; maintain retained evaluation references."
    },
    {
      "path": "experiments/nyt-complete-evaluation-2026-09-14/census/audit_1f78d7eb1e88/annotations/rel_10.json",
      "kind": "deleted",
      "previous_sha256": "8b527d1e6d7beb955277c2e7197cb4edc8bc0088a1b288b2be2a689ad693b044",
      "current_sha256": null,
      "reason": "Retire confirmed-active-bug evaluation reports and grades; maintain retained evaluation references."
    },
    {
      "path": "experiments/nyt-complete-evaluation-2026-09-14/census/audit_1f78d7eb1e88/annotations/rel_114.json",
      "kind": "deleted",
      "previous_sha256": "de2564a56f9e1e5791cd420e38533915b91991fe6207e97ef2620d25b6f908c8",
      "current_sha256": null,
      "reason": "Retire confirmed-active-bug evaluation reports and grades; maintain retained evaluation references."
    },
    {
      "path": "experiments/nyt-complete-evaluation-2026-09-14/census/audit_1f78d7eb1e88/annotations/rel_175.json",
      "kind": "deleted",
      "previous_sha256": "e201d66bb2133ced072053cb7cb9a010b46aaae7c5373c89f9a98f1378ea7ef5",
      "current_sha256": null,
      "reason": "Retire confirmed-active-bug evaluation reports and grades; maintain retained evaluation references."
    },
    {
      "path": "experiments/nyt-complete-evaluation-2026-09-14/census/audit_1f78d7eb1e88/annotations/rel_197.json",
      "kind": "deleted",
      "previous_sha256": "250a90ad5d72b76f9ff23ebe2091c1e1749fa60f29767af59f9d6766cc910ab6",
      "current_sha256": null,
      "reason": "Retire confirmed-active-bug evaluation reports and grades; maintain retained evaluation references."
    },
    {
      "path": "experiments/nyt-complete-evaluation-2026-09-14/census/audit_1f78d7eb1e88/annotations/rel_241.json",
      "kind": "deleted",
      "previous_sha256": "ddecc2b5c1515b2b693dc4d2bfbcb1662f6baa3e817edad6675deae5d89763b9",
      "current_sha256": null,
      "reason": "Retire confirmed-active-bug evaluation reports and grades; maintain retained evaluation references."
    },
    {
      "path": "experiments/nyt-complete-evaluation-2026-09-14/census/audit_1f78d7eb1e88/annotations/rel_243.json",
      "kind": "deleted",
      "previous_sha256": "d52674971d80ae88cfb71b21f9c918bf07b1e5345210e2fc22183c4d0ba1c7c6",
      "current_sha256": null,
      "reason": "Retire confirmed-active-bug evaluation reports and grades; maintain retained evaluation references."
    },
    {
      "path": "experiments/nyt-complete-evaluation-2026-09-14/census/audit_1f78d7eb1e88/annotations/rel_244.json",
      "kind": "deleted",
      "previous_sha256": "c0889bb5b7d7f0b27cb8583394866243169b3da5419e6ea4df49491773c29902",
      "current_sha256": null,
      "reason": "Retire confirmed-active-bug evaluation reports and grades; maintain retained evaluation references."
    },
    {
      "path": "experiments/nyt-complete-evaluation-2026-09-14/census/audit_1f78d7eb1e88/annotations/rel_256.json",
      "kind": "deleted",
      "previous_sha256": "1524b2c0c16f7d1753c55d3d8d1e087aa166f8f13d3fff33b550f7b2b2432951",
      "current_sha256": null,
      "reason": "Retire confirmed-active-bug evaluation reports and grades; maintain retained evaluation references."
    },
    {
      "path": "experiments/nyt-complete-evaluation-2026-09-14/census/audit_1f78d7eb1e88/annotations/rel_266.json",
      "kind": "deleted",
      "previous_sha256": "e828131b593d96af9bd7f6e5568ae4d71e916822526bbded3d333e27b0003348",
      "current_sha256": null,
      "reason": "Retire confirmed-active-bug evaluation reports and grades; maintain retained evaluation references."
    },
    {
      "path": "experiments/nyt-complete-evaluation-2026-09-14/census/audit_1f78d7eb1e88/annotations/rel_27.json",
      "kind": "deleted",
      "previous_sha256": "dbac07a222f5d8a06309625d862aa1b279c8c02f442f5826e4fffaf6f22f8cce",
      "current_sha256": null,
      "reason": "Retire confirmed-active-bug evaluation reports and grades; maintain retained evaluation references."
    },
    {
      "path": "experiments/nyt-complete-evaluation-2026-09-14/census/audit_1f78d7eb1e88/annotations/rel_279.json",
      "kind": "deleted",
      "previous_sha256": "3aee9122e1c177a592324fbda890d147e2a99fa7cc3f6ddd4fcc02f1a45a9c2e",
      "current_sha256": null,
      "reason": "Retire confirmed-active-bug evaluation reports and grades; maintain retained evaluation references."
    },
    {
      "path": "experiments/nyt-complete-evaluation-2026-09-14/census/audit_1f78d7eb1e88/annotations/rel_296.json",
      "kind": "deleted",
      "previous_sha256": "a5db2c81b0f90e7f3ab12542cafdcb457f35ab88c282f97769a5eb6476fee2ab",
      "current_sha256": null,
      "reason": "Retire confirmed-active-bug evaluation reports and grades; maintain retained evaluation references."
    },
    {
      "path": "experiments/nyt-complete-evaluation-2026-09-14/census/audit_1f78d7eb1e88/annotations/rel_305.json",
      "kind": "deleted",
      "previous_sha256": "775486c21636de48e673a05c90874c857b93771ee584d8d16b26a7f7456c763b",
      "current_sha256": null,
      "reason": "Retire confirmed-active-bug evaluation reports and grades; maintain retained evaluation references."
    },
    {
      "path": "experiments/nyt-complete-evaluation-2026-09-14/census/audit_1f78d7eb1e88/annotations/rel_318.json",
      "kind": "deleted",
      "previous_sha256": "c5528bc39e8592c1a4126a6a9a3dac833caa1671c149a8ae20e5975df8ae823b",
      "current_sha256": null,
      "reason": "Retire confirmed-active-bug evaluation reports and grades; maintain retained evaluation references."
    },
    {
      "path": "experiments/nyt-complete-evaluation-2026-09-14/census/audit_1f78d7eb1e88/annotations/rel_365.json",
      "kind": "deleted",
      "previous_sha256": "5dda2ae21636ca8c62eee890c4d8a2711cb76ba42d9901944bd741b987dba5de",
      "current_sha256": null,
      "reason": "Retire confirmed-active-bug evaluation reports and grades; maintain retained evaluation references."
    },
    {
      "path": "experiments/nyt-complete-evaluation-2026-09-14/census/audit_1f78d7eb1e88/annotations/rel_382.json",
      "kind": "deleted",
      "previous_sha256": "52df27f1e1b0337e8b8d5fb00856fb8b270cb6966ed12c8108ef50842846e084",
      "current_sha256": null,
      "reason": "Retire confirmed-active-bug evaluation reports and grades; maintain retained evaluation references."
    },
    {
      "path": "experiments/nyt-complete-evaluation-2026-09-14/census/audit_1f78d7eb1e88/annotations/rel_67.json",
      "kind": "deleted",
      "previous_sha256": "94c3a87fce3876ec326a4757670f6d59734318344f54ffc9bafca227e25859e0",
      "current_sha256": null,
      "reason": "Retire confirmed-active-bug evaluation reports and grades; maintain retained evaluation references."
    },
    {
      "path": "experiments/nyt-complete-evaluation-2026-09-14/census/audit_1f78d7eb1e88/annotations/rel_80.json",
      "kind": "deleted",
      "previous_sha256": "56724d4c96b135cf6e06b58a0da5afd2449ec0df127ca005911ab33d81a0ad2d",
      "current_sha256": null,
      "reason": "Retire confirmed-active-bug evaluation reports and grades; maintain retained evaluation references."
    },
    {
      "path": "experiments/nyt-complete-evaluation-2026-09-14/census/audit_1f78d7eb1e88/annotations/rel_93.json",
      "kind": "deleted",
      "previous_sha256": "89b9231ffc56b78fc260ea017681a60b39f7444d63c5e80af813d248f9c5e4b2",
      "current_sha256": null,
      "reason": "Retire confirmed-active-bug evaluation reports and grades; maintain retained evaluation references."
    },
    {
      "path": "experiments/nyt-complete-evaluation-2026-09-14/census/audit_1f78d7eb1e88/annotations/rel_97.json",
      "kind": "deleted",
      "previous_sha256": "335fa9bd583afa097c01bd1f4e7d96eb1c7545722550d8a6aa4eabb1d2091af7",
      "current_sha256": null,
      "reason": "Retire confirmed-active-bug evaluation reports and grades; maintain retained evaluation references."
    },
    {
      "path": "experiments/nyt-complete-evaluation-2026-09-14/census/audit_1f78d7eb1e88/assessment.json",
      "kind": "deleted",
      "previous_sha256": "2f652275cb808674898d5532e12d731fdca01ec9af2cd2e9037508b5dc5f916c",
      "current_sha256": null,
      "reason": "Retire confirmed-active-bug evaluation reports and grades; maintain retained evaluation references."
    },
    {
      "path": "experiments/nyt-complete-evaluation-2026-09-14/census/audit_1f78d7eb1e88/assessment.md",
      "kind": "deleted",
      "previous_sha256": "30f7e69d773cfa87795cd4b4d464f47dba4684d230a22d1d7beb2e5ffeb1260d",
      "current_sha256": null,
      "reason": "Retire confirmed-active-bug evaluation reports and grades; maintain retained evaluation references."
    },
    {
      "path": "experiments/nyt-complete-evaluation-2026-09-14/census/audit_1f78d7eb1e88/human_review.json",
      "kind": "deleted",
      "previous_sha256": "606683d383c0324c4ba70fd904e20d985291a1d3a48d215aa71ee6c8c7ebc8cf",
      "current_sha256": null,
      "reason": "Retire confirmed-active-bug evaluation reports and grades; maintain retained evaluation references."
    },
    {
      "path": "experiments/nyt-complete-evaluation-2026-09-14/census/audit_1f78d7eb1e88/prior_annotations/rel_10.json",
      "kind": "deleted",
      "previous_sha256": "ff106c916c8a5250ee8f66fedae893042821da905b62d859d45fcdf8a6eea842",
      "current_sha256": null,
      "reason": "Retire confirmed-active-bug evaluation reports and grades; maintain retained evaluation references."
    },
    {
      "path": "experiments/nyt-complete-evaluation-2026-09-14/census/audit_1f78d7eb1e88/prior_annotations/rel_114.json",
      "kind": "deleted",
      "previous_sha256": "0a1fcb51829cd0b3b6d7defecbc5cf0b08468936c6b5d3a7dbca9f5b6376afa2",
      "current_sha256": null,
      "reason": "Retire confirmed-active-bug evaluation reports and grades; maintain retained evaluation references."
    },
    {
      "path": "experiments/nyt-complete-evaluation-2026-09-14/census/audit_1f78d7eb1e88/prior_annotations/rel_175.json",
      "kind": "deleted",
      "previous_sha256": "270880f4b80efc57e73a594ce842b13da0384156c9e9fe3ed39e9b4e5dd5296f",
      "current_sha256": null,
      "reason": "Retire confirmed-active-bug evaluation reports and grades; maintain retained evaluation references."
    },
    {
      "path": "experiments/nyt-complete-evaluation-2026-09-14/census/audit_1f78d7eb1e88/prior_annotations/rel_197.json",
      "kind": "deleted",
      "previous_sha256": "6510525982ae7ed620949f914802179b9f7aa0b93c8e7e6a5d87d5ebebec9d0f",
      "current_sha256": null,
      "reason": "Retire confirmed-active-bug evaluation reports and grades; maintain retained evaluation references."
    },
    {
      "path": "experiments/nyt-complete-evaluation-2026-09-14/census/audit_1f78d7eb1e88/prior_annotations/rel_241.json",
      "kind": "deleted",
      "previous_sha256": "5ea8a47bfbc01f6fad0d16161e3e7cc8030e9af8a644ebffea168ac25ca94589",
      "current_sha256": null,
      "reason": "Retire confirmed-active-bug evaluation reports and grades; maintain retained evaluation references."
    },
    {
      "path": "experiments/nyt-complete-evaluation-2026-09-14/census/audit_1f78d7eb1e88/prior_annotations/rel_243.json",
      "kind": "deleted",
      "previous_sha256": "9526f47dc846ffc193484f22d19885a73228b8df286e830f7b3844e69e675228",
      "current_sha256": null,
      "reason": "Retire confirmed-active-bug evaluation reports and grades; maintain retained evaluation references."
    },
    {
      "path": "experiments/nyt-complete-evaluation-2026-09-14/census/audit_1f78d7eb1e88/prior_annotations/rel_244.json",
      "kind": "deleted",
      "previous_sha256": "034c1e67c3cf492e0e16e0d14edf285b24c2991ae23a878441213db84c938ecc",
      "current_sha256": null,
      "reason": "Retire confirmed-active-bug evaluation reports and grades; maintain retained evaluation references."
    },
    {
      "path": "experiments/nyt-complete-evaluation-2026-09-14/census/audit_1f78d7eb1e88/prior_annotations/rel_256.json",
      "kind": "deleted",
      "previous_sha256": "c71d3fdc4de85a4f92abd2ba80978fb5a26ce007d48d1979f33fb2a83db81574",
      "current_sha256": null,
      "reason": "Retire confirmed-active-bug evaluation reports and grades; maintain retained evaluation references."
    },
    {
      "path": "experiments/nyt-complete-evaluation-2026-09-14/census/audit_1f78d7eb1e88/prior_annotations/rel_266.json",
      "kind": "deleted",
      "previous_sha256": "5e3730e031f0cad1635a11a789f08ccd62c1501da92799ea20e3c24e17a88f82",
      "current_sha256": null,
      "reason": "Retire confirmed-active-bug evaluation reports and grades; maintain retained evaluation references."
    },
    {
      "path": "experiments/nyt-complete-evaluation-2026-09-14/census/audit_1f78d7eb1e88/prior_annotations/rel_27.json",
      "kind": "deleted",
      "previous_sha256": "97e7d64afa4981958912f0663ec00fcc6a146ee9fcb999d3a13e1b3b25d38316",
      "current_sha256": null,
      "reason": "Retire confirmed-active-bug evaluation reports and grades; maintain retained evaluation references."
    },
    {
      "path": "experiments/nyt-complete-evaluation-2026-09-14/census/audit_1f78d7eb1e88/prior_annotations/rel_279.json",
      "kind": "deleted",
      "previous_sha256": "4588b239c65613d06e60cc2147810f8fb28e8ae2acd2120a0d65d8a571d60b71",
      "current_sha256": null,
      "reason": "Retire confirmed-active-bug evaluation reports and grades; maintain retained evaluation references."
    },
    {
      "path": "experiments/nyt-complete-evaluation-2026-09-14/census/audit_1f78d7eb1e88/prior_annotations/rel_296.json",
      "kind": "deleted",
      "previous_sha256": "5828250fe7d289326994347765678958d1c9de6b6e6ffc4ae0834a06d29d01ff",
      "current_sha256": null,
      "reason": "Retire confirmed-active-bug evaluation reports and grades; maintain retained evaluation references."
    },
    {
      "path": "experiments/nyt-complete-evaluation-2026-09-14/census/audit_1f78d7eb1e88/prior_annotations/rel_305.json",
      "kind": "deleted",
      "previous_sha256": "fa6113dfbce2aac72cc71822403bb1e98e1bb68e884e6f3ab9d69b4b80f7de7a",
      "current_sha256": null,
      "reason": "Retire confirmed-active-bug evaluation reports and grades; maintain retained evaluation references."
    },
    {
      "path": "experiments/nyt-complete-evaluation-2026-09-14/census/audit_1f78d7eb1e88/prior_annotations/rel_318.json",
      "kind": "deleted",
      "previous_sha256": "bf4cacc8de09afc9a26664e2fcd7fa7e1f01ffc1c95a13d46c62b3d924cb8b5f",
      "current_sha256": null,
      "reason": "Retire confirmed-active-bug evaluation reports and grades; maintain retained evaluation references."
    },
    {
      "path": "experiments/nyt-complete-evaluation-2026-09-14/census/audit_1f78d7eb1e88/prior_annotations/rel_365.json",
      "kind": "deleted",
      "previous_sha256": "5294c76420468e6676c44047186632f7e5222665fecbbe3b3317aad7782d57f4",
      "current_sha256": null,
      "reason": "Retire confirmed-active-bug evaluation reports and grades; maintain retained evaluation references."
    },
    {
      "path": "experiments/nyt-complete-evaluation-2026-09-14/census/audit_1f78d7eb1e88/prior_annotations/rel_382.json",
      "kind": "deleted",
      "previous_sha256": "b19129acb95f7ccd15a6967b857ca1e05154370095c038ff8b288f9b27c7ee8d",
      "current_sha256": null,
      "reason": "Retire confirmed-active-bug evaluation reports and grades; maintain retained evaluation references."
    },
    {
      "path": "experiments/nyt-complete-evaluation-2026-09-14/census/audit_1f78d7eb1e88/prior_annotations/rel_67.json",
      "kind": "deleted",
      "previous_sha256": "5696166fcdf3c1621b722ae0193aa1eafbe2c4e5e2c7f3fe84a7308c6a79af8f",
      "current_sha256": null,
      "reason": "Retire confirmed-active-bug evaluation reports and grades; maintain retained evaluation references."
    },
    {
      "path": "experiments/nyt-complete-evaluation-2026-09-14/census/audit_1f78d7eb1e88/prior_annotations/rel_80.json",
      "kind": "deleted",
      "previous_sha256": "d460333815491f9ad699afacf782d881a6683b15b1161b59d878f934a3cc8010",
      "current_sha256": null,
      "reason": "Retire confirmed-active-bug evaluation reports and grades; maintain retained evaluation references."
    },
    {
      "path": "experiments/nyt-complete-evaluation-2026-09-14/census/audit_1f78d7eb1e88/prior_annotations/rel_93.json",
      "kind": "deleted",
      "previous_sha256": "0446e2e520b1a78223c80e915e922db64d1c190cadf39dfb914e20519e8f9623",
      "current_sha256": null,
      "reason": "Retire confirmed-active-bug evaluation reports and grades; maintain retained evaluation references."
    },
    {
      "path": "experiments/nyt-complete-evaluation-2026-09-14/census/audit_1f78d7eb1e88/prior_annotations/rel_97.json",
      "kind": "deleted",
      "previous_sha256": "2f054518a141da48325aa523e062586fb3ba38ffeb966c763f9bbbe85aa6b780",
      "current_sha256": null,
      "reason": "Retire confirmed-active-bug evaluation reports and grades; maintain retained evaluation references."
    },
    {
      "path": "experiments/nyt-complete-evaluation-2026-09-14/census/audit_1f78d7eb1e88/relations/rel_10.md",
      "kind": "deleted",
      "previous_sha256": "dcb025b0a13f1480d07a9366963f8e76b367b3d98d3cd477496655eabd8ad8f2",
      "current_sha256": null,
      "reason": "Retire confirmed-active-bug evaluation reports and grades; maintain retained evaluation references."
    },
    {
      "path": "experiments/nyt-complete-evaluation-2026-09-14/census/audit_1f78d7eb1e88/relations/rel_114.md",
      "kind": "deleted",
      "previous_sha256": "e469a5266659e0075a851923e72be40b73f4df317130649055e4418dab087672",
      "current_sha256": null,
      "reason": "Retire confirmed-active-bug evaluation reports and grades; maintain retained evaluation references."
    },
    {
      "path": "experiments/nyt-complete-evaluation-2026-09-14/census/audit_1f78d7eb1e88/relations/rel_175.md",
      "kind": "deleted",
      "previous_sha256": "b5980423e917c09062b622011d49c7500f1010b3bd5e6f7d58ada2ed0ad91ab3",
      "current_sha256": null,
      "reason": "Retire confirmed-active-bug evaluation reports and grades; maintain retained evaluation references."
    },
    {
      "path": "experiments/nyt-complete-evaluation-2026-09-14/census/audit_1f78d7eb1e88/relations/rel_197.md",
      "kind": "deleted",
      "previous_sha256": "e7ff955e45edc2efb0a1ae91dd01f41641578164693aee260b47e8ccbec4d695",
      "current_sha256": null,
      "reason": "Retire confirmed-active-bug evaluation reports and grades; maintain retained evaluation references."
    },
    {
      "path": "experiments/nyt-complete-evaluation-2026-09-14/census/audit_1f78d7eb1e88/relations/rel_241.md",
      "kind": "deleted",
      "previous_sha256": "aa2ccdb728b6963a93709e77caa32e4ae9eacf05de5f77fe822240e92467f777",
      "current_sha256": null,
      "reason": "Retire confirmed-active-bug evaluation reports and grades; maintain retained evaluation references."
    },
    {
      "path": "experiments/nyt-complete-evaluation-2026-09-14/census/audit_1f78d7eb1e88/relations/rel_243.md",
      "kind": "deleted",
      "previous_sha256": "0f03d336ba722bb53057f448b042092e675434f61a17be37e461c02b257c4843",
      "current_sha256": null,
      "reason": "Retire confirmed-active-bug evaluation reports and grades; maintain retained evaluation references."
    },
    {
      "path": "experiments/nyt-complete-evaluation-2026-09-14/census/audit_1f78d7eb1e88/relations/rel_244.md",
      "kind": "deleted",
      "previous_sha256": "85d7e49f466f39d11eb47f4356f1d2e2705047f2aaa5b3a7fce68910d309c0c7",
      "current_sha256": null,
      "reason": "Retire confirmed-active-bug evaluation reports and grades; maintain retained evaluation references."
    },
    {
      "path": "experiments/nyt-complete-evaluation-2026-09-14/census/audit_1f78d7eb1e88/relations/rel_256.md",
      "kind": "deleted",
      "previous_sha256": "d7ae4803d5c8fa0aa2eb56125bf70683612b1816b824f3c32fe06a326f1f9f98",
      "current_sha256": null,
      "reason": "Retire confirmed-active-bug evaluation reports and grades; maintain retained evaluation references."
    },
    {
      "path": "experiments/nyt-complete-evaluation-2026-09-14/census/audit_1f78d7eb1e88/relations/rel_266.md",
      "kind": "deleted",
      "previous_sha256": "1ff52adf59690fe32cc4c119aa204f489f73beaa1157cea922e12817e8a8c237",
      "current_sha256": null,
      "reason": "Retire confirmed-active-bug evaluation reports and grades; maintain retained evaluation references."
    },
    {
      "path": "experiments/nyt-complete-evaluation-2026-09-14/census/audit_1f78d7eb1e88/relations/rel_27.md",
      "kind": "deleted",
      "previous_sha256": "227683f8ca17f44a45d34692ce20c9d4d0620cd3fb0488d94c4c134ca9487dd1",
      "current_sha256": null,
      "reason": "Retire confirmed-active-bug evaluation reports and grades; maintain retained evaluation references."
    },
    {
      "path": "experiments/nyt-complete-evaluation-2026-09-14/census/audit_1f78d7eb1e88/relations/rel_279.md",
      "kind": "deleted",
      "previous_sha256": "6fb0bfa2df2b175c671a496b28c2bece15299c44d89b47374080f4503a952b94",
      "current_sha256": null,
      "reason": "Retire confirmed-active-bug evaluation reports and grades; maintain retained evaluation references."
    },
    {
      "path": "experiments/nyt-complete-evaluation-2026-09-14/census/audit_1f78d7eb1e88/relations/rel_296.md",
      "kind": "deleted",
      "previous_sha256": "6ca602a0a519d6d51ba352d4d7a07fe96343add668386df899ae410c240ec3a0",
      "current_sha256": null,
      "reason": "Retire confirmed-active-bug evaluation reports and grades; maintain retained evaluation references."
    },
    {
      "path": "experiments/nyt-complete-evaluation-2026-09-14/census/audit_1f78d7eb1e88/relations/rel_305.md",
      "kind": "deleted",
      "previous_sha256": "eb4faa59c2052d45faa8d87e8355795d01ac5293b0f5e61e60041c0ea731f731",
      "current_sha256": null,
      "reason": "Retire confirmed-active-bug evaluation reports and grades; maintain retained evaluation references."
    },
    {
      "path": "experiments/nyt-complete-evaluation-2026-09-14/census/audit_1f78d7eb1e88/relations/rel_318.md",
      "kind": "deleted",
      "previous_sha256": "1cb5c930b90ff419e3e09e46823e27ccfcab552bdb809dd8fb30e07370b2db9d",
      "current_sha256": null,
      "reason": "Retire confirmed-active-bug evaluation reports and grades; maintain retained evaluation references."
    },
    {
      "path": "experiments/nyt-complete-evaluation-2026-09-14/census/audit_1f78d7eb1e88/relations/rel_365.md",
      "kind": "deleted",
      "previous_sha256": "dff2100e5fd6c0035bcfff81b4207cdc762f13e1b72c9955654e8a4010042ab6",
      "current_sha256": null,
      "reason": "Retire confirmed-active-bug evaluation reports and grades; maintain retained evaluation references."
    },
    {
      "path": "experiments/nyt-complete-evaluation-2026-09-14/census/audit_1f78d7eb1e88/relations/rel_382.md",
      "kind": "deleted",
      "previous_sha256": "c069adf1891e2fafff6d3733ba924dbdef2b14e8eccf7403bc60acc5e8468a59",
      "current_sha256": null,
      "reason": "Retire confirmed-active-bug evaluation reports and grades; maintain retained evaluation references."
    },
    {
      "path": "experiments/nyt-complete-evaluation-2026-09-14/census/audit_1f78d7eb1e88/relations/rel_67.md",
      "kind": "deleted",
      "previous_sha256": "d10cedeb1216d517402c5642c09adc4554e887acba41953701d990f41430426e",
      "current_sha256": null,
      "reason": "Retire confirmed-active-bug evaluation reports and grades; maintain retained evaluation references."
    },
    {
      "path": "experiments/nyt-complete-evaluation-2026-09-14/census/audit_1f78d7eb1e88/relations/rel_80.md",
      "kind": "deleted",
      "previous_sha256": "27849a704bc575ed8e30cf07db9188d6e171bc3fab9af3509a51bbbcb3516e61",
      "current_sha256": null,
      "reason": "Retire confirmed-active-bug evaluation reports and grades; maintain retained evaluation references."
    },
    {
      "path": "experiments/nyt-complete-evaluation-2026-09-14/census/audit_1f78d7eb1e88/relations/rel_93.md",
      "kind": "deleted",
      "previous_sha256": "4c6d5d8e8f34bc295e89e11fd38fdd4560240a607838b22ebd6f4d42f3f59731",
      "current_sha256": null,
      "reason": "Retire confirmed-active-bug evaluation reports and grades; maintain retained evaluation references."
    },
    {
      "path": "experiments/nyt-complete-evaluation-2026-09-14/census/audit_1f78d7eb1e88/relations/rel_97.md",
      "kind": "deleted",
      "previous_sha256": "96f80ebab7d1013ef43820a94d04dedf956ddef0ed60bb263ec298ce94c6e0da",
      "current_sha256": null,
      "reason": "Retire confirmed-active-bug evaluation reports and grades; maintain retained evaluation references."
    },
    {
      "path": "experiments/nyt-complete-evaluation-2026-09-14/census/audit_1f78d7eb1e88/reports/rel_10.md",
      "kind": "deleted",
      "previous_sha256": "3518aa7f30925057061b0a74cca0fb6f1f2aace44762ecbf17622f58aa92a337",
      "current_sha256": null,
      "reason": "Retire confirmed-active-bug evaluation reports and grades; maintain retained evaluation references."
    },
    {
      "path": "experiments/nyt-complete-evaluation-2026-09-14/census/audit_1f78d7eb1e88/reports/rel_114.md",
      "kind": "deleted",
      "previous_sha256": "78f75d8d801cd3086ae87059c6cf6794ef1903619dfc9986349bd1df0251c1b6",
      "current_sha256": null,
      "reason": "Retire confirmed-active-bug evaluation reports and grades; maintain retained evaluation references."
    },
    {
      "path": "experiments/nyt-complete-evaluation-2026-09-14/census/audit_1f78d7eb1e88/reports/rel_175.md",
      "kind": "deleted",
      "previous_sha256": "960c2df52ee71edcf9fc958c76d7e78dbd7d714c2aae4e3280ea6e83428954d4",
      "current_sha256": null,
      "reason": "Retire confirmed-active-bug evaluation reports and grades; maintain retained evaluation references."
    },
    {
      "path": "experiments/nyt-complete-evaluation-2026-09-14/census/audit_1f78d7eb1e88/reports/rel_197.md",
      "kind": "deleted",
      "previous_sha256": "b82fd42c11b908735a9fad5c0a5f8379b0c623dfd78dfef58a5b45697480f87f",
      "current_sha256": null,
      "reason": "Retire confirmed-active-bug evaluation reports and grades; maintain retained evaluation references."
    },
    {
      "path": "experiments/nyt-complete-evaluation-2026-09-14/census/audit_1f78d7eb1e88/reports/rel_241.md",
      "kind": "deleted",
      "previous_sha256": "4b85c4f1e37b7f7fa485ca5af37bf4dec9730c77dc0ed9b9e4eb565d4062e667",
      "current_sha256": null,
      "reason": "Retire confirmed-active-bug evaluation reports and grades; maintain retained evaluation references."
    },
    {
      "path": "experiments/nyt-complete-evaluation-2026-09-14/census/audit_1f78d7eb1e88/reports/rel_243.md",
      "kind": "deleted",
      "previous_sha256": "cc3768c102ba84489f0db3fd50ad8e29378d48e8ef8e01aff38ebb86244e1423",
      "current_sha256": null,
      "reason": "Retire confirmed-active-bug evaluation reports and grades; maintain retained evaluation references."
    },
    {
      "path": "experiments/nyt-complete-evaluation-2026-09-14/census/audit_1f78d7eb1e88/reports/rel_244.md",
      "kind": "deleted",
      "previous_sha256": "b7850fb286363dbcedf5502fd8cea5fcef5b72add543fc57f673bb98c697e9e6",
      "current_sha256": null,
      "reason": "Retire confirmed-active-bug evaluation reports and grades; maintain retained evaluation references."
    },
    {
      "path": "experiments/nyt-complete-evaluation-2026-09-14/census/audit_1f78d7eb1e88/reports/rel_256.md",
      "kind": "deleted",
      "previous_sha256": "f9e50c53ce710e7512552227b804e896854c97cff88b7cbc2cfe7655999e6f8b",
      "current_sha256": null,
      "reason": "Retire confirmed-active-bug evaluation reports and grades; maintain retained evaluation references."
    },
    {
      "path": "experiments/nyt-complete-evaluation-2026-09-14/census/audit_1f78d7eb1e88/reports/rel_266.md",
      "kind": "deleted",
      "previous_sha256": "2c356dc7831581ff92166284b8e799110b1ad93b1241e56f7e29bb7c8caacbf3",
      "current_sha256": null,
      "reason": "Retire confirmed-active-bug evaluation reports and grades; maintain retained evaluation references."
    },
    {
      "path": "experiments/nyt-complete-evaluation-2026-09-14/census/audit_1f78d7eb1e88/reports/rel_27.md",
      "kind": "deleted",
      "previous_sha256": "7f33a20b49990e09d04576f9f7020b605cb54dab7e7b0b0c7c83752c40576ccd",
      "current_sha256": null,
      "reason": "Retire confirmed-active-bug evaluation reports and grades; maintain retained evaluation references."
    },
    {
      "path": "experiments/nyt-complete-evaluation-2026-09-14/census/audit_1f78d7eb1e88/reports/rel_279.md",
      "kind": "deleted",
      "previous_sha256": "e862f324ed44d2345a3f3238d4b5b622d2650fe4b0368c5ba090e32b0157febd",
      "current_sha256": null,
      "reason": "Retire confirmed-active-bug evaluation reports and grades; maintain retained evaluation references."
    },
    {
      "path": "experiments/nyt-complete-evaluation-2026-09-14/census/audit_1f78d7eb1e88/reports/rel_296.md",
      "kind": "deleted",
      "previous_sha256": "15542702afbdc729659ca9be986e08db9ee95b06f1bc5aeb782004543bad47fe",
      "current_sha256": null,
      "reason": "Retire confirmed-active-bug evaluation reports and grades; maintain retained evaluation references."
    },
    {
      "path": "experiments/nyt-complete-evaluation-2026-09-14/census/audit_1f78d7eb1e88/reports/rel_305.md",
      "kind": "deleted",
      "previous_sha256": "d94ee761a1181b9af30423905943da660c3c362d7e79aa77f0d43cc0985478f6",
      "current_sha256": null,
      "reason": "Retire confirmed-active-bug evaluation reports and grades; maintain retained evaluation references."
    },
    {
      "path": "experiments/nyt-complete-evaluation-2026-09-14/census/audit_1f78d7eb1e88/reports/rel_318.md",
      "kind": "deleted",
      "previous_sha256": "dd643a72725ca4dc1c97f553f1611bfbf345930a128f0c888e34a587d1ee4213",
      "current_sha256": null,
      "reason": "Retire confirmed-active-bug evaluation reports and grades; maintain retained evaluation references."
    },
    {
      "path": "experiments/nyt-complete-evaluation-2026-09-14/census/audit_1f78d7eb1e88/reports/rel_365.md",
      "kind": "deleted",
      "previous_sha256": "a2cd36f0b794acd346209d5f50cae6a6af3bbfbd954057498451b08b91dd2540",
      "current_sha256": null,
      "reason": "Retire confirmed-active-bug evaluation reports and grades; maintain retained evaluation references."
    },
    {
      "path": "experiments/nyt-complete-evaluation-2026-09-14/census/audit_1f78d7eb1e88/reports/rel_382.md",
      "kind": "deleted",
      "previous_sha256": "8cb1b97da7cf4185e605817b9ba4e7461f8132a8d4b8f11685dcc62cd005549f",
      "current_sha256": null,
      "reason": "Retire confirmed-active-bug evaluation reports and grades; maintain retained evaluation references."
    },
    {
      "path": "experiments/nyt-complete-evaluation-2026-09-14/census/audit_1f78d7eb1e88/reports/rel_67.md",
      "kind": "deleted",
      "previous_sha256": "0711ccb4a9b3196e762f11e6ed44ff410cc14928ff179470ff2f433440544946",
      "current_sha256": null,
      "reason": "Retire confirmed-active-bug evaluation reports and grades; maintain retained evaluation references."
    },
    {
      "path": "experiments/nyt-complete-evaluation-2026-09-14/census/audit_1f78d7eb1e88/reports/rel_80.md",
      "kind": "deleted",
      "previous_sha256": "f888fb3f73cb0d71e4976f743eb4c7d7d2b2afc182eaa3b9098c6b59d91e8ac5",
      "current_sha256": null,
      "reason": "Retire confirmed-active-bug evaluation reports and grades; maintain retained evaluation references."
    },
    {
      "path": "experiments/nyt-complete-evaluation-2026-09-14/census/audit_1f78d7eb1e88/reports/rel_93.md",
      "kind": "deleted",
      "previous_sha256": "9436d6791bfe1c907183d69a57ff6d3ad967804cd5cb84e278eef6f0a5591a92",
      "current_sha256": null,
      "reason": "Retire confirmed-active-bug evaluation reports and grades; maintain retained evaluation references."
    },
    {
      "path": "experiments/nyt-complete-evaluation-2026-09-14/census/audit_1f78d7eb1e88/reports/rel_97.md",
      "kind": "deleted",
      "previous_sha256": "60d8671d576c6720887b9614558f244364e6d2a4a6089a7d43b05b27b6998b18",
      "current_sha256": null,
      "reason": "Retire confirmed-active-bug evaluation reports and grades; maintain retained evaluation references."
    },
    {
      "path": "experiments/nyt-complete-evaluation-2026-09-14/census/audit_27d5f11626f1/README.md",
      "kind": "modified",
      "previous_sha256": "26f43578d3455bbd4f59c7ea89349b51363d9dd560dfae8d1d5ad7457040d799",
      "current_sha256": "b6cd44e8086b0e693fd220c34bf47b89b00006f312e3a2981a946e1bf87c0986",
      "reason": "Retire confirmed-active-bug evaluation reports and grades; maintain retained evaluation references."
    },
    {
      "path": "experiments/nyt-complete-evaluation-2026-09-14/census/audit_27d5f11626f1/annotations/rel_110.json",
      "kind": "deleted",
      "previous_sha256": "16e4a09032468de99cf67e253dcb157440e74e1b0eca6d51cdf22b5445826cbc",
      "current_sha256": null,
      "reason": "Retire confirmed-active-bug evaluation reports and grades; maintain retained evaluation references."
    },
    {
      "path": "experiments/nyt-complete-evaluation-2026-09-14/census/audit_27d5f11626f1/annotations/rel_118.json",
      "kind": "deleted",
      "previous_sha256": "fcb63f702a23cced3e7888ce1a2521026e5763906ed829f9cd241bb003a19db0",
      "current_sha256": null,
      "reason": "Retire confirmed-active-bug evaluation reports and grades; maintain retained evaluation references."
    },
    {
      "path": "experiments/nyt-complete-evaluation-2026-09-14/census/audit_27d5f11626f1/annotations/rel_134.json",
      "kind": "deleted",
      "previous_sha256": "d34ad367789a86c149d4e4fb81c845ba0e84ef8053dd2cf6bf900a6b87a032b2",
      "current_sha256": null,
      "reason": "Retire confirmed-active-bug evaluation reports and grades; maintain retained evaluation references."
    },
    {
      "path": "experiments/nyt-complete-evaluation-2026-09-14/census/audit_27d5f11626f1/annotations/rel_136.json",
      "kind": "deleted",
      "previous_sha256": "f37de27cd0b08f1690ad89623b15cf68b282d12b0fc33eb22234fd24f68aecf4",
      "current_sha256": null,
      "reason": "Retire confirmed-active-bug evaluation reports and grades; maintain retained evaluation references."
    },
    {
      "path": "experiments/nyt-complete-evaluation-2026-09-14/census/audit_27d5f11626f1/annotations/rel_144.json",
      "kind": "deleted",
      "previous_sha256": "f6c02cf13ad9faa517dc4d5ac6b4d4dfbdec7ccd3d1e0a737040900ad1f2a696",
      "current_sha256": null,
      "reason": "Retire confirmed-active-bug evaluation reports and grades; maintain retained evaluation references."
    },
    {
      "path": "experiments/nyt-complete-evaluation-2026-09-14/census/audit_27d5f11626f1/annotations/rel_180.json",
      "kind": "deleted",
      "previous_sha256": "6893262b120ebe945de47c5f488c56eb73c63243dcd4b0ba79a3b593cfb6bfc9",
      "current_sha256": null,
      "reason": "Retire confirmed-active-bug evaluation reports and grades; maintain retained evaluation references."
    },
    {
      "path": "experiments/nyt-complete-evaluation-2026-09-14/census/audit_27d5f11626f1/annotations/rel_185.json",
      "kind": "deleted",
      "previous_sha256": "0157e67218c2dd90f75eab9d0b4bf9307f7f5854bc2b972aab0baf60a44f79bb",
      "current_sha256": null,
      "reason": "Retire confirmed-active-bug evaluation reports and grades; maintain retained evaluation references."
    },
    {
      "path": "experiments/nyt-complete-evaluation-2026-09-14/census/audit_27d5f11626f1/annotations/rel_192.json",
      "kind": "deleted",
      "previous_sha256": "1be442266a1157deae501320d822fca69cbab423e884b2400cc0a7b231ec6ed3",
      "current_sha256": null,
      "reason": "Retire confirmed-active-bug evaluation reports and grades; maintain retained evaluation references."
    },
    {
      "path": "experiments/nyt-complete-evaluation-2026-09-14/census/audit_27d5f11626f1/annotations/rel_20.json",
      "kind": "deleted",
      "previous_sha256": "ee85d20cdefb93f58ec1c4290cfdbacb2ed9f89e9cd5bb35ad3eb375705d534e",
      "current_sha256": null,
      "reason": "Retire confirmed-active-bug evaluation reports and grades; maintain retained evaluation references."
    },
    {
      "path": "experiments/nyt-complete-evaluation-2026-09-14/census/audit_27d5f11626f1/annotations/rel_27.json",
      "kind": "deleted",
      "previous_sha256": "720d038db00f9cb81f14cb0118675b1d4a3c7f5a5b503936a4fc367bf214dde4",
      "current_sha256": null,
      "reason": "Retire confirmed-active-bug evaluation reports and grades; maintain retained evaluation references."
    },
    {
      "path": "experiments/nyt-complete-evaluation-2026-09-14/census/audit_27d5f11626f1/annotations/rel_294.json",
      "kind": "deleted",
      "previous_sha256": "8953eda5c9df67602709491e643a303c3b2109ff2e1f09cbe105acec646e819f",
      "current_sha256": null,
      "reason": "Retire confirmed-active-bug evaluation reports and grades; maintain retained evaluation references."
    },
    {
      "path": "experiments/nyt-complete-evaluation-2026-09-14/census/audit_27d5f11626f1/annotations/rel_298.json",
      "kind": "deleted",
      "previous_sha256": "f0eadc901a08428b623485cb9e33c653b54cad51c4c575811e89546e868d900b",
      "current_sha256": null,
      "reason": "Retire confirmed-active-bug evaluation reports and grades; maintain retained evaluation references."
    },
    {
      "path": "experiments/nyt-complete-evaluation-2026-09-14/census/audit_27d5f11626f1/annotations/rel_299.json",
      "kind": "deleted",
      "previous_sha256": "624c1e0028ac6d751887c707efe65858d220b30d5e49b9d936cdcfc5eeee275e",
      "current_sha256": null,
      "reason": "Retire confirmed-active-bug evaluation reports and grades; maintain retained evaluation references."
    },
    {
      "path": "experiments/nyt-complete-evaluation-2026-09-14/census/audit_27d5f11626f1/annotations/rel_325.json",
      "kind": "deleted",
      "previous_sha256": "461dcd8a01fde682fe625e0e1a379b2c963447d7c60520afd16c7b1d2029386c",
      "current_sha256": null,
      "reason": "Retire confirmed-active-bug evaluation reports and grades; maintain retained evaluation references."
    },
    {
      "path": "experiments/nyt-complete-evaluation-2026-09-14/census/audit_27d5f11626f1/annotations/rel_330.json",
      "kind": "deleted",
      "previous_sha256": "884fbfbaab7fc6efd8f1bc2bc4b891ee496ae87f91496ffceda771a6b80a2c1b",
      "current_sha256": null,
      "reason": "Retire confirmed-active-bug evaluation reports and grades; maintain retained evaluation references."
    },
    {
      "path": "experiments/nyt-complete-evaluation-2026-09-14/census/audit_27d5f11626f1/annotations/rel_353.json",
      "kind": "deleted",
      "previous_sha256": "2655cfee96f4950d255ac0416255766b0bed48bd6d89c22c1e86e1d61e7fbec2",
      "current_sha256": null,
      "reason": "Retire confirmed-active-bug evaluation reports and grades; maintain retained evaluation references."
    },
    {
      "path": "experiments/nyt-complete-evaluation-2026-09-14/census/audit_27d5f11626f1/annotations/rel_355.json",
      "kind": "deleted",
      "previous_sha256": "007349ed6c770844e9fcbc42a845d638cea8634b2005426b3224f1723c1e2bc0",
      "current_sha256": null,
      "reason": "Retire confirmed-active-bug evaluation reports and grades; maintain retained evaluation references."
    },
    {
      "path": "experiments/nyt-complete-evaluation-2026-09-14/census/audit_27d5f11626f1/annotations/rel_365.json",
      "kind": "deleted",
      "previous_sha256": "f6e3d4d1f00e28128de1404272493ccecae45f4e3ea5624b4560bb9b4284ff2b",
      "current_sha256": null,
      "reason": "Retire confirmed-active-bug evaluation reports and grades; maintain retained evaluation references."
    },
    {
      "path": "experiments/nyt-complete-evaluation-2026-09-14/census/audit_27d5f11626f1/annotations/rel_399.json",
      "kind": "deleted",
      "previous_sha256": "32b2091fd254a848d1c180298ffea3b3c70e2e4057338cbf4a37d484612afd4e",
      "current_sha256": null,
      "reason": "Retire confirmed-active-bug evaluation reports and grades; maintain retained evaluation references."
    },
    {
      "path": "experiments/nyt-complete-evaluation-2026-09-14/census/audit_27d5f11626f1/annotations/rel_92.json",
      "kind": "deleted",
      "previous_sha256": "f9959cd92e38301dd03f305853937a4987441bfcafd562f423df46b4c3d5bb02",
      "current_sha256": null,
      "reason": "Retire confirmed-active-bug evaluation reports and grades; maintain retained evaluation references."
    },
    {
      "path": "experiments/nyt-complete-evaluation-2026-09-14/census/audit_27d5f11626f1/assessment.json",
      "kind": "deleted",
      "previous_sha256": "10a1c167dacfa51ea9c79c1a8d678326270d0bc8771647127b9a89bff48676cd",
      "current_sha256": null,
      "reason": "Retire confirmed-active-bug evaluation reports and grades; maintain retained evaluation references."
    },
    {
      "path": "experiments/nyt-complete-evaluation-2026-09-14/census/audit_27d5f11626f1/assessment.md",
      "kind": "deleted",
      "previous_sha256": "11d3392870231da19d62232a177bf1d3db89ea842ec27af9308509b27f32f143",
      "current_sha256": null,
      "reason": "Retire confirmed-active-bug evaluation reports and grades; maintain retained evaluation references."
    },
    {
      "path": "experiments/nyt-complete-evaluation-2026-09-14/census/audit_27d5f11626f1/human_review.json",
      "kind": "deleted",
      "previous_sha256": "5c7ef9152c977cc4740ae2ca5c540e1bd83cf932efac5e7d5f3afecaf09b9d3c",
      "current_sha256": null,
      "reason": "Retire confirmed-active-bug evaluation reports and grades; maintain retained evaluation references."
    },
    {
      "path": "experiments/nyt-complete-evaluation-2026-09-14/census/audit_27d5f11626f1/prior_annotations/rel_110.json",
      "kind": "deleted",
      "previous_sha256": "735e3640a41e49734c3b6acce4682cd2bae04187438042bb58450ebc7d91f071",
      "current_sha256": null,
      "reason": "Retire confirmed-active-bug evaluation reports and grades; maintain retained evaluation references."
    },
    {
      "path": "experiments/nyt-complete-evaluation-2026-09-14/census/audit_27d5f11626f1/prior_annotations/rel_118.json",
      "kind": "deleted",
      "previous_sha256": "0017590ea1d9ae2a8bf79369b187fd952ea96bad16af7721b7797722fc1d47e1",
      "current_sha256": null,
      "reason": "Retire confirmed-active-bug evaluation reports and grades; maintain retained evaluation references."
    },
    {
      "path": "experiments/nyt-complete-evaluation-2026-09-14/census/audit_27d5f11626f1/prior_annotations/rel_134.json",
      "kind": "deleted",
      "previous_sha256": "087476d6c55b5777723c6a344be38b1cecc8a0cd64f143f03eab64923f0d9e59",
      "current_sha256": null,
      "reason": "Retire confirmed-active-bug evaluation reports and grades; maintain retained evaluation references."
    },
    {
      "path": "experiments/nyt-complete-evaluation-2026-09-14/census/audit_27d5f11626f1/prior_annotations/rel_136.json",
      "kind": "deleted",
      "previous_sha256": "83ed09431d40ed940e222f4646a58181f2bd57d1f14c662f9dcf286565ebe12d",
      "current_sha256": null,
      "reason": "Retire confirmed-active-bug evaluation reports and grades; maintain retained evaluation references."
    },
    {
      "path": "experiments/nyt-complete-evaluation-2026-09-14/census/audit_27d5f11626f1/prior_annotations/rel_144.json",
      "kind": "deleted",
      "previous_sha256": "acfaca243b27a6f4c966f91e995694518cae2a98a8df5a8373c53b23695f82b5",
      "current_sha256": null,
      "reason": "Retire confirmed-active-bug evaluation reports and grades; maintain retained evaluation references."
    },
    {
      "path": "experiments/nyt-complete-evaluation-2026-09-14/census/audit_27d5f11626f1/prior_annotations/rel_180.json",
      "kind": "deleted",
      "previous_sha256": "0001c01a759369e3679657f7e3dbc2caabead6cb3a2acd3c1c1f9bdda16ccad0",
      "current_sha256": null,
      "reason": "Retire confirmed-active-bug evaluation reports and grades; maintain retained evaluation references."
    },
    {
      "path": "experiments/nyt-complete-evaluation-2026-09-14/census/audit_27d5f11626f1/prior_annotations/rel_185.json",
      "kind": "deleted",
      "previous_sha256": "a27484522e0afceadc5cfc6bc24eeaf2171ff23cc9f2f8141114bf4db9ea6b82",
      "current_sha256": null,
      "reason": "Retire confirmed-active-bug evaluation reports and grades; maintain retained evaluation references."
    },
    {
      "path": "experiments/nyt-complete-evaluation-2026-09-14/census/audit_27d5f11626f1/prior_annotations/rel_192.json",
      "kind": "deleted",
      "previous_sha256": "efc99f293db13203aabd86a97c092896860638f37dc0b9a176aff6be2d531a35",
      "current_sha256": null,
      "reason": "Retire confirmed-active-bug evaluation reports and grades; maintain retained evaluation references."
    },
    {
      "path": "experiments/nyt-complete-evaluation-2026-09-14/census/audit_27d5f11626f1/prior_annotations/rel_20.json",
      "kind": "deleted",
      "previous_sha256": "615868a6508e95e486bc546eb3bd2966c543f9e33568ecb78974e31656c17108",
      "current_sha256": null,
      "reason": "Retire confirmed-active-bug evaluation reports and grades; maintain retained evaluation references."
    },
    {
      "path": "experiments/nyt-complete-evaluation-2026-09-14/census/audit_27d5f11626f1/prior_annotations/rel_27.json",
      "kind": "deleted",
      "previous_sha256": "49435a2975465ef65f33bb5f7f70aec30de93d7e0575ea0c1c49e372aacbd42d",
      "current_sha256": null,
      "reason": "Retire confirmed-active-bug evaluation reports and grades; maintain retained evaluation references."
    },
    {
      "path": "experiments/nyt-complete-evaluation-2026-09-14/census/audit_27d5f11626f1/prior_annotations/rel_294.json",
      "kind": "deleted",
      "previous_sha256": "2f3a70b6de7d1372878f97f3fbe7d6a59861d60085ab4becd330a95760d16fae",
      "current_sha256": null,
      "reason": "Retire confirmed-active-bug evaluation reports and grades; maintain retained evaluation references."
    },
    {
      "path": "experiments/nyt-complete-evaluation-2026-09-14/census/audit_27d5f11626f1/prior_annotations/rel_298.json",
      "kind": "deleted",
      "previous_sha256": "07ef3bb01fa22f01b020c2825648af4fc67beba0bfb431a0012683f3428f9e75",
      "current_sha256": null,
      "reason": "Retire confirmed-active-bug evaluation reports and grades; maintain retained evaluation references."
    },
    {
      "path": "experiments/nyt-complete-evaluation-2026-09-14/census/audit_27d5f11626f1/prior_annotations/rel_299.json",
      "kind": "deleted",
      "previous_sha256": "1e7ac72432209524f3e836117ca953629cad48d882cd7798cdc984d5e6b16c58",
      "current_sha256": null,
      "reason": "Retire confirmed-active-bug evaluation reports and grades; maintain retained evaluation references."
    },
    {
      "path": "experiments/nyt-complete-evaluation-2026-09-14/census/audit_27d5f11626f1/prior_annotations/rel_325.json",
      "kind": "deleted",
      "previous_sha256": "24f91f2a6680cb41671faf7af0a9d412e3976c24d26c8f15464e8917a249f97e",
      "current_sha256": null,
      "reason": "Retire confirmed-active-bug evaluation reports and grades; maintain retained evaluation references."
    },
    {
      "path": "experiments/nyt-complete-evaluation-2026-09-14/census/audit_27d5f11626f1/prior_annotations/rel_330.json",
      "kind": "deleted",
      "previous_sha256": "c36d4396159928bf6dca6331939f2ad847d67ad165d41996fd4507b447d1aeea",
      "current_sha256": null,
      "reason": "Retire confirmed-active-bug evaluation reports and grades; maintain retained evaluation references."
    },
    {
      "path": "experiments/nyt-complete-evaluation-2026-09-14/census/audit_27d5f11626f1/prior_annotations/rel_353.json",
      "kind": "deleted",
      "previous_sha256": "40a9130b59deb7e40a23045044dd006f1a37ce12dfbabfc5a9d8f4831a4379d5",
      "current_sha256": null,
      "reason": "Retire confirmed-active-bug evaluation reports and grades; maintain retained evaluation references."
    },
    {
      "path": "experiments/nyt-complete-evaluation-2026-09-14/census/audit_27d5f11626f1/prior_annotations/rel_355.json",
      "kind": "deleted",
      "previous_sha256": "c46491c205c8ccd3ed60d3a445c4e464e0dba14436b2f0cc7d0db477f6de729d",
      "current_sha256": null,
      "reason": "Retire confirmed-active-bug evaluation reports and grades; maintain retained evaluation references."
    },
    {
      "path": "experiments/nyt-complete-evaluation-2026-09-14/census/audit_27d5f11626f1/prior_annotations/rel_365.json",
      "kind": "deleted",
      "previous_sha256": "926d53047a7ac19158b1d8d3eb47b8361947584f207728d240f12140947c0b89",
      "current_sha256": null,
      "reason": "Retire confirmed-active-bug evaluation reports and grades; maintain retained evaluation references."
    },
    {
      "path": "experiments/nyt-complete-evaluation-2026-09-14/census/audit_27d5f11626f1/prior_annotations/rel_399.json",
      "kind": "deleted",
      "previous_sha256": "fdaa1e383db17ceafd75fdff3fadadb655fb523e6307c1b07651e2f7d2f1d169",
      "current_sha256": null,
      "reason": "Retire confirmed-active-bug evaluation reports and grades; maintain retained evaluation references."
    },
    {
      "path": "experiments/nyt-complete-evaluation-2026-09-14/census/audit_27d5f11626f1/prior_annotations/rel_80.json",
      "kind": "deleted",
      "previous_sha256": "c4c5c023cdfe8792ee165f7c7226aacb6f8979c071ebdbae2cd36f2dd3ee0ff2",
      "current_sha256": null,
      "reason": "Retire confirmed-active-bug evaluation reports and grades; maintain retained evaluation references."
    },
    {
      "path": "experiments/nyt-complete-evaluation-2026-09-14/census/audit_27d5f11626f1/prior_annotations/rel_92.json",
      "kind": "deleted",
      "previous_sha256": "65d5d40ca0e177953f2b9bbf3e393c10e95cebb08dfd9983c0fb89151a12e5e0",
      "current_sha256": null,
      "reason": "Retire confirmed-active-bug evaluation reports and grades; maintain retained evaluation references."
    },
    {
      "path": "experiments/nyt-complete-evaluation-2026-09-14/census/audit_27d5f11626f1/prior_human_review.json",
      "kind": "deleted",
      "previous_sha256": "26ee41113c15105de65a5054f566aa6e3d3f6c037ee6c131f090d0299ac276f1",
      "current_sha256": null,
      "reason": "Retire confirmed-active-bug evaluation reports and grades; maintain retained evaluation references."
    },
    {
      "path": "experiments/nyt-complete-evaluation-2026-09-14/census/audit_27d5f11626f1/prior_human_review.sha256",
      "kind": "deleted",
      "previous_sha256": "5ea69af9a64c4ab77efb699d32bcc681d878e6e5cf0bf10f4b19b4ce984bdf88",
      "current_sha256": null,
      "reason": "Retire confirmed-active-bug evaluation reports and grades; maintain retained evaluation references."
    },
    {
      "path": "experiments/nyt-complete-evaluation-2026-09-14/census/audit_27d5f11626f1/relations/rel_110.md",
      "kind": "deleted",
      "previous_sha256": "e4f111fafc89f02fc64a843260901d7cc667c7c728fbd91d8a984388cf7d3101",
      "current_sha256": null,
      "reason": "Retire confirmed-active-bug evaluation reports and grades; maintain retained evaluation references."
    },
    {
      "path": "experiments/nyt-complete-evaluation-2026-09-14/census/audit_27d5f11626f1/relations/rel_118.md",
      "kind": "deleted",
      "previous_sha256": "88f53317eb975c419e0b57049df4e48301919a9d0cc5ebb448c78f6c27e7a5c5",
      "current_sha256": null,
      "reason": "Retire confirmed-active-bug evaluation reports and grades; maintain retained evaluation references."
    },
    {
      "path": "experiments/nyt-complete-evaluation-2026-09-14/census/audit_27d5f11626f1/relations/rel_134.md",
      "kind": "deleted",
      "previous_sha256": "a10cae148c262a8b11beba74529f25bb378e109094a0e8029cc00d448c68114d",
      "current_sha256": null,
      "reason": "Retire confirmed-active-bug evaluation reports and grades; maintain retained evaluation references."
    },
    {
      "path": "experiments/nyt-complete-evaluation-2026-09-14/census/audit_27d5f11626f1/relations/rel_136.md",
      "kind": "deleted",
      "previous_sha256": "541b95f8974e878da2647dbc6efac34aa018494286602feb5a45de6c55333d86",
      "current_sha256": null,
      "reason": "Retire confirmed-active-bug evaluation reports and grades; maintain retained evaluation references."
    },
    {
      "path": "experiments/nyt-complete-evaluation-2026-09-14/census/audit_27d5f11626f1/relations/rel_144.md",
      "kind": "deleted",
      "previous_sha256": "89b66f434d2c14a8401619c45add97b2f0c00eeede4f6f42535ca91d45d4aebe",
      "current_sha256": null,
      "reason": "Retire confirmed-active-bug evaluation reports and grades; maintain retained evaluation references."
    },
    {
      "path": "experiments/nyt-complete-evaluation-2026-09-14/census/audit_27d5f11626f1/relations/rel_180.md",
      "kind": "deleted",
      "previous_sha256": "fb3d673b70e0b3b541bfeb616a74325e58bdd2575103164f07d427575f65908f",
      "current_sha256": null,
      "reason": "Retire confirmed-active-bug evaluation reports and grades; maintain retained evaluation references."
    },
    {
      "path": "experiments/nyt-complete-evaluation-2026-09-14/census/audit_27d5f11626f1/relations/rel_185.md",
      "kind": "deleted",
      "previous_sha256": "7f9e287d30c72a316da31b734e96437a39fe448547eee69e8cc7ed34a3c94a34",
      "current_sha256": null,
      "reason": "Retire confirmed-active-bug evaluation reports and grades; maintain retained evaluation references."
    },
    {
      "path": "experiments/nyt-complete-evaluation-2026-09-14/census/audit_27d5f11626f1/relations/rel_192.md",
      "kind": "deleted",
      "previous_sha256": "254e10ab9698ce44d71b6af73c779415acceb23db053a0487ff94a2e0759530d",
      "current_sha256": null,
      "reason": "Retire confirmed-active-bug evaluation reports and grades; maintain retained evaluation references."
    },
    {
      "path": "experiments/nyt-complete-evaluation-2026-09-14/census/audit_27d5f11626f1/relations/rel_20.md",
      "kind": "deleted",
      "previous_sha256": "b51c6ba98d391a69b8e54b229ab0d4b0b5e5e5d2c2f104f5f31e80ff24a0b70d",
      "current_sha256": null,
      "reason": "Retire confirmed-active-bug evaluation reports and grades; maintain retained evaluation references."
    },
    {
      "path": "experiments/nyt-complete-evaluation-2026-09-14/census/audit_27d5f11626f1/relations/rel_27.md",
      "kind": "deleted",
      "previous_sha256": "ce91ec2df23accbbdb89212531af2b75227ea06362afbeb06a1308d0bd2909ff",
      "current_sha256": null,
      "reason": "Retire confirmed-active-bug evaluation reports and grades; maintain retained evaluation references."
    },
    {
      "path": "experiments/nyt-complete-evaluation-2026-09-14/census/audit_27d5f11626f1/relations/rel_294.md",
      "kind": "deleted",
      "previous_sha256": "0ab4cb3a2b741a14f3bcb71bf671f72bc6e422ebd71d99f952fcf3602b5646c0",
      "current_sha256": null,
      "reason": "Retire confirmed-active-bug evaluation reports and grades; maintain retained evaluation references."
    },
    {
      "path": "experiments/nyt-complete-evaluation-2026-09-14/census/audit_27d5f11626f1/relations/rel_298.md",
      "kind": "deleted",
      "previous_sha256": "9d29b3e57f06e36f4a83f2b37bd9dffd2be22819e721048eb1a39a26823ec528",
      "current_sha256": null,
      "reason": "Retire confirmed-active-bug evaluation reports and grades; maintain retained evaluation references."
    },
    {
      "path": "experiments/nyt-complete-evaluation-2026-09-14/census/audit_27d5f11626f1/relations/rel_299.md",
      "kind": "deleted",
      "previous_sha256": "5d31e26b32f422a4946f92aec23bd3a0c26b1ebc565f5d4fa7612e74492408d8",
      "current_sha256": null,
      "reason": "Retire confirmed-active-bug evaluation reports and grades; maintain retained evaluation references."
    },
    {
      "path": "experiments/nyt-complete-evaluation-2026-09-14/census/audit_27d5f11626f1/relations/rel_325.md",
      "kind": "deleted",
      "previous_sha256": "a996ce48f3d64aefc5f94921837e2a36fc26edc43f11791d7f58008f7aa14c3b",
      "current_sha256": null,
      "reason": "Retire confirmed-active-bug evaluation reports and grades; maintain retained evaluation references."
    },
    {
      "path": "experiments/nyt-complete-evaluation-2026-09-14/census/audit_27d5f11626f1/relations/rel_330.md",
      "kind": "deleted",
      "previous_sha256": "06cae3103746fbcc2f2f49c79309a206242cce085dea247aec9090236ea4b840",
      "current_sha256": null,
      "reason": "Retire confirmed-active-bug evaluation reports and grades; maintain retained evaluation references."
    },
    {
      "path": "experiments/nyt-complete-evaluation-2026-09-14/census/audit_27d5f11626f1/relations/rel_353.md",
      "kind": "deleted",
      "previous_sha256": "e2d45885a94e3a4aa162100a4a185ee101051364f6dc262d1139dbf30aaa4560",
      "current_sha256": null,
      "reason": "Retire confirmed-active-bug evaluation reports and grades; maintain retained evaluation references."
    },
    {
      "path": "experiments/nyt-complete-evaluation-2026-09-14/census/audit_27d5f11626f1/relations/rel_355.md",
      "kind": "deleted",
      "previous_sha256": "fb364f16d1b6f2efb4a65496625b08a0743e56dee39f3280723bfb07ef99edca",
      "current_sha256": null,
      "reason": "Retire confirmed-active-bug evaluation reports and grades; maintain retained evaluation references."
    },
    {
      "path": "experiments/nyt-complete-evaluation-2026-09-14/census/audit_27d5f11626f1/relations/rel_365.md",
      "kind": "deleted",
      "previous_sha256": "b4bd3deb59e0f3f1ad34d1c776c1a923a03060250b1ee73932b4083d4d58850c",
      "current_sha256": null,
      "reason": "Retire confirmed-active-bug evaluation reports and grades; maintain retained evaluation references."
    },
    {
      "path": "experiments/nyt-complete-evaluation-2026-09-14/census/audit_27d5f11626f1/relations/rel_399.md",
      "kind": "deleted",
      "previous_sha256": "3ae3b96112634a18782c7f6d37e467c75e02c12ed6cdfda5ff3901971777ec06",
      "current_sha256": null,
      "reason": "Retire confirmed-active-bug evaluation reports and grades; maintain retained evaluation references."
    },
    {
      "path": "experiments/nyt-complete-evaluation-2026-09-14/census/audit_27d5f11626f1/relations/rel_92.md",
      "kind": "deleted",
      "previous_sha256": "3f88638ce71947bb411a63213992c3bf7b5c4b2e907ded735f55e924fa1c3354",
      "current_sha256": null,
      "reason": "Retire confirmed-active-bug evaluation reports and grades; maintain retained evaluation references."
    },
    {
      "path": "experiments/nyt-complete-evaluation-2026-09-14/census/audit_27d5f11626f1/reports/rel_110.md",
      "kind": "deleted",
      "previous_sha256": "99c9e1653e3a70cba8ebf68ff2826656fa2cb360dcddc0ba9d5f0bd86182846e",
      "current_sha256": null,
      "reason": "Retire confirmed-active-bug evaluation reports and grades; maintain retained evaluation references."
    },
    {
      "path": "experiments/nyt-complete-evaluation-2026-09-14/census/audit_27d5f11626f1/reports/rel_118.md",
      "kind": "deleted",
      "previous_sha256": "b4d96929b830e36f009839e0c812f0fd46b35e41e163a8211160c767ddb7202c",
      "current_sha256": null,
      "reason": "Retire confirmed-active-bug evaluation reports and grades; maintain retained evaluation references."
    },
    {
      "path": "experiments/nyt-complete-evaluation-2026-09-14/census/audit_27d5f11626f1/reports/rel_134.md",
      "kind": "deleted",
      "previous_sha256": "39e2940e0d666df63b62c706b666bf5ce00a7319a10a8944765619cb3f9ee27c",
      "current_sha256": null,
      "reason": "Retire confirmed-active-bug evaluation reports and grades; maintain retained evaluation references."
    },
    {
      "path": "experiments/nyt-complete-evaluation-2026-09-14/census/audit_27d5f11626f1/reports/rel_136.md",
      "kind": "deleted",
      "previous_sha256": "7b0c2e3e893d6cd7af341af51ab20414a5c512c75c6c872f03e27c82a84072c5",
      "current_sha256": null,
      "reason": "Retire confirmed-active-bug evaluation reports and grades; maintain retained evaluation references."
    },
    {
      "path": "experiments/nyt-complete-evaluation-2026-09-14/census/audit_27d5f11626f1/reports/rel_144.md",
      "kind": "deleted",
      "previous_sha256": "7e724315098395d28ae6e8f44cd835b48f88683a725bc81eacaf10347e3101db",
      "current_sha256": null,
      "reason": "Retire confirmed-active-bug evaluation reports and grades; maintain retained evaluation references."
    },
    {
      "path": "experiments/nyt-complete-evaluation-2026-09-14/census/audit_27d5f11626f1/reports/rel_180.md",
      "kind": "deleted",
      "previous_sha256": "7a8e0671e98c3915f3ec0639c0157db2c6feaf79edfcb5a3f680b0c52c3e4c7f",
      "current_sha256": null,
      "reason": "Retire confirmed-active-bug evaluation reports and grades; maintain retained evaluation references."
    },
    {
      "path": "experiments/nyt-complete-evaluation-2026-09-14/census/audit_27d5f11626f1/reports/rel_185.md",
      "kind": "deleted",
      "previous_sha256": "f7c2590b6b4f6e998fcfc7caa108f29063fb9476000952ea7c550ed9bbf5b26f",
      "current_sha256": null,
      "reason": "Retire confirmed-active-bug evaluation reports and grades; maintain retained evaluation references."
    },
    {
      "path": "experiments/nyt-complete-evaluation-2026-09-14/census/audit_27d5f11626f1/reports/rel_192.md",
      "kind": "deleted",
      "previous_sha256": "866e71bf959e43695e8c2b6fc86c8236b6c37b125da2375b83d0ec75700ebe5e",
      "current_sha256": null,
      "reason": "Retire confirmed-active-bug evaluation reports and grades; maintain retained evaluation references."
    },
    {
      "path": "experiments/nyt-complete-evaluation-2026-09-14/census/audit_27d5f11626f1/reports/rel_20.md",
      "kind": "deleted",
      "previous_sha256": "b4cc3e9d748b1c00212bca81b6a38d79dc9988f305f27244bcc4c7f00ebe6dab",
      "current_sha256": null,
      "reason": "Retire confirmed-active-bug evaluation reports and grades; maintain retained evaluation references."
    },
    {
      "path": "experiments/nyt-complete-evaluation-2026-09-14/census/audit_27d5f11626f1/reports/rel_27.md",
      "kind": "deleted",
      "previous_sha256": "59f657b34a8614414cce9156c3497aa6ea2d354af711cc9466ca3577e85b5e63",
      "current_sha256": null,
      "reason": "Retire confirmed-active-bug evaluation reports and grades; maintain retained evaluation references."
    },
    {
      "path": "experiments/nyt-complete-evaluation-2026-09-14/census/audit_27d5f11626f1/reports/rel_294.md",
      "kind": "deleted",
      "previous_sha256": "dbc17b50b3eb64942a4ac7144ed5a92911432c30351671b59e48e04c1340d6cf",
      "current_sha256": null,
      "reason": "Retire confirmed-active-bug evaluation reports and grades; maintain retained evaluation references."
    },
    {
      "path": "experiments/nyt-complete-evaluation-2026-09-14/census/audit_27d5f11626f1/reports/rel_298.md",
      "kind": "deleted",
      "previous_sha256": "0fa76f61667b80bde3a7887bf380249e3df26041b74c6af535c0eef5a2bf96e1",
      "current_sha256": null,
      "reason": "Retire confirmed-active-bug evaluation reports and grades; maintain retained evaluation references."
    },
    {
      "path": "experiments/nyt-complete-evaluation-2026-09-14/census/audit_27d5f11626f1/reports/rel_299.md",
      "kind": "deleted",
      "previous_sha256": "9f12e1368442455b3881595f6b2e9522dc79f496c04bf46e75a74fcb1a907ad8",
      "current_sha256": null,
      "reason": "Retire confirmed-active-bug evaluation reports and grades; maintain retained evaluation references."
    },
    {
      "path": "experiments/nyt-complete-evaluation-2026-09-14/census/audit_27d5f11626f1/reports/rel_325.md",
      "kind": "deleted",
      "previous_sha256": "8583247c43e22e5713f0cfbd40730552d119a03326ede36f3961d26d8109f4d4",
      "current_sha256": null,
      "reason": "Retire confirmed-active-bug evaluation reports and grades; maintain retained evaluation references."
    },
    {
      "path": "experiments/nyt-complete-evaluation-2026-09-14/census/audit_27d5f11626f1/reports/rel_330.md",
      "kind": "deleted",
      "previous_sha256": "02d90ea4a41cfeb4092cfdb02e3ed9d69d005fff52edc891c5c7bfe514baad97",
      "current_sha256": null,
      "reason": "Retire confirmed-active-bug evaluation reports and grades; maintain retained evaluation references."
    },
    {
      "path": "experiments/nyt-complete-evaluation-2026-09-14/census/audit_27d5f11626f1/reports/rel_353.md",
      "kind": "deleted",
      "previous_sha256": "7b3ce77f29a192a956b0c4d1123a9322e3be6044c7d6567c54cba499111788b7",
      "current_sha256": null,
      "reason": "Retire confirmed-active-bug evaluation reports and grades; maintain retained evaluation references."
    },
    {
      "path": "experiments/nyt-complete-evaluation-2026-09-14/census/audit_27d5f11626f1/reports/rel_355.md",
      "kind": "deleted",
      "previous_sha256": "ea58607580df888f42eb5ea4d50c1610bd3fa35bad18200afb1fe6ed6556a6ba",
      "current_sha256": null,
      "reason": "Retire confirmed-active-bug evaluation reports and grades; maintain retained evaluation references."
    },
    {
      "path": "experiments/nyt-complete-evaluation-2026-09-14/census/audit_27d5f11626f1/reports/rel_365.md",
      "kind": "deleted",
      "previous_sha256": "99adb527133c34d45260bb14a997bad0b6fc87f955778ef8b73d76053c780b1b",
      "current_sha256": null,
      "reason": "Retire confirmed-active-bug evaluation reports and grades; maintain retained evaluation references."
    },
    {
      "path": "experiments/nyt-complete-evaluation-2026-09-14/census/audit_27d5f11626f1/reports/rel_399.md",
      "kind": "deleted",
      "previous_sha256": "14919abcc6ba4fd2cf8402f582038d00bd7bfcf34a5757bcec56f25fdff0f73e",
      "current_sha256": null,
      "reason": "Retire confirmed-active-bug evaluation reports and grades; maintain retained evaluation references."
    },
    {
      "path": "experiments/nyt-complete-evaluation-2026-09-14/census/audit_27d5f11626f1/reports/rel_92.md",
      "kind": "deleted",
      "previous_sha256": "b0cccf10fb68aeb58b127a5956f1ac66ee9b583338c885ebd16822fa279fab94",
      "current_sha256": null,
      "reason": "Retire confirmed-active-bug evaluation reports and grades; maintain retained evaluation references."
    },
    {
      "path": "experiments/nyt-complete-evaluation-2026-09-14/census/audit_45b8dfbac29a/README.md",
      "kind": "modified",
      "previous_sha256": "a8caa0184181447cad9c3bc5b5cba124d8b004d36199c4a84c110234eea55460",
      "current_sha256": "cb546bfa966483a786d3fbb0f8d9ef102d0e4cd0fc3401cf9a09cb4f385bffb5",
      "reason": "Retire confirmed-active-bug evaluation reports and grades; maintain retained evaluation references."
    },
    {
      "path": "experiments/nyt-complete-evaluation-2026-09-14/census/audit_45b8dfbac29a/annotations/rel_118.json",
      "kind": "deleted",
      "previous_sha256": "a32b3754bfe33db71becc5a8f0c6ac36fc503fa737897a7572a52eb7ea9a7634",
      "current_sha256": null,
      "reason": "Retire confirmed-active-bug evaluation reports and grades; maintain retained evaluation references."
    },
    {
      "path": "experiments/nyt-complete-evaluation-2026-09-14/census/audit_45b8dfbac29a/annotations/rel_123.json",
      "kind": "deleted",
      "previous_sha256": "db3ae9d8e21e5b0efb12d45e8daad40a11e511bff53ea10aa40620c442dd378e",
      "current_sha256": null,
      "reason": "Retire confirmed-active-bug evaluation reports and grades; maintain retained evaluation references."
    },
    {
      "path": "experiments/nyt-complete-evaluation-2026-09-14/census/audit_45b8dfbac29a/annotations/rel_150.json",
      "kind": "deleted",
      "previous_sha256": "7f1350eb62262dd3810d4a957650c1fb09fa423f01864adbf798baf4e6d746d8",
      "current_sha256": null,
      "reason": "Retire confirmed-active-bug evaluation reports and grades; maintain retained evaluation references."
    },
    {
      "path": "experiments/nyt-complete-evaluation-2026-09-14/census/audit_45b8dfbac29a/annotations/rel_16.json",
      "kind": "deleted",
      "previous_sha256": "03a970e250605d53c2855ea1d6029cc21f6bcf237e38d19f1d52f68be3131b33",
      "current_sha256": null,
      "reason": "Retire confirmed-active-bug evaluation reports and grades; maintain retained evaluation references."
    },
    {
      "path": "experiments/nyt-complete-evaluation-2026-09-14/census/audit_45b8dfbac29a/annotations/rel_162.json",
      "kind": "deleted",
      "previous_sha256": "9644d16d429ad3cb3ed1cd8b2ab58142666d5251fa812938d0ff7502a81a0d65",
      "current_sha256": null,
      "reason": "Retire confirmed-active-bug evaluation reports and grades; maintain retained evaluation references."
    },
    {
      "path": "experiments/nyt-complete-evaluation-2026-09-14/census/audit_45b8dfbac29a/annotations/rel_173.json",
      "kind": "deleted",
      "previous_sha256": "851aa6b7980a5a7182346a29daba90a8899184fe63cd071d4e28d278b522968c",
      "current_sha256": null,
      "reason": "Retire confirmed-active-bug evaluation reports and grades; maintain retained evaluation references."
    },
    {
      "path": "experiments/nyt-complete-evaluation-2026-09-14/census/audit_45b8dfbac29a/annotations/rel_175.json",
      "kind": "deleted",
      "previous_sha256": "731d7b32bff43e22a465ba026eaba7293f708e3e71faae939bfdc8d53b989a53",
      "current_sha256": null,
      "reason": "Retire confirmed-active-bug evaluation reports and grades; maintain retained evaluation references."
    },
    {
      "path": "experiments/nyt-complete-evaluation-2026-09-14/census/audit_45b8dfbac29a/annotations/rel_195.json",
      "kind": "deleted",
      "previous_sha256": "33011c2cfc6174bd8ce48904a58f58ab3e409e8540350b10a5660372e3af4043",
      "current_sha256": null,
      "reason": "Retire confirmed-active-bug evaluation reports and grades; maintain retained evaluation references."
    },
    {
      "path": "experiments/nyt-complete-evaluation-2026-09-14/census/audit_45b8dfbac29a/annotations/rel_201.json",
      "kind": "deleted",
      "previous_sha256": "4a757aee98e9aafd127f0ecfb4f40acca8f9380b97dc42247a01c7043a324946",
      "current_sha256": null,
      "reason": "Retire confirmed-active-bug evaluation reports and grades; maintain retained evaluation references."
    },
    {
      "path": "experiments/nyt-complete-evaluation-2026-09-14/census/audit_45b8dfbac29a/annotations/rel_202.json",
      "kind": "deleted",
      "previous_sha256": "ba0f21fa7fb2007a6699f4ac9187cf6cb5314b4b8ca948a937d648a2d32b8ec3",
      "current_sha256": null,
      "reason": "Retire confirmed-active-bug evaluation reports and grades; maintain retained evaluation references."
    },
    {
      "path": "experiments/nyt-complete-evaluation-2026-09-14/census/audit_45b8dfbac29a/annotations/rel_224.json",
      "kind": "deleted",
      "previous_sha256": "c7bd07232d571f316ac7a073006b54852c6ec8547fb2e365fc1e95f030e02f22",
      "current_sha256": null,
      "reason": "Retire confirmed-active-bug evaluation reports and grades; maintain retained evaluation references."
    },
    {
      "path": "experiments/nyt-complete-evaluation-2026-09-14/census/audit_45b8dfbac29a/annotations/rel_286.json",
      "kind": "deleted",
      "previous_sha256": "cf1e112d60716abb3e573f74ce4f3bb3d9b390b6d7a1c81229381b5dee24d9e1",
      "current_sha256": null,
      "reason": "Retire confirmed-active-bug evaluation reports and grades; maintain retained evaluation references."
    },
    {
      "path": "experiments/nyt-complete-evaluation-2026-09-14/census/audit_45b8dfbac29a/annotations/rel_294.json",
      "kind": "deleted",
      "previous_sha256": "2ae02a6a281bfeace2cf2143464dd7e61baeec14c038a5ba1bc819bc2ecd10f0",
      "current_sha256": null,
      "reason": "Retire confirmed-active-bug evaluation reports and grades; maintain retained evaluation references."
    },
    {
      "path": "experiments/nyt-complete-evaluation-2026-09-14/census/audit_45b8dfbac29a/annotations/rel_329.json",
      "kind": "deleted",
      "previous_sha256": "e3ff1a4cf41a962fe41fda0738874fac88f3b21ca582b0ac1fe7e74575249a1e",
      "current_sha256": null,
      "reason": "Retire confirmed-active-bug evaluation reports and grades; maintain retained evaluation references."
    },
    {
      "path": "experiments/nyt-complete-evaluation-2026-09-14/census/audit_45b8dfbac29a/annotations/rel_330.json",
      "kind": "deleted",
      "previous_sha256": "fbeb1e769eec91d6461a08254dbdc18ec7363996be903aa2c9cdbd21ce307f53",
      "current_sha256": null,
      "reason": "Retire confirmed-active-bug evaluation reports and grades; maintain retained evaluation references."
    },
    {
      "path": "experiments/nyt-complete-evaluation-2026-09-14/census/audit_45b8dfbac29a/annotations/rel_340.json",
      "kind": "deleted",
      "previous_sha256": "4556bb82c1abbefa6f8e42efb42681a78bcdc5b4d00552f012438d5dcf6d6105",
      "current_sha256": null,
      "reason": "Retire confirmed-active-bug evaluation reports and grades; maintain retained evaluation references."
    },
    {
      "path": "experiments/nyt-complete-evaluation-2026-09-14/census/audit_45b8dfbac29a/annotations/rel_361.json",
      "kind": "deleted",
      "previous_sha256": "e576df7d4d6df94c5d61adcad12f34c7796392187df879566da0c26c6fe98c8c",
      "current_sha256": null,
      "reason": "Retire confirmed-active-bug evaluation reports and grades; maintain retained evaluation references."
    },
    {
      "path": "experiments/nyt-complete-evaluation-2026-09-14/census/audit_45b8dfbac29a/annotations/rel_393.json",
      "kind": "deleted",
      "previous_sha256": "73cc69d32f1188bdf0e8c58e81b5b3bba462916848e7e1d2ba63c1820c4b1970",
      "current_sha256": null,
      "reason": "Retire confirmed-active-bug evaluation reports and grades; maintain retained evaluation references."
    },
    {
      "path": "experiments/nyt-complete-evaluation-2026-09-14/census/audit_45b8dfbac29a/annotations/rel_7.json",
      "kind": "deleted",
      "previous_sha256": "6f555f915e2c08566dba285ec9e2673255069446d74a4d165aed036d1d3d6ca3",
      "current_sha256": null,
      "reason": "Retire confirmed-active-bug evaluation reports and grades; maintain retained evaluation references."
    },
    {
      "path": "experiments/nyt-complete-evaluation-2026-09-14/census/audit_45b8dfbac29a/annotations/rel_80.json",
      "kind": "deleted",
      "previous_sha256": "05102dfdf603964938218f020a8464f1ef2039727b8f402f19056c0b0140c5c9",
      "current_sha256": null,
      "reason": "Retire confirmed-active-bug evaluation reports and grades; maintain retained evaluation references."
    },
    {
      "path": "experiments/nyt-complete-evaluation-2026-09-14/census/audit_45b8dfbac29a/assessment.json",
      "kind": "deleted",
      "previous_sha256": "32339a3c57ce0ab85942490dfa1721e6286523f6ff66c79a1d7a6f83cd19d909",
      "current_sha256": null,
      "reason": "Retire confirmed-active-bug evaluation reports and grades; maintain retained evaluation references."
    },
    {
      "path": "experiments/nyt-complete-evaluation-2026-09-14/census/audit_45b8dfbac29a/assessment.md",
      "kind": "deleted",
      "previous_sha256": "118ee371e8a4138595c7dfbf100f48b78c364ee86333129dc5a7f7db91ec6281",
      "current_sha256": null,
      "reason": "Retire confirmed-active-bug evaluation reports and grades; maintain retained evaluation references."
    },
    {
      "path": "experiments/nyt-complete-evaluation-2026-09-14/census/audit_45b8dfbac29a/human_review.json",
      "kind": "deleted",
      "previous_sha256": "1e7cfc0a1d1ce6013a76c8e6303e2e0e4060dc11c4322d26163d8ac57b25a62f",
      "current_sha256": null,
      "reason": "Retire confirmed-active-bug evaluation reports and grades; maintain retained evaluation references."
    },
    {
      "path": "experiments/nyt-complete-evaluation-2026-09-14/census/audit_45b8dfbac29a/prior_annotations/rel_118.json",
      "kind": "deleted",
      "previous_sha256": "7072c49ac73e152755a36a4700b781a005c1899d4536e5a5f1bef089eed2576e",
      "current_sha256": null,
      "reason": "Retire confirmed-active-bug evaluation reports and grades; maintain retained evaluation references."
    },
    {
      "path": "experiments/nyt-complete-evaluation-2026-09-14/census/audit_45b8dfbac29a/prior_annotations/rel_123.json",
      "kind": "deleted",
      "previous_sha256": "ddf302fd0b44732367ded2388febe5e45f0ccc0c175df4842ca679850e77a3ae",
      "current_sha256": null,
      "reason": "Retire confirmed-active-bug evaluation reports and grades; maintain retained evaluation references."
    },
    {
      "path": "experiments/nyt-complete-evaluation-2026-09-14/census/audit_45b8dfbac29a/prior_annotations/rel_150.json",
      "kind": "deleted",
      "previous_sha256": "3201543e7c47e8879ea01fe5436e7a309b178cda71dbac745efc60fa5fcc22ee",
      "current_sha256": null,
      "reason": "Retire confirmed-active-bug evaluation reports and grades; maintain retained evaluation references."
    },
    {
      "path": "experiments/nyt-complete-evaluation-2026-09-14/census/audit_45b8dfbac29a/prior_annotations/rel_16.json",
      "kind": "deleted",
      "previous_sha256": "f8dd21dd71ed6f38c8394e39b853f1f14ef0b768826c75f58569af81a457311b",
      "current_sha256": null,
      "reason": "Retire confirmed-active-bug evaluation reports and grades; maintain retained evaluation references."
    },
    {
      "path": "experiments/nyt-complete-evaluation-2026-09-14/census/audit_45b8dfbac29a/prior_annotations/rel_162.json",
      "kind": "deleted",
      "previous_sha256": "9a63a62b6d977ea32596132e7fc80c5b1ec3e2a001e6208675ceb06e55a83126",
      "current_sha256": null,
      "reason": "Retire confirmed-active-bug evaluation reports and grades; maintain retained evaluation references."
    },
    {
      "path": "experiments/nyt-complete-evaluation-2026-09-14/census/audit_45b8dfbac29a/prior_annotations/rel_173.json",
      "kind": "deleted",
      "previous_sha256": "a4344dc5af90bfe5efdc07abff0292468293d2429957d512920953159df1ee7d",
      "current_sha256": null,
      "reason": "Retire confirmed-active-bug evaluation reports and grades; maintain retained evaluation references."
    },
    {
      "path": "experiments/nyt-complete-evaluation-2026-09-14/census/audit_45b8dfbac29a/prior_annotations/rel_175.json",
      "kind": "deleted",
      "previous_sha256": "ced7054b038d0289a3a4718cb5a69caeab24ff99ee4b6ffe23a27013c3c0e493",
      "current_sha256": null,
      "reason": "Retire confirmed-active-bug evaluation reports and grades; maintain retained evaluation references."
    },
    {
      "path": "experiments/nyt-complete-evaluation-2026-09-14/census/audit_45b8dfbac29a/prior_annotations/rel_195.json",
      "kind": "deleted",
      "previous_sha256": "63a34d1b7c94b08a12a67d5dcba28230712a3c0fc56d306e0b4f1ddaee080dd1",
      "current_sha256": null,
      "reason": "Retire confirmed-active-bug evaluation reports and grades; maintain retained evaluation references."
    },
    {
      "path": "experiments/nyt-complete-evaluation-2026-09-14/census/audit_45b8dfbac29a/prior_annotations/rel_201.json",
      "kind": "deleted",
      "previous_sha256": "1d2179643f275d15c2f5dbdda3ef05b79b3243bdcc393a5608a8fde1985b2a95",
      "current_sha256": null,
      "reason": "Retire confirmed-active-bug evaluation reports and grades; maintain retained evaluation references."
    },
    {
      "path": "experiments/nyt-complete-evaluation-2026-09-14/census/audit_45b8dfbac29a/prior_annotations/rel_202.json",
      "kind": "deleted",
      "previous_sha256": "73a1479bbe4f58fd980210027feb8791630bb424fac09f3c45ada767192fa4a2",
      "current_sha256": null,
      "reason": "Retire confirmed-active-bug evaluation reports and grades; maintain retained evaluation references."
    },
    {
      "path": "experiments/nyt-complete-evaluation-2026-09-14/census/audit_45b8dfbac29a/prior_annotations/rel_224.json",
      "kind": "deleted",
      "previous_sha256": "12560bbd40e93caad5de296de6809a042243427829ba4ed01c352b2c3787002d",
      "current_sha256": null,
      "reason": "Retire confirmed-active-bug evaluation reports and grades; maintain retained evaluation references."
    },
    {
      "path": "experiments/nyt-complete-evaluation-2026-09-14/census/audit_45b8dfbac29a/prior_annotations/rel_286.json",
      "kind": "deleted",
      "previous_sha256": "d808f5c5d464b8ae940a5387f09b5b7dd68144795a6c57ee52d94c929459a92b",
      "current_sha256": null,
      "reason": "Retire confirmed-active-bug evaluation reports and grades; maintain retained evaluation references."
    },
    {
      "path": "experiments/nyt-complete-evaluation-2026-09-14/census/audit_45b8dfbac29a/prior_annotations/rel_294.json",
      "kind": "deleted",
      "previous_sha256": "a8c89a64505662729705a002bb07a11fc047685fad513882d7c13a41257ae784",
      "current_sha256": null,
      "reason": "Retire confirmed-active-bug evaluation reports and grades; maintain retained evaluation references."
    },
    {
      "path": "experiments/nyt-complete-evaluation-2026-09-14/census/audit_45b8dfbac29a/prior_annotations/rel_329.json",
      "kind": "deleted",
      "previous_sha256": "b88e27a2b48bd7c3dca175273b6c6a5a26e3616eca8f2e1b25d3ce8cf2dd51b2",
      "current_sha256": null,
      "reason": "Retire confirmed-active-bug evaluation reports and grades; maintain retained evaluation references."
    },
    {
      "path": "experiments/nyt-complete-evaluation-2026-09-14/census/audit_45b8dfbac29a/prior_annotations/rel_330.json",
      "kind": "deleted",
      "previous_sha256": "13f1e77a72931f0186c69d4026becd68788b7b2414e900981140be651a45f89b",
      "current_sha256": null,
      "reason": "Retire confirmed-active-bug evaluation reports and grades; maintain retained evaluation references."
    },
    {
      "path": "experiments/nyt-complete-evaluation-2026-09-14/census/audit_45b8dfbac29a/prior_annotations/rel_340.json",
      "kind": "deleted",
      "previous_sha256": "f70c075c53fc7cabbc255c6fb0ab8d59b026fa92786dc87d211db554a8232eb1",
      "current_sha256": null,
      "reason": "Retire confirmed-active-bug evaluation reports and grades; maintain retained evaluation references."
    },
    {
      "path": "experiments/nyt-complete-evaluation-2026-09-14/census/audit_45b8dfbac29a/prior_annotations/rel_361.json",
      "kind": "deleted",
      "previous_sha256": "1661bbdd7e298c9d36b3b1bd79b433bdcc0e1df0fadc95fbe16f3931f1568e96",
      "current_sha256": null,
      "reason": "Retire confirmed-active-bug evaluation reports and grades; maintain retained evaluation references."
    },
    {
      "path": "experiments/nyt-complete-evaluation-2026-09-14/census/audit_45b8dfbac29a/prior_annotations/rel_393.json",
      "kind": "deleted",
      "previous_sha256": "8163245d5d52c126847455fa22750652e09f5d8eba1f2874ea8a98be5852f3b6",
      "current_sha256": null,
      "reason": "Retire confirmed-active-bug evaluation reports and grades; maintain retained evaluation references."
    },
    {
      "path": "experiments/nyt-complete-evaluation-2026-09-14/census/audit_45b8dfbac29a/prior_annotations/rel_7.json",
      "kind": "deleted",
      "previous_sha256": "8e93748fb7a2e50065a347d8b87dcc1ef70fdc6eea2b01b5f7603ffe2081465c",
      "current_sha256": null,
      "reason": "Retire confirmed-active-bug evaluation reports and grades; maintain retained evaluation references."
    },
    {
      "path": "experiments/nyt-complete-evaluation-2026-09-14/census/audit_45b8dfbac29a/prior_annotations/rel_80.json",
      "kind": "deleted",
      "previous_sha256": "f8db1cad0f9823fbd4f60076ca1086a5eb0e23c23cc6faf48f544469dee8c555",
      "current_sha256": null,
      "reason": "Retire confirmed-active-bug evaluation reports and grades; maintain retained evaluation references."
    },
    {
      "path": "experiments/nyt-complete-evaluation-2026-09-14/census/audit_45b8dfbac29a/prior_human_review.json",
      "kind": "deleted",
      "previous_sha256": "1aa0bcef7ab93083134b437bbd02cbee22ce5d6e48ced678859bb5fbad7c75f9",
      "current_sha256": null,
      "reason": "Retire confirmed-active-bug evaluation reports and grades; maintain retained evaluation references."
    },
    {
      "path": "experiments/nyt-complete-evaluation-2026-09-14/census/audit_45b8dfbac29a/prior_human_review.sha256",
      "kind": "deleted",
      "previous_sha256": "664b89701ac1aba9a7d94daf8f8f8870c65f046d3b90b1bf0c3aaf5e5d829c66",
      "current_sha256": null,
      "reason": "Retire confirmed-active-bug evaluation reports and grades; maintain retained evaluation references."
    },
    {
      "path": "experiments/nyt-complete-evaluation-2026-09-14/census/audit_45b8dfbac29a/relations/rel_118.md",
      "kind": "deleted",
      "previous_sha256": "6effb45fca717bc5115defd04bcff49245129e4a9a0e6994e2d92b13e295ba8a",
      "current_sha256": null,
      "reason": "Retire confirmed-active-bug evaluation reports and grades; maintain retained evaluation references."
    },
    {
      "path": "experiments/nyt-complete-evaluation-2026-09-14/census/audit_45b8dfbac29a/relations/rel_123.md",
      "kind": "deleted",
      "previous_sha256": "c161c74754e9461e3efc50f47769f1d62921138e378414c01b732bef1d2e4d33",
      "current_sha256": null,
      "reason": "Retire confirmed-active-bug evaluation reports and grades; maintain retained evaluation references."
    },
    {
      "path": "experiments/nyt-complete-evaluation-2026-09-14/census/audit_45b8dfbac29a/relations/rel_150.md",
      "kind": "deleted",
      "previous_sha256": "4e694b4fe4d6b51b85129c1a59a7583724552f3da2b2f9415e63d0999051b11e",
      "current_sha256": null,
      "reason": "Retire confirmed-active-bug evaluation reports and grades; maintain retained evaluation references."
    },
    {
      "path": "experiments/nyt-complete-evaluation-2026-09-14/census/audit_45b8dfbac29a/relations/rel_16.md",
      "kind": "deleted",
      "previous_sha256": "2d7f38dd2c1acbc3c1a566f6313ed2a0274493c985e87d26afda6583c265bc40",
      "current_sha256": null,
      "reason": "Retire confirmed-active-bug evaluation reports and grades; maintain retained evaluation references."
    },
    {
      "path": "experiments/nyt-complete-evaluation-2026-09-14/census/audit_45b8dfbac29a/relations/rel_162.md",
      "kind": "deleted",
      "previous_sha256": "478bdd65982829308dd501f15537b58be02875fc2d2f45ba3b6fbd4a195ad6df",
      "current_sha256": null,
      "reason": "Retire confirmed-active-bug evaluation reports and grades; maintain retained evaluation references."
    },
    {
      "path": "experiments/nyt-complete-evaluation-2026-09-14/census/audit_45b8dfbac29a/relations/rel_173.md",
      "kind": "deleted",
      "previous_sha256": "61699f53d7d48f625ba4c240d9e8f0b06aee09f54dca220ebfbb560b721e4741",
      "current_sha256": null,
      "reason": "Retire confirmed-active-bug evaluation reports and grades; maintain retained evaluation references."
    },
    {
      "path": "experiments/nyt-complete-evaluation-2026-09-14/census/audit_45b8dfbac29a/relations/rel_175.md",
      "kind": "deleted",
      "previous_sha256": "08c5591318bc5f0997283eb0ae3dd00bd289f0e4658a62a366452dda07b71d48",
      "current_sha256": null,
      "reason": "Retire confirmed-active-bug evaluation reports and grades; maintain retained evaluation references."
    },
    {
      "path": "experiments/nyt-complete-evaluation-2026-09-14/census/audit_45b8dfbac29a/relations/rel_195.md",
      "kind": "deleted",
      "previous_sha256": "44efbc53742afd15cf379c74628bece2507aefc711ca21d2dc1b4ef4e7bf8124",
      "current_sha256": null,
      "reason": "Retire confirmed-active-bug evaluation reports and grades; maintain retained evaluation references."
    },
    {
      "path": "experiments/nyt-complete-evaluation-2026-09-14/census/audit_45b8dfbac29a/relations/rel_201.md",
      "kind": "deleted",
      "previous_sha256": "866488bea839c36b600572127a828042e76c93f19e89febfa0f9f91cede2fc9d",
      "current_sha256": null,
      "reason": "Retire confirmed-active-bug evaluation reports and grades; maintain retained evaluation references."
    },
    {
      "path": "experiments/nyt-complete-evaluation-2026-09-14/census/audit_45b8dfbac29a/relations/rel_202.md",
      "kind": "deleted",
      "previous_sha256": "46bb58881fe99ffba8a9dc1e8a481b0b12a7afcdf4bca2850b752796d9cd3587",
      "current_sha256": null,
      "reason": "Retire confirmed-active-bug evaluation reports and grades; maintain retained evaluation references."
    },
    {
      "path": "experiments/nyt-complete-evaluation-2026-09-14/census/audit_45b8dfbac29a/relations/rel_224.md",
      "kind": "deleted",
      "previous_sha256": "1cb6b69a875d8f9e256a6917f8f6eef0a44d9dd18212e6a62fa5962edc803f5f",
      "current_sha256": null,
      "reason": "Retire confirmed-active-bug evaluation reports and grades; maintain retained evaluation references."
    },
    {
      "path": "experiments/nyt-complete-evaluation-2026-09-14/census/audit_45b8dfbac29a/relations/rel_286.md",
      "kind": "deleted",
      "previous_sha256": "5046a0b96a060acdaad4c07e05810b5d14df829c01435b7024cc4271e7984467",
      "current_sha256": null,
      "reason": "Retire confirmed-active-bug evaluation reports and grades; maintain retained evaluation references."
    },
    {
      "path": "experiments/nyt-complete-evaluation-2026-09-14/census/audit_45b8dfbac29a/relations/rel_294.md",
      "kind": "deleted",
      "previous_sha256": "aa5ac01188a8e24e7dcba236aa29d2f4476691dc411eea0346bf2ac7ce3de82d",
      "current_sha256": null,
      "reason": "Retire confirmed-active-bug evaluation reports and grades; maintain retained evaluation references."
    },
    {
      "path": "experiments/nyt-complete-evaluation-2026-09-14/census/audit_45b8dfbac29a/relations/rel_329.md",
      "kind": "deleted",
      "previous_sha256": "8d9e57de33db260f1fba5cd38909b8eb101a4e60df21913d610b757463b76f02",
      "current_sha256": null,
      "reason": "Retire confirmed-active-bug evaluation reports and grades; maintain retained evaluation references."
    },
    {
      "path": "experiments/nyt-complete-evaluation-2026-09-14/census/audit_45b8dfbac29a/relations/rel_330.md",
      "kind": "deleted",
      "previous_sha256": "f80050040ba00da25c3468ac482430cc3ee1f038179d13f6f6287976c01807ab",
      "current_sha256": null,
      "reason": "Retire confirmed-active-bug evaluation reports and grades; maintain retained evaluation references."
    },
    {
      "path": "experiments/nyt-complete-evaluation-2026-09-14/census/audit_45b8dfbac29a/relations/rel_340.md",
      "kind": "deleted",
      "previous_sha256": "6555632b028d0ccf27597eb26070ad05a7fd86db73ef34577ec3b1507358454d",
      "current_sha256": null,
      "reason": "Retire confirmed-active-bug evaluation reports and grades; maintain retained evaluation references."
    },
    {
      "path": "experiments/nyt-complete-evaluation-2026-09-14/census/audit_45b8dfbac29a/relations/rel_361.md",
      "kind": "deleted",
      "previous_sha256": "f9de960c62e25e9a77722936afac3c74740b45fd41db63c25c5c5191fa86df35",
      "current_sha256": null,
      "reason": "Retire confirmed-active-bug evaluation reports and grades; maintain retained evaluation references."
    },
    {
      "path": "experiments/nyt-complete-evaluation-2026-09-14/census/audit_45b8dfbac29a/relations/rel_393.md",
      "kind": "deleted",
      "previous_sha256": "8038c97b90c0e4e48d7801b541603f3212441afe93cd474db6206544d1b02180",
      "current_sha256": null,
      "reason": "Retire confirmed-active-bug evaluation reports and grades; maintain retained evaluation references."
    },
    {
      "path": "experiments/nyt-complete-evaluation-2026-09-14/census/audit_45b8dfbac29a/relations/rel_7.md",
      "kind": "deleted",
      "previous_sha256": "f39eaee7015f56693d3fedb912a255a79070830aed43c0698f92aba4ed227ad4",
      "current_sha256": null,
      "reason": "Retire confirmed-active-bug evaluation reports and grades; maintain retained evaluation references."
    },
    {
      "path": "experiments/nyt-complete-evaluation-2026-09-14/census/audit_45b8dfbac29a/relations/rel_80.md",
      "kind": "deleted",
      "previous_sha256": "f25765578f7eba4ac301e45b4ca27b8b5e74e69c7dfb393c6ec6b191471cde29",
      "current_sha256": null,
      "reason": "Retire confirmed-active-bug evaluation reports and grades; maintain retained evaluation references."
    },
    {
      "path": "experiments/nyt-complete-evaluation-2026-09-14/census/audit_45b8dfbac29a/reports/rel_118.md",
      "kind": "deleted",
      "previous_sha256": "4409fd70173867a41de492233d14f319fde59a38ef564c15cbcc5d0c3dd76df3",
      "current_sha256": null,
      "reason": "Retire confirmed-active-bug evaluation reports and grades; maintain retained evaluation references."
    },
    {
      "path": "experiments/nyt-complete-evaluation-2026-09-14/census/audit_45b8dfbac29a/reports/rel_123.md",
      "kind": "deleted",
      "previous_sha256": "a4b6bb38f2e0aa0fd8db5a24d4196eb9dc5a88d805204d5d6ed2d6efd67b4df9",
      "current_sha256": null,
      "reason": "Retire confirmed-active-bug evaluation reports and grades; maintain retained evaluation references."
    },
    {
      "path": "experiments/nyt-complete-evaluation-2026-09-14/census/audit_45b8dfbac29a/reports/rel_150.md",
      "kind": "deleted",
      "previous_sha256": "ebda00e31518977f9374a1c04afe8f141d41b050be5303af6d64039402509623",
      "current_sha256": null,
      "reason": "Retire confirmed-active-bug evaluation reports and grades; maintain retained evaluation references."
    },
    {
      "path": "experiments/nyt-complete-evaluation-2026-09-14/census/audit_45b8dfbac29a/reports/rel_16.md",
      "kind": "deleted",
      "previous_sha256": "e648172e38e4591b1e20cc8b9253098604fd869c50c89e99dfa566bed3440daa",
      "current_sha256": null,
      "reason": "Retire confirmed-active-bug evaluation reports and grades; maintain retained evaluation references."
    },
    {
      "path": "experiments/nyt-complete-evaluation-2026-09-14/census/audit_45b8dfbac29a/reports/rel_162.md",
      "kind": "deleted",
      "previous_sha256": "87e2ee568f3f7a2fb56272e780c389c8d53b8fee4fe97ec1d4e205a5a96261c4",
      "current_sha256": null,
      "reason": "Retire confirmed-active-bug evaluation reports and grades; maintain retained evaluation references."
    },
    {
      "path": "experiments/nyt-complete-evaluation-2026-09-14/census/audit_45b8dfbac29a/reports/rel_173.md",
      "kind": "deleted",
      "previous_sha256": "e22da17612e3acef8b8678feae9811ef8cab416e26a15c9ac8b16332d46545c4",
      "current_sha256": null,
      "reason": "Retire confirmed-active-bug evaluation reports and grades; maintain retained evaluation references."
    },
    {
      "path": "experiments/nyt-complete-evaluation-2026-09-14/census/audit_45b8dfbac29a/reports/rel_175.md",
      "kind": "deleted",
      "previous_sha256": "cb282543b3538040a862d845beab8a1bc50a714ab62a409dbaab8a6ed65c5744",
      "current_sha256": null,
      "reason": "Retire confirmed-active-bug evaluation reports and grades; maintain retained evaluation references."
    },
    {
      "path": "experiments/nyt-complete-evaluation-2026-09-14/census/audit_45b8dfbac29a/reports/rel_195.md",
      "kind": "deleted",
      "previous_sha256": "ca3e55e79ddb60e953e76ac97165d6e293973597126467e7d181d68451159201",
      "current_sha256": null,
      "reason": "Retire confirmed-active-bug evaluation reports and grades; maintain retained evaluation references."
    },
    {
      "path": "experiments/nyt-complete-evaluation-2026-09-14/census/audit_45b8dfbac29a/reports/rel_201.md",
      "kind": "deleted",
      "previous_sha256": "bff7b55d362dc6761ecf5c08e1b90a370b918b9ace01fb58ffb922b18cbd40e2",
      "current_sha256": null,
      "reason": "Retire confirmed-active-bug evaluation reports and grades; maintain retained evaluation references."
    },
    {
      "path": "experiments/nyt-complete-evaluation-2026-09-14/census/audit_45b8dfbac29a/reports/rel_202.md",
      "kind": "deleted",
      "previous_sha256": "281e651220bfabfd1b327ea6accaefd04ea76de5f62432cf43e698178e7e27fd",
      "current_sha256": null,
      "reason": "Retire confirmed-active-bug evaluation reports and grades; maintain retained evaluation references."
    },
    {
      "path": "experiments/nyt-complete-evaluation-2026-09-14/census/audit_45b8dfbac29a/reports/rel_224.md",
      "kind": "deleted",
      "previous_sha256": "d61826c39d6ce53c0517ce4a32bca32948cdb64ecf6ad0312ee1f4343354b901",
      "current_sha256": null,
      "reason": "Retire confirmed-active-bug evaluation reports and grades; maintain retained evaluation references."
    },
    {
      "path": "experiments/nyt-complete-evaluation-2026-09-14/census/audit_45b8dfbac29a/reports/rel_286.md",
      "kind": "deleted",
      "previous_sha256": "eb1a8e1c00cc38fcd4b56556f33f00aea621591611ac9d73077dd52fd5de747e",
      "current_sha256": null,
      "reason": "Retire confirmed-active-bug evaluation reports and grades; maintain retained evaluation references."
    },
    {
      "path": "experiments/nyt-complete-evaluation-2026-09-14/census/audit_45b8dfbac29a/reports/rel_294.md",
      "kind": "deleted",
      "previous_sha256": "91d4a0fbfeb412e0390d43017eac5ee1a31e659717dc1ea49854cf9c7cbed0a1",
      "current_sha256": null,
      "reason": "Retire confirmed-active-bug evaluation reports and grades; maintain retained evaluation references."
    },
    {
      "path": "experiments/nyt-complete-evaluation-2026-09-14/census/audit_45b8dfbac29a/reports/rel_329.md",
      "kind": "deleted",
      "previous_sha256": "e4c7984872033da2d3916a67f91ac9dd93cf74fb2dc62812e3d4e9047c31aeac",
      "current_sha256": null,
      "reason": "Retire confirmed-active-bug evaluation reports and grades; maintain retained evaluation references."
    },
    {
      "path": "experiments/nyt-complete-evaluation-2026-09-14/census/audit_45b8dfbac29a/reports/rel_330.md",
      "kind": "deleted",
      "previous_sha256": "e76b66571b7caf6cf4ba233ad61c0fbff7629e72646fdbd6308693a894537fcb",
      "current_sha256": null,
      "reason": "Retire confirmed-active-bug evaluation reports and grades; maintain retained evaluation references."
    },
    {
      "path": "experiments/nyt-complete-evaluation-2026-09-14/census/audit_45b8dfbac29a/reports/rel_340.md",
      "kind": "deleted",
      "previous_sha256": "3ab2d5bf5ef2c400f9be860fbc39416ba5113b630878fbf93d3606a4b2f66d0c",
      "current_sha256": null,
      "reason": "Retire confirmed-active-bug evaluation reports and grades; maintain retained evaluation references."
    },
    {
      "path": "experiments/nyt-complete-evaluation-2026-09-14/census/audit_45b8dfbac29a/reports/rel_361.md",
      "kind": "deleted",
      "previous_sha256": "27a93dac8e4463ff96aa677b399f29198e4e66d5c491f008d78347bfe6753b81",
      "current_sha256": null,
      "reason": "Retire confirmed-active-bug evaluation reports and grades; maintain retained evaluation references."
    },
    {
      "path": "experiments/nyt-complete-evaluation-2026-09-14/census/audit_45b8dfbac29a/reports/rel_393.md",
      "kind": "deleted",
      "previous_sha256": "bf530b6bf182a0895a3b0786128832fb9cc1471568ae177fb59cb4a742e3adb1",
      "current_sha256": null,
      "reason": "Retire confirmed-active-bug evaluation reports and grades; maintain retained evaluation references."
    },
    {
      "path": "experiments/nyt-complete-evaluation-2026-09-14/census/audit_45b8dfbac29a/reports/rel_7.md",
      "kind": "deleted",
      "previous_sha256": "549f4f78430bade3da2e9f074d3024f2c17bb285fac097781146ad0e8caf5f5a",
      "current_sha256": null,
      "reason": "Retire confirmed-active-bug evaluation reports and grades; maintain retained evaluation references."
    },
    {
      "path": "experiments/nyt-complete-evaluation-2026-09-14/census/audit_45b8dfbac29a/reports/rel_80.md",
      "kind": "deleted",
      "previous_sha256": "383962b690324c6a75333968f2dca211798aeb6bdf51e8d6ace25c1f4914b384",
      "current_sha256": null,
      "reason": "Retire confirmed-active-bug evaluation reports and grades; maintain retained evaluation references."
    },
    {
      "path": "experiments/nyt-complete-evaluation-2026-09-14/census/audit_7d6acecc7ec0/README.md",
      "kind": "modified",
      "previous_sha256": "7dea91450363452d711f6ddee7df368ff67303fb3714d044c1c8495e6aa69f16",
      "current_sha256": "6daf5fa4564599d304d2c17ad688a2223e8f7a409bd62bbdf549544565031c48",
      "reason": "Retire confirmed-active-bug evaluation reports and grades; maintain retained evaluation references."
    },
    {
      "path": "experiments/nyt-complete-evaluation-2026-09-14/census/audit_7d6acecc7ec0/annotations/rel_103.json",
      "kind": "deleted",
      "previous_sha256": "75ae97ad1b7fffc73d2df152b24cae94587a8627300b586b56ca4942d99688a3",
      "current_sha256": null,
      "reason": "Retire confirmed-active-bug evaluation reports and grades; maintain retained evaluation references."
    },
    {
      "path": "experiments/nyt-complete-evaluation-2026-09-14/census/audit_7d6acecc7ec0/annotations/rel_107.json",
      "kind": "deleted",
      "previous_sha256": "983f989a5d1ce7db71fe65bd81021bc87d5c17af14c78966fff200b0e6484066",
      "current_sha256": null,
      "reason": "Retire confirmed-active-bug evaluation reports and grades; maintain retained evaluation references."
    },
    {
      "path": "experiments/nyt-complete-evaluation-2026-09-14/census/audit_7d6acecc7ec0/annotations/rel_111.json",
      "kind": "deleted",
      "previous_sha256": "80b8ed4e76ad7fe9b24135fbcc678918733031147652c06e591c715a5c39c0e6",
      "current_sha256": null,
      "reason": "Retire confirmed-active-bug evaluation reports and grades; maintain retained evaluation references."
    },
    {
      "path": "experiments/nyt-complete-evaluation-2026-09-14/census/audit_7d6acecc7ec0/annotations/rel_119.json",
      "kind": "deleted",
      "previous_sha256": "5c2ec78eb730db6be91a35434a8889a5090de7aaed4de47ccc1212005751b8ee",
      "current_sha256": null,
      "reason": "Retire confirmed-active-bug evaluation reports and grades; maintain retained evaluation references."
    },
    {
      "path": "experiments/nyt-complete-evaluation-2026-09-14/census/audit_7d6acecc7ec0/annotations/rel_157.json",
      "kind": "deleted",
      "previous_sha256": "012991d53f82153ff570ec0e22fcab9039148b30bef1a34938c592104e83a757",
      "current_sha256": null,
      "reason": "Retire confirmed-active-bug evaluation reports and grades; maintain retained evaluation references."
    },
    {
      "path": "experiments/nyt-complete-evaluation-2026-09-14/census/audit_7d6acecc7ec0/annotations/rel_169.json",
      "kind": "deleted",
      "previous_sha256": "c2a6c65df943a8197be0b4eebe7762312fb965eb7b4135e59a0637588a086b2d",
      "current_sha256": null,
      "reason": "Retire confirmed-active-bug evaluation reports and grades; maintain retained evaluation references."
    },
    {
      "path": "experiments/nyt-complete-evaluation-2026-09-14/census/audit_7d6acecc7ec0/annotations/rel_192.json",
      "kind": "deleted",
      "previous_sha256": "f2a68f37758cc47e65e29e169feebf3271c6268ccc1c38633598a9ba1067d1ae",
      "current_sha256": null,
      "reason": "Retire confirmed-active-bug evaluation reports and grades; maintain retained evaluation references."
    },
    {
      "path": "experiments/nyt-complete-evaluation-2026-09-14/census/audit_7d6acecc7ec0/annotations/rel_2.json",
      "kind": "deleted",
      "previous_sha256": "621c790238c1d3e72ce3297992d8e0e9d2f9e5fee8f212e10e9449c38cd4064f",
      "current_sha256": null,
      "reason": "Retire confirmed-active-bug evaluation reports and grades; maintain retained evaluation references."
    },
    {
      "path": "experiments/nyt-complete-evaluation-2026-09-14/census/audit_7d6acecc7ec0/annotations/rel_210.json",
      "kind": "deleted",
      "previous_sha256": "6e4c6c0ed9da364f7d5b0e312b8f9633d5cc3fbc92928c4234461a8a464860d0",
      "current_sha256": null,
      "reason": "Retire confirmed-active-bug evaluation reports and grades; maintain retained evaluation references."
    },
    {
      "path": "experiments/nyt-complete-evaluation-2026-09-14/census/audit_7d6acecc7ec0/annotations/rel_218.json",
      "kind": "deleted",
      "previous_sha256": "e1210aaba317e41adb9d2855f44e6fb8d7aaaaf16d833da08bdea87bac351d0b",
      "current_sha256": null,
      "reason": "Retire confirmed-active-bug evaluation reports and grades; maintain retained evaluation references."
    },
    {
      "path": "experiments/nyt-complete-evaluation-2026-09-14/census/audit_7d6acecc7ec0/annotations/rel_220.json",
      "kind": "deleted",
      "previous_sha256": "d0c26328dc71411a827e80cd50db324913c56a0441e4e0bd5fa9b0ea4476e0f7",
      "current_sha256": null,
      "reason": "Retire confirmed-active-bug evaluation reports and grades; maintain retained evaluation references."
    },
    {
      "path": "experiments/nyt-complete-evaluation-2026-09-14/census/audit_7d6acecc7ec0/annotations/rel_236.json",
      "kind": "deleted",
      "previous_sha256": "858bfa5214edb7e68c2f34415bde44744a7bc49d59e1fa0a10da80e48de97425",
      "current_sha256": null,
      "reason": "Retire confirmed-active-bug evaluation reports and grades; maintain retained evaluation references."
    },
    {
      "path": "experiments/nyt-complete-evaluation-2026-09-14/census/audit_7d6acecc7ec0/annotations/rel_242.json",
      "kind": "deleted",
      "previous_sha256": "12bfc10c65432dd4b078821ee8ae331e7e62a2f490b067da47975b6227e4d327",
      "current_sha256": null,
      "reason": "Retire confirmed-active-bug evaluation reports and grades; maintain retained evaluation references."
    },
    {
      "path": "experiments/nyt-complete-evaluation-2026-09-14/census/audit_7d6acecc7ec0/annotations/rel_284.json",
      "kind": "deleted",
      "previous_sha256": "e11fd148d4c314062103370fdb34ef886797df2653c85a49bcd85b8f796dd198",
      "current_sha256": null,
      "reason": "Retire confirmed-active-bug evaluation reports and grades; maintain retained evaluation references."
    },
    {
      "path": "experiments/nyt-complete-evaluation-2026-09-14/census/audit_7d6acecc7ec0/annotations/rel_306.json",
      "kind": "deleted",
      "previous_sha256": "1ff4f96a660c9da25a8b28943eabd9ff4742117cb8a219ee124ad9391d6361c5",
      "current_sha256": null,
      "reason": "Retire confirmed-active-bug evaluation reports and grades; maintain retained evaluation references."
    },
    {
      "path": "experiments/nyt-complete-evaluation-2026-09-14/census/audit_7d6acecc7ec0/annotations/rel_307.json",
      "kind": "deleted",
      "previous_sha256": "3d5add6f29cc7e00b47502f3afea8cc86ffe97f25d19c82ca67f959ed7340f3c",
      "current_sha256": null,
      "reason": "Retire confirmed-active-bug evaluation reports and grades; maintain retained evaluation references."
    },
    {
      "path": "experiments/nyt-complete-evaluation-2026-09-14/census/audit_7d6acecc7ec0/annotations/rel_344.json",
      "kind": "deleted",
      "previous_sha256": "ab62289f5325f202fd343a89a1311289db101bd5f37e1310b228c138fe01cb4d",
      "current_sha256": null,
      "reason": "Retire confirmed-active-bug evaluation reports and grades; maintain retained evaluation references."
    },
    {
      "path": "experiments/nyt-complete-evaluation-2026-09-14/census/audit_7d6acecc7ec0/annotations/rel_363.json",
      "kind": "deleted",
      "previous_sha256": "e0dfe0325ba9765fed3a9480da3252535a5fe78db08657d0716b1b9db65568e3",
      "current_sha256": null,
      "reason": "Retire confirmed-active-bug evaluation reports and grades; maintain retained evaluation references."
    },
    {
      "path": "experiments/nyt-complete-evaluation-2026-09-14/census/audit_7d6acecc7ec0/annotations/rel_386.json",
      "kind": "deleted",
      "previous_sha256": "55f00934004e48591087809bc7812d878aadb9ff0e7b6714f9103cb42e2deb16",
      "current_sha256": null,
      "reason": "Retire confirmed-active-bug evaluation reports and grades; maintain retained evaluation references."
    },
    {
      "path": "experiments/nyt-complete-evaluation-2026-09-14/census/audit_7d6acecc7ec0/annotations/rel_43.json",
      "kind": "deleted",
      "previous_sha256": "16025a76cfabae47d3723b4698d87496ac3f6823b8c9616a01c24a5fd7d549ee",
      "current_sha256": null,
      "reason": "Retire confirmed-active-bug evaluation reports and grades; maintain retained evaluation references."
    },
    {
      "path": "experiments/nyt-complete-evaluation-2026-09-14/census/audit_7d6acecc7ec0/assessment.json",
      "kind": "deleted",
      "previous_sha256": "66d4c9b53e45b4979d8e2f3a8475e58306ddcbf785d130e0934b3f5ff8755e0c",
      "current_sha256": null,
      "reason": "Retire confirmed-active-bug evaluation reports and grades; maintain retained evaluation references."
    },
    {
      "path": "experiments/nyt-complete-evaluation-2026-09-14/census/audit_7d6acecc7ec0/assessment.md",
      "kind": "deleted",
      "previous_sha256": "e04167c33ccac9c20c998debd2833a5e354dc37095f5d76081738349e8c5ed2d",
      "current_sha256": null,
      "reason": "Retire confirmed-active-bug evaluation reports and grades; maintain retained evaluation references."
    },
    {
      "path": "experiments/nyt-complete-evaluation-2026-09-14/census/audit_7d6acecc7ec0/human_review.json",
      "kind": "deleted",
      "previous_sha256": "7be425ace333cb907384b0137a1b502686ea2c0929dc256f43b7d545a222eede",
      "current_sha256": null,
      "reason": "Retire confirmed-active-bug evaluation reports and grades; maintain retained evaluation references."
    },
    {
      "path": "experiments/nyt-complete-evaluation-2026-09-14/census/audit_7d6acecc7ec0/prior_annotations/rel_103.json",
      "kind": "deleted",
      "previous_sha256": "d62f98cbfc397e48780c5f77a304d7b92cb4c63304b7246df4aa1938321f8f45",
      "current_sha256": null,
      "reason": "Retire confirmed-active-bug evaluation reports and grades; maintain retained evaluation references."
    },
    {
      "path": "experiments/nyt-complete-evaluation-2026-09-14/census/audit_7d6acecc7ec0/prior_annotations/rel_107.json",
      "kind": "deleted",
      "previous_sha256": "ad09ba4bb2a15bf83cd5c0b2a7c12b160dc651939c88bb77026f4889f8b6f29e",
      "current_sha256": null,
      "reason": "Retire confirmed-active-bug evaluation reports and grades; maintain retained evaluation references."
    },
    {
      "path": "experiments/nyt-complete-evaluation-2026-09-14/census/audit_7d6acecc7ec0/prior_annotations/rel_111.json",
      "kind": "deleted",
      "previous_sha256": "5a5b731e516dd2bd84c981e47842e84a38d049edf2d55f583c43c185c244046b",
      "current_sha256": null,
      "reason": "Retire confirmed-active-bug evaluation reports and grades; maintain retained evaluation references."
    },
    {
      "path": "experiments/nyt-complete-evaluation-2026-09-14/census/audit_7d6acecc7ec0/prior_annotations/rel_119.json",
      "kind": "deleted",
      "previous_sha256": "eaa9b67aa25671bb87919b8d060b88e15a023f620d198bbe9beb5a9afd493b72",
      "current_sha256": null,
      "reason": "Retire confirmed-active-bug evaluation reports and grades; maintain retained evaluation references."
    },
    {
      "path": "experiments/nyt-complete-evaluation-2026-09-14/census/audit_7d6acecc7ec0/prior_annotations/rel_157.json",
      "kind": "deleted",
      "previous_sha256": "ef0e6b050ff920f8867bea73bcaf73fa99bc156273e4c63708fbd4ae3d61df57",
      "current_sha256": null,
      "reason": "Retire confirmed-active-bug evaluation reports and grades; maintain retained evaluation references."
    },
    {
      "path": "experiments/nyt-complete-evaluation-2026-09-14/census/audit_7d6acecc7ec0/prior_annotations/rel_169.json",
      "kind": "deleted",
      "previous_sha256": "6f4d9a54d5d58b5f00d17e842937617bcba1989ac151d1f6234361090e265952",
      "current_sha256": null,
      "reason": "Retire confirmed-active-bug evaluation reports and grades; maintain retained evaluation references."
    },
    {
      "path": "experiments/nyt-complete-evaluation-2026-09-14/census/audit_7d6acecc7ec0/prior_annotations/rel_192.json",
      "kind": "deleted",
      "previous_sha256": "5656fe14b4449847813ea8b6b9110083789cdf0e5819ff96115b492ce5e531e6",
      "current_sha256": null,
      "reason": "Retire confirmed-active-bug evaluation reports and grades; maintain retained evaluation references."
    },
    {
      "path": "experiments/nyt-complete-evaluation-2026-09-14/census/audit_7d6acecc7ec0/prior_annotations/rel_2.json",
      "kind": "deleted",
      "previous_sha256": "f02331b63b5eae35b93466a264b50545f4845217efcd10a3e461f9e8c1ec7d6b",
      "current_sha256": null,
      "reason": "Retire confirmed-active-bug evaluation reports and grades; maintain retained evaluation references."
    },
    {
      "path": "experiments/nyt-complete-evaluation-2026-09-14/census/audit_7d6acecc7ec0/prior_annotations/rel_210.json",
      "kind": "deleted",
      "previous_sha256": "2a23f7be9d606c61bccbc72f88d675afb3d902fb69fe941a0c5cb4dee05f4206",
      "current_sha256": null,
      "reason": "Retire confirmed-active-bug evaluation reports and grades; maintain retained evaluation references."
    },
    {
      "path": "experiments/nyt-complete-evaluation-2026-09-14/census/audit_7d6acecc7ec0/prior_annotations/rel_218.json",
      "kind": "deleted",
      "previous_sha256": "28bd47f067e0a30d823b002a87acbc7333c43edff7a01ef32209377360dddcd1",
      "current_sha256": null,
      "reason": "Retire confirmed-active-bug evaluation reports and grades; maintain retained evaluation references."
    },
    {
      "path": "experiments/nyt-complete-evaluation-2026-09-14/census/audit_7d6acecc7ec0/prior_annotations/rel_220.json",
      "kind": "deleted",
      "previous_sha256": "7e146ca0e77596ddb2f74e004359378d1d9fc824c5a57b7aaabda552bfc7d0ce",
      "current_sha256": null,
      "reason": "Retire confirmed-active-bug evaluation reports and grades; maintain retained evaluation references."
    },
    {
      "path": "experiments/nyt-complete-evaluation-2026-09-14/census/audit_7d6acecc7ec0/prior_annotations/rel_236.json",
      "kind": "deleted",
      "previous_sha256": "c3d0b8297f3f88d05d661448519617bc436937307deef5a05e441f99a35f4900",
      "current_sha256": null,
      "reason": "Retire confirmed-active-bug evaluation reports and grades; maintain retained evaluation references."
    },
    {
      "path": "experiments/nyt-complete-evaluation-2026-09-14/census/audit_7d6acecc7ec0/prior_annotations/rel_242.json",
      "kind": "deleted",
      "previous_sha256": "e0b2da38cc723afd0ee7b88615bd20bc4d18e1e8fd779392b7c4662e79775f61",
      "current_sha256": null,
      "reason": "Retire confirmed-active-bug evaluation reports and grades; maintain retained evaluation references."
    },
    {
      "path": "experiments/nyt-complete-evaluation-2026-09-14/census/audit_7d6acecc7ec0/prior_annotations/rel_284.json",
      "kind": "deleted",
      "previous_sha256": "29bf1ad03512b8219694f16029d12ab4b38a564aaac4534a8ba583bae23669ea",
      "current_sha256": null,
      "reason": "Retire confirmed-active-bug evaluation reports and grades; maintain retained evaluation references."
    },
    {
      "path": "experiments/nyt-complete-evaluation-2026-09-14/census/audit_7d6acecc7ec0/prior_annotations/rel_306.json",
      "kind": "deleted",
      "previous_sha256": "8ef88a4795afcdd10d4e38250cc6ddc428ee703271928080c6f359a68fd179da",
      "current_sha256": null,
      "reason": "Retire confirmed-active-bug evaluation reports and grades; maintain retained evaluation references."
    },
    {
      "path": "experiments/nyt-complete-evaluation-2026-09-14/census/audit_7d6acecc7ec0/prior_annotations/rel_307.json",
      "kind": "deleted",
      "previous_sha256": "cd1ce977a0f3b78ac5ee46ea8240076a1cbc77fe2f12326c050d3d3db4e31e06",
      "current_sha256": null,
      "reason": "Retire confirmed-active-bug evaluation reports and grades; maintain retained evaluation references."
    },
    {
      "path": "experiments/nyt-complete-evaluation-2026-09-14/census/audit_7d6acecc7ec0/prior_annotations/rel_344.json",
      "kind": "deleted",
      "previous_sha256": "f88931cbe17b86557d3f905a2eaf1f72022b3a3f6d3f6d17945b8f82dce0b5ff",
      "current_sha256": null,
      "reason": "Retire confirmed-active-bug evaluation reports and grades; maintain retained evaluation references."
    },
    {
      "path": "experiments/nyt-complete-evaluation-2026-09-14/census/audit_7d6acecc7ec0/prior_annotations/rel_363.json",
      "kind": "deleted",
      "previous_sha256": "caab8f96556a1b2090c47ca2034c8b81608d9730691deffe79ffaba1a5227c17",
      "current_sha256": null,
      "reason": "Retire confirmed-active-bug evaluation reports and grades; maintain retained evaluation references."
    },
    {
      "path": "experiments/nyt-complete-evaluation-2026-09-14/census/audit_7d6acecc7ec0/prior_annotations/rel_386.json",
      "kind": "deleted",
      "previous_sha256": "74ee5b6f5e3945009085df70a65575fad3d65a97dc57fc74067a4b3977239103",
      "current_sha256": null,
      "reason": "Retire confirmed-active-bug evaluation reports and grades; maintain retained evaluation references."
    },
    {
      "path": "experiments/nyt-complete-evaluation-2026-09-14/census/audit_7d6acecc7ec0/prior_annotations/rel_43.json",
      "kind": "deleted",
      "previous_sha256": "a12b3c10176a2fd5bd75dd88eedf4de5210c7f2913fbe086f5e170f0206c1e5e",
      "current_sha256": null,
      "reason": "Retire confirmed-active-bug evaluation reports and grades; maintain retained evaluation references."
    },
    {
      "path": "experiments/nyt-complete-evaluation-2026-09-14/census/audit_7d6acecc7ec0/relations/rel_103.md",
      "kind": "deleted",
      "previous_sha256": "95237ffa00119fe01fc2176f1b10f9c561488f8e8c5e0c4ad68b9d6526bb51a2",
      "current_sha256": null,
      "reason": "Retire confirmed-active-bug evaluation reports and grades; maintain retained evaluation references."
    },
    {
      "path": "experiments/nyt-complete-evaluation-2026-09-14/census/audit_7d6acecc7ec0/relations/rel_107.md",
      "kind": "deleted",
      "previous_sha256": "af4714e2de529faea9ec6255ee2c9aaf52a5e51696698991201f08e77ea1cc1b",
      "current_sha256": null,
      "reason": "Retire confirmed-active-bug evaluation reports and grades; maintain retained evaluation references."
    },
    {
      "path": "experiments/nyt-complete-evaluation-2026-09-14/census/audit_7d6acecc7ec0/relations/rel_111.md",
      "kind": "deleted",
      "previous_sha256": "12d9173aee4ff99797f26373a193f8e19c8b24e16c2ced705bf732fbfbaf8524",
      "current_sha256": null,
      "reason": "Retire confirmed-active-bug evaluation reports and grades; maintain retained evaluation references."
    },
    {
      "path": "experiments/nyt-complete-evaluation-2026-09-14/census/audit_7d6acecc7ec0/relations/rel_119.md",
      "kind": "deleted",
      "previous_sha256": "6341814b5ded49a05eb86c4bd3c1ffc24d31c92ee7e3b179dffc83e81875fbe5",
      "current_sha256": null,
      "reason": "Retire confirmed-active-bug evaluation reports and grades; maintain retained evaluation references."
    },
    {
      "path": "experiments/nyt-complete-evaluation-2026-09-14/census/audit_7d6acecc7ec0/relations/rel_157.md",
      "kind": "deleted",
      "previous_sha256": "ed40194bbb534f7048143c336fc8584cb277eb9bce233810e04a2b6aa69d9a13",
      "current_sha256": null,
      "reason": "Retire confirmed-active-bug evaluation reports and grades; maintain retained evaluation references."
    },
    {
      "path": "experiments/nyt-complete-evaluation-2026-09-14/census/audit_7d6acecc7ec0/relations/rel_169.md",
      "kind": "deleted",
      "previous_sha256": "63dab01757679270baa49409cd03c5ac855db9c0e04585707f1776f3ce83aa4d",
      "current_sha256": null,
      "reason": "Retire confirmed-active-bug evaluation reports and grades; maintain retained evaluation references."
    },
    {
      "path": "experiments/nyt-complete-evaluation-2026-09-14/census/audit_7d6acecc7ec0/relations/rel_192.md",
      "kind": "deleted",
      "previous_sha256": "06bf91f711edd9df48d4387aad4f9ad413c06ce8c5714fdd5498ed335a52a371",
      "current_sha256": null,
      "reason": "Retire confirmed-active-bug evaluation reports and grades; maintain retained evaluation references."
    },
    {
      "path": "experiments/nyt-complete-evaluation-2026-09-14/census/audit_7d6acecc7ec0/relations/rel_2.md",
      "kind": "deleted",
      "previous_sha256": "0ce755050bf2097a06ef86e0a4c1fdd8f6afd2e89f5053e6cc68ac1ff2fc5bee",
      "current_sha256": null,
      "reason": "Retire confirmed-active-bug evaluation reports and grades; maintain retained evaluation references."
    },
    {
      "path": "experiments/nyt-complete-evaluation-2026-09-14/census/audit_7d6acecc7ec0/relations/rel_210.md",
      "kind": "deleted",
      "previous_sha256": "085cb61a851795ef62db2199d11f9e527a6bf0d253a86598faaddde30fd662ee",
      "current_sha256": null,
      "reason": "Retire confirmed-active-bug evaluation reports and grades; maintain retained evaluation references."
    },
    {
      "path": "experiments/nyt-complete-evaluation-2026-09-14/census/audit_7d6acecc7ec0/relations/rel_218.md",
      "kind": "deleted",
      "previous_sha256": "971ead10b5b8c13d8cde2c891065bee4ffd1aaada075f36eaa185f1948855035",
      "current_sha256": null,
      "reason": "Retire confirmed-active-bug evaluation reports and grades; maintain retained evaluation references."
    },
    {
      "path": "experiments/nyt-complete-evaluation-2026-09-14/census/audit_7d6acecc7ec0/relations/rel_220.md",
      "kind": "deleted",
      "previous_sha256": "9f8e1d6bca51498e99d003817c0729ea9623d468c2f03a6ae1182ffb6e38aaa4",
      "current_sha256": null,
      "reason": "Retire confirmed-active-bug evaluation reports and grades; maintain retained evaluation references."
    },
    {
      "path": "experiments/nyt-complete-evaluation-2026-09-14/census/audit_7d6acecc7ec0/relations/rel_236.md",
      "kind": "deleted",
      "previous_sha256": "0a16ed8544d4c6d778d8839c503382a52103e4f637edda1f318ce700c1c4480c",
      "current_sha256": null,
      "reason": "Retire confirmed-active-bug evaluation reports and grades; maintain retained evaluation references."
    },
    {
      "path": "experiments/nyt-complete-evaluation-2026-09-14/census/audit_7d6acecc7ec0/relations/rel_242.md",
      "kind": "deleted",
      "previous_sha256": "06a58508c0ca16c3cbb69e3f116d68551f2f272cede9ba7612159d80f85c70e0",
      "current_sha256": null,
      "reason": "Retire confirmed-active-bug evaluation reports and grades; maintain retained evaluation references."
    },
    {
      "path": "experiments/nyt-complete-evaluation-2026-09-14/census/audit_7d6acecc7ec0/relations/rel_284.md",
      "kind": "deleted",
      "previous_sha256": "3bc31abcd69887f557e5a03c56df1bf0f147f52e6625997614a187a894f6f4d9",
      "current_sha256": null,
      "reason": "Retire confirmed-active-bug evaluation reports and grades; maintain retained evaluation references."
    },
    {
      "path": "experiments/nyt-complete-evaluation-2026-09-14/census/audit_7d6acecc7ec0/relations/rel_306.md",
      "kind": "deleted",
      "previous_sha256": "494574a18119bbb2d1d12deecc40c92c1b5179f0aa973b632353deebea471d62",
      "current_sha256": null,
      "reason": "Retire confirmed-active-bug evaluation reports and grades; maintain retained evaluation references."
    },
    {
      "path": "experiments/nyt-complete-evaluation-2026-09-14/census/audit_7d6acecc7ec0/relations/rel_307.md",
      "kind": "deleted",
      "previous_sha256": "476f437c475007b2ff55270466c7979150f0ea4a210e6a3444d22b5f6da1a33b",
      "current_sha256": null,
      "reason": "Retire confirmed-active-bug evaluation reports and grades; maintain retained evaluation references."
    },
    {
      "path": "experiments/nyt-complete-evaluation-2026-09-14/census/audit_7d6acecc7ec0/relations/rel_344.md",
      "kind": "deleted",
      "previous_sha256": "318ad53e9d77361bfe640d65d3f849654ab303a1a0acca8126442c46ba6f7b56",
      "current_sha256": null,
      "reason": "Retire confirmed-active-bug evaluation reports and grades; maintain retained evaluation references."
    },
    {
      "path": "experiments/nyt-complete-evaluation-2026-09-14/census/audit_7d6acecc7ec0/relations/rel_363.md",
      "kind": "deleted",
      "previous_sha256": "5d798184fe1f596719ba22603d0d2284a53d7727853a5c5321f76a05c342d557",
      "current_sha256": null,
      "reason": "Retire confirmed-active-bug evaluation reports and grades; maintain retained evaluation references."
    },
    {
      "path": "experiments/nyt-complete-evaluation-2026-09-14/census/audit_7d6acecc7ec0/relations/rel_386.md",
      "kind": "deleted",
      "previous_sha256": "82f33e0e4ca7245a6b435046714f55f25b572148b3cfcf3906cc95d0ec49ff45",
      "current_sha256": null,
      "reason": "Retire confirmed-active-bug evaluation reports and grades; maintain retained evaluation references."
    },
    {
      "path": "experiments/nyt-complete-evaluation-2026-09-14/census/audit_7d6acecc7ec0/relations/rel_43.md",
      "kind": "deleted",
      "previous_sha256": "5228412fef038f409b4b5520e51681e6deca9b496bf1af60e67f6b0a97e7dcb8",
      "current_sha256": null,
      "reason": "Retire confirmed-active-bug evaluation reports and grades; maintain retained evaluation references."
    },
    {
      "path": "experiments/nyt-complete-evaluation-2026-09-14/census/audit_7d6acecc7ec0/reports/rel_103.md",
      "kind": "deleted",
      "previous_sha256": "046b7e1d1216c8bf9f861ad1fab252e1e930e44bd7d87f5e94ae425f691b172a",
      "current_sha256": null,
      "reason": "Retire confirmed-active-bug evaluation reports and grades; maintain retained evaluation references."
    },
    {
      "path": "experiments/nyt-complete-evaluation-2026-09-14/census/audit_7d6acecc7ec0/reports/rel_107.md",
      "kind": "deleted",
      "previous_sha256": "82abbab03779c2f2f254ee18c8a7a1c693da984524ddab1e04edb00ae65e706e",
      "current_sha256": null,
      "reason": "Retire confirmed-active-bug evaluation reports and grades; maintain retained evaluation references."
    },
    {
      "path": "experiments/nyt-complete-evaluation-2026-09-14/census/audit_7d6acecc7ec0/reports/rel_111.md",
      "kind": "deleted",
      "previous_sha256": "508c6b259cd809d07b0c2e536bc1fd03c31b524f54275ee32a6dd7f80460eed7",
      "current_sha256": null,
      "reason": "Retire confirmed-active-bug evaluation reports and grades; maintain retained evaluation references."
    },
    {
      "path": "experiments/nyt-complete-evaluation-2026-09-14/census/audit_7d6acecc7ec0/reports/rel_119.md",
      "kind": "deleted",
      "previous_sha256": "b0577a1966dfc08f4d00c42a9ded4abb9706f772a7564c1358bd385d80b0783e",
      "current_sha256": null,
      "reason": "Retire confirmed-active-bug evaluation reports and grades; maintain retained evaluation references."
    },
    {
      "path": "experiments/nyt-complete-evaluation-2026-09-14/census/audit_7d6acecc7ec0/reports/rel_157.md",
      "kind": "deleted",
      "previous_sha256": "c61a94f4eeea3c45e893f5a78d19dcc111995d935497a5316037a1cc222c11ae",
      "current_sha256": null,
      "reason": "Retire confirmed-active-bug evaluation reports and grades; maintain retained evaluation references."
    },
    {
      "path": "experiments/nyt-complete-evaluation-2026-09-14/census/audit_7d6acecc7ec0/reports/rel_169.md",
      "kind": "deleted",
      "previous_sha256": "81c31533536f3ff3e2f3fca1b6b6e0c29fbdad0067085c33fb6c40fec909444e",
      "current_sha256": null,
      "reason": "Retire confirmed-active-bug evaluation reports and grades; maintain retained evaluation references."
    },
    {
      "path": "experiments/nyt-complete-evaluation-2026-09-14/census/audit_7d6acecc7ec0/reports/rel_192.md",
      "kind": "deleted",
      "previous_sha256": "4345577ead00d6d88c24a18e3deffc4c9defc00b90b6c6a3cdf651d08041a882",
      "current_sha256": null,
      "reason": "Retire confirmed-active-bug evaluation reports and grades; maintain retained evaluation references."
    },
    {
      "path": "experiments/nyt-complete-evaluation-2026-09-14/census/audit_7d6acecc7ec0/reports/rel_2.md",
      "kind": "deleted",
      "previous_sha256": "c2fcc4970b4ba7df9c2dab4df89913d17fe4e24089dce99b5658e5fd257acf13",
      "current_sha256": null,
      "reason": "Retire confirmed-active-bug evaluation reports and grades; maintain retained evaluation references."
    },
    {
      "path": "experiments/nyt-complete-evaluation-2026-09-14/census/audit_7d6acecc7ec0/reports/rel_210.md",
      "kind": "deleted",
      "previous_sha256": "78d9c9f234300469b6bd21426206e9af7f26a24de6cc8e9378f8a0a641c7f6f5",
      "current_sha256": null,
      "reason": "Retire confirmed-active-bug evaluation reports and grades; maintain retained evaluation references."
    },
    {
      "path": "experiments/nyt-complete-evaluation-2026-09-14/census/audit_7d6acecc7ec0/reports/rel_218.md",
      "kind": "deleted",
      "previous_sha256": "98740bc9aeed299fa6b2e1370c7f8eb6bbb9ddf14c199a0a10ab0c67c1745515",
      "current_sha256": null,
      "reason": "Retire confirmed-active-bug evaluation reports and grades; maintain retained evaluation references."
    },
    {
      "path": "experiments/nyt-complete-evaluation-2026-09-14/census/audit_7d6acecc7ec0/reports/rel_220.md",
      "kind": "deleted",
      "previous_sha256": "77b5429e7d815192772e671acf691c1014694db2f06eb5862864d4ccf6d9f7c1",
      "current_sha256": null,
      "reason": "Retire confirmed-active-bug evaluation reports and grades; maintain retained evaluation references."
    },
    {
      "path": "experiments/nyt-complete-evaluation-2026-09-14/census/audit_7d6acecc7ec0/reports/rel_236.md",
      "kind": "deleted",
      "previous_sha256": "f87115816bf9b3d324584f48fb1521b4df91ed2801876870d82167037e0853d3",
      "current_sha256": null,
      "reason": "Retire confirmed-active-bug evaluation reports and grades; maintain retained evaluation references."
    },
    {
      "path": "experiments/nyt-complete-evaluation-2026-09-14/census/audit_7d6acecc7ec0/reports/rel_242.md",
      "kind": "deleted",
      "previous_sha256": "048a783419d5ab1e80b12c762bd869a356dd0b85bf54d73918b231125530c7c4",
      "current_sha256": null,
      "reason": "Retire confirmed-active-bug evaluation reports and grades; maintain retained evaluation references."
    },
    {
      "path": "experiments/nyt-complete-evaluation-2026-09-14/census/audit_7d6acecc7ec0/reports/rel_284.md",
      "kind": "deleted",
      "previous_sha256": "2ddc4af4380ab7ccb61ad8ecb75ca5b677b460b5fb739c4ac9af8e587c5032a5",
      "current_sha256": null,
      "reason": "Retire confirmed-active-bug evaluation reports and grades; maintain retained evaluation references."
    },
    {
      "path": "experiments/nyt-complete-evaluation-2026-09-14/census/audit_7d6acecc7ec0/reports/rel_306.md",
      "kind": "deleted",
      "previous_sha256": "dac7dfb92613b9118889b57a3153a338252ea5350d2bdbcf05f42fe26dde6bd2",
      "current_sha256": null,
      "reason": "Retire confirmed-active-bug evaluation reports and grades; maintain retained evaluation references."
    },
    {
      "path": "experiments/nyt-complete-evaluation-2026-09-14/census/audit_7d6acecc7ec0/reports/rel_307.md",
      "kind": "deleted",
      "previous_sha256": "1a349f7152b73d60f73fc4576519776080b97382d4f9f2ff24c7727a6f41a306",
      "current_sha256": null,
      "reason": "Retire confirmed-active-bug evaluation reports and grades; maintain retained evaluation references."
    },
    {
      "path": "experiments/nyt-complete-evaluation-2026-09-14/census/audit_7d6acecc7ec0/reports/rel_344.md",
      "kind": "deleted",
      "previous_sha256": "e144ba9d550140dacea04e4e7260d3b6a280d02e5d6062255ae3d110f8c3249d",
      "current_sha256": null,
      "reason": "Retire confirmed-active-bug evaluation reports and grades; maintain retained evaluation references."
    },
    {
      "path": "experiments/nyt-complete-evaluation-2026-09-14/census/audit_7d6acecc7ec0/reports/rel_363.md",
      "kind": "deleted",
      "previous_sha256": "077e06d4c766db161c94a95e906a03ba5f168c52d5d71693ea7ce6e02b3caaa9",
      "current_sha256": null,
      "reason": "Retire confirmed-active-bug evaluation reports and grades; maintain retained evaluation references."
    },
    {
      "path": "experiments/nyt-complete-evaluation-2026-09-14/census/audit_7d6acecc7ec0/reports/rel_386.md",
      "kind": "deleted",
      "previous_sha256": "65537092c0c2d43ef15a0ab87af8e47d612b3bae7192c92114ca87be9b7e12e1",
      "current_sha256": null,
      "reason": "Retire confirmed-active-bug evaluation reports and grades; maintain retained evaluation references."
    },
    {
      "path": "experiments/nyt-complete-evaluation-2026-09-14/census/audit_7d6acecc7ec0/reports/rel_43.md",
      "kind": "deleted",
      "previous_sha256": "8bcbd175acb07ef301f4aa961cb205bd4da2ca724fb47d41a8eb260a749b0e06",
      "current_sha256": null,
      "reason": "Retire confirmed-active-bug evaluation reports and grades; maintain retained evaluation references."
    },
    {
      "path": "experiments/nyt-complete-evaluation-2026-09-14/census_manifest.json",
      "kind": "modified",
      "previous_sha256": "a3d23cbd0f251ba23a5f5deb498b31fd382209df07c4327562ccf18e85292678",
      "current_sha256": "5ed2afd62450cfdd864ea14d383ac18054fce55148465ee02aef2fc2fe82f6bc",
      "reason": "Retire confirmed-active-bug evaluation reports and grades; maintain retained evaluation references."
    },
    {
      "path": "experiments/nyt-complete-evaluation-2026-09-14/comparison.json",
      "kind": "modified",
      "previous_sha256": "398be3f41471c7296cf0fe32b3e1850650c5a566dc2270a6ff8256fc49e6775a",
      "current_sha256": "0232bc8bc7c4a57658111bf6a3567981c7cbcb91690270c9def3c4b3dfc22f33",
      "reason": "Retire confirmed-active-bug evaluation reports and grades; maintain retained evaluation references."
    },
    {
      "path": "experiments/nyt-complete-evaluation-2026-09-14/comparison.md",
      "kind": "modified",
      "previous_sha256": "718776af805ab0a456cce84ac873fdaf3acdebb17f57500e085d4ab883165e7a",
      "current_sha256": "af9cb8c50c2886f8a635305434a858ba9a02c0823c49f63872d87e2342772f86",
      "reason": "Retire confirmed-active-bug evaluation reports and grades; maintain retained evaluation references."
    },
    {
      "path": "experiments/nyt-complete-evaluation-2026-09-14/judgment_changes.md",
      "kind": "modified",
      "previous_sha256": "f63b153fc356d12e70ff6de99e4fde3ea7ce39488eed30e143d599c1350321ee",
      "current_sha256": "05b1ff849365fe692d61f1c136a89a85ca6ea7006c0054a007e651acf261027e",
      "reason": "Retire confirmed-active-bug evaluation reports and grades; maintain retained evaluation references."
    },
    {
      "path": "experiments/nyt-complete-evaluation-2026-09-14/prior_comparison.json",
      "kind": "modified",
      "previous_sha256": "00e7ed1013bc880c17f819fc51d0706494fb0120234540c5c34cbfc553aadecc",
      "current_sha256": "134a4dbd8a0565c3c1540669a9ccca04b70aa21125400e302ca9c399e3e14060",
      "reason": "Retire confirmed-active-bug evaluation reports and grades; maintain retained evaluation references."
    },
    {
      "path": "experiments/nyt-complete-evaluation-2026-09-14/prior_comparison.md",
      "kind": "modified",
      "previous_sha256": "bbfef2ed47cfacffa9761d2518c50816d39abb11c76fa20dc656378ab26061da",
      "current_sha256": "b33bb50805464378a1dd2bf8748742ce81cd2509937a72d2715caaa3529722dd",
      "reason": "Retire confirmed-active-bug evaluation reports and grades; maintain retained evaluation references."
    },
    {
      "path": "experiments/nyt-complete-evaluation-2026-09-14/progress.json",
      "kind": "modified",
      "previous_sha256": "f5ff9970da5094d3ed0fcc7fde4b31748a32bc9a468da33570df51fb3a6ff438",
      "current_sha256": "b71617e0b23d0aca2f94b1c40e8c157c4fd6d48ebcd5bf32ecf7ab0db101dd38",
      "reason": "Retire confirmed-active-bug evaluation reports and grades; maintain retained evaluation references."
    },
    {
      "path": "experiments/nyt-complete-evaluation-2026-09-14/scripts/archive250_review_helpers.mjs",
      "kind": "modified",
      "previous_sha256": "f0f5f6c40595de564bc2174a33b8b72b43296971c51b2932090043156fd6c16f",
      "current_sha256": "40d4fda18a17007e3ba4280bdcc3aff49677206c70a2358bb014aea633429a02",
      "reason": "Authorized 2026-09-29 evaluation consolidation: shared maintained implementation, compatible callers and navigation; saved scientific evidence, judgments and results unchanged."
    },
    {
      "path": "experiments/nyt-complete-evaluation-2026-09-14/scripts/census_lib.mjs",
      "kind": "modified",
      "previous_sha256": "8d4ea2d29318b93e243fcc910420f11e193cb551a64d12b487093ed2d20051c6",
      "current_sha256": "8d2320c83fe1bb1d34d0f8fba24df6d46286d77686969d4596378b4c31b829a3",
      "reason": "Retire confirmed-active-bug evaluation reports and grades; maintain retained evaluation references. Authorized 2026-09-29 evaluation consolidation: shared maintained implementation, compatible callers and navigation; saved scientific evidence, judgments and results unchanged."
    },
    {
      "path": "experiments/nyt-complete-evaluation-2026-09-14/scripts/check_semantic_consistency.mjs",
      "kind": "modified",
      "previous_sha256": "2a3c6d90903ede05fd64f2f5f1f8500521095bcc600ab205db7d82b78f9d8731",
      "current_sha256": "b7990a9c572f77b87464d73ae8482c83b9d397bc4ea864398e8565422455d612",
      "reason": "Authorized 2026-09-29 evaluation consolidation: shared maintained implementation, compatible callers and navigation; saved scientific evidence, judgments and results unchanged."
    },
    {
      "path": "experiments/nyt-complete-evaluation-2026-09-14/scripts/entity_collision_flags.mjs",
      "kind": "modified",
      "previous_sha256": "77627fd4cadd56ad1f2d04b2e7bae6a0d6cc72e4c171d0773496afca41675d3b",
      "current_sha256": "da25aebacfdb70d97bf05385f847c584689d35be3d87ad9203bd720e9d087346",
      "reason": "Retire confirmed-active-bug evaluation reports and grades; maintain retained evaluation references. Authorized 2026-09-29 evaluation consolidation: shared maintained implementation, compatible callers and navigation; saved scientific evidence, judgments and results unchanged."
    },
    {
      "path": "experiments/nyt-complete-evaluation-2026-09-14/scripts/kernel_manual_helpers.mjs",
      "kind": "modified",
      "previous_sha256": "31060f506a32a0c115e6ee06ca58e3b8d24404d219bdc42031b3b8c043e8f66e",
      "current_sha256": "99ac54358656676da6895a16b1f223f1f3c14590f347939160caa553d1ecdfc5",
      "reason": "Authorized 2026-09-29 evaluation consolidation: shared maintained implementation, compatible callers and navigation; saved scientific evidence, judgments and results unchanged."
    },
    {
      "path": "experiments/nyt-complete-evaluation-2026-09-14/scripts/kernel_supplement_helpers.mjs",
      "kind": "modified",
      "previous_sha256": "23775f212d8e2dce6e9a5bf2dfd766dcb25017d73c9f01a4e7c3524d46e5eb32",
      "current_sha256": "b03e0611baacaea23e144ea7084156f82e2f316f464b9274d58dddeb35894972",
      "reason": "Authorized 2026-09-29 evaluation consolidation: shared maintained implementation, compatible callers and navigation; saved scientific evidence, judgments and results unchanged."
    },
    {
      "path": "experiments/nyt-complete-evaluation-2026-09-14/scripts/parse_map.mjs",
      "kind": "modified",
      "previous_sha256": "5d5056b8ef6ff4fe9db048380f0b1c00f46fbc928d7f36ed416f8188c83b3c41",
      "current_sha256": "33787c12c6de16574ef9c92c1b73e9f3742efa7616d852be9d4005b102b07147",
      "reason": "Authorized 2026-09-29 evaluation consolidation: shared maintained implementation, compatible callers and navigation; saved scientific evidence, judgments and results unchanged."
    },
    {
      "path": "experiments/nyt-complete-evaluation-2026-09-14/scripts/prepare_archive250.mjs",
      "kind": "modified",
      "previous_sha256": "5e42f91cd6ee07a7de5a36041b1f9d06c6f6ac7f377af46e28d1064c99094dec",
      "current_sha256": "f1b5cbff15433beb4735d765688dac7ff5b324f216d55de82e0ef94be3987466",
      "reason": "Authorized 2026-09-29 evaluation consolidation: shared maintained implementation, compatible callers and navigation; saved scientific evidence, judgments and results unchanged."
    },
    {
      "path": "experiments/nyt-complete-evaluation-2026-09-14/scripts/prepare_censuses.mjs",
      "kind": "modified",
      "previous_sha256": "54e95af414fc8e7cdc1e27b020f25326e00e907f6a7830629430fd427ca6ff05",
      "current_sha256": "0a58c5378c43802c68b4535e4c55b5462b47c98b8b2fa55d5848bd00008cf5ac",
      "reason": "Retire confirmed-active-bug evaluation reports and grades; maintain retained evaluation references. Authorized 2026-09-29 evaluation consolidation: shared maintained implementation, compatible callers and navigation; saved scientific evidence, judgments and results unchanged."
    },
    {
      "path": "experiments/nyt-complete-evaluation-2026-09-14/scripts/prepare_subsidiary_supplement.mjs",
      "kind": "deleted",
      "previous_sha256": "b83e1feb9ee139e02ce50b9f396fad9a08d4d23fd6e7aa72483e2689c36e9919",
      "current_sha256": null,
      "reason": "Retire confirmed-active-bug evaluation reports and grades; maintain retained evaluation references."
    },
    {
      "path": "experiments/nyt-complete-evaluation-2026-09-14/scripts/prior_comparisons.mjs",
      "kind": "modified",
      "previous_sha256": "bb2c5cc796b9c633f837e3a7e8a202ab55cf228d33e604a3dbe89df03b384281",
      "current_sha256": "e8521509da967ca0817ea344203000ff7d684699b30d24d28f641c60f37641a1",
      "reason": "Authorized 2026-09-29 evaluation consolidation: shared maintained implementation, compatible callers and navigation; saved scientific evidence, judgments and results unchanged."
    },
    {
      "path": "experiments/nyt-complete-evaluation-2026-09-14/scripts/report_censuses.mjs",
      "kind": "modified",
      "previous_sha256": "d412ca499aa8860dee255f5f788195e5cb8a08bbd7a9b076cfd7e40a4c1422d1",
      "current_sha256": "b9228fc4e8107bfeed60f6d3e489ab73ee5d51ecf5ece4e31496058006572a81",
      "reason": "Authorized 2026-09-29 evaluation consolidation: shared maintained implementation, compatible callers and navigation; saved scientific evidence, judgments and results unchanged."
    },
    {
      "path": "experiments/nyt-complete-evaluation-2026-09-14/scripts/review_batch.mjs",
      "kind": "modified",
      "previous_sha256": "58a16c644f82b8aebdfdc0e0e811836df898277d999919c26613c13f1f72a757",
      "current_sha256": "00450e1389c974abf5af49e3210d33516afe4e4170e2454685cf52d5c156b342",
      "reason": "Authorized 2026-09-29 evaluation consolidation: shared maintained implementation, compatible callers and navigation; saved scientific evidence, judgments and results unchanged."
    },
    {
      "path": "experiments/nyt-complete-evaluation-2026-09-14/scripts/review_indexed.mjs",
      "kind": "modified",
      "previous_sha256": "e30785dbc2bf4a1a12931b49f89c586318d34599bd9b8c64f390deff843c159e",
      "current_sha256": "2573381c5f47196dd090b016c643d297d540d8d9868e823effddd8a7462e0564",
      "reason": "Authorized 2026-09-29 evaluation consolidation: shared maintained implementation, compatible callers and navigation; saved scientific evidence, judgments and results unchanged."
    },
    {
      "path": "experiments/nyt-complete-evaluation-2026-09-14/scripts/root_manual_helpers.mjs",
      "kind": "modified",
      "previous_sha256": "1899c44075d4e38e43bbde2dbe54be674a79a4af38988b35a42c1d60be238240",
      "current_sha256": "fad5cd824a2313ea3406e684940e5550e67a40ed6460779ec1aaa014f4b24757",
      "reason": "Authorized 2026-09-29 evaluation consolidation: shared maintained implementation, compatible callers and navigation; saved scientific evidence, judgments and results unchanged."
    },
    {
      "path": "experiments/nyt-complete-evaluation-2026-09-14/scripts/root_print_review.mjs",
      "kind": "modified",
      "previous_sha256": "d74a7b014026c1335f79579d3302d98cd6869fff858e72654a55474da0e4b318",
      "current_sha256": "c14cc78d3f5ef486dd0c6433d7402da08f17b99a29875e44f61f1d305b18e896",
      "reason": "Authorized 2026-09-29 evaluation consolidation: shared maintained implementation, compatible callers and navigation; saved scientific evidence, judgments and results unchanged."
    },
    {
      "path": "experiments/nyt-complete-evaluation-2026-09-14/scripts/runner_manual_helpers.mjs",
      "kind": "modified",
      "previous_sha256": "10416f11173f5f154a32ca8e3030f2babf0e2df8b9895e174dd9027c1f9a18c3",
      "current_sha256": "615c99f9dbe8f72f5de1cb115cacf30e768737471c932ec6485f7196c4089ae4",
      "reason": "Authorized 2026-09-29 evaluation consolidation: shared maintained implementation, compatible callers and navigation; saved scientific evidence, judgments and results unchanged."
    },
    {
      "path": "experiments/nyt-complete-evaluation-2026-09-14/scripts/verify_preservation.mjs",
      "kind": "modified",
      "previous_sha256": "0f9bb493560a3d37b11a8e48106896a8c703ad69554baef8d42804c926aa0c10",
      "current_sha256": "fe5e347577fd6d5f890783c48485334d72b00d501db7f2ceba96a8f3092269aa",
      "reason": "Retire confirmed-active-bug evaluation reports and grades; maintain retained evaluation references."
    },
    {
      "path": "experiments/nyt-complete-evaluation-2026-09-14/scripts/verify_report_artifacts.mjs",
      "kind": "modified",
      "previous_sha256": "fe1750a9cbe76ab5fbe31ef7dfd5c180d1dad3fa22f6e701f38fded94f5743b3",
      "current_sha256": "5694415428c81e1d981e0a34caef1e1ae69abd1c11437eb5d5869b4cd68d7f43",
      "reason": "Retire confirmed-active-bug evaluation reports and grades; maintain retained evaluation references. Authorized 2026-09-29 evaluation consolidation: shared maintained implementation, compatible callers and navigation; saved scientific evidence, judgments and results unchanged."
    },
    {
      "path": "experiments/nyt-complete-evaluation-2026-09-14/scripts/verify_supplemental_sources.mjs",
      "kind": "modified",
      "previous_sha256": "c8bd9ae2cdc75015c4361f3f931a97f5f97e8065204e0719efbcdd6c85e7bfcc",
      "current_sha256": "647711ce420a31fdd31425781b6fe4f0de3d3985f5650e8282c6e88123f34bc6",
      "reason": "Retire confirmed-active-bug evaluation reports and grades; maintain retained evaluation references. Authorized 2026-09-29 evaluation consolidation: shared maintained implementation, compatible callers and navigation; saved scientific evidence, judgments and results unchanged."
    },
    {
      "path": "experiments/nyt-complete-evaluation-2026-09-14/supplemental/audit_original_subsidiary/README.md",
      "kind": "modified",
      "previous_sha256": "6b3919216f7b66907a88b2a49c4de8c2304ca826bed8930d1e9e0d77e42d3737",
      "current_sha256": "05409b10d21e53e33d3d4484c57bf80e6ab861621747ab7072fdefe3bf9fff25",
      "reason": "Retire confirmed-active-bug evaluation reports and grades; maintain retained evaluation references."
    },
    {
      "path": "experiments/nyt-complete-evaluation-2026-09-14/supplemental/audit_original_subsidiary/annotations/rel_80.json",
      "kind": "deleted",
      "previous_sha256": "082f09c99c67c30c9b88b372a7acd8ac305a1105a42ad567a24ac904b351a75d",
      "current_sha256": null,
      "reason": "Retire confirmed-active-bug evaluation reports and grades; maintain retained evaluation references."
    },
    {
      "path": "experiments/nyt-complete-evaluation-2026-09-14/supplemental/audit_original_subsidiary/assessment.json",
      "kind": "deleted",
      "previous_sha256": "d7f18cb77c00b8af7d4eeddd3a01ab522a717ef003d11bd1769a548daba1c869",
      "current_sha256": null,
      "reason": "Retire confirmed-active-bug evaluation reports and grades; maintain retained evaluation references."
    },
    {
      "path": "experiments/nyt-complete-evaluation-2026-09-14/supplemental/audit_original_subsidiary/assessment.md",
      "kind": "deleted",
      "previous_sha256": "0363c9501b89ac3ee4a6877e11d771c44ef17216d066af3ddaf19c34bcfa1a6d",
      "current_sha256": null,
      "reason": "Retire confirmed-active-bug evaluation reports and grades; maintain retained evaluation references."
    },
    {
      "path": "experiments/nyt-complete-evaluation-2026-09-14/supplemental/audit_original_subsidiary/human_review.json",
      "kind": "deleted",
      "previous_sha256": "bed189e9531f10d88877b7ff8d8a0274a3f806c034c1e90aef1151bcf2cfc3e1",
      "current_sha256": null,
      "reason": "Retire confirmed-active-bug evaluation reports and grades; maintain retained evaluation references."
    },
    {
      "path": "experiments/nyt-complete-evaluation-2026-09-14/supplemental/audit_original_subsidiary/relations/rel_80.md",
      "kind": "deleted",
      "previous_sha256": "5c3c3adeb8bed200544b6b418e24b467ddee2e5e9ebcaae447ff05d06b52ed63",
      "current_sha256": null,
      "reason": "Retire confirmed-active-bug evaluation reports and grades; maintain retained evaluation references."
    },
    {
      "path": "experiments/nyt-complete-evaluation-2026-09-14/supplemental/audit_original_subsidiary/reports/rel_80.md",
      "kind": "deleted",
      "previous_sha256": "e50afef407217996d4809b001d6045bd6946651f5eb655ae5c4150bd57885a9e",
      "current_sha256": null,
      "reason": "Retire confirmed-active-bug evaluation reports and grades; maintain retained evaluation references."
    },
    {
      "path": "experiments/nyt-latent-low-smoothing-2026-09-14/README.md",
      "kind": "modified",
      "previous_sha256": "52fd2ebdf2b2ec97c7eadc504066544bef63929db34d7bebbcbc8e5cb1d45304",
      "current_sha256": "74d37261d7ad4fb352874782207ae3802af9b27f8ae2e30629656c91f8d01771",
      "reason": "Authorized 2026-09-29 evaluation consolidation: shared maintained implementation, compatible callers and navigation; saved scientific evidence, judgments and results unchanged."
    },
    {
      "path": "experiments/nyt-latent-low-smoothing-2026-09-14/scripts/build_entity_variant.mjs",
      "kind": "modified",
      "previous_sha256": "97e04d8e24d317f29cdfbcf77d00dccc8b700fa876bc48e0434e1681a119110d",
      "current_sha256": "7a26e11490eace58168d538f26ee747514f93c35acf113ae5e605b1e06ec43a8",
      "reason": "Authorized canonical-sampler consolidation; documentation also reflects evaluation retirement where applicable."
    },
    {
      "path": "experiments/nyt-latent-low-smoothing-2026-09-14/scripts/build_review_index.mjs",
      "kind": "modified",
      "previous_sha256": "85b8d5268a35d8b484893696e02a2d5cf5726cfaf635f3171a3a77cdcbc7b061",
      "current_sha256": "f2b3fe48c40b0e3c100ba8427686b722edb981e9f5c6a8d6b802dfc6a886d38a",
      "reason": "Authorized 2026-09-29 evaluation consolidation: shared maintained implementation, compatible callers and navigation; saved scientific evidence, judgments and results unchanged."
    },
    {
      "path": "experiments/nyt-latent-low-smoothing-2026-09-14/scripts/prepare_manual_samples.mjs",
      "kind": "modified",
      "previous_sha256": "f04f4d63db13266883f9d8df1eac7f80e3cda4c1dc8293a036dfbc05806e54dc",
      "current_sha256": "3ad75b7739731f9f9f772347164a805d8a38b91b3d64af48439e4f14903fdd2a",
      "reason": "Authorized 2026-09-29 evaluation consolidation: shared maintained implementation, compatible callers and navigation; saved scientific evidence, judgments and results unchanged."
    },
    {
      "path": "experiments/nyt-latent-low-smoothing-2026-09-14/scripts/report_manual_samples.mjs",
      "kind": "modified",
      "previous_sha256": "68c6fd5acd914d1c3eb91ac9a819e5456bfa2b15282128b7bd42f4818b813309",
      "current_sha256": "b24078901e9ac00e52b4f1687c9da6e857d5ad791bb0bd8ebda86aaaf7b9a355",
      "reason": "Authorized 2026-09-29 evaluation consolidation: shared maintained implementation, compatible callers and navigation; saved scientific evidence, judgments and results unchanged."
    },
    {
      "path": "experiments/nyt-latent-low-smoothing-2026-09-14/scripts/run_entity_experiment.mjs",
      "kind": "modified",
      "previous_sha256": "39c480c77510a5dd52f2920f89f6c6ee7cd1374344cd5d24bf7941359d87b231",
      "current_sha256": "162d2c4620332d786e2860f829e445774aa2458b77558123ba6ef184fedf37bf",
      "reason": "Authorized canonical-sampler consolidation; documentation also reflects evaluation retirement where applicable."
    },
    {
      "path": "experiments/nyt-latent-low-smoothing-2026-09-14/scripts/summarize_results.mjs",
      "kind": "modified",
      "previous_sha256": "acd5b98d0ba4a973638154e68388f8968648755e63f8a6507905d36da581957d",
      "current_sha256": "d384549bd7a0edadb29879f2b1e5991d40ce7d0729f51642fc25988bdc35bdc8",
      "reason": "Authorized 2026-09-29 evaluation consolidation: shared maintained implementation, compatible callers and navigation; saved scientific evidence, judgments and results unchanged."
    },
    {
      "path": "experiments/nyt-precision-investigation-2026-09-12/README.md",
      "kind": "modified",
      "previous_sha256": "ef300c6f9355e89abaa2fa460ee60321b1176a4ec560bd53b46252efe014eb3a",
      "current_sha256": "469d4cfc484ae45ab69510bfe72759f625e67c36328db25dec2256989b78b03d",
      "reason": "Retire confirmed-active-bug evaluation reports and grades; maintain retained evaluation references. Authorized 2026-09-29 evaluation consolidation: shared maintained implementation, compatible callers and navigation; saved scientific evidence, judgments and results unchanged."
    },
    {
      "path": "experiments/nyt-precision-investigation-2026-09-12/analysis/ambiguities_for_user.md",
      "kind": "modified",
      "previous_sha256": "75d156d85c625f8fb5579427df8dfa238580967febd74565f4260802fa6f162a",
      "current_sha256": "9526428016674547aa34f6862109c77077c3ef1d33934542d065d8ca8efc5b3a",
      "reason": "Retire confirmed-active-bug evaluation reports and grades; maintain retained evaluation references."
    },
    {
      "path": "experiments/nyt-precision-investigation-2026-09-12/analysis/consistency_review.md",
      "kind": "modified",
      "previous_sha256": "637f56ac99294cf6b1035cece3248d9c1f096bf80034b2880e330f44efb25128",
      "current_sha256": "60769255da05e9b8bbabe5212c5095dde03894240165e2160609d6ac2cd6df98",
      "reason": "Retire confirmed-active-bug evaluation reports and grades; maintain retained evaluation references."
    },
    {
      "path": "experiments/nyt-precision-investigation-2026-09-12/analysis/corpus_audit.md",
      "kind": "modified",
      "previous_sha256": "6d89ac86ff8e40d2857101829c3ae16009f220ece43b79eeedfa712ce191ac5c",
      "current_sha256": "3601afb43d220f10b43342027cec7ad62a4f2a825e2a299052d9be81efaa1cb0",
      "reason": "Retire confirmed-active-bug evaluation reports and grades; maintain retained evaluation references."
    },
    {
      "path": "experiments/nyt-precision-investigation-2026-09-12/analysis/entity_multiplicity.md",
      "kind": "modified",
      "previous_sha256": "3ba1d39423d66106e867fbbf46667b235ab3b3fae52225ae06ae44092e4d0dd9",
      "current_sha256": "9aab4c728fc705433665b829748a3182e809cc8a83dc340bd0b795bdaa92563a",
      "reason": "Retire confirmed-active-bug evaluation reports and grades; maintain retained evaluation references."
    },
    {
      "path": "experiments/nyt-precision-investigation-2026-09-12/analysis/evaluation_sensitivity.json",
      "kind": "deleted",
      "previous_sha256": "f4e2bab893036013db33eacf0cd3d071c5102bb8fc81b9aff9a345f28e62817e",
      "current_sha256": null,
      "reason": "Retire confirmed-active-bug evaluation reports and grades; maintain retained evaluation references."
    },
    {
      "path": "experiments/nyt-precision-investigation-2026-09-12/analysis/evaluation_sensitivity.md",
      "kind": "deleted",
      "previous_sha256": "d16eb2a41d43b7c8e703f913453d9753e12abe8bc9cece2b1685c93667e8ec23",
      "current_sha256": null,
      "reason": "Retire confirmed-active-bug evaluation reports and grades; maintain retained evaluation references."
    },
    {
      "path": "experiments/nyt-precision-investigation-2026-09-12/analysis/experiment_design.md",
      "kind": "modified",
      "previous_sha256": "c41dd492b00d71158b70d208d76c9ac3dc8e7ed9e80f473a47f49f660d1d4e6b",
      "current_sha256": "06339804b599c6042984cb12606af720f9fb17f5bb4eba4ad1f5480a93e514eb",
      "reason": "Retire confirmed-active-bug evaluation reports and grades; maintain retained evaluation references."
    },
    {
      "path": "experiments/nyt-precision-investigation-2026-09-12/analysis/experiment_results.json",
      "kind": "modified",
      "previous_sha256": "b0a37f685e9a951f0713275bc251090ef90d4a4caa59515cdca7000f11d5748f",
      "current_sha256": "42a39a0062c85eb5a84d6f706ec4614ee92c19116e170b5a5a8417586d3714a7",
      "reason": "Retire confirmed-active-bug evaluation reports and grades; maintain retained evaluation references."
    },
    {
      "path": "experiments/nyt-precision-investigation-2026-09-12/analysis/experiment_results.md",
      "kind": "modified",
      "previous_sha256": "e3cb5c30f0ce553257ba6e02ca6a637ba8694d2a7bd068f6d9dd246cc097cb8c",
      "current_sha256": "05212bfeea92b9ce47bc0b1c42ba9db1655cb337237d1d72ff2c377ba92e487f",
      "reason": "Retire confirmed-active-bug evaluation reports and grades; maintain retained evaluation references."
    },
    {
      "path": "experiments/nyt-precision-investigation-2026-09-12/analysis/kernel_audit.md",
      "kind": "modified",
      "previous_sha256": "6d15a16ef422a2d6698556fa721e8382196d333c9327eb78023bbae5f305c16a",
      "current_sha256": "79f8f3b6ec2ae7538d8fc98a876b8a8eead8df063aaac0771213db53e259ca69",
      "reason": "Retire confirmed-active-bug evaluation reports and grades; maintain retained evaluation references."
    },
    {
      "path": "experiments/nyt-precision-investigation-2026-09-12/analysis/manual_reviewer_caveats.md",
      "kind": "modified",
      "previous_sha256": "61e7badb79e84db4d6201cff5bb0cb3a166977bc7c2c054788885cf58eaefd63",
      "current_sha256": "35a77877c5a2127fda5c8af5f8515892c4825e42f2a106e03973313ac70752e8",
      "reason": "Retire confirmed-active-bug evaluation reports and grades; maintain retained evaluation references."
    },
    {
      "path": "experiments/nyt-precision-investigation-2026-09-12/analysis/paper_model_choices.md",
      "kind": "modified",
      "previous_sha256": "dab4233c1237fbc9a116666b8bdcec388f94e3a5841037480981c8b39a26bfbd",
      "current_sha256": "33364b79c89623e12f8a74aa90ff46241b263b9f134edbb7fcee472f0318e536",
      "reason": "Retire confirmed-active-bug evaluation reports and grades; maintain retained evaluation references."
    },
    {
      "path": "experiments/nyt-precision-investigation-2026-09-12/analysis/predicate_scope_notes.md",
      "kind": "modified",
      "previous_sha256": "35455bb68d91639298ca6cfd7d8c65b1ef606215729d7bea21789d9ef5d7bd95",
      "current_sha256": "7adae77baefc14f653af0c371ce02b8a84cd6858cf48f7cad7541e96be9a6ce7",
      "reason": "Retire confirmed-active-bug evaluation reports and grades; maintain retained evaluation references."
    },
    {
      "path": "experiments/nyt-precision-investigation-2026-09-12/manual_review/README.md",
      "kind": "modified",
      "previous_sha256": "7913a63745442f2d6cf97e19fb5552f5a7e6398c15dc4d9378ce749f3ac6ce42",
      "current_sha256": "a83a6458b23919251ec7b4433de4d138782f304723f4653a0d42709be2d74acc",
      "reason": "Retire confirmed-active-bug evaluation reports and grades; maintain retained evaluation references."
    },
    {
      "path": "experiments/nyt-precision-investigation-2026-09-12/manual_review/audit_b7a9a3dfc8/README.md",
      "kind": "modified",
      "previous_sha256": "a71591aa2c49c4b350a8ca939fb6b63763e843714e3a57779e96c19cd69ce409",
      "current_sha256": "bbecff161e5cc632c9f7339a5c23aa2e6e3077a263a32a4a75729b065bf247bb",
      "reason": "Retire confirmed-active-bug evaluation reports and grades; maintain retained evaluation references."
    },
    {
      "path": "experiments/nyt-precision-investigation-2026-09-12/manual_review/audit_b7a9a3dfc8/annotations/rel_103.json",
      "kind": "deleted",
      "previous_sha256": "d62f98cbfc397e48780c5f77a304d7b92cb4c63304b7246df4aa1938321f8f45",
      "current_sha256": null,
      "reason": "Retire confirmed-active-bug evaluation reports and grades; maintain retained evaluation references."
    },
    {
      "path": "experiments/nyt-precision-investigation-2026-09-12/manual_review/audit_b7a9a3dfc8/annotations/rel_107.json",
      "kind": "deleted",
      "previous_sha256": "ad09ba4bb2a15bf83cd5c0b2a7c12b160dc651939c88bb77026f4889f8b6f29e",
      "current_sha256": null,
      "reason": "Retire confirmed-active-bug evaluation reports and grades; maintain retained evaluation references."
    },
    {
      "path": "experiments/nyt-precision-investigation-2026-09-12/manual_review/audit_b7a9a3dfc8/annotations/rel_111.json",
      "kind": "deleted",
      "previous_sha256": "5a5b731e516dd2bd84c981e47842e84a38d049edf2d55f583c43c185c244046b",
      "current_sha256": null,
      "reason": "Retire confirmed-active-bug evaluation reports and grades; maintain retained evaluation references."
    },
    {
      "path": "experiments/nyt-precision-investigation-2026-09-12/manual_review/audit_b7a9a3dfc8/annotations/rel_119.json",
      "kind": "deleted",
      "previous_sha256": "eaa9b67aa25671bb87919b8d060b88e15a023f620d198bbe9beb5a9afd493b72",
      "current_sha256": null,
      "reason": "Retire confirmed-active-bug evaluation reports and grades; maintain retained evaluation references."
    },
    {
      "path": "experiments/nyt-precision-investigation-2026-09-12/manual_review/audit_b7a9a3dfc8/annotations/rel_157.json",
      "kind": "deleted",
      "previous_sha256": "ef0e6b050ff920f8867bea73bcaf73fa99bc156273e4c63708fbd4ae3d61df57",
      "current_sha256": null,
      "reason": "Retire confirmed-active-bug evaluation reports and grades; maintain retained evaluation references."
    },
    {
      "path": "experiments/nyt-precision-investigation-2026-09-12/manual_review/audit_b7a9a3dfc8/annotations/rel_169.json",
      "kind": "deleted",
      "previous_sha256": "6f4d9a54d5d58b5f00d17e842937617bcba1989ac151d1f6234361090e265952",
      "current_sha256": null,
      "reason": "Retire confirmed-active-bug evaluation reports and grades; maintain retained evaluation references."
    },
    {
      "path": "experiments/nyt-precision-investigation-2026-09-12/manual_review/audit_b7a9a3dfc8/annotations/rel_192.json",
      "kind": "deleted",
      "previous_sha256": "5656fe14b4449847813ea8b6b9110083789cdf0e5819ff96115b492ce5e531e6",
      "current_sha256": null,
      "reason": "Retire confirmed-active-bug evaluation reports and grades; maintain retained evaluation references."
    },
    {
      "path": "experiments/nyt-precision-investigation-2026-09-12/manual_review/audit_b7a9a3dfc8/annotations/rel_2.json",
      "kind": "deleted",
      "previous_sha256": "f02331b63b5eae35b93466a264b50545f4845217efcd10a3e461f9e8c1ec7d6b",
      "current_sha256": null,
      "reason": "Retire confirmed-active-bug evaluation reports and grades; maintain retained evaluation references."
    },
    {
      "path": "experiments/nyt-precision-investigation-2026-09-12/manual_review/audit_b7a9a3dfc8/annotations/rel_210.json",
      "kind": "deleted",
      "previous_sha256": "2a23f7be9d606c61bccbc72f88d675afb3d902fb69fe941a0c5cb4dee05f4206",
      "current_sha256": null,
      "reason": "Retire confirmed-active-bug evaluation reports and grades; maintain retained evaluation references."
    },
    {
      "path": "experiments/nyt-precision-investigation-2026-09-12/manual_review/audit_b7a9a3dfc8/annotations/rel_218.json",
      "kind": "deleted",
      "previous_sha256": "28bd47f067e0a30d823b002a87acbc7333c43edff7a01ef32209377360dddcd1",
      "current_sha256": null,
      "reason": "Retire confirmed-active-bug evaluation reports and grades; maintain retained evaluation references."
    },
    {
      "path": "experiments/nyt-precision-investigation-2026-09-12/manual_review/audit_b7a9a3dfc8/annotations/rel_220.json",
      "kind": "deleted",
      "previous_sha256": "7e146ca0e77596ddb2f74e004359378d1d9fc824c5a57b7aaabda552bfc7d0ce",
      "current_sha256": null,
      "reason": "Retire confirmed-active-bug evaluation reports and grades; maintain retained evaluation references."
    },
    {
      "path": "experiments/nyt-precision-investigation-2026-09-12/manual_review/audit_b7a9a3dfc8/annotations/rel_236.json",
      "kind": "deleted",
      "previous_sha256": "c3d0b8297f3f88d05d661448519617bc436937307deef5a05e441f99a35f4900",
      "current_sha256": null,
      "reason": "Retire confirmed-active-bug evaluation reports and grades; maintain retained evaluation references."
    },
    {
      "path": "experiments/nyt-precision-investigation-2026-09-12/manual_review/audit_b7a9a3dfc8/annotations/rel_242.json",
      "kind": "deleted",
      "previous_sha256": "e0b2da38cc723afd0ee7b88615bd20bc4d18e1e8fd779392b7c4662e79775f61",
      "current_sha256": null,
      "reason": "Retire confirmed-active-bug evaluation reports and grades; maintain retained evaluation references."
    },
    {
      "path": "experiments/nyt-precision-investigation-2026-09-12/manual_review/audit_b7a9a3dfc8/annotations/rel_284.json",
      "kind": "deleted",
      "previous_sha256": "29bf1ad03512b8219694f16029d12ab4b38a564aaac4534a8ba583bae23669ea",
      "current_sha256": null,
      "reason": "Retire confirmed-active-bug evaluation reports and grades; maintain retained evaluation references."
    },
    {
      "path": "experiments/nyt-precision-investigation-2026-09-12/manual_review/audit_b7a9a3dfc8/annotations/rel_306.json",
      "kind": "deleted",
      "previous_sha256": "8ef88a4795afcdd10d4e38250cc6ddc428ee703271928080c6f359a68fd179da",
      "current_sha256": null,
      "reason": "Retire confirmed-active-bug evaluation reports and grades; maintain retained evaluation references."
    },
    {
      "path": "experiments/nyt-precision-investigation-2026-09-12/manual_review/audit_b7a9a3dfc8/annotations/rel_307.json",
      "kind": "deleted",
      "previous_sha256": "cd1ce977a0f3b78ac5ee46ea8240076a1cbc77fe2f12326c050d3d3db4e31e06",
      "current_sha256": null,
      "reason": "Retire confirmed-active-bug evaluation reports and grades; maintain retained evaluation references."
    },
    {
      "path": "experiments/nyt-precision-investigation-2026-09-12/manual_review/audit_b7a9a3dfc8/annotations/rel_344.json",
      "kind": "deleted",
      "previous_sha256": "f88931cbe17b86557d3f905a2eaf1f72022b3a3f6d3f6d17945b8f82dce0b5ff",
      "current_sha256": null,
      "reason": "Retire confirmed-active-bug evaluation reports and grades; maintain retained evaluation references."
    },
    {
      "path": "experiments/nyt-precision-investigation-2026-09-12/manual_review/audit_b7a9a3dfc8/annotations/rel_363.json",
      "kind": "deleted",
      "previous_sha256": "caab8f96556a1b2090c47ca2034c8b81608d9730691deffe79ffaba1a5227c17",
      "current_sha256": null,
      "reason": "Retire confirmed-active-bug evaluation reports and grades; maintain retained evaluation references."
    },
    {
      "path": "experiments/nyt-precision-investigation-2026-09-12/manual_review/audit_b7a9a3dfc8/annotations/rel_386.json",
      "kind": "deleted",
      "previous_sha256": "74ee5b6f5e3945009085df70a65575fad3d65a97dc57fc74067a4b3977239103",
      "current_sha256": null,
      "reason": "Retire confirmed-active-bug evaluation reports and grades; maintain retained evaluation references."
    },
    {
      "path": "experiments/nyt-precision-investigation-2026-09-12/manual_review/audit_b7a9a3dfc8/annotations/rel_43.json",
      "kind": "deleted",
      "previous_sha256": "a12b3c10176a2fd5bd75dd88eedf4de5210c7f2913fbe086f5e170f0206c1e5e",
      "current_sha256": null,
      "reason": "Retire confirmed-active-bug evaluation reports and grades; maintain retained evaluation references."
    },
    {
      "path": "experiments/nyt-precision-investigation-2026-09-12/manual_review/audit_b7a9a3dfc8/assessment.json",
      "kind": "deleted",
      "previous_sha256": "4b1b8b0acc76d1459692f2a5b1b75cd27464ff7d2c54179b076b8f8b9b9ce23a",
      "current_sha256": null,
      "reason": "Retire confirmed-active-bug evaluation reports and grades; maintain retained evaluation references."
    },
    {
      "path": "experiments/nyt-precision-investigation-2026-09-12/manual_review/audit_b7a9a3dfc8/assessment.md",
      "kind": "deleted",
      "previous_sha256": "079410b0bb13fa7b30117604081eda57ee38af3e11301a370e544bba7132fa36",
      "current_sha256": null,
      "reason": "Retire confirmed-active-bug evaluation reports and grades; maintain retained evaluation references."
    },
    {
      "path": "experiments/nyt-precision-investigation-2026-09-12/manual_review/audit_b7a9a3dfc8/relations/rel_103.md",
      "kind": "deleted",
      "previous_sha256": "911c05748ec884824e5679d4b733aede21820a1353062ac2728676d794b40328",
      "current_sha256": null,
      "reason": "Retire confirmed-active-bug evaluation reports and grades; maintain retained evaluation references."
    },
    {
      "path": "experiments/nyt-precision-investigation-2026-09-12/manual_review/audit_b7a9a3dfc8/relations/rel_107.md",
      "kind": "deleted",
      "previous_sha256": "25175ceb9e85200ab1c142e72b49f9a5ed7587637f201ba68a87dcc183c2cc3c",
      "current_sha256": null,
      "reason": "Retire confirmed-active-bug evaluation reports and grades; maintain retained evaluation references."
    },
    {
      "path": "experiments/nyt-precision-investigation-2026-09-12/manual_review/audit_b7a9a3dfc8/relations/rel_111.md",
      "kind": "deleted",
      "previous_sha256": "2c4e5b84b8bb4ae3c0d6096dfcbeaa2f507051ed7238d00aeb20540af519916a",
      "current_sha256": null,
      "reason": "Retire confirmed-active-bug evaluation reports and grades; maintain retained evaluation references."
    },
    {
      "path": "experiments/nyt-precision-investigation-2026-09-12/manual_review/audit_b7a9a3dfc8/relations/rel_119.md",
      "kind": "deleted",
      "previous_sha256": "f7fcd61dc038ed030955b3f7a462e1b937271267712233df62c891940089b336",
      "current_sha256": null,
      "reason": "Retire confirmed-active-bug evaluation reports and grades; maintain retained evaluation references."
    },
    {
      "path": "experiments/nyt-precision-investigation-2026-09-12/manual_review/audit_b7a9a3dfc8/relations/rel_157.md",
      "kind": "deleted",
      "previous_sha256": "c413bac6d218413db24cf6b16dbdf4bda3fa6a65d8a9798eed09ad9452764c1e",
      "current_sha256": null,
      "reason": "Retire confirmed-active-bug evaluation reports and grades; maintain retained evaluation references."
    },
    {
      "path": "experiments/nyt-precision-investigation-2026-09-12/manual_review/audit_b7a9a3dfc8/relations/rel_169.md",
      "kind": "deleted",
      "previous_sha256": "0eee4e2fb1696c85a33d2209cbdbd503e95203db54664a2c384a6e534b0e7ed5",
      "current_sha256": null,
      "reason": "Retire confirmed-active-bug evaluation reports and grades; maintain retained evaluation references."
    },
    {
      "path": "experiments/nyt-precision-investigation-2026-09-12/manual_review/audit_b7a9a3dfc8/relations/rel_192.md",
      "kind": "deleted",
      "previous_sha256": "9a6b25bf28bb528127c101bb57617553f0973fd60e38df45f5f7113185297a2c",
      "current_sha256": null,
      "reason": "Retire confirmed-active-bug evaluation reports and grades; maintain retained evaluation references."
    },
    {
      "path": "experiments/nyt-precision-investigation-2026-09-12/manual_review/audit_b7a9a3dfc8/relations/rel_2.md",
      "kind": "deleted",
      "previous_sha256": "b03c4f0c4ed2d3a62df87ff3ff3fee203bfcde6ee8b9148b22c5a60e52468bbf",
      "current_sha256": null,
      "reason": "Retire confirmed-active-bug evaluation reports and grades; maintain retained evaluation references."
    },
    {
      "path": "experiments/nyt-precision-investigation-2026-09-12/manual_review/audit_b7a9a3dfc8/relations/rel_210.md",
      "kind": "deleted",
      "previous_sha256": "f02fe21f88404f76aa23b7d46fc0d1116e4862c38828eb66c8169b082861c74d",
      "current_sha256": null,
      "reason": "Retire confirmed-active-bug evaluation reports and grades; maintain retained evaluation references."
    },
    {
      "path": "experiments/nyt-precision-investigation-2026-09-12/manual_review/audit_b7a9a3dfc8/relations/rel_218.md",
      "kind": "deleted",
      "previous_sha256": "94b5cc6ca81d30305d7b20d5350dce2bd423a1005c73d4866c4ddb16169fab70",
      "current_sha256": null,
      "reason": "Retire confirmed-active-bug evaluation reports and grades; maintain retained evaluation references."
    },
    {
      "path": "experiments/nyt-precision-investigation-2026-09-12/manual_review/audit_b7a9a3dfc8/relations/rel_220.md",
      "kind": "deleted",
      "previous_sha256": "1c1c10d43b895a43bd3e18fe2207da83a2ea159521675ed00f54be8e24aed166",
      "current_sha256": null,
      "reason": "Retire confirmed-active-bug evaluation reports and grades; maintain retained evaluation references."
    },
    {
      "path": "experiments/nyt-precision-investigation-2026-09-12/manual_review/audit_b7a9a3dfc8/relations/rel_236.md",
      "kind": "deleted",
      "previous_sha256": "e12a695f0cdcb30d156f94796c648c684021e9233a99f5ef0005e2abbe32d689",
      "current_sha256": null,
      "reason": "Retire confirmed-active-bug evaluation reports and grades; maintain retained evaluation references."
    },
    {
      "path": "experiments/nyt-precision-investigation-2026-09-12/manual_review/audit_b7a9a3dfc8/relations/rel_242.md",
      "kind": "deleted",
      "previous_sha256": "2f8f057ec4b9a4f1f22a351fd354d59ab11bd31ee4660870987a4973b2631729",
      "current_sha256": null,
      "reason": "Retire confirmed-active-bug evaluation reports and grades; maintain retained evaluation references."
    },
    {
      "path": "experiments/nyt-precision-investigation-2026-09-12/manual_review/audit_b7a9a3dfc8/relations/rel_284.md",
      "kind": "deleted",
      "previous_sha256": "0f9daa79b270b641cdbbc9d8a14a2cd452b6588c300af3af3fe4fda8bbcc419d",
      "current_sha256": null,
      "reason": "Retire confirmed-active-bug evaluation reports and grades; maintain retained evaluation references."
    },
    {
      "path": "experiments/nyt-precision-investigation-2026-09-12/manual_review/audit_b7a9a3dfc8/relations/rel_306.md",
      "kind": "deleted",
      "previous_sha256": "4d9bcb06d81eb0296187e2f36b8e98d75fc15379ecb3478374dd8652f4501650",
      "current_sha256": null,
      "reason": "Retire confirmed-active-bug evaluation reports and grades; maintain retained evaluation references."
    },
    {
      "path": "experiments/nyt-precision-investigation-2026-09-12/manual_review/audit_b7a9a3dfc8/relations/rel_307.md",
      "kind": "deleted",
      "previous_sha256": "078ba8a4f0d89bc9903329365fb3b9d3e4c73a722cbe48d5c09078fefe0a2b12",
      "current_sha256": null,
      "reason": "Retire confirmed-active-bug evaluation reports and grades; maintain retained evaluation references."
    },
    {
      "path": "experiments/nyt-precision-investigation-2026-09-12/manual_review/audit_b7a9a3dfc8/relations/rel_344.md",
      "kind": "deleted",
      "previous_sha256": "76525a8434a5cfa2cf3233c3c2c169589f2fc29f018b20928c5b4c22e702c488",
      "current_sha256": null,
      "reason": "Retire confirmed-active-bug evaluation reports and grades; maintain retained evaluation references."
    },
    {
      "path": "experiments/nyt-precision-investigation-2026-09-12/manual_review/audit_b7a9a3dfc8/relations/rel_363.md",
      "kind": "deleted",
      "previous_sha256": "319520d51c55813950e7b1fb1d54cca3690f2414e4d509f1800054a62c9f4361",
      "current_sha256": null,
      "reason": "Retire confirmed-active-bug evaluation reports and grades; maintain retained evaluation references."
    },
    {
      "path": "experiments/nyt-precision-investigation-2026-09-12/manual_review/audit_b7a9a3dfc8/relations/rel_386.md",
      "kind": "deleted",
      "previous_sha256": "ab9cf660b5bc59cd82a21038e01f945b45ac34bd59f6ee2327de68d8e95e5fb6",
      "current_sha256": null,
      "reason": "Retire confirmed-active-bug evaluation reports and grades; maintain retained evaluation references."
    },
    {
      "path": "experiments/nyt-precision-investigation-2026-09-12/manual_review/audit_b7a9a3dfc8/relations/rel_43.md",
      "kind": "deleted",
      "previous_sha256": "bedd0de2c3ae5841b6c3c6c5c7d72e2105a20787599e1eaa0ae7a8224c87f6d5",
      "current_sha256": null,
      "reason": "Retire confirmed-active-bug evaluation reports and grades; maintain retained evaluation references."
    },
    {
      "path": "experiments/nyt-precision-investigation-2026-09-12/manual_review/audit_edb22a4a92/README.md",
      "kind": "modified",
      "previous_sha256": "2d085b72aa2650871b08423160489022fe99ed90e88b4a64b70726b0b5001b09",
      "current_sha256": "e2040ad70bb32517d5e9d31d3e842fdd4cd6a66101f2405e5f18c34fadd0a718",
      "reason": "Retire confirmed-active-bug evaluation reports and grades; maintain retained evaluation references."
    },
    {
      "path": "experiments/nyt-precision-investigation-2026-09-12/manual_review/audit_edb22a4a92/annotations/rel_10.json",
      "kind": "deleted",
      "previous_sha256": "ff106c916c8a5250ee8f66fedae893042821da905b62d859d45fcdf8a6eea842",
      "current_sha256": null,
      "reason": "Retire confirmed-active-bug evaluation reports and grades; maintain retained evaluation references."
    },
    {
      "path": "experiments/nyt-precision-investigation-2026-09-12/manual_review/audit_edb22a4a92/annotations/rel_114.json",
      "kind": "deleted",
      "previous_sha256": "0a1fcb51829cd0b3b6d7defecbc5cf0b08468936c6b5d3a7dbca9f5b6376afa2",
      "current_sha256": null,
      "reason": "Retire confirmed-active-bug evaluation reports and grades; maintain retained evaluation references."
    },
    {
      "path": "experiments/nyt-precision-investigation-2026-09-12/manual_review/audit_edb22a4a92/annotations/rel_175.json",
      "kind": "deleted",
      "previous_sha256": "270880f4b80efc57e73a594ce842b13da0384156c9e9fe3ed39e9b4e5dd5296f",
      "current_sha256": null,
      "reason": "Retire confirmed-active-bug evaluation reports and grades; maintain retained evaluation references."
    },
    {
      "path": "experiments/nyt-precision-investigation-2026-09-12/manual_review/audit_edb22a4a92/annotations/rel_197.json",
      "kind": "deleted",
      "previous_sha256": "6510525982ae7ed620949f914802179b9f7aa0b93c8e7e6a5d87d5ebebec9d0f",
      "current_sha256": null,
      "reason": "Retire confirmed-active-bug evaluation reports and grades; maintain retained evaluation references."
    },
    {
      "path": "experiments/nyt-precision-investigation-2026-09-12/manual_review/audit_edb22a4a92/annotations/rel_241.json",
      "kind": "deleted",
      "previous_sha256": "5ea8a47bfbc01f6fad0d16161e3e7cc8030e9af8a644ebffea168ac25ca94589",
      "current_sha256": null,
      "reason": "Retire confirmed-active-bug evaluation reports and grades; maintain retained evaluation references."
    },
    {
      "path": "experiments/nyt-precision-investigation-2026-09-12/manual_review/audit_edb22a4a92/annotations/rel_243.json",
      "kind": "deleted",
      "previous_sha256": "9526f47dc846ffc193484f22d19885a73228b8df286e830f7b3844e69e675228",
      "current_sha256": null,
      "reason": "Retire confirmed-active-bug evaluation reports and grades; maintain retained evaluation references."
    },
    {
      "path": "experiments/nyt-precision-investigation-2026-09-12/manual_review/audit_edb22a4a92/annotations/rel_244.json",
      "kind": "deleted",
      "previous_sha256": "034c1e67c3cf492e0e16e0d14edf285b24c2991ae23a878441213db84c938ecc",
      "current_sha256": null,
      "reason": "Retire confirmed-active-bug evaluation reports and grades; maintain retained evaluation references."
    },
    {
      "path": "experiments/nyt-precision-investigation-2026-09-12/manual_review/audit_edb22a4a92/annotations/rel_256.json",
      "kind": "deleted",
      "previous_sha256": "c71d3fdc4de85a4f92abd2ba80978fb5a26ce007d48d1979f33fb2a83db81574",
      "current_sha256": null,
      "reason": "Retire confirmed-active-bug evaluation reports and grades; maintain retained evaluation references."
    },
    {
      "path": "experiments/nyt-precision-investigation-2026-09-12/manual_review/audit_edb22a4a92/annotations/rel_266.json",
      "kind": "deleted",
      "previous_sha256": "5e3730e031f0cad1635a11a789f08ccd62c1501da92799ea20e3c24e17a88f82",
      "current_sha256": null,
      "reason": "Retire confirmed-active-bug evaluation reports and grades; maintain retained evaluation references."
    },
    {
      "path": "experiments/nyt-precision-investigation-2026-09-12/manual_review/audit_edb22a4a92/annotations/rel_27.json",
      "kind": "deleted",
      "previous_sha256": "97e7d64afa4981958912f0663ec00fcc6a146ee9fcb999d3a13e1b3b25d38316",
      "current_sha256": null,
      "reason": "Retire confirmed-active-bug evaluation reports and grades; maintain retained evaluation references."
    },
    {
      "path": "experiments/nyt-precision-investigation-2026-09-12/manual_review/audit_edb22a4a92/annotations/rel_279.json",
      "kind": "deleted",
      "previous_sha256": "4588b239c65613d06e60cc2147810f8fb28e8ae2acd2120a0d65d8a571d60b71",
      "current_sha256": null,
      "reason": "Retire confirmed-active-bug evaluation reports and grades; maintain retained evaluation references."
    },
    {
      "path": "experiments/nyt-precision-investigation-2026-09-12/manual_review/audit_edb22a4a92/annotations/rel_296.json",
      "kind": "deleted",
      "previous_sha256": "5828250fe7d289326994347765678958d1c9de6b6e6ffc4ae0834a06d29d01ff",
      "current_sha256": null,
      "reason": "Retire confirmed-active-bug evaluation reports and grades; maintain retained evaluation references."
    },
    {
      "path": "experiments/nyt-precision-investigation-2026-09-12/manual_review/audit_edb22a4a92/annotations/rel_305.json",
      "kind": "deleted",
      "previous_sha256": "fa6113dfbce2aac72cc71822403bb1e98e1bb68e884e6f3ab9d69b4b80f7de7a",
      "current_sha256": null,
      "reason": "Retire confirmed-active-bug evaluation reports and grades; maintain retained evaluation references."
    },
    {
      "path": "experiments/nyt-precision-investigation-2026-09-12/manual_review/audit_edb22a4a92/annotations/rel_318.json",
      "kind": "deleted",
      "previous_sha256": "bf4cacc8de09afc9a26664e2fcd7fa7e1f01ffc1c95a13d46c62b3d924cb8b5f",
      "current_sha256": null,
      "reason": "Retire confirmed-active-bug evaluation reports and grades; maintain retained evaluation references."
    },
    {
      "path": "experiments/nyt-precision-investigation-2026-09-12/manual_review/audit_edb22a4a92/annotations/rel_365.json",
      "kind": "deleted",
      "previous_sha256": "5294c76420468e6676c44047186632f7e5222665fecbbe3b3317aad7782d57f4",
      "current_sha256": null,
      "reason": "Retire confirmed-active-bug evaluation reports and grades; maintain retained evaluation references."
    },
    {
      "path": "experiments/nyt-precision-investigation-2026-09-12/manual_review/audit_edb22a4a92/annotations/rel_382.json",
      "kind": "deleted",
      "previous_sha256": "b19129acb95f7ccd15a6967b857ca1e05154370095c038ff8b288f9b27c7ee8d",
      "current_sha256": null,
      "reason": "Retire confirmed-active-bug evaluation reports and grades; maintain retained evaluation references."
    },
    {
      "path": "experiments/nyt-precision-investigation-2026-09-12/manual_review/audit_edb22a4a92/annotations/rel_67.json",
      "kind": "deleted",
      "previous_sha256": "5696166fcdf3c1621b722ae0193aa1eafbe2c4e5e2c7f3fe84a7308c6a79af8f",
      "current_sha256": null,
      "reason": "Retire confirmed-active-bug evaluation reports and grades; maintain retained evaluation references."
    },
    {
      "path": "experiments/nyt-precision-investigation-2026-09-12/manual_review/audit_edb22a4a92/annotations/rel_80.json",
      "kind": "deleted",
      "previous_sha256": "d460333815491f9ad699afacf782d881a6683b15b1161b59d878f934a3cc8010",
      "current_sha256": null,
      "reason": "Retire confirmed-active-bug evaluation reports and grades; maintain retained evaluation references."
    },
    {
      "path": "experiments/nyt-precision-investigation-2026-09-12/manual_review/audit_edb22a4a92/annotations/rel_93.json",
      "kind": "deleted",
      "previous_sha256": "0446e2e520b1a78223c80e915e922db64d1c190cadf39dfb914e20519e8f9623",
      "current_sha256": null,
      "reason": "Retire confirmed-active-bug evaluation reports and grades; maintain retained evaluation references."
    },
    {
      "path": "experiments/nyt-precision-investigation-2026-09-12/manual_review/audit_edb22a4a92/annotations/rel_97.json",
      "kind": "deleted",
      "previous_sha256": "2f054518a141da48325aa523e062586fb3ba38ffeb966c763f9bbbe85aa6b780",
      "current_sha256": null,
      "reason": "Retire confirmed-active-bug evaluation reports and grades; maintain retained evaluation references."
    },
    {
      "path": "experiments/nyt-precision-investigation-2026-09-12/manual_review/audit_edb22a4a92/assessment.json",
      "kind": "deleted",
      "previous_sha256": "5fc43607f6b3e2d61cacfcd4a86c727c7c829c96c2eff94ea2019c55c7c89e76",
      "current_sha256": null,
      "reason": "Retire confirmed-active-bug evaluation reports and grades; maintain retained evaluation references."
    },
    {
      "path": "experiments/nyt-precision-investigation-2026-09-12/manual_review/audit_edb22a4a92/assessment.md",
      "kind": "deleted",
      "previous_sha256": "c6017e6d1c516f27fa138e5596da9e95b0bfb905ed3e8e1ff8700c2fe248c44b",
      "current_sha256": null,
      "reason": "Retire confirmed-active-bug evaluation reports and grades; maintain retained evaluation references."
    },
    {
      "path": "experiments/nyt-precision-investigation-2026-09-12/manual_review/audit_edb22a4a92/predicate_choice_record.json",
      "kind": "deleted",
      "previous_sha256": "5c3c227201c0902c89e9992142edd60006a64d7235b46a298444f33ca2f65a28",
      "current_sha256": null,
      "reason": "Retire confirmed-active-bug evaluation reports and grades; maintain retained evaluation references."
    },
    {
      "path": "experiments/nyt-precision-investigation-2026-09-12/manual_review/audit_edb22a4a92/relations/rel_10.md",
      "kind": "deleted",
      "previous_sha256": "041a9cf46d14480b80b0ee963292a2f9ac47375486b573394228d45aa060d61d",
      "current_sha256": null,
      "reason": "Retire confirmed-active-bug evaluation reports and grades; maintain retained evaluation references."
    },
    {
      "path": "experiments/nyt-precision-investigation-2026-09-12/manual_review/audit_edb22a4a92/relations/rel_114.md",
      "kind": "deleted",
      "previous_sha256": "100355336e6307012ba05fd682d715e1450d878cabfaaec55c50689fd138ee9a",
      "current_sha256": null,
      "reason": "Retire confirmed-active-bug evaluation reports and grades; maintain retained evaluation references."
    },
    {
      "path": "experiments/nyt-precision-investigation-2026-09-12/manual_review/audit_edb22a4a92/relations/rel_175.md",
      "kind": "deleted",
      "previous_sha256": "6f1d710c560e4a730c4cb08e40e0452834338320c96572a849ee021409a25192",
      "current_sha256": null,
      "reason": "Retire confirmed-active-bug evaluation reports and grades; maintain retained evaluation references."
    },
    {
      "path": "experiments/nyt-precision-investigation-2026-09-12/manual_review/audit_edb22a4a92/relations/rel_197.md",
      "kind": "deleted",
      "previous_sha256": "18be78686757de85162c17be9f64b0a9337b808e3f0d018073bcfab39426da1f",
      "current_sha256": null,
      "reason": "Retire confirmed-active-bug evaluation reports and grades; maintain retained evaluation references."
    },
    {
      "path": "experiments/nyt-precision-investigation-2026-09-12/manual_review/audit_edb22a4a92/relations/rel_241.md",
      "kind": "deleted",
      "previous_sha256": "5668c83cbc2076384b8115ab2eb355e6d0ae031b05e579fd51739a881dada4e6",
      "current_sha256": null,
      "reason": "Retire confirmed-active-bug evaluation reports and grades; maintain retained evaluation references."
    },
    {
      "path": "experiments/nyt-precision-investigation-2026-09-12/manual_review/audit_edb22a4a92/relations/rel_243.md",
      "kind": "deleted",
      "previous_sha256": "ee38de15f7875158e779d072c5c4b0a53737bfa62c70ec4cdc3714341e6f8c20",
      "current_sha256": null,
      "reason": "Retire confirmed-active-bug evaluation reports and grades; maintain retained evaluation references."
    },
    {
      "path": "experiments/nyt-precision-investigation-2026-09-12/manual_review/audit_edb22a4a92/relations/rel_244.md",
      "kind": "deleted",
      "previous_sha256": "09bda443a3087c9cf5fae43c6540dd3b0e2e306a37dc179683762dc2036953a4",
      "current_sha256": null,
      "reason": "Retire confirmed-active-bug evaluation reports and grades; maintain retained evaluation references."
    },
    {
      "path": "experiments/nyt-precision-investigation-2026-09-12/manual_review/audit_edb22a4a92/relations/rel_256.md",
      "kind": "deleted",
      "previous_sha256": "f78d00f47b06cba59b9f4bb02756e773d94da6cc5b2306853f44c14afc7fe4b2",
      "current_sha256": null,
      "reason": "Retire confirmed-active-bug evaluation reports and grades; maintain retained evaluation references."
    },
    {
      "path": "experiments/nyt-precision-investigation-2026-09-12/manual_review/audit_edb22a4a92/relations/rel_266.md",
      "kind": "deleted",
      "previous_sha256": "a5d856850c857515f51746710ac37fc60887f3fac8e4a87dae7f4e4be0c5b6e9",
      "current_sha256": null,
      "reason": "Retire confirmed-active-bug evaluation reports and grades; maintain retained evaluation references."
    },
    {
      "path": "experiments/nyt-precision-investigation-2026-09-12/manual_review/audit_edb22a4a92/relations/rel_27.md",
      "kind": "deleted",
      "previous_sha256": "2919cf070b6e30df2630501962fc40ea6250a758ec5d10125f040f044ff85c8b",
      "current_sha256": null,
      "reason": "Retire confirmed-active-bug evaluation reports and grades; maintain retained evaluation references."
    },
    {
      "path": "experiments/nyt-precision-investigation-2026-09-12/manual_review/audit_edb22a4a92/relations/rel_279.md",
      "kind": "deleted",
      "previous_sha256": "bab6ee78a40ed4378f2620fa3ea96adcf2fae130e8bc41c72fc9e1a6f9c1cc9c",
      "current_sha256": null,
      "reason": "Retire confirmed-active-bug evaluation reports and grades; maintain retained evaluation references."
    },
    {
      "path": "experiments/nyt-precision-investigation-2026-09-12/manual_review/audit_edb22a4a92/relations/rel_296.md",
      "kind": "deleted",
      "previous_sha256": "6cac952ab77ff15c2f67556e2a134ae7b7c38703e873521be5ca7e469f935004",
      "current_sha256": null,
      "reason": "Retire confirmed-active-bug evaluation reports and grades; maintain retained evaluation references."
    },
    {
      "path": "experiments/nyt-precision-investigation-2026-09-12/manual_review/audit_edb22a4a92/relations/rel_305.md",
      "kind": "deleted",
      "previous_sha256": "45af8fc909852f7bc3a14da757f5809544654cf673fabc69008e7605bb203652",
      "current_sha256": null,
      "reason": "Retire confirmed-active-bug evaluation reports and grades; maintain retained evaluation references."
    },
    {
      "path": "experiments/nyt-precision-investigation-2026-09-12/manual_review/audit_edb22a4a92/relations/rel_318.md",
      "kind": "deleted",
      "previous_sha256": "cfc8dcb033a4299bf5b3ce734d9c4c7ed53e904c9d7dc7c5e8be3ff2f8873cf4",
      "current_sha256": null,
      "reason": "Retire confirmed-active-bug evaluation reports and grades; maintain retained evaluation references."
    },
    {
      "path": "experiments/nyt-precision-investigation-2026-09-12/manual_review/audit_edb22a4a92/relations/rel_365.md",
      "kind": "deleted",
      "previous_sha256": "57aa6f811f76bb79a8fd93b3d7b004fdc43c10db2c02a4d3c8e15244c4ed3a5b",
      "current_sha256": null,
      "reason": "Retire confirmed-active-bug evaluation reports and grades; maintain retained evaluation references."
    },
    {
      "path": "experiments/nyt-precision-investigation-2026-09-12/manual_review/audit_edb22a4a92/relations/rel_382.md",
      "kind": "deleted",
      "previous_sha256": "1bb6065d50d5d35a955d0b188396e02065c33b82b3326913ff835b4dec0d2103",
      "current_sha256": null,
      "reason": "Retire confirmed-active-bug evaluation reports and grades; maintain retained evaluation references."
    },
    {
      "path": "experiments/nyt-precision-investigation-2026-09-12/manual_review/audit_edb22a4a92/relations/rel_67.md",
      "kind": "deleted",
      "previous_sha256": "848f4dca7e2afc1a50bbd238bb1004c81f0934376a777f427b0077050a9f9b89",
      "current_sha256": null,
      "reason": "Retire confirmed-active-bug evaluation reports and grades; maintain retained evaluation references."
    },
    {
      "path": "experiments/nyt-precision-investigation-2026-09-12/manual_review/audit_edb22a4a92/relations/rel_80.md",
      "kind": "deleted",
      "previous_sha256": "97efe22ea26d442e80dfb93bb0ad63a79a39f545a77b49c702c3b9dc513b495b",
      "current_sha256": null,
      "reason": "Retire confirmed-active-bug evaluation reports and grades; maintain retained evaluation references."
    },
    {
      "path": "experiments/nyt-precision-investigation-2026-09-12/manual_review/audit_edb22a4a92/relations/rel_93.md",
      "kind": "deleted",
      "previous_sha256": "34f3b220b6cc2ac24dd6e776ab9d9607f5f9d77c15e25b63dbb943986fe10533",
      "current_sha256": null,
      "reason": "Retire confirmed-active-bug evaluation reports and grades; maintain retained evaluation references."
    },
    {
      "path": "experiments/nyt-precision-investigation-2026-09-12/manual_review/audit_edb22a4a92/relations/rel_97.md",
      "kind": "deleted",
      "previous_sha256": "a76ca996c7a60aa9d9bf8d6cefd46d54b63bb788e8a99854cd8e3b2171a4a9ef",
      "current_sha256": null,
      "reason": "Retire confirmed-active-bug evaluation reports and grades; maintain retained evaluation references."
    },
    {
      "path": "experiments/nyt-precision-investigation-2026-09-12/manual_review/unblinding.json",
      "kind": "modified",
      "previous_sha256": "e462943cdaf6caf88f8cddd733c7a6d244e1f33a8ffed61717920fcb59e7d4fa",
      "current_sha256": "2f700b6f2b73676a18e73edeb778168eb59c075350943e9bccb3eb8cf89d9048",
      "reason": "Retire confirmed-active-bug evaluation reports and grades; maintain retained evaluation references."
    },
    {
      "path": "experiments/nyt-precision-investigation-2026-09-12/scripts/build_entity_variant.mjs",
      "kind": "modified",
      "previous_sha256": "97e04d8e24d317f29cdfbcf77d00dccc8b700fa876bc48e0434e1681a119110d",
      "current_sha256": "7a26e11490eace58168d538f26ee747514f93c35acf113ae5e605b1e06ec43a8",
      "reason": "Authorized canonical-sampler consolidation; documentation also reflects evaluation retirement where applicable."
    },
    {
      "path": "experiments/nyt-precision-investigation-2026-09-12/scripts/build_review_index.mjs",
      "kind": "modified",
      "previous_sha256": "327b7fab4b03ab4b1dbf809896bc000191caa16f81b2db9aa302308048b73408",
      "current_sha256": "f2b3fe48c40b0e3c100ba8427686b722edb981e9f5c6a8d6b802dfc6a886d38a",
      "reason": "Authorized 2026-09-29 evaluation consolidation: shared maintained implementation, compatible callers and navigation; saved scientific evidence, judgments and results unchanged."
    },
    {
      "path": "experiments/nyt-precision-investigation-2026-09-12/scripts/prepare_manual_samples.mjs",
      "kind": "modified",
      "previous_sha256": "f04f4d63db13266883f9d8df1eac7f80e3cda4c1dc8293a036dfbc05806e54dc",
      "current_sha256": "3ad75b7739731f9f9f772347164a805d8a38b91b3d64af48439e4f14903fdd2a",
      "reason": "Retire confirmed-active-bug evaluation reports and grades; maintain retained evaluation references. Authorized 2026-09-29 evaluation consolidation: shared maintained implementation, compatible callers and navigation; saved scientific evidence, judgments and results unchanged."
    },
    {
      "path": "experiments/nyt-precision-investigation-2026-09-12/scripts/report_manual_samples.mjs",
      "kind": "modified",
      "previous_sha256": "68c6fd5acd914d1c3eb91ac9a819e5456bfa2b15282128b7bd42f4818b813309",
      "current_sha256": "b24078901e9ac00e52b4f1687c9da6e857d5ad791bb0bd8ebda86aaaf7b9a355",
      "reason": "Authorized 2026-09-29 evaluation consolidation: shared maintained implementation, compatible callers and navigation; saved scientific evidence, judgments and results unchanged."
    },
    {
      "path": "experiments/nyt-precision-investigation-2026-09-12/scripts/run_entity_experiment.mjs",
      "kind": "modified",
      "previous_sha256": "39c480c77510a5dd52f2920f89f6c6ee7cd1374344cd5d24bf7941359d87b231",
      "current_sha256": "162d2c4620332d786e2860f829e445774aa2458b77558123ba6ef184fedf37bf",
      "reason": "Authorized canonical-sampler consolidation; documentation also reflects evaluation retirement where applicable."
    },
    {
      "path": "experiments/nyt-precision-investigation-2026-09-12/scripts/summarize_experiments.mjs",
      "kind": "modified",
      "previous_sha256": "5e71b9a8f88c938bf5acde2b53a55d546e895d1a062fe35a7bad3bb650b19575",
      "current_sha256": "9bafd3031f1f25cdc72e5f78c312e507a08681dab912891a05bba9a9915acc20",
      "reason": "Retire confirmed-active-bug evaluation reports and grades; maintain retained evaluation references. Authorized 2026-09-29 evaluation consolidation: shared maintained implementation, compatible callers and navigation; saved scientific evidence, judgments and results unchanged."
    },
    {
      "path": "experiments/nyt-precision-investigation-2026-09-12/variants/entity-multiplicity-fix/README.md",
      "kind": "modified",
      "previous_sha256": "e01812e8b814ead61e2578f46c39ba1b002f25feb2e810f4d903efa66f99e348",
      "current_sha256": "112fb043b377a56601348d98a0c1f208b04499377103707d418eb644d138df55",
      "reason": "Authorized canonical-sampler consolidation; documentation also reflects evaluation retirement where applicable."
    }
  ],
  "failures": [
    {
      "path": "resources/sampler-140626/CHANGES.md",
      "error": "Protected size changed\n\n24095 !== 21966\n"
    },
    {
      "path": "resources/sampler-140626/src/main/java/org/ucb/generative_ie/experiments/LexicalEntropyExperiment.java",
      "error": "Protected size changed\n\n6904 !== 6391\n"
    }
  ]
}

